solid OpenSCAD_Model
  facet normal 0 0 -1
    outer loop
      vertex -24.8 -33 -27.2156
      vertex -23.8 -31 -27.2156
      vertex -23.8 -33 -27.2156
    endloop
  endfacet
  facet normal -0 0 -1
    outer loop
      vertex -23.8 -31 -27.2156
      vertex -24.8 -33 -27.2156
      vertex -24.8 -31 -27.2156
    endloop
  endfacet
  facet normal -0.866019 0 -0.500011
    outer loop
      vertex -23.3 -33 -28.0816
      vertex -23.8 -31 -27.2156
      vertex -23.3 -31 -28.0816
    endloop
  endfacet
  facet normal -0.866019 -0 -0.500011
    outer loop
      vertex -23.8 -31 -27.2156
      vertex -23.3 -33 -28.0816
      vertex -23.8 -33 -27.2156
    endloop
  endfacet
  facet normal 0.866019 0 -0.500011
    outer loop
      vertex -24.8 -33 -27.2156
      vertex -25.3 -31 -28.0816
      vertex -24.8 -31 -27.2156
    endloop
  endfacet
  facet normal 0.866019 0 -0.500011
    outer loop
      vertex -25.3 -31 -28.0816
      vertex -24.8 -33 -27.2156
      vertex -25.3 -33 -28.0816
    endloop
  endfacet
  facet normal 0.866019 -0 0.500011
    outer loop
      vertex -25.3 -33 -28.0816
      vertex -24.8 -31 -28.9476
      vertex -25.3 -31 -28.0816
    endloop
  endfacet
  facet normal 0.866019 0 0.500011
    outer loop
      vertex -24.8 -31 -28.9476
      vertex -25.3 -33 -28.0816
      vertex -24.8 -33 -28.9476
    endloop
  endfacet
  facet normal -0 0 1
    outer loop
      vertex -24.8 -31 -28.9476
      vertex -23.8 -33 -28.9476
      vertex -23.8 -31 -28.9476
    endloop
  endfacet
  facet normal 0 0 1
    outer loop
      vertex -23.8 -33 -28.9476
      vertex -24.8 -31 -28.9476
      vertex -24.8 -33 -28.9476
    endloop
  endfacet
  facet normal -0.866019 0 0.500011
    outer loop
      vertex -23.8 -33 -28.9476
      vertex -23.3 -31 -28.0816
      vertex -23.8 -31 -28.9476
    endloop
  endfacet
  facet normal -0.866019 0 0.500011
    outer loop
      vertex -23.3 -31 -28.0816
      vertex -23.8 -33 -28.9476
      vertex -23.3 -33 -28.0816
    endloop
  endfacet
  facet normal 0 0 -1
    outer loop
      vertex -21 -33 -27.2156
      vertex -20 -31 -27.2156
      vertex -20 -33 -27.2156
    endloop
  endfacet
  facet normal -0 0 -1
    outer loop
      vertex -20 -31 -27.2156
      vertex -21 -33 -27.2156
      vertex -21 -31 -27.2156
    endloop
  endfacet
  facet normal -0.866019 0 -0.500011
    outer loop
      vertex -19.5 -33 -28.0816
      vertex -20 -31 -27.2156
      vertex -19.5 -31 -28.0816
    endloop
  endfacet
  facet normal -0.866019 -0 -0.500011
    outer loop
      vertex -20 -31 -27.2156
      vertex -19.5 -33 -28.0816
      vertex -20 -33 -27.2156
    endloop
  endfacet
  facet normal 0.866019 0 -0.500011
    outer loop
      vertex -21 -33 -27.2156
      vertex -21.5 -31 -28.0816
      vertex -21 -31 -27.2156
    endloop
  endfacet
  facet normal 0.866019 0 -0.500011
    outer loop
      vertex -21.5 -31 -28.0816
      vertex -21 -33 -27.2156
      vertex -21.5 -33 -28.0816
    endloop
  endfacet
  facet normal 0.866019 -0 0.500011
    outer loop
      vertex -21.5 -33 -28.0816
      vertex -21 -31 -28.9476
      vertex -21.5 -31 -28.0816
    endloop
  endfacet
  facet normal 0.866019 0 0.500011
    outer loop
      vertex -21 -31 -28.9476
      vertex -21.5 -33 -28.0816
      vertex -21 -33 -28.9476
    endloop
  endfacet
  facet normal -0 0 1
    outer loop
      vertex -21 -31 -28.9476
      vertex -20 -33 -28.9476
      vertex -20 -31 -28.9476
    endloop
  endfacet
  facet normal 0 0 1
    outer loop
      vertex -20 -33 -28.9476
      vertex -21 -31 -28.9476
      vertex -21 -33 -28.9476
    endloop
  endfacet
  facet normal -0.866019 0 0.500011
    outer loop
      vertex -20 -33 -28.9476
      vertex -19.5 -31 -28.0816
      vertex -20 -31 -28.9476
    endloop
  endfacet
  facet normal -0.866019 0 0.500011
    outer loop
      vertex -19.5 -31 -28.0816
      vertex -20 -33 -28.9476
      vertex -19.5 -33 -28.0816
    endloop
  endfacet
  facet normal 0 0 -1
    outer loop
      vertex -17.2 -33 -27.2156
      vertex -16.2 -31 -27.2156
      vertex -16.2 -33 -27.2156
    endloop
  endfacet
  facet normal -0 0 -1
    outer loop
      vertex -16.2 -31 -27.2156
      vertex -17.2 -33 -27.2156
      vertex -17.2 -31 -27.2156
    endloop
  endfacet
  facet normal -0.866019 0 -0.500011
    outer loop
      vertex -15.7 -33 -28.0816
      vertex -16.2 -31 -27.2156
      vertex -15.7 -31 -28.0816
    endloop
  endfacet
  facet normal -0.866019 -0 -0.500011
    outer loop
      vertex -16.2 -31 -27.2156
      vertex -15.7 -33 -28.0816
      vertex -16.2 -33 -27.2156
    endloop
  endfacet
  facet normal 0.866019 0 -0.500011
    outer loop
      vertex -17.2 -33 -27.2156
      vertex -17.7 -31 -28.0816
      vertex -17.2 -31 -27.2156
    endloop
  endfacet
  facet normal 0.866019 0 -0.500011
    outer loop
      vertex -17.7 -31 -28.0816
      vertex -17.2 -33 -27.2156
      vertex -17.7 -33 -28.0816
    endloop
  endfacet
  facet normal 0.866019 -0 0.500011
    outer loop
      vertex -17.7 -33 -28.0816
      vertex -17.2 -31 -28.9476
      vertex -17.7 -31 -28.0816
    endloop
  endfacet
  facet normal 0.866019 0 0.500011
    outer loop
      vertex -17.2 -31 -28.9476
      vertex -17.7 -33 -28.0816
      vertex -17.2 -33 -28.9476
    endloop
  endfacet
  facet normal -0 0 1
    outer loop
      vertex -17.2 -31 -28.9476
      vertex -16.2 -33 -28.9476
      vertex -16.2 -31 -28.9476
    endloop
  endfacet
  facet normal 0 0 1
    outer loop
      vertex -16.2 -33 -28.9476
      vertex -17.2 -31 -28.9476
      vertex -17.2 -33 -28.9476
    endloop
  endfacet
  facet normal -0.866019 0 0.500011
    outer loop
      vertex -16.2 -33 -28.9476
      vertex -15.7 -31 -28.0816
      vertex -16.2 -31 -28.9476
    endloop
  endfacet
  facet normal -0.866019 0 0.500011
    outer loop
      vertex -15.7 -31 -28.0816
      vertex -16.2 -33 -28.9476
      vertex -15.7 -33 -28.0816
    endloop
  endfacet
  facet normal 0 0 -1
    outer loop
      vertex -13.4 -33 -27.2156
      vertex -12.4 -31 -27.2156
      vertex -12.4 -33 -27.2156
    endloop
  endfacet
  facet normal -0 0 -1
    outer loop
      vertex -12.4 -31 -27.2156
      vertex -13.4 -33 -27.2156
      vertex -13.4 -31 -27.2156
    endloop
  endfacet
  facet normal -0.866019 0 -0.500011
    outer loop
      vertex -11.9 -33 -28.0816
      vertex -12.4 -31 -27.2156
      vertex -11.9 -31 -28.0816
    endloop
  endfacet
  facet normal -0.866019 -0 -0.500011
    outer loop
      vertex -12.4 -31 -27.2156
      vertex -11.9 -33 -28.0816
      vertex -12.4 -33 -27.2156
    endloop
  endfacet
  facet normal 0.866019 0 -0.500011
    outer loop
      vertex -13.4 -33 -27.2156
      vertex -13.9 -31 -28.0816
      vertex -13.4 -31 -27.2156
    endloop
  endfacet
  facet normal 0.866019 0 -0.500011
    outer loop
      vertex -13.9 -31 -28.0816
      vertex -13.4 -33 -27.2156
      vertex -13.9 -33 -28.0816
    endloop
  endfacet
  facet normal 0.866019 -0 0.500011
    outer loop
      vertex -13.9 -33 -28.0816
      vertex -13.4 -31 -28.9476
      vertex -13.9 -31 -28.0816
    endloop
  endfacet
  facet normal 0.866019 0 0.500011
    outer loop
      vertex -13.4 -31 -28.9476
      vertex -13.9 -33 -28.0816
      vertex -13.4 -33 -28.9476
    endloop
  endfacet
  facet normal -0 0 1
    outer loop
      vertex -13.4 -31 -28.9476
      vertex -12.4 -33 -28.9476
      vertex -12.4 -31 -28.9476
    endloop
  endfacet
  facet normal 0 0 1
    outer loop
      vertex -12.4 -33 -28.9476
      vertex -13.4 -31 -28.9476
      vertex -13.4 -33 -28.9476
    endloop
  endfacet
  facet normal -0.866019 0 0.500011
    outer loop
      vertex -12.4 -33 -28.9476
      vertex -11.9 -31 -28.0816
      vertex -12.4 -31 -28.9476
    endloop
  endfacet
  facet normal -0.866019 0 0.500011
    outer loop
      vertex -11.9 -31 -28.0816
      vertex -12.4 -33 -28.9476
      vertex -11.9 -33 -28.0816
    endloop
  endfacet
  facet normal -0 0 1
    outer loop
      vertex -9.6 -31 -28.9476
      vertex -8.6 -33 -28.9476
      vertex -8.6 -31 -28.9476
    endloop
  endfacet
  facet normal 0 0 1
    outer loop
      vertex -8.6 -33 -28.9476
      vertex -9.6 -31 -28.9476
      vertex -9.6 -33 -28.9476
    endloop
  endfacet
  facet normal 0 0 -1
    outer loop
      vertex -9.6 -33 -27.2156
      vertex -8.6 -31 -27.2156
      vertex -8.6 -33 -27.2156
    endloop
  endfacet
  facet normal -0 0 -1
    outer loop
      vertex -8.6 -31 -27.2156
      vertex -9.6 -33 -27.2156
      vertex -9.6 -31 -27.2156
    endloop
  endfacet
  facet normal -0.866019 0 -0.500011
    outer loop
      vertex -8.1 -33 -28.0816
      vertex -8.6 -31 -27.2156
      vertex -8.1 -31 -28.0816
    endloop
  endfacet
  facet normal -0.866019 -0 -0.500011
    outer loop
      vertex -8.6 -31 -27.2156
      vertex -8.1 -33 -28.0816
      vertex -8.6 -33 -27.2156
    endloop
  endfacet
  facet normal 0.866019 0 -0.500011
    outer loop
      vertex -9.6 -33 -27.2156
      vertex -10.1 -31 -28.0816
      vertex -9.6 -31 -27.2156
    endloop
  endfacet
  facet normal 0.866019 0 -0.500011
    outer loop
      vertex -10.1 -31 -28.0816
      vertex -9.6 -33 -27.2156
      vertex -10.1 -33 -28.0816
    endloop
  endfacet
  facet normal 0.866019 -0 0.500011
    outer loop
      vertex -10.1 -33 -28.0816
      vertex -9.6 -31 -28.9476
      vertex -10.1 -31 -28.0816
    endloop
  endfacet
  facet normal 0.866019 0 0.500011
    outer loop
      vertex -9.6 -31 -28.9476
      vertex -10.1 -33 -28.0816
      vertex -9.6 -33 -28.9476
    endloop
  endfacet
  facet normal -0.866019 0 0.500011
    outer loop
      vertex -8.6 -33 -28.9476
      vertex -8.1 -31 -28.0816
      vertex -8.6 -31 -28.9476
    endloop
  endfacet
  facet normal -0.866019 0 0.500011
    outer loop
      vertex -8.1 -31 -28.0816
      vertex -8.6 -33 -28.9476
      vertex -8.1 -33 -28.0816
    endloop
  endfacet
  facet normal -0 0 1
    outer loop
      vertex -5.8 -31 -28.9476
      vertex -4.8 -33 -28.9476
      vertex -4.8 -31 -28.9476
    endloop
  endfacet
  facet normal 0 0 1
    outer loop
      vertex -4.8 -33 -28.9476
      vertex -5.8 -31 -28.9476
      vertex -5.8 -33 -28.9476
    endloop
  endfacet
  facet normal 0 0 -1
    outer loop
      vertex -5.8 -33 -27.2156
      vertex -4.8 -31 -27.2156
      vertex -4.8 -33 -27.2156
    endloop
  endfacet
  facet normal -0 0 -1
    outer loop
      vertex -4.8 -31 -27.2156
      vertex -5.8 -33 -27.2156
      vertex -5.8 -31 -27.2156
    endloop
  endfacet
  facet normal -0.866019 0 -0.500011
    outer loop
      vertex -4.3 -33 -28.0816
      vertex -4.8 -31 -27.2156
      vertex -4.3 -31 -28.0816
    endloop
  endfacet
  facet normal -0.866019 -0 -0.500011
    outer loop
      vertex -4.8 -31 -27.2156
      vertex -4.3 -33 -28.0816
      vertex -4.8 -33 -27.2156
    endloop
  endfacet
  facet normal 0.866019 0 -0.500011
    outer loop
      vertex -5.8 -33 -27.2156
      vertex -6.3 -31 -28.0816
      vertex -5.8 -31 -27.2156
    endloop
  endfacet
  facet normal 0.866019 0 -0.500011
    outer loop
      vertex -6.3 -31 -28.0816
      vertex -5.8 -33 -27.2156
      vertex -6.3 -33 -28.0816
    endloop
  endfacet
  facet normal 0.866019 -0 0.500011
    outer loop
      vertex -6.3 -33 -28.0816
      vertex -5.8 -31 -28.9476
      vertex -6.3 -31 -28.0816
    endloop
  endfacet
  facet normal 0.866019 0 0.500011
    outer loop
      vertex -5.8 -31 -28.9476
      vertex -6.3 -33 -28.0816
      vertex -5.8 -33 -28.9476
    endloop
  endfacet
  facet normal -0.866019 0 0.500011
    outer loop
      vertex -4.8 -33 -28.9476
      vertex -4.3 -31 -28.0816
      vertex -4.8 -31 -28.9476
    endloop
  endfacet
  facet normal -0.866019 0 0.500011
    outer loop
      vertex -4.3 -31 -28.0816
      vertex -4.8 -33 -28.9476
      vertex -4.3 -33 -28.0816
    endloop
  endfacet
  facet normal 0 0 -1
    outer loop
      vertex -2 -33 -27.2156
      vertex -1.71851 -31 -27.2156
      vertex -1.71851 -33 -27.2156
    endloop
  endfacet
  facet normal -0 0 -1
    outer loop
      vertex -1.71851 -31 -27.2156
      vertex -2 -33 -27.2156
      vertex -2 -31 -27.2156
    endloop
  endfacet
  facet normal -0.866026 0 -0.499999
    outer loop
      vertex -0.5 -33 -28.0816
      vertex -0.979026 -31 -27.2519
      vertex -0.5 -31 -28.0816
    endloop
  endfacet
  facet normal -0.866026 -0 -0.499999
    outer loop
      vertex -0.979026 -31 -27.2519
      vertex -0.5 -33 -28.0816
      vertex -0.979026 -33 -27.2519
    endloop
  endfacet
  facet normal 0.866019 0 -0.500011
    outer loop
      vertex -2 -33 -27.2156
      vertex -2.5 -31 -28.0816
      vertex -2 -31 -27.2156
    endloop
  endfacet
  facet normal 0.866019 0 -0.500011
    outer loop
      vertex -2.5 -31 -28.0816
      vertex -2 -33 -27.2156
      vertex -2.5 -33 -28.0816
    endloop
  endfacet
  facet normal 0.866019 -0 0.500011
    outer loop
      vertex -2.5 -33 -28.0816
      vertex -2 -31 -28.9476
      vertex -2.5 -31 -28.0816
    endloop
  endfacet
  facet normal 0.866019 0 0.500011
    outer loop
      vertex -2 -31 -28.9476
      vertex -2.5 -33 -28.0816
      vertex -2 -33 -28.9476
    endloop
  endfacet
  facet normal -0 0 1
    outer loop
      vertex -2 -31 -28.9476
      vertex -1 -33 -28.9476
      vertex -1 -31 -28.9476
    endloop
  endfacet
  facet normal 0 0 1
    outer loop
      vertex -1 -33 -28.9476
      vertex -2 -31 -28.9476
      vertex -2 -33 -28.9476
    endloop
  endfacet
  facet normal -0.866019 0 0.500011
    outer loop
      vertex -1 -33 -28.9476
      vertex -0.5 -31 -28.0816
      vertex -1 -31 -28.9476
    endloop
  endfacet
  facet normal -0.866019 0 0.500011
    outer loop
      vertex -0.5 -31 -28.0816
      vertex -1 -33 -28.9476
      vertex -0.5 -33 -28.0816
    endloop
  endfacet
  facet normal 0 0 -1
    outer loop
      vertex 1.8 -33 -27.2156
      vertex 2.8 -31 -27.2156
      vertex 2.8 -33 -27.2156
    endloop
  endfacet
  facet normal -0 0 -1
    outer loop
      vertex 2.8 -31 -27.2156
      vertex 1.8 -33 -27.2156
      vertex 1.8 -31 -27.2156
    endloop
  endfacet
  facet normal -0.866019 0 -0.500011
    outer loop
      vertex 3.3 -33 -28.0816
      vertex 2.8 -31 -27.2156
      vertex 3.3 -31 -28.0816
    endloop
  endfacet
  facet normal -0.866019 -0 -0.500011
    outer loop
      vertex 2.8 -31 -27.2156
      vertex 3.3 -33 -28.0816
      vertex 2.8 -33 -27.2156
    endloop
  endfacet
  facet normal 0.866019 0 -0.500011
    outer loop
      vertex 1.8 -33 -27.2156
      vertex 1.3 -31 -28.0816
      vertex 1.8 -31 -27.2156
    endloop
  endfacet
  facet normal 0.866019 0 -0.500011
    outer loop
      vertex 1.3 -31 -28.0816
      vertex 1.8 -33 -27.2156
      vertex 1.3 -33 -28.0816
    endloop
  endfacet
  facet normal 0.866019 -0 0.500011
    outer loop
      vertex 1.3 -33 -28.0816
      vertex 1.8 -31 -28.9476
      vertex 1.3 -31 -28.0816
    endloop
  endfacet
  facet normal 0.866019 0 0.500011
    outer loop
      vertex 1.8 -31 -28.9476
      vertex 1.3 -33 -28.0816
      vertex 1.8 -33 -28.9476
    endloop
  endfacet
  facet normal -0 0 1
    outer loop
      vertex 1.8 -31 -28.9476
      vertex 2.8 -33 -28.9476
      vertex 2.8 -31 -28.9476
    endloop
  endfacet
  facet normal 0 0 1
    outer loop
      vertex 2.8 -33 -28.9476
      vertex 1.8 -31 -28.9476
      vertex 1.8 -33 -28.9476
    endloop
  endfacet
  facet normal -0.866019 0 0.500011
    outer loop
      vertex 2.8 -33 -28.9476
      vertex 3.3 -31 -28.0816
      vertex 2.8 -31 -28.9476
    endloop
  endfacet
  facet normal -0.866019 0 0.500011
    outer loop
      vertex 3.3 -31 -28.0816
      vertex 2.8 -33 -28.9476
      vertex 3.3 -33 -28.0816
    endloop
  endfacet
  facet normal -0 0 1
    outer loop
      vertex -22.9 -31 -25.6568
      vertex -21.9 -33 -25.6568
      vertex -21.9 -31 -25.6568
    endloop
  endfacet
  facet normal 0 0 1
    outer loop
      vertex -21.9 -33 -25.6568
      vertex -22.9 -31 -25.6568
      vertex -22.9 -33 -25.6568
    endloop
  endfacet
  facet normal 0 0 -1
    outer loop
      vertex -22.9 -33 -23.9248
      vertex -21.9 -31 -23.9248
      vertex -21.9 -33 -23.9248
    endloop
  endfacet
  facet normal -0 0 -1
    outer loop
      vertex -21.9 -31 -23.9248
      vertex -22.9 -33 -23.9248
      vertex -22.9 -31 -23.9248
    endloop
  endfacet
  facet normal -0.866019 0 -0.500011
    outer loop
      vertex -21.4 -33 -24.7908
      vertex -21.9 -31 -23.9248
      vertex -21.4 -31 -24.7908
    endloop
  endfacet
  facet normal -0.866019 -0 -0.500011
    outer loop
      vertex -21.9 -31 -23.9248
      vertex -21.4 -33 -24.7908
      vertex -21.9 -33 -23.9248
    endloop
  endfacet
  facet normal 0.866019 0 -0.500011
    outer loop
      vertex -22.9 -33 -23.9248
      vertex -23.4 -31 -24.7908
      vertex -22.9 -31 -23.9248
    endloop
  endfacet
  facet normal 0.866019 0 -0.500011
    outer loop
      vertex -23.4 -31 -24.7908
      vertex -22.9 -33 -23.9248
      vertex -23.4 -33 -24.7908
    endloop
  endfacet
  facet normal 0.866019 -0 0.500011
    outer loop
      vertex -23.4 -33 -24.7908
      vertex -22.9 -31 -25.6568
      vertex -23.4 -31 -24.7908
    endloop
  endfacet
  facet normal 0.866019 0 0.500011
    outer loop
      vertex -22.9 -31 -25.6568
      vertex -23.4 -33 -24.7908
      vertex -22.9 -33 -25.6568
    endloop
  endfacet
  facet normal -0.866019 0 0.500011
    outer loop
      vertex -21.9 -33 -25.6568
      vertex -21.4 -31 -24.7908
      vertex -21.9 -31 -25.6568
    endloop
  endfacet
  facet normal -0.866019 0 0.500011
    outer loop
      vertex -21.4 -31 -24.7908
      vertex -21.9 -33 -25.6568
      vertex -21.4 -33 -24.7908
    endloop
  endfacet
  facet normal -0 0 1
    outer loop
      vertex -19.1 -31 -25.6568
      vertex -18.1 -33 -25.6568
      vertex -18.1 -31 -25.6568
    endloop
  endfacet
  facet normal 0 0 1
    outer loop
      vertex -18.1 -33 -25.6568
      vertex -19.1 -31 -25.6568
      vertex -19.1 -33 -25.6568
    endloop
  endfacet
  facet normal 0 0 -1
    outer loop
      vertex -19.1 -33 -23.9248
      vertex -18.1 -31 -23.9248
      vertex -18.1 -33 -23.9248
    endloop
  endfacet
  facet normal -0 0 -1
    outer loop
      vertex -18.1 -31 -23.9248
      vertex -19.1 -33 -23.9248
      vertex -19.1 -31 -23.9248
    endloop
  endfacet
  facet normal -0.866019 0 -0.500011
    outer loop
      vertex -17.6 -33 -24.7908
      vertex -18.1 -31 -23.9248
      vertex -17.6 -31 -24.7908
    endloop
  endfacet
  facet normal -0.866019 -0 -0.500011
    outer loop
      vertex -18.1 -31 -23.9248
      vertex -17.6 -33 -24.7908
      vertex -18.1 -33 -23.9248
    endloop
  endfacet
  facet normal 0.866019 0 -0.500011
    outer loop
      vertex -19.1 -33 -23.9248
      vertex -19.6 -31 -24.7908
      vertex -19.1 -31 -23.9248
    endloop
  endfacet
  facet normal 0.866019 0 -0.500011
    outer loop
      vertex -19.6 -31 -24.7908
      vertex -19.1 -33 -23.9248
      vertex -19.6 -33 -24.7908
    endloop
  endfacet
  facet normal 0.866019 -0 0.500011
    outer loop
      vertex -19.6 -33 -24.7908
      vertex -19.1 -31 -25.6568
      vertex -19.6 -31 -24.7908
    endloop
  endfacet
  facet normal 0.866019 0 0.500011
    outer loop
      vertex -19.1 -31 -25.6568
      vertex -19.6 -33 -24.7908
      vertex -19.1 -33 -25.6568
    endloop
  endfacet
  facet normal -0.866019 0 0.500011
    outer loop
      vertex -18.1 -33 -25.6568
      vertex -17.6 -31 -24.7908
      vertex -18.1 -31 -25.6568
    endloop
  endfacet
  facet normal -0.866019 0 0.500011
    outer loop
      vertex -17.6 -31 -24.7908
      vertex -18.1 -33 -25.6568
      vertex -17.6 -33 -24.7908
    endloop
  endfacet
  facet normal -0 0 1
    outer loop
      vertex -15.3 -31 -25.6568
      vertex -14.3 -33 -25.6568
      vertex -14.3 -31 -25.6568
    endloop
  endfacet
  facet normal 0 0 1
    outer loop
      vertex -14.3 -33 -25.6568
      vertex -15.3 -31 -25.6568
      vertex -15.3 -33 -25.6568
    endloop
  endfacet
  facet normal 0 0 -1
    outer loop
      vertex -15.3 -33 -23.9248
      vertex -14.3 -31 -23.9248
      vertex -14.3 -33 -23.9248
    endloop
  endfacet
  facet normal -0 0 -1
    outer loop
      vertex -14.3 -31 -23.9248
      vertex -15.3 -33 -23.9248
      vertex -15.3 -31 -23.9248
    endloop
  endfacet
  facet normal -0.866019 0 -0.500011
    outer loop
      vertex -13.8 -33 -24.7908
      vertex -14.3 -31 -23.9248
      vertex -13.8 -31 -24.7908
    endloop
  endfacet
  facet normal -0.866019 -0 -0.500011
    outer loop
      vertex -14.3 -31 -23.9248
      vertex -13.8 -33 -24.7908
      vertex -14.3 -33 -23.9248
    endloop
  endfacet
  facet normal 0.866019 0 -0.500011
    outer loop
      vertex -15.3 -33 -23.9248
      vertex -15.8 -31 -24.7908
      vertex -15.3 -31 -23.9248
    endloop
  endfacet
  facet normal 0.866019 0 -0.500011
    outer loop
      vertex -15.8 -31 -24.7908
      vertex -15.3 -33 -23.9248
      vertex -15.8 -33 -24.7908
    endloop
  endfacet
  facet normal 0.866019 -0 0.500011
    outer loop
      vertex -15.8 -33 -24.7908
      vertex -15.3 -31 -25.6568
      vertex -15.8 -31 -24.7908
    endloop
  endfacet
  facet normal 0.866019 0 0.500011
    outer loop
      vertex -15.3 -31 -25.6568
      vertex -15.8 -33 -24.7908
      vertex -15.3 -33 -25.6568
    endloop
  endfacet
  facet normal -0.866019 0 0.500011
    outer loop
      vertex -14.3 -33 -25.6568
      vertex -13.8 -31 -24.7908
      vertex -14.3 -31 -25.6568
    endloop
  endfacet
  facet normal -0.866019 0 0.500011
    outer loop
      vertex -13.8 -31 -24.7908
      vertex -14.3 -33 -25.6568
      vertex -13.8 -33 -24.7908
    endloop
  endfacet
  facet normal -0 0 1
    outer loop
      vertex -11.5 -31 -25.6568
      vertex -10.5 -33 -25.6568
      vertex -10.5 -31 -25.6568
    endloop
  endfacet
  facet normal 0 0 1
    outer loop
      vertex -10.5 -33 -25.6568
      vertex -11.5 -31 -25.6568
      vertex -11.5 -33 -25.6568
    endloop
  endfacet
  facet normal 0 0 -1
    outer loop
      vertex -11.5 -33 -23.9248
      vertex -10.9535 -31 -23.9248
      vertex -10.9535 -33 -23.9248
    endloop
  endfacet
  facet normal -0 0 -1
    outer loop
      vertex -10.9535 -31 -23.9248
      vertex -11.5 -33 -23.9248
      vertex -11.5 -31 -23.9248
    endloop
  endfacet
  facet normal -0.865999 0 -0.500046
    outer loop
      vertex -10 -33 -24.7908
      vertex -10.245 -31 -24.3665
      vertex -10 -31 -24.7908
    endloop
  endfacet
  facet normal -0.865999 -0 -0.500046
    outer loop
      vertex -10.245 -31 -24.3665
      vertex -10 -33 -24.7908
      vertex -10.245 -33 -24.3665
    endloop
  endfacet
  facet normal 0.866019 0 -0.500011
    outer loop
      vertex -11.5 -33 -23.9248
      vertex -12 -31 -24.7908
      vertex -11.5 -31 -23.9248
    endloop
  endfacet
  facet normal 0.866019 0 -0.500011
    outer loop
      vertex -12 -31 -24.7908
      vertex -11.5 -33 -23.9248
      vertex -12 -33 -24.7908
    endloop
  endfacet
  facet normal 0.866019 -0 0.500011
    outer loop
      vertex -12 -33 -24.7908
      vertex -11.5 -31 -25.6568
      vertex -12 -31 -24.7908
    endloop
  endfacet
  facet normal 0.866019 0 0.500011
    outer loop
      vertex -11.5 -31 -25.6568
      vertex -12 -33 -24.7908
      vertex -11.5 -33 -25.6568
    endloop
  endfacet
  facet normal -0.866019 0 0.500011
    outer loop
      vertex -10.5 -33 -25.6568
      vertex -10 -31 -24.7908
      vertex -10.5 -31 -25.6568
    endloop
  endfacet
  facet normal -0.866019 0 0.500011
    outer loop
      vertex -10 -31 -24.7908
      vertex -10.5 -33 -25.6568
      vertex -10 -33 -24.7908
    endloop
  endfacet
  facet normal -0 0 1
    outer loop
      vertex -24.8 -31 -22.366
      vertex -23.8 -33 -22.366
      vertex -23.8 -31 -22.366
    endloop
  endfacet
  facet normal 0 0 1
    outer loop
      vertex -23.8 -33 -22.366
      vertex -24.8 -31 -22.366
      vertex -24.8 -33 -22.366
    endloop
  endfacet
  facet normal -0.866019 0 0.500011
    outer loop
      vertex -23.8 -33 -22.366
      vertex -23.3 -31 -21.5
      vertex -23.8 -31 -22.366
    endloop
  endfacet
  facet normal -0.866019 0 0.500011
    outer loop
      vertex -23.3 -31 -21.5
      vertex -23.8 -33 -22.366
      vertex -23.3 -33 -21.5
    endloop
  endfacet
  facet normal 0 0 -1
    outer loop
      vertex -24.8 -33 -20.634
      vertex -23.8 -31 -20.634
      vertex -23.8 -33 -20.634
    endloop
  endfacet
  facet normal -0 0 -1
    outer loop
      vertex -23.8 -31 -20.634
      vertex -24.8 -33 -20.634
      vertex -24.8 -31 -20.634
    endloop
  endfacet
  facet normal -0.866019 0 -0.500011
    outer loop
      vertex -23.3 -33 -21.5
      vertex -23.8 -31 -20.634
      vertex -23.3 -31 -21.5
    endloop
  endfacet
  facet normal -0.866019 -0 -0.500011
    outer loop
      vertex -23.8 -31 -20.634
      vertex -23.3 -33 -21.5
      vertex -23.8 -33 -20.634
    endloop
  endfacet
  facet normal 0.866019 0 -0.500011
    outer loop
      vertex -24.8 -33 -20.634
      vertex -25.3 -31 -21.5
      vertex -24.8 -31 -20.634
    endloop
  endfacet
  facet normal 0.866019 0 -0.500011
    outer loop
      vertex -25.3 -31 -21.5
      vertex -24.8 -33 -20.634
      vertex -25.3 -33 -21.5
    endloop
  endfacet
  facet normal 0.866019 -0 0.500011
    outer loop
      vertex -25.3 -33 -21.5
      vertex -24.8 -31 -22.366
      vertex -25.3 -31 -21.5
    endloop
  endfacet
  facet normal 0.866019 0 0.500011
    outer loop
      vertex -24.8 -31 -22.366
      vertex -25.3 -33 -21.5
      vertex -24.8 -33 -22.366
    endloop
  endfacet
  facet normal -0 0 1
    outer loop
      vertex -21 -31 -22.366
      vertex -20 -33 -22.366
      vertex -20 -31 -22.366
    endloop
  endfacet
  facet normal 0 0 1
    outer loop
      vertex -20 -33 -22.366
      vertex -21 -31 -22.366
      vertex -21 -33 -22.366
    endloop
  endfacet
  facet normal -0.866019 0 0.500011
    outer loop
      vertex -20 -33 -22.366
      vertex -19.5 -31 -21.5
      vertex -20 -31 -22.366
    endloop
  endfacet
  facet normal -0.866019 0 0.500011
    outer loop
      vertex -19.5 -31 -21.5
      vertex -20 -33 -22.366
      vertex -19.5 -33 -21.5
    endloop
  endfacet
  facet normal 0 0 -1
    outer loop
      vertex -21 -33 -20.634
      vertex -20 -31 -20.634
      vertex -20 -33 -20.634
    endloop
  endfacet
  facet normal -0 0 -1
    outer loop
      vertex -20 -31 -20.634
      vertex -21 -33 -20.634
      vertex -21 -31 -20.634
    endloop
  endfacet
  facet normal -0.866019 0 -0.500011
    outer loop
      vertex -19.5 -33 -21.5
      vertex -20 -31 -20.634
      vertex -19.5 -31 -21.5
    endloop
  endfacet
  facet normal -0.866019 -0 -0.500011
    outer loop
      vertex -20 -31 -20.634
      vertex -19.5 -33 -21.5
      vertex -20 -33 -20.634
    endloop
  endfacet
  facet normal 0.866019 0 -0.500011
    outer loop
      vertex -21 -33 -20.634
      vertex -21.5 -31 -21.5
      vertex -21 -31 -20.634
    endloop
  endfacet
  facet normal 0.866019 0 -0.500011
    outer loop
      vertex -21.5 -31 -21.5
      vertex -21 -33 -20.634
      vertex -21.5 -33 -21.5
    endloop
  endfacet
  facet normal 0.866019 -0 0.500011
    outer loop
      vertex -21.5 -33 -21.5
      vertex -21 -31 -22.366
      vertex -21.5 -31 -21.5
    endloop
  endfacet
  facet normal 0.866019 0 0.500011
    outer loop
      vertex -21 -31 -22.366
      vertex -21.5 -33 -21.5
      vertex -21 -33 -22.366
    endloop
  endfacet
  facet normal -0 0 1
    outer loop
      vertex -17.2 -31 -22.366
      vertex -16.2 -33 -22.366
      vertex -16.2 -31 -22.366
    endloop
  endfacet
  facet normal 0 0 1
    outer loop
      vertex -16.2 -33 -22.366
      vertex -17.2 -31 -22.366
      vertex -17.2 -33 -22.366
    endloop
  endfacet
  facet normal -0.866019 0 0.500011
    outer loop
      vertex -16.2 -33 -22.366
      vertex -15.7 -31 -21.5
      vertex -16.2 -31 -22.366
    endloop
  endfacet
  facet normal -0.866019 0 0.500011
    outer loop
      vertex -15.7 -31 -21.5
      vertex -16.2 -33 -22.366
      vertex -15.7 -33 -21.5
    endloop
  endfacet
  facet normal 0 0 -1
    outer loop
      vertex -17.2 -33 -20.634
      vertex -16.2 -31 -20.634
      vertex -16.2 -33 -20.634
    endloop
  endfacet
  facet normal -0 0 -1
    outer loop
      vertex -16.2 -31 -20.634
      vertex -17.2 -33 -20.634
      vertex -17.2 -31 -20.634
    endloop
  endfacet
  facet normal -0.866019 0 -0.500011
    outer loop
      vertex -15.7 -33 -21.5
      vertex -16.2 -31 -20.634
      vertex -15.7 -31 -21.5
    endloop
  endfacet
  facet normal -0.866019 -0 -0.500011
    outer loop
      vertex -16.2 -31 -20.634
      vertex -15.7 -33 -21.5
      vertex -16.2 -33 -20.634
    endloop
  endfacet
  facet normal 0.866019 0 -0.500011
    outer loop
      vertex -17.2 -33 -20.634
      vertex -17.7 -31 -21.5
      vertex -17.2 -31 -20.634
    endloop
  endfacet
  facet normal 0.866019 0 -0.500011
    outer loop
      vertex -17.7 -31 -21.5
      vertex -17.2 -33 -20.634
      vertex -17.7 -33 -21.5
    endloop
  endfacet
  facet normal 0.866019 -0 0.500011
    outer loop
      vertex -17.7 -33 -21.5
      vertex -17.2 -31 -22.366
      vertex -17.7 -31 -21.5
    endloop
  endfacet
  facet normal 0.866019 0 0.500011
    outer loop
      vertex -17.2 -31 -22.366
      vertex -17.7 -33 -21.5
      vertex -17.2 -33 -22.366
    endloop
  endfacet
  facet normal -0 0 1
    outer loop
      vertex -13.4 -31 -22.366
      vertex -12.9308 -33 -22.366
      vertex -12.9308 -31 -22.366
    endloop
  endfacet
  facet normal 0 0 1
    outer loop
      vertex -12.9308 -33 -22.366
      vertex -13.4 -31 -22.366
      vertex -13.4 -33 -22.366
    endloop
  endfacet
  facet normal 0.86646 0 -0.499246
    outer loop
      vertex -13.8879 -33 -21.479
      vertex -13.9 -31 -21.5
      vertex -13.8879 -31 -21.479
    endloop
  endfacet
  facet normal 0.86646 0 -0.499246
    outer loop
      vertex -13.9 -31 -21.5
      vertex -13.8879 -33 -21.479
      vertex -13.9 -33 -21.5
    endloop
  endfacet
  facet normal 0.866019 -0 0.500011
    outer loop
      vertex -13.9 -33 -21.5
      vertex -13.4 -31 -22.366
      vertex -13.9 -31 -21.5
    endloop
  endfacet
  facet normal 0.866019 0 0.500011
    outer loop
      vertex -13.4 -31 -22.366
      vertex -13.9 -33 -21.5
      vertex -13.4 -33 -22.366
    endloop
  endfacet
  facet normal -0 0 1
    outer loop
      vertex -22.9 -31 -19.0752
      vertex -21.9 -33 -19.0752
      vertex -21.9 -31 -19.0752
    endloop
  endfacet
  facet normal 0 0 1
    outer loop
      vertex -21.9 -33 -19.0752
      vertex -22.9 -31 -19.0752
      vertex -22.9 -33 -19.0752
    endloop
  endfacet
  facet normal -0.866019 0 0.500011
    outer loop
      vertex -21.9 -33 -19.0752
      vertex -21.4 -31 -18.2092
      vertex -21.9 -31 -19.0752
    endloop
  endfacet
  facet normal -0.866019 0 0.500011
    outer loop
      vertex -21.4 -31 -18.2092
      vertex -21.9 -33 -19.0752
      vertex -21.4 -33 -18.2092
    endloop
  endfacet
  facet normal 0 0 -1
    outer loop
      vertex -22.9 -33 -17.3432
      vertex -21.9 -31 -17.3432
      vertex -21.9 -33 -17.3432
    endloop
  endfacet
  facet normal -0 0 -1
    outer loop
      vertex -21.9 -31 -17.3432
      vertex -22.9 -33 -17.3432
      vertex -22.9 -31 -17.3432
    endloop
  endfacet
  facet normal -0.866019 0 -0.500011
    outer loop
      vertex -21.4 -33 -18.2092
      vertex -21.9 -31 -17.3432
      vertex -21.4 -31 -18.2092
    endloop
  endfacet
  facet normal -0.866019 -0 -0.500011
    outer loop
      vertex -21.9 -31 -17.3432
      vertex -21.4 -33 -18.2092
      vertex -21.9 -33 -17.3432
    endloop
  endfacet
  facet normal 0.866019 0 -0.500011
    outer loop
      vertex -22.9 -33 -17.3432
      vertex -23.4 -31 -18.2092
      vertex -22.9 -31 -17.3432
    endloop
  endfacet
  facet normal 0.866019 0 -0.500011
    outer loop
      vertex -23.4 -31 -18.2092
      vertex -22.9 -33 -17.3432
      vertex -23.4 -33 -18.2092
    endloop
  endfacet
  facet normal 0.866019 -0 0.500011
    outer loop
      vertex -23.4 -33 -18.2092
      vertex -22.9 -31 -19.0752
      vertex -23.4 -31 -18.2092
    endloop
  endfacet
  facet normal 0.866019 0 0.500011
    outer loop
      vertex -22.9 -31 -19.0752
      vertex -23.4 -33 -18.2092
      vertex -22.9 -33 -19.0752
    endloop
  endfacet
  facet normal -0 0 1
    outer loop
      vertex -19.1 -31 -19.0752
      vertex -18.1 -33 -19.0752
      vertex -18.1 -31 -19.0752
    endloop
  endfacet
  facet normal 0 0 1
    outer loop
      vertex -18.1 -33 -19.0752
      vertex -19.1 -31 -19.0752
      vertex -19.1 -33 -19.0752
    endloop
  endfacet
  facet normal -0.866019 0 0.500011
    outer loop
      vertex -18.1 -33 -19.0752
      vertex -17.6 -31 -18.2092
      vertex -18.1 -31 -19.0752
    endloop
  endfacet
  facet normal -0.866019 0 0.500011
    outer loop
      vertex -17.6 -31 -18.2092
      vertex -18.1 -33 -19.0752
      vertex -17.6 -33 -18.2092
    endloop
  endfacet
  facet normal 0 0 -1
    outer loop
      vertex -19.1 -33 -17.3432
      vertex -18.1 -31 -17.3432
      vertex -18.1 -33 -17.3432
    endloop
  endfacet
  facet normal -0 0 -1
    outer loop
      vertex -18.1 -31 -17.3432
      vertex -19.1 -33 -17.3432
      vertex -19.1 -31 -17.3432
    endloop
  endfacet
  facet normal -0.866019 0 -0.500011
    outer loop
      vertex -17.6 -33 -18.2092
      vertex -18.1 -31 -17.3432
      vertex -17.6 -31 -18.2092
    endloop
  endfacet
  facet normal -0.866019 -0 -0.500011
    outer loop
      vertex -18.1 -31 -17.3432
      vertex -17.6 -33 -18.2092
      vertex -18.1 -33 -17.3432
    endloop
  endfacet
  facet normal 0.866019 0 -0.500011
    outer loop
      vertex -19.1 -33 -17.3432
      vertex -19.6 -31 -18.2092
      vertex -19.1 -31 -17.3432
    endloop
  endfacet
  facet normal 0.866019 0 -0.500011
    outer loop
      vertex -19.6 -31 -18.2092
      vertex -19.1 -33 -17.3432
      vertex -19.6 -33 -18.2092
    endloop
  endfacet
  facet normal 0.866019 -0 0.500011
    outer loop
      vertex -19.6 -33 -18.2092
      vertex -19.1 -31 -19.0752
      vertex -19.6 -31 -18.2092
    endloop
  endfacet
  facet normal 0.866019 0 0.500011
    outer loop
      vertex -19.1 -31 -19.0752
      vertex -19.6 -33 -18.2092
      vertex -19.1 -33 -19.0752
    endloop
  endfacet
  facet normal -0 0 1
    outer loop
      vertex -24.8 -31 -15.7844
      vertex -23.8 -33 -15.7844
      vertex -23.8 -31 -15.7844
    endloop
  endfacet
  facet normal 0 0 1
    outer loop
      vertex -23.8 -33 -15.7844
      vertex -24.8 -31 -15.7844
      vertex -24.8 -33 -15.7844
    endloop
  endfacet
  facet normal -0.866019 0 0.500011
    outer loop
      vertex -23.8 -33 -15.7844
      vertex -23.3 -31 -14.9184
      vertex -23.8 -31 -15.7844
    endloop
  endfacet
  facet normal -0.866019 0 0.500011
    outer loop
      vertex -23.3 -31 -14.9184
      vertex -23.8 -33 -15.7844
      vertex -23.3 -33 -14.9184
    endloop
  endfacet
  facet normal 0 0 -1
    outer loop
      vertex -24.8 -33 -14.0524
      vertex -23.8 -31 -14.0524
      vertex -23.8 -33 -14.0524
    endloop
  endfacet
  facet normal -0 0 -1
    outer loop
      vertex -23.8 -31 -14.0524
      vertex -24.8 -33 -14.0524
      vertex -24.8 -31 -14.0524
    endloop
  endfacet
  facet normal -0.866019 0 -0.500011
    outer loop
      vertex -23.3 -33 -14.9184
      vertex -23.8 -31 -14.0524
      vertex -23.3 -31 -14.9184
    endloop
  endfacet
  facet normal -0.866019 -0 -0.500011
    outer loop
      vertex -23.8 -31 -14.0524
      vertex -23.3 -33 -14.9184
      vertex -23.8 -33 -14.0524
    endloop
  endfacet
  facet normal 0.866019 0 -0.500011
    outer loop
      vertex -24.8 -33 -14.0524
      vertex -25.3 -31 -14.9184
      vertex -24.8 -31 -14.0524
    endloop
  endfacet
  facet normal 0.866019 0 -0.500011
    outer loop
      vertex -25.3 -31 -14.9184
      vertex -24.8 -33 -14.0524
      vertex -25.3 -33 -14.9184
    endloop
  endfacet
  facet normal 0.866019 -0 0.500011
    outer loop
      vertex -25.3 -33 -14.9184
      vertex -24.8 -31 -15.7844
      vertex -25.3 -31 -14.9184
    endloop
  endfacet
  facet normal 0.866019 0 0.500011
    outer loop
      vertex -24.8 -31 -15.7844
      vertex -25.3 -33 -14.9184
      vertex -24.8 -33 -15.7844
    endloop
  endfacet
  facet normal -0 0 1
    outer loop
      vertex -21 -31 -15.7844
      vertex -20 -33 -15.7844
      vertex -20 -31 -15.7844
    endloop
  endfacet
  facet normal 0 0 1
    outer loop
      vertex -20 -33 -15.7844
      vertex -21 -31 -15.7844
      vertex -21 -33 -15.7844
    endloop
  endfacet
  facet normal -0.866019 0 0.500011
    outer loop
      vertex -20 -33 -15.7844
      vertex -19.5 -31 -14.9184
      vertex -20 -31 -15.7844
    endloop
  endfacet
  facet normal -0.866019 0 0.500011
    outer loop
      vertex -19.5 -31 -14.9184
      vertex -20 -33 -15.7844
      vertex -19.5 -33 -14.9184
    endloop
  endfacet
  facet normal 0 0 -1
    outer loop
      vertex -21 -33 -14.0524
      vertex -20 -31 -14.0524
      vertex -20 -33 -14.0524
    endloop
  endfacet
  facet normal -0 0 -1
    outer loop
      vertex -20 -31 -14.0524
      vertex -21 -33 -14.0524
      vertex -21 -31 -14.0524
    endloop
  endfacet
  facet normal -0.866019 0 -0.500011
    outer loop
      vertex -19.5 -33 -14.9184
      vertex -20 -31 -14.0524
      vertex -19.5 -31 -14.9184
    endloop
  endfacet
  facet normal -0.866019 -0 -0.500011
    outer loop
      vertex -20 -31 -14.0524
      vertex -19.5 -33 -14.9184
      vertex -20 -33 -14.0524
    endloop
  endfacet
  facet normal 0.866019 0 -0.500011
    outer loop
      vertex -21 -33 -14.0524
      vertex -21.5 -31 -14.9184
      vertex -21 -31 -14.0524
    endloop
  endfacet
  facet normal 0.866019 0 -0.500011
    outer loop
      vertex -21.5 -31 -14.9184
      vertex -21 -33 -14.0524
      vertex -21.5 -33 -14.9184
    endloop
  endfacet
  facet normal 0.866019 -0 0.500011
    outer loop
      vertex -21.5 -33 -14.9184
      vertex -21 -31 -15.7844
      vertex -21.5 -31 -14.9184
    endloop
  endfacet
  facet normal 0.866019 0 0.500011
    outer loop
      vertex -21 -31 -15.7844
      vertex -21.5 -33 -14.9184
      vertex -21 -33 -15.7844
    endloop
  endfacet
  facet normal 1 -0 0
    outer loop
      vertex 38 -33 32.5
      vertex 38 33 -32.5
      vertex 38 33 32.5
    endloop
  endfacet
  facet normal 1 0 0
    outer loop
      vertex 38 33 -32.5
      vertex 38 -33 32.5
      vertex 38 -33 -32.5
    endloop
  endfacet
  facet normal 0 0 1
    outer loop
      vertex 38 33 32.5
      vertex 36 31 32.5
      vertex 38 -33 32.5
    endloop
  endfacet
  facet normal 0 0 1
    outer loop
      vertex 38 33 32.5
      vertex -36 31 32.5
      vertex 36 31 32.5
    endloop
  endfacet
  facet normal 0 0 1
    outer loop
      vertex -36 31 32.5
      vertex -38 33 32.5
      vertex -36 -31 32.5
    endloop
  endfacet
  facet normal -0 0 1
    outer loop
      vertex -38 33 32.5
      vertex -36 31 32.5
      vertex 38 33 32.5
    endloop
  endfacet
  facet normal -0 0 1
    outer loop
      vertex 36 -31 32.5
      vertex 38 -33 32.5
      vertex 36 31 32.5
    endloop
  endfacet
  facet normal -0 0 1
    outer loop
      vertex -36 -31 32.5
      vertex 38 -33 32.5
      vertex 36 -31 32.5
    endloop
  endfacet
  facet normal 0 0 1
    outer loop
      vertex -36 -31 32.5
      vertex -38 -33 32.5
      vertex 38 -33 32.5
    endloop
  endfacet
  facet normal 0 0 1
    outer loop
      vertex -38 -33 32.5
      vertex -36 -31 32.5
      vertex -38 33 32.5
    endloop
  endfacet
  facet normal 0 0 -1
    outer loop
      vertex -38 -33 -32.5
      vertex 38 33 -32.5
      vertex 38 -33 -32.5
    endloop
  endfacet
  facet normal -0 0 -1
    outer loop
      vertex 38 33 -32.5
      vertex -38 -33 -32.5
      vertex -38 33 -32.5
    endloop
  endfacet
  facet normal -1 0 0
    outer loop
      vertex -38 -33 -32.5
      vertex -38 33 32.5
      vertex -38 33 -32.5
    endloop
  endfacet
  facet normal -1 -0 0
    outer loop
      vertex -38 33 32.5
      vertex -38 -33 -32.5
      vertex -38 -33 32.5
    endloop
  endfacet
  facet normal 0 1 0
    outer loop
      vertex 38 33 32.5
      vertex 10 33 -16.5
      vertex -38 33 32.5
    endloop
  endfacet
  facet normal 0 1 -0
    outer loop
      vertex 38 33 -32.5
      vertex 10 33 -16.5
      vertex 38 33 32.5
    endloop
  endfacet
  facet normal 0 1 0
    outer loop
      vertex 10 33 -24.5
      vertex 38 33 -32.5
      vertex -10 33 -24.5
    endloop
  endfacet
  facet normal 0 1 0
    outer loop
      vertex 10 33 -16.5
      vertex 38 33 -32.5
      vertex 10 33 -24.5
    endloop
  endfacet
  facet normal 0 1 -0
    outer loop
      vertex -10 33 -16.5
      vertex -38 33 32.5
      vertex 10 33 -16.5
    endloop
  endfacet
  facet normal 0 1 0
    outer loop
      vertex -38 33 -32.5
      vertex -10 33 -16.5
      vertex -10 33 -24.5
    endloop
  endfacet
  facet normal 0 1 0
    outer loop
      vertex -10 33 -16.5
      vertex -38 33 -32.5
      vertex -38 33 32.5
    endloop
  endfacet
  facet normal 0 1 0
    outer loop
      vertex -38 33 -32.5
      vertex -10 33 -24.5
      vertex 38 33 -32.5
    endloop
  endfacet
  facet normal 0 -1 0
    outer loop
      vertex -0.979026 -33 -27.2519
      vertex -0.5 -33 -28.0816
      vertex 0 -33 -27.3
    endloop
  endfacet
  facet normal 0 -1 0
    outer loop
      vertex 0 -33 -27.3
      vertex 1.8 -33 -27.2156
      vertex 1.91133 -33 -27.2061
    endloop
  endfacet
  facet normal 0 -1 0
    outer loop
      vertex 1.3 -33 -28.0816
      vertex 0 -33 -27.3
      vertex -0.5 -33 -28.0816
    endloop
  endfacet
  facet normal 0 -1 0
    outer loop
      vertex 0 -33 -27.3
      vertex 1.3 -33 -28.0816
      vertex 1.8 -33 -27.2156
    endloop
  endfacet
  facet normal 0 -1 0
    outer loop
      vertex -1 -33 -28.9476
      vertex 1.3 -33 -28.0816
      vertex -0.5 -33 -28.0816
    endloop
  endfacet
  facet normal 0 -1 -0
    outer loop
      vertex 1.3 -33 -28.0816
      vertex -1 -33 -28.9476
      vertex 1.8 -33 -28.9476
    endloop
  endfacet
  facet normal 0 -1 0
    outer loop
      vertex -2.5 -33 -28.0816
      vertex -3.80426 -33 -26.9253
      vertex -4.3 -33 -28.0816
    endloop
  endfacet
  facet normal 0 -1 0
    outer loop
      vertex -3.80426 -33 -26.9253
      vertex -2.5 -33 -28.0816
      vertex -2 -33 -27.2156
    endloop
  endfacet
  facet normal 0 -1 0
    outer loop
      vertex -4.8 -33 -28.9476
      vertex -2.5 -33 -28.0816
      vertex -4.3 -33 -28.0816
    endloop
  endfacet
  facet normal 0 -1 -0
    outer loop
      vertex -2.5 -33 -28.0816
      vertex -4.8 -33 -28.9476
      vertex -2 -33 -28.9476
    endloop
  endfacet
  facet normal 0 -1 0
    outer loop
      vertex -8.1 -33 -28.0816
      vertex -5.8 -33 -27.2156
      vertex -8.6 -33 -27.2156
    endloop
  endfacet
  facet normal 0 -1 0
    outer loop
      vertex -8.1 -33 -28.0816
      vertex -6.3 -33 -28.0816
      vertex -5.8 -33 -27.2156
    endloop
  endfacet
  facet normal 0 -1 0
    outer loop
      vertex -8.6 -33 -28.9476
      vertex -6.3 -33 -28.0816
      vertex -8.1 -33 -28.0816
    endloop
  endfacet
  facet normal 0 -1 -0
    outer loop
      vertex -6.3 -33 -28.0816
      vertex -8.6 -33 -28.9476
      vertex -5.8 -33 -28.9476
    endloop
  endfacet
  facet normal 0 -1 0
    outer loop
      vertex -11.9 -33 -28.0816
      vertex -9.6 -33 -27.2156
      vertex -12.4 -33 -27.2156
    endloop
  endfacet
  facet normal 0 -1 0
    outer loop
      vertex -11.9 -33 -28.0816
      vertex -10.1 -33 -28.0816
      vertex -9.6 -33 -27.2156
    endloop
  endfacet
  facet normal 0 -1 0
    outer loop
      vertex -12.4 -33 -28.9476
      vertex -10.1 -33 -28.0816
      vertex -11.9 -33 -28.0816
    endloop
  endfacet
  facet normal 0 -1 -0
    outer loop
      vertex -10.1 -33 -28.0816
      vertex -12.4 -33 -28.9476
      vertex -9.6 -33 -28.9476
    endloop
  endfacet
  facet normal 0 -1 0
    outer loop
      vertex -15.7 -33 -28.0816
      vertex -13.4 -33 -27.2156
      vertex -16.2 -33 -27.2156
    endloop
  endfacet
  facet normal 0 -1 0
    outer loop
      vertex -15.7 -33 -28.0816
      vertex -13.9 -33 -28.0816
      vertex -13.4 -33 -27.2156
    endloop
  endfacet
  facet normal 0 -1 0
    outer loop
      vertex -16.2 -33 -28.9476
      vertex -13.9 -33 -28.0816
      vertex -15.7 -33 -28.0816
    endloop
  endfacet
  facet normal 0 -1 -0
    outer loop
      vertex -13.9 -33 -28.0816
      vertex -16.2 -33 -28.9476
      vertex -13.4 -33 -28.9476
    endloop
  endfacet
  facet normal 0 -1 0
    outer loop
      vertex -19.5 -33 -28.0816
      vertex -17.2 -33 -27.2156
      vertex -20 -33 -27.2156
    endloop
  endfacet
  facet normal 0 -1 0
    outer loop
      vertex -19.5 -33 -28.0816
      vertex -17.7 -33 -28.0816
      vertex -17.2 -33 -27.2156
    endloop
  endfacet
  facet normal 0 -1 0
    outer loop
      vertex -20 -33 -28.9476
      vertex -17.7 -33 -28.0816
      vertex -19.5 -33 -28.0816
    endloop
  endfacet
  facet normal 0 -1 -0
    outer loop
      vertex -17.7 -33 -28.0816
      vertex -20 -33 -28.9476
      vertex -17.2 -33 -28.9476
    endloop
  endfacet
  facet normal 0 -1 0
    outer loop
      vertex -23.3 -33 -28.0816
      vertex -21 -33 -27.2156
      vertex -23.8 -33 -27.2156
    endloop
  endfacet
  facet normal 0 -1 0
    outer loop
      vertex -23.3 -33 -28.0816
      vertex -21.5 -33 -28.0816
      vertex -21 -33 -27.2156
    endloop
  endfacet
  facet normal 0 -1 0
    outer loop
      vertex -23.8 -33 -28.9476
      vertex -21.5 -33 -28.0816
      vertex -23.3 -33 -28.0816
    endloop
  endfacet
  facet normal 0 -1 -0
    outer loop
      vertex -21.5 -33 -28.0816
      vertex -23.8 -33 -28.9476
      vertex -21 -33 -28.9476
    endloop
  endfacet
  facet normal 0 -1 0
    outer loop
      vertex -12 -33 -24.7908
      vertex -12.3707 -33 -22.8737
      vertex -13.8 -33 -24.7908
    endloop
  endfacet
  facet normal 0 -1 0
    outer loop
      vertex -12.3707 -33 -22.8737
      vertex -12 -33 -24.7908
      vertex -11.5 -33 -23.9248
    endloop
  endfacet
  facet normal 0 -1 0
    outer loop
      vertex -14.3 -33 -25.6568
      vertex -12 -33 -24.7908
      vertex -13.8 -33 -24.7908
    endloop
  endfacet
  facet normal 0 -1 -0
    outer loop
      vertex -12 -33 -24.7908
      vertex -14.3 -33 -25.6568
      vertex -11.5 -33 -25.6568
    endloop
  endfacet
  facet normal 0 -1 0
    outer loop
      vertex -17.6 -33 -24.7908
      vertex -15.3 -33 -23.9248
      vertex -18.1 -33 -23.9248
    endloop
  endfacet
  facet normal 0 -1 0
    outer loop
      vertex -17.6 -33 -24.7908
      vertex -15.8 -33 -24.7908
      vertex -15.3 -33 -23.9248
    endloop
  endfacet
  facet normal 0 -1 0
    outer loop
      vertex -18.1 -33 -25.6568
      vertex -15.8 -33 -24.7908
      vertex -17.6 -33 -24.7908
    endloop
  endfacet
  facet normal 0 -1 -0
    outer loop
      vertex -15.8 -33 -24.7908
      vertex -18.1 -33 -25.6568
      vertex -15.3 -33 -25.6568
    endloop
  endfacet
  facet normal 0 -1 0
    outer loop
      vertex -21.4 -33 -24.7908
      vertex -19.1 -33 -23.9248
      vertex -21.9 -33 -23.9248
    endloop
  endfacet
  facet normal 0 -1 0
    outer loop
      vertex -21.4 -33 -24.7908
      vertex -19.6 -33 -24.7908
      vertex -19.1 -33 -23.9248
    endloop
  endfacet
  facet normal 0 -1 0
    outer loop
      vertex -21.9 -33 -25.6568
      vertex -19.6 -33 -24.7908
      vertex -21.4 -33 -24.7908
    endloop
  endfacet
  facet normal 0 -1 -0
    outer loop
      vertex -19.6 -33 -24.7908
      vertex -21.9 -33 -25.6568
      vertex -19.1 -33 -25.6568
    endloop
  endfacet
  facet normal 0 -1 0
    outer loop
      vertex -19.5 -33 -21.5
      vertex -17.2 -33 -20.634
      vertex -20 -33 -20.634
    endloop
  endfacet
  facet normal 0 -1 0
    outer loop
      vertex -19.5 -33 -21.5
      vertex -17.7 -33 -21.5
      vertex -17.2 -33 -20.634
    endloop
  endfacet
  facet normal 0 -1 0
    outer loop
      vertex -20 -33 -22.366
      vertex -17.7 -33 -21.5
      vertex -19.5 -33 -21.5
    endloop
  endfacet
  facet normal 0 -1 -0
    outer loop
      vertex -17.7 -33 -21.5
      vertex -20 -33 -22.366
      vertex -17.2 -33 -22.366
    endloop
  endfacet
  facet normal 0 -1 0
    outer loop
      vertex -23.3 -33 -21.5
      vertex -21 -33 -20.634
      vertex -23.8 -33 -20.634
    endloop
  endfacet
  facet normal 0 -1 0
    outer loop
      vertex -23.3 -33 -21.5
      vertex -21.5 -33 -21.5
      vertex -21 -33 -20.634
    endloop
  endfacet
  facet normal 0 -1 0
    outer loop
      vertex -23.8 -33 -22.366
      vertex -21.5 -33 -21.5
      vertex -23.3 -33 -21.5
    endloop
  endfacet
  facet normal 0 -1 -0
    outer loop
      vertex -21.5 -33 -21.5
      vertex -23.8 -33 -22.366
      vertex -21 -33 -22.366
    endloop
  endfacet
  facet normal 0 -1 0
    outer loop
      vertex -21.4 -33 -18.2092
      vertex -19.1 -33 -17.3432
      vertex -21.9 -33 -17.3432
    endloop
  endfacet
  facet normal 0 -1 0
    outer loop
      vertex -21.4 -33 -18.2092
      vertex -19.6 -33 -18.2092
      vertex -19.1 -33 -17.3432
    endloop
  endfacet
  facet normal 0 -1 0
    outer loop
      vertex -21.9 -33 -19.0752
      vertex -19.6 -33 -18.2092
      vertex -21.4 -33 -18.2092
    endloop
  endfacet
  facet normal 0 -1 -0
    outer loop
      vertex -19.6 -33 -18.2092
      vertex -21.9 -33 -19.0752
      vertex -19.1 -33 -19.0752
    endloop
  endfacet
  facet normal 0 -1 0
    outer loop
      vertex -23.3 -33 -14.9184
      vertex -21 -33 -14.0524
      vertex -23.8 -33 -14.0524
    endloop
  endfacet
  facet normal 0 -1 0
    outer loop
      vertex -23.3 -33 -14.9184
      vertex -21.5 -33 -14.9184
      vertex -21 -33 -14.0524
    endloop
  endfacet
  facet normal 0 -1 0
    outer loop
      vertex -23.8 -33 -15.7844
      vertex -21.5 -33 -14.9184
      vertex -23.3 -33 -14.9184
    endloop
  endfacet
  facet normal 0 -1 -0
    outer loop
      vertex -21.5 -33 -14.9184
      vertex -23.8 -33 -15.7844
      vertex -21 -33 -15.7844
    endloop
  endfacet
  facet normal 0 -1 -0
    outer loop
      vertex -4.75 -33 22.75
      vertex -15 -33 19.7
      vertex -4.75 -33 19.7
    endloop
  endfacet
  facet normal 0 -1 -0
    outer loop
      vertex -19.4061 -33 -9.71133
      vertex -21 -33 -14.0524
      vertex -19.1253 -33 -11.6043
    endloop
  endfacet
  facet normal 0 -1 0
    outer loop
      vertex -20 -33 -14.0524
      vertex -19.1253 -33 -11.6043
      vertex -21 -33 -14.0524
    endloop
  endfacet
  facet normal 0 -1 -0
    outer loop
      vertex -19.1253 -33 -11.6043
      vertex -20 -33 -14.0524
      vertex -18.6603 -33 -13.4606
    endloop
  endfacet
  facet normal 0 -1 0
    outer loop
      vertex -19.5 -33 -14.9184
      vertex -18.6603 -33 -13.4606
      vertex -20 -33 -14.0524
    endloop
  endfacet
  facet normal 0 -1 0
    outer loop
      vertex -19.5 -33 -14.9184
      vertex -18.0157 -33 -15.2623
      vertex -18.6603 -33 -13.4606
    endloop
  endfacet
  facet normal 0 -1 0
    outer loop
      vertex -20 -33 -15.7844
      vertex -18.0157 -33 -15.2623
      vertex -19.5 -33 -14.9184
    endloop
  endfacet
  facet normal 0 -1 0
    outer loop
      vertex -19.1 -33 -17.3432
      vertex -18.0157 -33 -15.2623
      vertex -20 -33 -15.7844
    endloop
  endfacet
  facet normal 0 -1 0
    outer loop
      vertex -19.1 -33 -17.3432
      vertex -20 -33 -15.7844
      vertex -21.9 -33 -17.3432
    endloop
  endfacet
  facet normal 0 -1 0
    outer loop
      vertex -18.0157 -33 -15.2623
      vertex -19.1 -33 -17.3432
      vertex -18.1 -33 -17.3432
    endloop
  endfacet
  facet normal 0 -1 -0
    outer loop
      vertex -18.0157 -33 -15.2623
      vertex -18.1 -33 -17.3432
      vertex -17.1975 -33 -16.9922
    endloop
  endfacet
  facet normal 0 -1 0
    outer loop
      vertex -17.6 -33 -18.2092
      vertex -17.1975 -33 -16.9922
      vertex -18.1 -33 -17.3432
    endloop
  endfacet
  facet normal 0 -1 0
    outer loop
      vertex -17.6 -33 -18.2092
      vertex -16.2137 -33 -18.6336
      vertex -17.1975 -33 -16.9922
    endloop
  endfacet
  facet normal 0 -1 0
    outer loop
      vertex -18.1 -33 -19.0752
      vertex -16.2137 -33 -18.6336
      vertex -17.6 -33 -18.2092
    endloop
  endfacet
  facet normal 0 -1 -0
    outer loop
      vertex -16.2137 -33 -18.6336
      vertex -18.1 -33 -19.0752
      vertex -15.0737 -33 -20.1707
    endloop
  endfacet
  facet normal 0 -1 0
    outer loop
      vertex -21.9 -33 -19.0752
      vertex -21 -33 -20.634
      vertex -19.1 -33 -19.0752
    endloop
  endfacet
  facet normal 0 -1 0
    outer loop
      vertex -20 -33 -20.634
      vertex -19.1 -33 -19.0752
      vertex -21 -33 -20.634
    endloop
  endfacet
  facet normal 0 -1 0
    outer loop
      vertex -17.2 -33 -20.634
      vertex -19.1 -33 -19.0752
      vertex -20 -33 -20.634
    endloop
  endfacet
  facet normal 0 -1 0
    outer loop
      vertex -16.2 -33 -20.634
      vertex -19.1 -33 -19.0752
      vertex -17.2 -33 -20.634
    endloop
  endfacet
  facet normal 0 -1 0
    outer loop
      vertex -19.1 -33 -19.0752
      vertex -16.2 -33 -20.634
      vertex -15.0737 -33 -20.1707
    endloop
  endfacet
  facet normal 0 -1 0
    outer loop
      vertex -15.7 -33 -21.5
      vertex -15.0737 -33 -20.1707
      vertex -16.2 -33 -20.634
    endloop
  endfacet
  facet normal 0 -1 0
    outer loop
      vertex -13.9 -33 -21.5
      vertex -15.0737 -33 -20.1707
      vertex -15.7 -33 -21.5
    endloop
  endfacet
  facet normal 0 -1 0
    outer loop
      vertex -15.0737 -33 -20.1707
      vertex -13.9 -33 -21.5
      vertex -13.8879 -33 -21.479
    endloop
  endfacet
  facet normal 0 -1 0
    outer loop
      vertex -16.2 -33 -22.366
      vertex -13.9 -33 -21.5
      vertex -15.7 -33 -21.5
    endloop
  endfacet
  facet normal 0 -1 -0
    outer loop
      vertex -13.9 -33 -21.5
      vertex -16.2 -33 -22.366
      vertex -13.4 -33 -22.366
    endloop
  endfacet
  facet normal 0 -1 0
    outer loop
      vertex -18.1 -33 -23.9248
      vertex -17.2 -33 -22.366
      vertex -19.1 -33 -23.9248
    endloop
  endfacet
  facet normal 0 -1 -0
    outer loop
      vertex -17.2 -33 -22.366
      vertex -18.1 -33 -23.9248
      vertex -16.2 -33 -22.366
    endloop
  endfacet
  facet normal 0 -1 0
    outer loop
      vertex -15.3 -33 -23.9248
      vertex -16.2 -33 -22.366
      vertex -18.1 -33 -23.9248
    endloop
  endfacet
  facet normal 0 -1 0
    outer loop
      vertex -14.3 -33 -23.9248
      vertex -16.2 -33 -22.366
      vertex -15.3 -33 -23.9248
    endloop
  endfacet
  facet normal 0 -1 0
    outer loop
      vertex -16.2 -33 -22.366
      vertex -14.3 -33 -23.9248
      vertex -12.3707 -33 -22.8737
    endloop
  endfacet
  facet normal 0 -1 0
    outer loop
      vertex -13.8 -33 -24.7908
      vertex -12.3707 -33 -22.8737
      vertex -14.3 -33 -23.9248
    endloop
  endfacet
  facet normal 0 -1 0
    outer loop
      vertex -12.3707 -33 -22.8737
      vertex -11.5 -33 -23.9248
      vertex -10.9535 -33 -23.9248
    endloop
  endfacet
  facet normal 0 -1 0
    outer loop
      vertex -10 -33 -24.7908
      vertex -9.19224 -33 -24.9975
      vertex -10.245 -33 -24.3665
    endloop
  endfacet
  facet normal 0 -1 0
    outer loop
      vertex -10.5 -33 -25.6568
      vertex -9.19224 -33 -24.9975
      vertex -10 -33 -24.7908
    endloop
  endfacet
  facet normal 0 -1 -0
    outer loop
      vertex -9.19224 -33 -24.9975
      vertex -10.5 -33 -25.6568
      vertex -7.46233 -33 -25.8157
    endloop
  endfacet
  facet normal 0 -1 -0
    outer loop
      vertex -15.3 -33 -25.6568
      vertex -16.2 -33 -27.2156
      vertex -14.3 -33 -25.6568
    endloop
  endfacet
  facet normal 0 -1 0
    outer loop
      vertex -13.4 -33 -27.2156
      vertex -14.3 -33 -25.6568
      vertex -16.2 -33 -27.2156
    endloop
  endfacet
  facet normal 0 -1 0
    outer loop
      vertex -14.3 -33 -25.6568
      vertex -13.4 -33 -27.2156
      vertex -11.5 -33 -25.6568
    endloop
  endfacet
  facet normal 0 -1 0
    outer loop
      vertex -12.4 -33 -27.2156
      vertex -11.5 -33 -25.6568
      vertex -13.4 -33 -27.2156
    endloop
  endfacet
  facet normal 0 -1 0
    outer loop
      vertex -9.6 -33 -27.2156
      vertex -11.5 -33 -25.6568
      vertex -12.4 -33 -27.2156
    endloop
  endfacet
  facet normal 0 -1 0
    outer loop
      vertex -8.6 -33 -27.2156
      vertex -11.5 -33 -25.6568
      vertex -9.6 -33 -27.2156
    endloop
  endfacet
  facet normal 0 -1 0
    outer loop
      vertex -11.5 -33 -25.6568
      vertex -8.6 -33 -27.2156
      vertex -5.66055 -33 -26.4603
    endloop
  endfacet
  facet normal 0 -1 0
    outer loop
      vertex -5.8 -33 -27.2156
      vertex -5.66055 -33 -26.4603
      vertex -8.6 -33 -27.2156
    endloop
  endfacet
  facet normal 0 -1 0
    outer loop
      vertex -4.8 -33 -27.2156
      vertex -5.66055 -33 -26.4603
      vertex -5.8 -33 -27.2156
    endloop
  endfacet
  facet normal 0 -1 0
    outer loop
      vertex -5.66055 -33 -26.4603
      vertex -4.8 -33 -27.2156
      vertex -3.80426 -33 -26.9253
    endloop
  endfacet
  facet normal 0 -1 0
    outer loop
      vertex -4.3 -33 -28.0816
      vertex -3.80426 -33 -26.9253
      vertex -4.8 -33 -27.2156
    endloop
  endfacet
  facet normal 0 -1 0
    outer loop
      vertex -3.80426 -33 -26.9253
      vertex -2 -33 -27.2156
      vertex -1.91133 -33 -27.2061
    endloop
  endfacet
  facet normal 0 -1 -0
    outer loop
      vertex -1.91133 -33 -27.2061
      vertex -2 -33 -27.2156
      vertex -1.71851 -33 -27.2156
    endloop
  endfacet
  facet normal 0 -1 0
    outer loop
      vertex 7.41178 -33 24.3957
      vertex 38 -33 32.5
      vertex -38 -33 32.5
    endloop
  endfacet
  facet normal 0 -1 0
    outer loop
      vertex 38 -33 32.5
      vertex 7.41178 -33 24.3957
      vertex 7.5 -33 24.4
    endloop
  endfacet
  facet normal 0 -1 0
    outer loop
      vertex -38 -33 32.5
      vertex 7.32442 -33 24.3827
      vertex 7.41178 -33 24.3957
    endloop
  endfacet
  facet normal 0 -1 0
    outer loop
      vertex -38 -33 32.5
      vertex 7.23874 -33 24.3612
      vertex 7.32442 -33 24.3827
    endloop
  endfacet
  facet normal 0 -1 0
    outer loop
      vertex -4.75 -33 22.75
      vertex 7.23874 -33 24.3612
      vertex -38 -33 32.5
    endloop
  endfacet
  facet normal 0 -1 0
    outer loop
      vertex 7.23874 -33 24.3612
      vertex -4.75 -33 22.75
      vertex 7.15558 -33 24.3315
    endloop
  endfacet
  facet normal 0 -1 0
    outer loop
      vertex 7.15558 -33 24.3315
      vertex -4.75 -33 22.75
      vertex 7.07574 -33 24.2937
    endloop
  endfacet
  facet normal 0 -1 0
    outer loop
      vertex 7.07574 -33 24.2937
      vertex -4.75 -33 22.75
      vertex 6.99999 -33 24.2483
    endloop
  endfacet
  facet normal 0 -1 0
    outer loop
      vertex 6.99999 -33 24.2483
      vertex -4.75 -33 22.75
      vertex 6.92905 -33 24.1957
    endloop
  endfacet
  facet normal 0 -1 0
    outer loop
      vertex 4.75 -33 22.75
      vertex 6.92905 -33 24.1957
      vertex -4.75 -33 22.75
    endloop
  endfacet
  facet normal 0 -1 0
    outer loop
      vertex 6.92905 -33 24.1957
      vertex 4.75 -33 22.75
      vertex 6.8636 -33 24.1364
    endloop
  endfacet
  facet normal 0 -1 0
    outer loop
      vertex 6.8636 -33 24.1364
      vertex 4.75 -33 22.75
      vertex 6.80429 -33 24.071
    endloop
  endfacet
  facet normal 0 -1 0
    outer loop
      vertex 6.80429 -33 24.071
      vertex 4.75 -33 22.75
      vertex 6.75168 -33 24
    endloop
  endfacet
  facet normal 0 -1 0
    outer loop
      vertex 6.75168 -33 24
      vertex 4.75 -33 22.75
      vertex 6.70627 -33 23.9243
    endloop
  endfacet
  facet normal 0 -1 0
    outer loop
      vertex 6.70627 -33 23.9243
      vertex 4.75 -33 22.75
      vertex 6.66851 -33 23.8444
    endloop
  endfacet
  facet normal 0 -1 0
    outer loop
      vertex 6.66851 -33 23.8444
      vertex 4.75 -33 22.75
      vertex 6.63875 -33 23.7613
    endloop
  endfacet
  facet normal 0 -1 0
    outer loop
      vertex 6.63875 -33 23.7613
      vertex 4.75 -33 22.75
      vertex 6.61729 -33 23.6756
    endloop
  endfacet
  facet normal 0 -1 0
    outer loop
      vertex 6.61729 -33 23.6756
      vertex 4.75 -33 22.75
      vertex 6.60433 -33 23.5882
    endloop
  endfacet
  facet normal 0 -1 0
    outer loop
      vertex 6.60433 -33 23.5882
      vertex 4.75 -33 22.75
      vertex 6.6 -33 23.5
    endloop
  endfacet
  facet normal 0 -1 -0
    outer loop
      vertex 6.6 -33 23.5
      vertex 4.75 -33 22.75
      vertex 6.60433 -33 23.4118
    endloop
  endfacet
  facet normal 0 -1 -0
    outer loop
      vertex 6.60433 -33 23.4118
      vertex 4.75 -33 22.75
      vertex 6.61729 -33 23.3244
    endloop
  endfacet
  facet normal 0 -1 -0
    outer loop
      vertex 6.61729 -33 23.3244
      vertex 4.75 -33 22.75
      vertex 6.63875 -33 23.2387
    endloop
  endfacet
  facet normal 0 -1 -0
    outer loop
      vertex 6.63875 -33 23.2387
      vertex 4.75 -33 22.75
      vertex 6.66851 -33 23.1556
    endloop
  endfacet
  facet normal 0 -1 -0
    outer loop
      vertex 6.66851 -33 23.1556
      vertex 4.75 -33 22.75
      vertex 6.70627 -33 23.0757
    endloop
  endfacet
  facet normal 0 -1 -0
    outer loop
      vertex 6.70627 -33 23.0757
      vertex 4.75 -33 22.75
      vertex 6.75168 -33 23
    endloop
  endfacet
  facet normal 0 -1 -0
    outer loop
      vertex 6.80429 -33 22.929
      vertex 4.75 -33 22.75
      vertex 6.8636 -33 22.8636
    endloop
  endfacet
  facet normal 0 -1 -0
    outer loop
      vertex 6.8636 -33 22.8636
      vertex 4.75 -33 22.75
      vertex 6.92905 -33 22.8043
    endloop
  endfacet
  facet normal 0 -1 -0
    outer loop
      vertex 6.75168 -33 23
      vertex 4.75 -33 22.75
      vertex 6.80429 -33 22.929
    endloop
  endfacet
  facet normal 0 -1 0
    outer loop
      vertex -38 -33 32.5
      vertex -15 -33 19.7
      vertex -4.75 -33 22.75
    endloop
  endfacet
  facet normal 0 -1 0
    outer loop
      vertex -38 -33 32.5
      vertex -15 -33 17.7
      vertex -15 -33 19.7
    endloop
  endfacet
  facet normal 0 -1 0
    outer loop
      vertex -15 -33 17.7
      vertex 0 -33 11.7
      vertex 15 -33 17.7
    endloop
  endfacet
  facet normal 0 -1 0
    outer loop
      vertex -15 -33 17.7
      vertex -1.91133 -33 11.6061
      vertex 0 -33 11.7
    endloop
  endfacet
  facet normal 0 -1 0
    outer loop
      vertex -15 -33 17.7
      vertex -3.80426 -33 11.3253
      vertex -1.91133 -33 11.6061
    endloop
  endfacet
  facet normal 0 -1 0
    outer loop
      vertex -15 -33 17.7
      vertex -5.66055 -33 10.8603
      vertex -3.80426 -33 11.3253
    endloop
  endfacet
  facet normal 0 -1 0
    outer loop
      vertex -17.1975 -33 1.39224
      vertex -15 -33 17.7
      vertex -38 -33 32.5
    endloop
  endfacet
  facet normal 0 -1 0
    outer loop
      vertex -15 -33 17.7
      vertex -7.46233 -33 10.2157
      vertex -5.66055 -33 10.8603
    endloop
  endfacet
  facet normal 0 -1 0
    outer loop
      vertex -15 -33 17.7
      vertex -9.19224 -33 9.39746
      vertex -7.46233 -33 10.2157
    endloop
  endfacet
  facet normal 0 -1 0
    outer loop
      vertex -15 -33 17.7
      vertex -10.8336 -33 8.41366
      vertex -9.19224 -33 9.39746
    endloop
  endfacet
  facet normal 0 -1 0
    outer loop
      vertex -15 -33 17.7
      vertex -12.3707 -33 7.2737
      vertex -10.8336 -33 8.41366
    endloop
  endfacet
  facet normal 0 -1 0
    outer loop
      vertex -15 -33 17.7
      vertex -13.7886 -33 5.98858
      vertex -12.3707 -33 7.2737
    endloop
  endfacet
  facet normal 0 -1 -0
    outer loop
      vertex -15 -33 17.7
      vertex -15.0737 -33 4.57067
      vertex -13.7886 -33 5.98858
    endloop
  endfacet
  facet normal 0 -1 0
    outer loop
      vertex -15 -33 17.7
      vertex -16.2137 -33 3.03362
      vertex -15.0737 -33 4.57067
    endloop
  endfacet
  facet normal 0 -1 0
    outer loop
      vertex -15 -33 17.7
      vertex -17.1975 -33 1.39224
      vertex -16.2137 -33 3.03362
    endloop
  endfacet
  facet normal 0 -1 0
    outer loop
      vertex -38 -33 32.5
      vertex -18.0157 -33 -0.337672
      vertex -17.1975 -33 1.39224
    endloop
  endfacet
  facet normal 0 -1 0
    outer loop
      vertex -38 -33 32.5
      vertex -18.6603 -33 -2.13945
      vertex -18.0157 -33 -0.337672
    endloop
  endfacet
  facet normal 0 -1 0
    outer loop
      vertex -24.8 -33 -14.0524
      vertex -18.6603 -33 -2.13945
      vertex -38 -33 32.5
    endloop
  endfacet
  facet normal 0 -1 0
    outer loop
      vertex -18.6603 -33 -2.13945
      vertex -24.8 -33 -14.0524
      vertex -19.1253 -33 -3.99574
    endloop
  endfacet
  facet normal 0 -1 0
    outer loop
      vertex -19.1253 -33 -3.99574
      vertex -24.8 -33 -14.0524
      vertex -19.4061 -33 -5.88867
    endloop
  endfacet
  facet normal 0 -1 0
    outer loop
      vertex -19.4061 -33 -5.88867
      vertex -24.8 -33 -14.0524
      vertex -19.5 -33 -7.8
    endloop
  endfacet
  facet normal 0 -1 -0
    outer loop
      vertex -19.5 -33 -7.8
      vertex -24.8 -33 -14.0524
      vertex -19.4061 -33 -9.71133
    endloop
  endfacet
  facet normal 0 -1 0
    outer loop
      vertex -23.8 -33 -14.0524
      vertex -19.4061 -33 -9.71133
      vertex -24.8 -33 -14.0524
    endloop
  endfacet
  facet normal 0 -1 0
    outer loop
      vertex -21 -33 -14.0524
      vertex -19.4061 -33 -9.71133
      vertex -23.8 -33 -14.0524
    endloop
  endfacet
  facet normal 0 -1 0
    outer loop
      vertex -38 -33 32.5
      vertex -25.3 -33 -14.9184
      vertex -24.8 -33 -14.0524
    endloop
  endfacet
  facet normal 0 -1 0
    outer loop
      vertex -22.9 -33 -17.3432
      vertex -23.8 -33 -15.7844
      vertex -24.8 -33 -15.7844
    endloop
  endfacet
  facet normal 0 -1 0
    outer loop
      vertex -23.8 -33 -15.7844
      vertex -22.9 -33 -17.3432
      vertex -21 -33 -15.7844
    endloop
  endfacet
  facet normal 0 -1 0
    outer loop
      vertex -21.9 -33 -17.3432
      vertex -21 -33 -15.7844
      vertex -22.9 -33 -17.3432
    endloop
  endfacet
  facet normal 0 -1 -0
    outer loop
      vertex -21 -33 -15.7844
      vertex -21.9 -33 -17.3432
      vertex -20 -33 -15.7844
    endloop
  endfacet
  facet normal 0 -1 0
    outer loop
      vertex -24.8 -33 -15.7844
      vertex -23.4 -33 -18.2092
      vertex -22.9 -33 -17.3432
    endloop
  endfacet
  facet normal 0 -1 0
    outer loop
      vertex -24.8 -33 -20.634
      vertex -23.4 -33 -18.2092
      vertex -24.8 -33 -15.7844
    endloop
  endfacet
  facet normal 0 -1 0
    outer loop
      vertex -23.8 -33 -20.634
      vertex -22.9 -33 -19.0752
      vertex -24.8 -33 -20.634
    endloop
  endfacet
  facet normal 0 -1 -0
    outer loop
      vertex -22.9 -33 -19.0752
      vertex -23.8 -33 -20.634
      vertex -21.9 -33 -19.0752
    endloop
  endfacet
  facet normal 0 -1 0
    outer loop
      vertex -21 -33 -20.634
      vertex -21.9 -33 -19.0752
      vertex -23.8 -33 -20.634
    endloop
  endfacet
  facet normal 0 -1 0
    outer loop
      vertex -19.1 -33 -19.0752
      vertex -15.0737 -33 -20.1707
      vertex -18.1 -33 -19.0752
    endloop
  endfacet
  facet normal 0 -1 -0
    outer loop
      vertex -23.4 -33 -18.2092
      vertex -24.8 -33 -20.634
      vertex -22.9 -33 -19.0752
    endloop
  endfacet
  facet normal 0 -1 0
    outer loop
      vertex -25.3 -33 -14.9184
      vertex -24.8 -33 -20.634
      vertex -24.8 -33 -15.7844
    endloop
  endfacet
  facet normal 0 -1 0
    outer loop
      vertex -38 -33 -32.5
      vertex -25.3 -33 -14.9184
      vertex -38 -33 32.5
    endloop
  endfacet
  facet normal -0 -1 0
    outer loop
      vertex -25.3 -33 -21.5
      vertex -25.3 -33 -14.9184
      vertex -38 -33 -32.5
    endloop
  endfacet
  facet normal 0 -1 0
    outer loop
      vertex -22.9 -33 -23.9248
      vertex -23.8 -33 -22.366
      vertex -24.8 -33 -22.366
    endloop
  endfacet
  facet normal 0 -1 0
    outer loop
      vertex -23.8 -33 -22.366
      vertex -22.9 -33 -23.9248
      vertex -21 -33 -22.366
    endloop
  endfacet
  facet normal 0 -1 0
    outer loop
      vertex -21.9 -33 -23.9248
      vertex -21 -33 -22.366
      vertex -22.9 -33 -23.9248
    endloop
  endfacet
  facet normal 0 -1 -0
    outer loop
      vertex -21 -33 -22.366
      vertex -21.9 -33 -23.9248
      vertex -20 -33 -22.366
    endloop
  endfacet
  facet normal 0 -1 0
    outer loop
      vertex -19.1 -33 -23.9248
      vertex -20 -33 -22.366
      vertex -21.9 -33 -23.9248
    endloop
  endfacet
  facet normal 0 -1 0
    outer loop
      vertex -20 -33 -22.366
      vertex -19.1 -33 -23.9248
      vertex -17.2 -33 -22.366
    endloop
  endfacet
  facet normal 0 -1 0
    outer loop
      vertex -16.2 -33 -22.366
      vertex -12.3707 -33 -22.8737
      vertex -13.4 -33 -22.366
    endloop
  endfacet
  facet normal 0 -1 0
    outer loop
      vertex -13.4 -33 -22.366
      vertex -12.3707 -33 -22.8737
      vertex -12.9308 -33 -22.366
    endloop
  endfacet
  facet normal 0 -1 0
    outer loop
      vertex -24.8 -33 -22.366
      vertex -23.4 -33 -24.7908
      vertex -22.9 -33 -23.9248
    endloop
  endfacet
  facet normal 0 -1 0
    outer loop
      vertex -24.8 -33 -27.2156
      vertex -23.4 -33 -24.7908
      vertex -24.8 -33 -22.366
    endloop
  endfacet
  facet normal 0 -1 0
    outer loop
      vertex -23.8 -33 -27.2156
      vertex -22.9 -33 -25.6568
      vertex -24.8 -33 -27.2156
    endloop
  endfacet
  facet normal 0 -1 -0
    outer loop
      vertex -22.9 -33 -25.6568
      vertex -23.8 -33 -27.2156
      vertex -21.9 -33 -25.6568
    endloop
  endfacet
  facet normal 0 -1 0
    outer loop
      vertex -21 -33 -27.2156
      vertex -21.9 -33 -25.6568
      vertex -23.8 -33 -27.2156
    endloop
  endfacet
  facet normal 0 -1 0
    outer loop
      vertex -21.9 -33 -25.6568
      vertex -21 -33 -27.2156
      vertex -19.1 -33 -25.6568
    endloop
  endfacet
  facet normal 0 -1 0
    outer loop
      vertex -20 -33 -27.2156
      vertex -19.1 -33 -25.6568
      vertex -21 -33 -27.2156
    endloop
  endfacet
  facet normal 0 -1 -0
    outer loop
      vertex -19.1 -33 -25.6568
      vertex -20 -33 -27.2156
      vertex -18.1 -33 -25.6568
    endloop
  endfacet
  facet normal 0 -1 0
    outer loop
      vertex -18.1 -33 -25.6568
      vertex -17.2 -33 -27.2156
      vertex -15.3 -33 -25.6568
    endloop
  endfacet
  facet normal 0 -1 0
    outer loop
      vertex -11.5 -33 -25.6568
      vertex -5.66055 -33 -26.4603
      vertex -10.5 -33 -25.6568
    endloop
  endfacet
  facet normal 0 -1 0
    outer loop
      vertex -10.5 -33 -25.6568
      vertex -5.66055 -33 -26.4603
      vertex -7.46233 -33 -25.8157
    endloop
  endfacet
  facet normal 0 -1 0
    outer loop
      vertex -16.2 -33 -27.2156
      vertex -15.3 -33 -25.6568
      vertex -17.2 -33 -27.2156
    endloop
  endfacet
  facet normal 0 -1 0
    outer loop
      vertex -17.2 -33 -27.2156
      vertex -18.1 -33 -25.6568
      vertex -20 -33 -27.2156
    endloop
  endfacet
  facet normal 0 -1 -0
    outer loop
      vertex -23.4 -33 -24.7908
      vertex -24.8 -33 -27.2156
      vertex -22.9 -33 -25.6568
    endloop
  endfacet
  facet normal 0 -1 0
    outer loop
      vertex -25.3 -33 -21.5
      vertex -24.8 -33 -27.2156
      vertex -24.8 -33 -22.366
    endloop
  endfacet
  facet normal 0 -1 0
    outer loop
      vertex -25.3 -33 -14.9184
      vertex -25.3 -33 -21.5
      vertex -24.8 -33 -20.634
    endloop
  endfacet
  facet normal -0 -1 0
    outer loop
      vertex -25.3 -33 -28.0816
      vertex -25.3 -33 -21.5
      vertex -38 -33 -32.5
    endloop
  endfacet
  facet normal 0 -1 0
    outer loop
      vertex -38 -33 -32.5
      vertex -23.8 -33 -28.9476
      vertex -24.8 -33 -28.9476
    endloop
  endfacet
  facet normal 0 -1 -0
    outer loop
      vertex -23.8 -33 -28.9476
      vertex -38 -33 -32.5
      vertex -21 -33 -28.9476
    endloop
  endfacet
  facet normal 0 -1 -0
    outer loop
      vertex -21 -33 -28.9476
      vertex -38 -33 -32.5
      vertex -20 -33 -28.9476
    endloop
  endfacet
  facet normal 0 -1 -0
    outer loop
      vertex -20 -33 -28.9476
      vertex -38 -33 -32.5
      vertex -17.2 -33 -28.9476
    endloop
  endfacet
  facet normal 0 -1 -0
    outer loop
      vertex -17.2 -33 -28.9476
      vertex -38 -33 -32.5
      vertex -16.2 -33 -28.9476
    endloop
  endfacet
  facet normal 0 -1 -0
    outer loop
      vertex -16.2 -33 -28.9476
      vertex -38 -33 -32.5
      vertex -13.4 -33 -28.9476
    endloop
  endfacet
  facet normal 0 -1 -0
    outer loop
      vertex -13.4 -33 -28.9476
      vertex -38 -33 -32.5
      vertex -12.4 -33 -28.9476
    endloop
  endfacet
  facet normal 0 -1 -0
    outer loop
      vertex -12.4 -33 -28.9476
      vertex -38 -33 -32.5
      vertex -9.6 -33 -28.9476
    endloop
  endfacet
  facet normal 0 -1 -0
    outer loop
      vertex -9.6 -33 -28.9476
      vertex -38 -33 -32.5
      vertex -8.6 -33 -28.9476
    endloop
  endfacet
  facet normal 0 -1 -0
    outer loop
      vertex -8.6 -33 -28.9476
      vertex -38 -33 -32.5
      vertex -5.8 -33 -28.9476
    endloop
  endfacet
  facet normal 0 -1 -0
    outer loop
      vertex -5.8 -33 -28.9476
      vertex -38 -33 -32.5
      vertex -4.8 -33 -28.9476
    endloop
  endfacet
  facet normal 0 -1 -0
    outer loop
      vertex -4.8 -33 -28.9476
      vertex -38 -33 -32.5
      vertex -2 -33 -28.9476
    endloop
  endfacet
  facet normal 0 -1 -0
    outer loop
      vertex -2 -33 -28.9476
      vertex -38 -33 -32.5
      vertex -1 -33 -28.9476
    endloop
  endfacet
  facet normal 0 -1 -0
    outer loop
      vertex -1 -33 -28.9476
      vertex -38 -33 -32.5
      vertex 1.8 -33 -28.9476
    endloop
  endfacet
  facet normal 0 -1 0
    outer loop
      vertex 38 -33 -32.5
      vertex 1.8 -33 -28.9476
      vertex -38 -33 -32.5
    endloop
  endfacet
  facet normal 0 -1 -0
    outer loop
      vertex -25.3 -33 -28.0816
      vertex -38 -33 -32.5
      vertex -24.8 -33 -28.9476
    endloop
  endfacet
  facet normal 0 -1 0
    outer loop
      vertex -25.3 -33 -21.5
      vertex -25.3 -33 -28.0816
      vertex -24.8 -33 -27.2156
    endloop
  endfacet
  facet normal 0 -1 0
    outer loop
      vertex 7.58821 -33 24.3957
      vertex 38 -33 32.5
      vertex 7.5 -33 24.4
    endloop
  endfacet
  facet normal 0 -1 0
    outer loop
      vertex 7.67558 -33 24.3827
      vertex 38 -33 32.5
      vertex 7.58821 -33 24.3957
    endloop
  endfacet
  facet normal 0 -1 0
    outer loop
      vertex 7.76126 -33 24.3612
      vertex 38 -33 32.5
      vertex 7.67558 -33 24.3827
    endloop
  endfacet
  facet normal 0 -1 0
    outer loop
      vertex 7.84441 -33 24.3315
      vertex 38 -33 32.5
      vertex 7.76126 -33 24.3612
    endloop
  endfacet
  facet normal 0 -1 0
    outer loop
      vertex 7.92426 -33 24.2937
      vertex 38 -33 32.5
      vertex 7.84441 -33 24.3315
    endloop
  endfacet
  facet normal 0 -1 0
    outer loop
      vertex 8.00001 -33 24.2483
      vertex 38 -33 32.5
      vertex 7.92426 -33 24.2937
    endloop
  endfacet
  facet normal 0 -1 0
    outer loop
      vertex 8.07095 -33 24.1957
      vertex 38 -33 32.5
      vertex 8.00001 -33 24.2483
    endloop
  endfacet
  facet normal 0 -1 0
    outer loop
      vertex 8.1364 -33 24.1364
      vertex 38 -33 32.5
      vertex 8.07095 -33 24.1957
    endloop
  endfacet
  facet normal 0 -1 0
    outer loop
      vertex 15 -33 19.7
      vertex 8.1364 -33 24.1364
      vertex 8.19571 -33 24.071
    endloop
  endfacet
  facet normal 0 -1 0
    outer loop
      vertex 15 -33 19.7
      vertex 8.19571 -33 24.071
      vertex 8.24832 -33 24
    endloop
  endfacet
  facet normal 0 -1 0
    outer loop
      vertex 15 -33 19.7
      vertex 8.24832 -33 24
      vertex 8.29373 -33 23.9243
    endloop
  endfacet
  facet normal 0 -1 0
    outer loop
      vertex 15 -33 19.7
      vertex 8.29373 -33 23.9243
      vertex 8.33149 -33 23.8444
    endloop
  endfacet
  facet normal 0 -1 0
    outer loop
      vertex 15 -33 19.7
      vertex 8.33149 -33 23.8444
      vertex 8.36125 -33 23.7613
    endloop
  endfacet
  facet normal 0 -1 0
    outer loop
      vertex 15 -33 19.7
      vertex 8.36125 -33 23.7613
      vertex 8.38271 -33 23.6756
    endloop
  endfacet
  facet normal 0 -1 0
    outer loop
      vertex 15 -33 19.7
      vertex 8.38271 -33 23.6756
      vertex 8.39567 -33 23.5882
    endloop
  endfacet
  facet normal 0 -1 0
    outer loop
      vertex 15 -33 19.7
      vertex 8.39567 -33 23.5882
      vertex 8.4 -33 23.5
    endloop
  endfacet
  facet normal 0 -1 0
    outer loop
      vertex 15 -33 19.7
      vertex 8.4 -33 23.5
      vertex 8.39567 -33 23.4118
    endloop
  endfacet
  facet normal 0 -1 0
    outer loop
      vertex 15 -33 19.7
      vertex 8.39567 -33 23.4118
      vertex 8.38271 -33 23.3244
    endloop
  endfacet
  facet normal 0 -1 0
    outer loop
      vertex 15 -33 19.7
      vertex 8.38271 -33 23.3244
      vertex 8.36125 -33 23.2387
    endloop
  endfacet
  facet normal 0 -1 0
    outer loop
      vertex 15 -33 19.7
      vertex 8.36125 -33 23.2387
      vertex 8.33149 -33 23.1556
    endloop
  endfacet
  facet normal 0 -1 0
    outer loop
      vertex 15 -33 19.7
      vertex 8.33149 -33 23.1556
      vertex 8.29373 -33 23.0757
    endloop
  endfacet
  facet normal 0 -1 0
    outer loop
      vertex 15 -33 19.7
      vertex 8.29373 -33 23.0757
      vertex 8.24832 -33 23
    endloop
  endfacet
  facet normal 0 -1 0
    outer loop
      vertex 15 -33 19.7
      vertex 8.24832 -33 23
      vertex 8.19571 -33 22.929
    endloop
  endfacet
  facet normal 0 -1 0
    outer loop
      vertex 15 -33 19.7
      vertex 8.19571 -33 22.929
      vertex 8.1364 -33 22.8636
    endloop
  endfacet
  facet normal 0 -1 0
    outer loop
      vertex 15 -33 19.7
      vertex 8.1364 -33 22.8636
      vertex 8.07095 -33 22.8043
    endloop
  endfacet
  facet normal 0 -1 0
    outer loop
      vertex 15 -33 19.7
      vertex 8.07095 -33 22.8043
      vertex 8.00001 -33 22.7517
    endloop
  endfacet
  facet normal 0 -1 0
    outer loop
      vertex 15 -33 19.7
      vertex 8.00001 -33 22.7517
      vertex 7.92426 -33 22.7063
    endloop
  endfacet
  facet normal 0 -1 0
    outer loop
      vertex 15 -33 19.7
      vertex 7.92426 -33 22.7063
      vertex 7.84441 -33 22.6685
    endloop
  endfacet
  facet normal 0 -1 0
    outer loop
      vertex 4.75 -33 19.7
      vertex 7.84441 -33 22.6685
      vertex 7.76126 -33 22.6388
    endloop
  endfacet
  facet normal 0 -1 0
    outer loop
      vertex 4.75 -33 19.7
      vertex 7.58821 -33 22.6043
      vertex 7.5 -33 22.6
    endloop
  endfacet
  facet normal 0 -1 0
    outer loop
      vertex 4.75 -33 19.7
      vertex 7.67558 -33 22.6173
      vertex 7.58821 -33 22.6043
    endloop
  endfacet
  facet normal 0 -1 0
    outer loop
      vertex 4.75 -33 19.7
      vertex 7.76126 -33 22.6388
      vertex 7.67558 -33 22.6173
    endloop
  endfacet
  facet normal 0 -1 -0
    outer loop
      vertex 7.84441 -33 22.6685
      vertex 4.75 -33 19.7
      vertex 15 -33 19.7
    endloop
  endfacet
  facet normal 0 -1 0
    outer loop
      vertex 8.1364 -33 24.1364
      vertex 15 -33 19.7
      vertex 38 -33 32.5
    endloop
  endfacet
  facet normal 0 -1 0
    outer loop
      vertex 15 -33 17.7
      vertex 38 -33 32.5
      vertex 15 -33 19.7
    endloop
  endfacet
  facet normal 0 -1 0
    outer loop
      vertex 1.91133 -33 11.6061
      vertex 15 -33 17.7
      vertex 0 -33 11.7
    endloop
  endfacet
  facet normal 0 -1 0
    outer loop
      vertex 3.80426 -33 11.3253
      vertex 15 -33 17.7
      vertex 1.91133 -33 11.6061
    endloop
  endfacet
  facet normal 0 -1 0
    outer loop
      vertex 5.66055 -33 10.8603
      vertex 15 -33 17.7
      vertex 3.80426 -33 11.3253
    endloop
  endfacet
  facet normal 0 -1 0
    outer loop
      vertex 7.46233 -33 10.2157
      vertex 15 -33 17.7
      vertex 5.66055 -33 10.8603
    endloop
  endfacet
  facet normal 0 -1 0
    outer loop
      vertex 9.19224 -33 9.39746
      vertex 15 -33 17.7
      vertex 7.46233 -33 10.2157
    endloop
  endfacet
  facet normal 0 -1 0
    outer loop
      vertex 10.8336 -33 8.41366
      vertex 15 -33 17.7
      vertex 9.19224 -33 9.39746
    endloop
  endfacet
  facet normal 0 -1 0
    outer loop
      vertex 12.3707 -33 7.2737
      vertex 15 -33 17.7
      vertex 10.8336 -33 8.41366
    endloop
  endfacet
  facet normal 0 -1 0
    outer loop
      vertex 13.7886 -33 5.98858
      vertex 15 -33 17.7
      vertex 12.3707 -33 7.2737
    endloop
  endfacet
  facet normal 0 -1 0
    outer loop
      vertex 15.0737 -33 4.57067
      vertex 15 -33 17.7
      vertex 13.7886 -33 5.98858
    endloop
  endfacet
  facet normal 0 -1 0
    outer loop
      vertex 16.2137 -33 3.03362
      vertex 15 -33 17.7
      vertex 15.0737 -33 4.57067
    endloop
  endfacet
  facet normal 0 -1 0
    outer loop
      vertex 17.1975 -33 1.39224
      vertex 15 -33 17.7
      vertex 16.2137 -33 3.03362
    endloop
  endfacet
  facet normal 0 -1 0
    outer loop
      vertex 15 -33 17.7
      vertex 17.1975 -33 1.39224
      vertex 38 -33 32.5
    endloop
  endfacet
  facet normal 0 -1 0
    outer loop
      vertex 18.0157 -33 -0.337672
      vertex 38 -33 32.5
      vertex 17.1975 -33 1.39224
    endloop
  endfacet
  facet normal 0 -1 0
    outer loop
      vertex 18.6603 -33 -2.13945
      vertex 38 -33 32.5
      vertex 18.0157 -33 -0.337672
    endloop
  endfacet
  facet normal 0 -1 0
    outer loop
      vertex 19.1253 -33 -3.99574
      vertex 38 -33 32.5
      vertex 18.6603 -33 -2.13945
    endloop
  endfacet
  facet normal 0 -1 0
    outer loop
      vertex 19.4061 -33 -5.88867
      vertex 38 -33 32.5
      vertex 19.1253 -33 -3.99574
    endloop
  endfacet
  facet normal 0 -1 0
    outer loop
      vertex 38 -33 -32.5
      vertex 19.4061 -33 -5.88867
      vertex 19.5 -33 -7.8
    endloop
  endfacet
  facet normal 0 -1 0
    outer loop
      vertex 38 -33 -32.5
      vertex 19.5 -33 -7.8
      vertex 19.4061 -33 -9.71133
    endloop
  endfacet
  facet normal 0 -1 0
    outer loop
      vertex 38 -33 -32.5
      vertex 19.4061 -33 -9.71133
      vertex 19.1253 -33 -11.6043
    endloop
  endfacet
  facet normal 0 -1 0
    outer loop
      vertex 38 -33 -32.5
      vertex 19.1253 -33 -11.6043
      vertex 18.6603 -33 -13.4606
    endloop
  endfacet
  facet normal 0 -1 0
    outer loop
      vertex 38 -33 -32.5
      vertex 18.6603 -33 -13.4606
      vertex 18.0157 -33 -15.2623
    endloop
  endfacet
  facet normal 0 -1 0
    outer loop
      vertex 2.8 -33 -27.2156
      vertex 1.91133 -33 -27.2061
      vertex 1.8 -33 -27.2156
    endloop
  endfacet
  facet normal 0 -1 0
    outer loop
      vertex 2.8 -33 -27.2156
      vertex 3.80426 -33 -26.9253
      vertex 1.91133 -33 -27.2061
    endloop
  endfacet
  facet normal 0 -1 0
    outer loop
      vertex 3.3 -33 -28.0816
      vertex 3.80426 -33 -26.9253
      vertex 2.8 -33 -27.2156
    endloop
  endfacet
  facet normal 0 -1 -0
    outer loop
      vertex 3.80426 -33 -26.9253
      vertex 3.3 -33 -28.0816
      vertex 5.66055 -33 -26.4603
    endloop
  endfacet
  facet normal 0 -1 0
    outer loop
      vertex 2.8 -33 -28.9476
      vertex 5.66055 -33 -26.4603
      vertex 3.3 -33 -28.0816
    endloop
  endfacet
  facet normal 0 -1 -0
    outer loop
      vertex 5.66055 -33 -26.4603
      vertex 2.8 -33 -28.9476
      vertex 7.46233 -33 -25.8157
    endloop
  endfacet
  facet normal 0 -1 -0
    outer loop
      vertex 7.46233 -33 -25.8157
      vertex 2.8 -33 -28.9476
      vertex 9.19224 -33 -24.9975
    endloop
  endfacet
  facet normal 0 -1 0
    outer loop
      vertex 38 -33 -32.5
      vertex 9.19224 -33 -24.9975
      vertex 2.8 -33 -28.9476
    endloop
  endfacet
  facet normal 0 -1 0
    outer loop
      vertex 19.4061 -33 -5.88867
      vertex 38 -33 -32.5
      vertex 38 -33 32.5
    endloop
  endfacet
  facet normal 0 -1 0
    outer loop
      vertex 17.1975 -33 -16.9922
      vertex 38 -33 -32.5
      vertex 18.0157 -33 -15.2623
    endloop
  endfacet
  facet normal 0 -1 0
    outer loop
      vertex 16.2137 -33 -18.6336
      vertex 38 -33 -32.5
      vertex 17.1975 -33 -16.9922
    endloop
  endfacet
  facet normal 0 -1 0
    outer loop
      vertex 15.0737 -33 -20.1707
      vertex 38 -33 -32.5
      vertex 16.2137 -33 -18.6336
    endloop
  endfacet
  facet normal 0 -1 0
    outer loop
      vertex 13.7886 -33 -21.5886
      vertex 38 -33 -32.5
      vertex 15.0737 -33 -20.1707
    endloop
  endfacet
  facet normal 0 -1 0
    outer loop
      vertex 12.3707 -33 -22.8737
      vertex 38 -33 -32.5
      vertex 13.7886 -33 -21.5886
    endloop
  endfacet
  facet normal 0 -1 0
    outer loop
      vertex 10.8336 -33 -24.0137
      vertex 38 -33 -32.5
      vertex 12.3707 -33 -22.8737
    endloop
  endfacet
  facet normal 0 -1 0
    outer loop
      vertex 9.19224 -33 -24.9975
      vertex 38 -33 -32.5
      vertex 10.8336 -33 -24.0137
    endloop
  endfacet
  facet normal 0 -1 0
    outer loop
      vertex 1.8 -33 -28.9476
      vertex 38 -33 -32.5
      vertex 2.8 -33 -28.9476
    endloop
  endfacet
  facet normal 0 -1 -0
    outer loop
      vertex 6.92905 -33 22.8043
      vertex 4.75 -33 22.75
      vertex 6.99999 -33 22.7517
    endloop
  endfacet
  facet normal 0 -1 0
    outer loop
      vertex 4.75 -33 19.7
      vertex 6.99999 -33 22.7517
      vertex 4.75 -33 22.75
    endloop
  endfacet
  facet normal 0 -1 -0
    outer loop
      vertex 6.99999 -33 22.7517
      vertex 4.75 -33 19.7
      vertex 7.07574 -33 22.7063
    endloop
  endfacet
  facet normal 0 -1 -0
    outer loop
      vertex 7.07574 -33 22.7063
      vertex 4.75 -33 19.7
      vertex 7.15558 -33 22.6685
    endloop
  endfacet
  facet normal 0 -1 -0
    outer loop
      vertex 7.15558 -33 22.6685
      vertex 4.75 -33 19.7
      vertex 7.23874 -33 22.6388
    endloop
  endfacet
  facet normal 0 -1 -0
    outer loop
      vertex 7.23874 -33 22.6388
      vertex 4.75 -33 19.7
      vertex 7.32442 -33 22.6173
    endloop
  endfacet
  facet normal 0 -1 -0
    outer loop
      vertex 7.41178 -33 22.6043
      vertex 4.75 -33 19.7
      vertex 7.5 -33 22.6
    endloop
  endfacet
  facet normal 0 -1 -0
    outer loop
      vertex 7.32442 -33 22.6173
      vertex 4.75 -33 19.7
      vertex 7.41178 -33 22.6043
    endloop
  endfacet
  facet normal -1 0 0
    outer loop
      vertex 36 -31 -30.5
      vertex 36 31 -2
      vertex 36 31 -30.5
    endloop
  endfacet
  facet normal -1 -0 0
    outer loop
      vertex 36 31 -2
      vertex 36 -31 -30.5
      vertex 36 -31 -2
    endloop
  endfacet
  facet normal -1 0 0
    outer loop
      vertex 36 -31 1
      vertex 36 31 32.5
      vertex 36 31 1
    endloop
  endfacet
  facet normal -1 -0 0
    outer loop
      vertex 36 31 32.5
      vertex 36 -31 1
      vertex 36 -31 32.5
    endloop
  endfacet
  facet normal -0 0 1
    outer loop
      vertex -29.8787 24.8787 -30.5
      vertex -26.25 18.5 -30.5
      vertex -29.5056 25.3333 -30.5
    endloop
  endfacet
  facet normal 0 0 1
    outer loop
      vertex -27.75 -18.5 -30.5
      vertex -29.0576 -26.4147 -30.5
      vertex -29 -27 -30.5
    endloop
  endfacet
  facet normal 0 0 1
    outer loop
      vertex -26.25 18.5 -30.5
      vertex -29.8787 24.8787 -30.5
      vertex -27.75 18.5 -30.5
    endloop
  endfacet
  facet normal 0 0 1
    outer loop
      vertex -27.75 -18.5 -30.5
      vertex -29.2284 -25.852 -30.5
      vertex -29.0576 -26.4147 -30.5
    endloop
  endfacet
  facet normal -0 0 1
    outer loop
      vertex -30.3333 24.5056 -30.5
      vertex -27.75 18.5 -30.5
      vertex -29.8787 24.8787 -30.5
    endloop
  endfacet
  facet normal 0 0 1
    outer loop
      vertex -27.75 -18.5 -30.5
      vertex -29.5056 -25.3333 -30.5
      vertex -29.2284 -25.852 -30.5
    endloop
  endfacet
  facet normal -0 0 1
    outer loop
      vertex -30.852 24.2284 -30.5
      vertex -27.75 18.5 -30.5
      vertex -30.3333 24.5056 -30.5
    endloop
  endfacet
  facet normal 0 0 1
    outer loop
      vertex -27.75 -18.5 -30.5
      vertex -29.8787 -24.8787 -30.5
      vertex -29.5056 -25.3333 -30.5
    endloop
  endfacet
  facet normal -0 0 1
    outer loop
      vertex -31.4147 24.0576 -30.5
      vertex -27.75 18.5 -30.5
      vertex -30.852 24.2284 -30.5
    endloop
  endfacet
  facet normal 0 0 1
    outer loop
      vertex -27.75 -18.5 -30.5
      vertex -30.3333 -24.5056 -30.5
      vertex -29.8787 -24.8787 -30.5
    endloop
  endfacet
  facet normal -0 0 1
    outer loop
      vertex -32 24 -30.5
      vertex -27.75 18.5 -30.5
      vertex -31.4147 24.0576 -30.5
    endloop
  endfacet
  facet normal 0 0 1
    outer loop
      vertex -27.75 -18.5 -30.5
      vertex -30.852 -24.2284 -30.5
      vertex -30.3333 -24.5056 -30.5
    endloop
  endfacet
  facet normal 0 0 1
    outer loop
      vertex -32.5853 24.0576 -30.5
      vertex -27.75 18.5 -30.5
      vertex -32 24 -30.5
    endloop
  endfacet
  facet normal 0 0 1
    outer loop
      vertex -27.75 -18.5 -30.5
      vertex -31.4147 -24.0576 -30.5
      vertex -30.852 -24.2284 -30.5
    endloop
  endfacet
  facet normal 0 0 1
    outer loop
      vertex -33.148 24.2284 -30.5
      vertex -27.75 18.5 -30.5
      vertex -32.5853 24.0576 -30.5
    endloop
  endfacet
  facet normal 0 0 1
    outer loop
      vertex -27.75 -18.5 -30.5
      vertex -32 -24 -30.5
      vertex -31.4147 -24.0576 -30.5
    endloop
  endfacet
  facet normal 0 0 1
    outer loop
      vertex -33.6667 24.5056 -30.5
      vertex -27.75 18.5 -30.5
      vertex -33.148 24.2284 -30.5
    endloop
  endfacet
  facet normal 0 0 1
    outer loop
      vertex -27.75 -18.5 -30.5
      vertex -32.5853 -24.0576 -30.5
      vertex -32 -24 -30.5
    endloop
  endfacet
  facet normal 0 0 1
    outer loop
      vertex -27.75 18.5 -30.5
      vertex -33.6667 24.5056 -30.5
      vertex -27.75 -18.5 -30.5
    endloop
  endfacet
  facet normal 0 0 1
    outer loop
      vertex -27.75 -18.5 -30.5
      vertex -33.148 -24.2284 -30.5
      vertex -32.5853 -24.0576 -30.5
    endloop
  endfacet
  facet normal 0 0 1
    outer loop
      vertex -33.6667 -24.5056 -30.5
      vertex -27.75 -18.5 -30.5
      vertex -33.6667 24.5056 -30.5
    endloop
  endfacet
  facet normal 0 0 1
    outer loop
      vertex -27.75 -18.5 -30.5
      vertex -33.6667 -24.5056 -30.5
      vertex -33.148 -24.2284 -30.5
    endloop
  endfacet
  facet normal 0 0 1
    outer loop
      vertex -34.1213 24.8787 -30.5
      vertex -33.6667 -24.5056 -30.5
      vertex -33.6667 24.5056 -30.5
    endloop
  endfacet
  facet normal 0 0 1
    outer loop
      vertex -34.1213 24.8787 -30.5
      vertex -34.1213 -24.8787 -30.5
      vertex -33.6667 -24.5056 -30.5
    endloop
  endfacet
  facet normal 0 0 1
    outer loop
      vertex -34.4944 25.3333 -30.5
      vertex -34.1213 -24.8787 -30.5
      vertex -34.1213 24.8787 -30.5
    endloop
  endfacet
  facet normal 0 0 1
    outer loop
      vertex -34.4944 25.3333 -30.5
      vertex -34.4944 -25.3333 -30.5
      vertex -34.1213 -24.8787 -30.5
    endloop
  endfacet
  facet normal 0 0 1
    outer loop
      vertex -34.7716 25.852 -30.5
      vertex -34.4944 -25.3333 -30.5
      vertex -34.4944 25.3333 -30.5
    endloop
  endfacet
  facet normal 0 0 1
    outer loop
      vertex -34.7716 25.852 -30.5
      vertex -34.7716 -25.852 -30.5
      vertex -34.4944 -25.3333 -30.5
    endloop
  endfacet
  facet normal 0 0 1
    outer loop
      vertex -34.9424 26.4147 -30.5
      vertex -34.7716 -25.852 -30.5
      vertex -34.7716 25.852 -30.5
    endloop
  endfacet
  facet normal 0 0 1
    outer loop
      vertex -34.9424 26.4147 -30.5
      vertex -34.9424 -26.4147 -30.5
      vertex -34.7716 -25.852 -30.5
    endloop
  endfacet
  facet normal 0 0 1
    outer loop
      vertex -36 31 -30.5
      vertex -34.9424 26.4147 -30.5
      vertex -35 27 -30.5
    endloop
  endfacet
  facet normal 0 0 1
    outer loop
      vertex -34.9424 26.4147 -30.5
      vertex -36 31 -30.5
      vertex -34.9424 -26.4147 -30.5
    endloop
  endfacet
  facet normal -0 0 1
    outer loop
      vertex 34.9424 -26.4147 -30.5
      vertex 36 -31 -30.5
      vertex 34.9424 26.4147 -30.5
    endloop
  endfacet
  facet normal 0 0 1
    outer loop
      vertex 36 -31 -30.5
      vertex 34.9424 -26.4147 -30.5
      vertex 35 -27 -30.5
    endloop
  endfacet
  facet normal -0 0 1
    outer loop
      vertex 34.7716 25.852 -30.5
      vertex 34.9424 -26.4147 -30.5
      vertex 34.9424 26.4147 -30.5
    endloop
  endfacet
  facet normal 0 0 1
    outer loop
      vertex 34.7716 25.852 -30.5
      vertex 34.7716 -25.852 -30.5
      vertex 34.9424 -26.4147 -30.5
    endloop
  endfacet
  facet normal -0 0 1
    outer loop
      vertex 34.4944 25.3333 -30.5
      vertex 34.7716 -25.852 -30.5
      vertex 34.7716 25.852 -30.5
    endloop
  endfacet
  facet normal 0 0 1
    outer loop
      vertex 34.4944 25.3333 -30.5
      vertex 34.4944 -25.3333 -30.5
      vertex 34.7716 -25.852 -30.5
    endloop
  endfacet
  facet normal -0 0 1
    outer loop
      vertex 34.1213 24.8787 -30.5
      vertex 34.4944 -25.3333 -30.5
      vertex 34.4944 25.3333 -30.5
    endloop
  endfacet
  facet normal 0 0 1
    outer loop
      vertex 34.1213 24.8787 -30.5
      vertex 34.1213 -24.8787 -30.5
      vertex 34.4944 -25.3333 -30.5
    endloop
  endfacet
  facet normal -0 0 1
    outer loop
      vertex 33.6667 24.5056 -30.5
      vertex 34.1213 -24.8787 -30.5
      vertex 34.1213 24.8787 -30.5
    endloop
  endfacet
  facet normal 0 0 1
    outer loop
      vertex 33.6667 24.5056 -30.5
      vertex 33.6667 -24.5056 -30.5
      vertex 34.1213 -24.8787 -30.5
    endloop
  endfacet
  facet normal 0 0 1
    outer loop
      vertex 27.75 18.5 -30.5
      vertex 33.6667 24.5056 -30.5
      vertex 33.148 24.2284 -30.5
    endloop
  endfacet
  facet normal 0 0 1
    outer loop
      vertex 33.6667 24.5056 -30.5
      vertex 27.75 18.5 -30.5
      vertex 33.6667 -24.5056 -30.5
    endloop
  endfacet
  facet normal 0 0 1
    outer loop
      vertex 27.75 18.5 -30.5
      vertex 33.148 24.2284 -30.5
      vertex 32.5853 24.0576 -30.5
    endloop
  endfacet
  facet normal -0 0 1
    outer loop
      vertex 27.75 -18.5 -30.5
      vertex 33.6667 -24.5056 -30.5
      vertex 27.75 18.5 -30.5
    endloop
  endfacet
  facet normal 0 0 1
    outer loop
      vertex 27.75 18.5 -30.5
      vertex 32.5853 24.0576 -30.5
      vertex 32 24 -30.5
    endloop
  endfacet
  facet normal 0 0 1
    outer loop
      vertex 33.6667 -24.5056 -30.5
      vertex 27.75 -18.5 -30.5
      vertex 33.148 -24.2284 -30.5
    endloop
  endfacet
  facet normal 0 0 1
    outer loop
      vertex 27.75 18.5 -30.5
      vertex 32 24 -30.5
      vertex 31.4147 24.0576 -30.5
    endloop
  endfacet
  facet normal 0 0 1
    outer loop
      vertex 33.148 -24.2284 -30.5
      vertex 27.75 -18.5 -30.5
      vertex 32.5853 -24.0576 -30.5
    endloop
  endfacet
  facet normal 0 0 1
    outer loop
      vertex 27.75 18.5 -30.5
      vertex 31.4147 24.0576 -30.5
      vertex 30.852 24.2284 -30.5
    endloop
  endfacet
  facet normal 0 0 1
    outer loop
      vertex 32.5853 -24.0576 -30.5
      vertex 27.75 -18.5 -30.5
      vertex 32 -24 -30.5
    endloop
  endfacet
  facet normal 0 0 1
    outer loop
      vertex 27.75 18.5 -30.5
      vertex 30.852 24.2284 -30.5
      vertex 30.3333 24.5056 -30.5
    endloop
  endfacet
  facet normal 0 0 1
    outer loop
      vertex 32 -24 -30.5
      vertex 27.75 -18.5 -30.5
      vertex 31.4147 -24.0576 -30.5
    endloop
  endfacet
  facet normal 0 0 1
    outer loop
      vertex 27.75 18.5 -30.5
      vertex 30.3333 24.5056 -30.5
      vertex 29.8787 24.8787 -30.5
    endloop
  endfacet
  facet normal 0 0 1
    outer loop
      vertex 31.4147 -24.0576 -30.5
      vertex 27.75 -18.5 -30.5
      vertex 30.852 -24.2284 -30.5
    endloop
  endfacet
  facet normal 0 0 1
    outer loop
      vertex 26.25 18.5 -30.5
      vertex 29.8787 24.8787 -30.5
      vertex 29.5056 25.3333 -30.5
    endloop
  endfacet
  facet normal 0 0 1
    outer loop
      vertex 30.852 -24.2284 -30.5
      vertex 27.75 -18.5 -30.5
      vertex 30.3333 -24.5056 -30.5
    endloop
  endfacet
  facet normal 0 0 1
    outer loop
      vertex 26.25 18.5 -30.5
      vertex 29.5056 25.3333 -30.5
      vertex 29.2284 25.852 -30.5
    endloop
  endfacet
  facet normal 0 0 1
    outer loop
      vertex 30.3333 -24.5056 -30.5
      vertex 27.75 -18.5 -30.5
      vertex 29.8787 -24.8787 -30.5
    endloop
  endfacet
  facet normal 0 0 1
    outer loop
      vertex 26.25 18.5 -30.5
      vertex 29.2284 25.852 -30.5
      vertex 29.0576 26.4147 -30.5
    endloop
  endfacet
  facet normal -0 0 1
    outer loop
      vertex 26.25 -18.5 -30.5
      vertex 29.8787 -24.8787 -30.5
      vertex 27.75 -18.5 -30.5
    endloop
  endfacet
  facet normal 0 0 1
    outer loop
      vertex 26.25 18.5 -30.5
      vertex 29.0576 26.4147 -30.5
      vertex 29 27 -30.5
    endloop
  endfacet
  facet normal 0 0 1
    outer loop
      vertex 29.8787 -24.8787 -30.5
      vertex 26.25 -18.5 -30.5
      vertex 29.5056 -25.3333 -30.5
    endloop
  endfacet
  facet normal 0 0 1
    outer loop
      vertex 34.9424 26.4147 -30.5
      vertex 36 31 -30.5
      vertex 35 27 -30.5
    endloop
  endfacet
  facet normal 0 0 1
    outer loop
      vertex 36 31 -30.5
      vertex 34.9424 27.5853 -30.5
      vertex 35 27 -30.5
    endloop
  endfacet
  facet normal 0 0 1
    outer loop
      vertex 36 31 -30.5
      vertex 34.7716 28.148 -30.5
      vertex 34.9424 27.5853 -30.5
    endloop
  endfacet
  facet normal 0 0 1
    outer loop
      vertex 36 31 -30.5
      vertex 34.4944 28.6667 -30.5
      vertex 34.7716 28.148 -30.5
    endloop
  endfacet
  facet normal 0 0 1
    outer loop
      vertex 36 31 -30.5
      vertex 34.1213 29.1213 -30.5
      vertex 34.4944 28.6667 -30.5
    endloop
  endfacet
  facet normal 0 0 1
    outer loop
      vertex 36 31 -30.5
      vertex 33.6667 29.4944 -30.5
      vertex 34.1213 29.1213 -30.5
    endloop
  endfacet
  facet normal 0 0 1
    outer loop
      vertex 36 31 -30.5
      vertex 33.148 29.7716 -30.5
      vertex 33.6667 29.4944 -30.5
    endloop
  endfacet
  facet normal 0 0 1
    outer loop
      vertex 36 31 -30.5
      vertex 32.5853 29.9424 -30.5
      vertex 33.148 29.7716 -30.5
    endloop
  endfacet
  facet normal 0 0 1
    outer loop
      vertex 36 31 -30.5
      vertex 32 30 -30.5
      vertex 32.5853 29.9424 -30.5
    endloop
  endfacet
  facet normal 0 0 1
    outer loop
      vertex 36 31 -30.5
      vertex 31.4147 29.9424 -30.5
      vertex 32 30 -30.5
    endloop
  endfacet
  facet normal 0 0 1
    outer loop
      vertex 29.5056 -25.3333 -30.5
      vertex 26.25 -18.5 -30.5
      vertex 29.2284 -25.852 -30.5
    endloop
  endfacet
  facet normal 0 0 1
    outer loop
      vertex 26.25 18.5 -30.5
      vertex 29 27 -30.5
      vertex 29.0576 27.5853 -30.5
    endloop
  endfacet
  facet normal 0 0 1
    outer loop
      vertex 29.8787 24.8787 -30.5
      vertex 26.25 18.5 -30.5
      vertex 27.75 18.5 -30.5
    endloop
  endfacet
  facet normal 0 0 1
    outer loop
      vertex -29.0576 27.5853 -30.5
      vertex 29.0576 27.5853 -30.5
      vertex 29.2284 28.148 -30.5
    endloop
  endfacet
  facet normal 0 0 1
    outer loop
      vertex 26.25 18.5 -30.5
      vertex -26.25 18.5 -30.5
      vertex 26.25 -18.5 -30.5
    endloop
  endfacet
  facet normal 0 0 1
    outer loop
      vertex 29.0576 27.5853 -30.5
      vertex -26.25 18.5 -30.5
      vertex 26.25 18.5 -30.5
    endloop
  endfacet
  facet normal 0 0 1
    outer loop
      vertex -29.2284 28.148 -30.5
      vertex 29.2284 28.148 -30.5
      vertex 29.5056 28.6667 -30.5
    endloop
  endfacet
  facet normal 0 0 1
    outer loop
      vertex -29.5056 28.6667 -30.5
      vertex 29.5056 28.6667 -30.5
      vertex 29.8787 29.1213 -30.5
    endloop
  endfacet
  facet normal 0 0 1
    outer loop
      vertex -29.8787 29.1213 -30.5
      vertex 29.8787 29.1213 -30.5
      vertex 30.3333 29.4944 -30.5
    endloop
  endfacet
  facet normal 0 0 1
    outer loop
      vertex -30.3333 29.4944 -30.5
      vertex 30.3333 29.4944 -30.5
      vertex 30.852 29.7716 -30.5
    endloop
  endfacet
  facet normal 0 0 1
    outer loop
      vertex -30.852 29.7716 -30.5
      vertex 30.852 29.7716 -30.5
      vertex 31.4147 29.9424 -30.5
    endloop
  endfacet
  facet normal 0 0 1
    outer loop
      vertex -31.4147 29.9424 -30.5
      vertex 31.4147 29.9424 -30.5
      vertex 36 31 -30.5
    endloop
  endfacet
  facet normal 0 0 1
    outer loop
      vertex 29.0576 27.5853 -30.5
      vertex -29.0576 27.5853 -30.5
      vertex -26.25 18.5 -30.5
    endloop
  endfacet
  facet normal -0 0 1
    outer loop
      vertex -29.2284 25.852 -30.5
      vertex -26.25 18.5 -30.5
      vertex -29.0576 26.4147 -30.5
    endloop
  endfacet
  facet normal -0 0 1
    outer loop
      vertex -29.0576 26.4147 -30.5
      vertex -26.25 18.5 -30.5
      vertex -29 27 -30.5
    endloop
  endfacet
  facet normal 0 0 1
    outer loop
      vertex -26.25 18.5 -30.5
      vertex -29.0576 27.5853 -30.5
      vertex -29 27 -30.5
    endloop
  endfacet
  facet normal 0 0 1
    outer loop
      vertex 29.2284 28.148 -30.5
      vertex -29.2284 28.148 -30.5
      vertex -29.0576 27.5853 -30.5
    endloop
  endfacet
  facet normal 0 0 1
    outer loop
      vertex 29.5056 28.6667 -30.5
      vertex -29.5056 28.6667 -30.5
      vertex -29.2284 28.148 -30.5
    endloop
  endfacet
  facet normal 0 0 1
    outer loop
      vertex 29.8787 29.1213 -30.5
      vertex -29.8787 29.1213 -30.5
      vertex -29.5056 28.6667 -30.5
    endloop
  endfacet
  facet normal 0 0 1
    outer loop
      vertex 30.3333 29.4944 -30.5
      vertex -30.3333 29.4944 -30.5
      vertex -29.8787 29.1213 -30.5
    endloop
  endfacet
  facet normal 0 0 1
    outer loop
      vertex 30.852 29.7716 -30.5
      vertex -30.852 29.7716 -30.5
      vertex -30.3333 29.4944 -30.5
    endloop
  endfacet
  facet normal 0 0 1
    outer loop
      vertex 31.4147 29.9424 -30.5
      vertex -31.4147 29.9424 -30.5
      vertex -30.852 29.7716 -30.5
    endloop
  endfacet
  facet normal -0 0 1
    outer loop
      vertex -36 31 -30.5
      vertex -31.4147 29.9424 -30.5
      vertex 36 31 -30.5
    endloop
  endfacet
  facet normal 0 0 1
    outer loop
      vertex -36 -31 -30.5
      vertex -34.9424 -26.4147 -30.5
      vertex -36 31 -30.5
    endloop
  endfacet
  facet normal 0 0 1
    outer loop
      vertex -34.9424 27.5853 -30.5
      vertex -36 31 -30.5
      vertex -35 27 -30.5
    endloop
  endfacet
  facet normal 0 0 1
    outer loop
      vertex -34.7716 28.148 -30.5
      vertex -36 31 -30.5
      vertex -34.9424 27.5853 -30.5
    endloop
  endfacet
  facet normal 0 0 1
    outer loop
      vertex -34.4944 28.6667 -30.5
      vertex -36 31 -30.5
      vertex -34.7716 28.148 -30.5
    endloop
  endfacet
  facet normal 0 0 1
    outer loop
      vertex -34.1213 29.1213 -30.5
      vertex -36 31 -30.5
      vertex -34.4944 28.6667 -30.5
    endloop
  endfacet
  facet normal 0 0 1
    outer loop
      vertex -33.6667 29.4944 -30.5
      vertex -36 31 -30.5
      vertex -34.1213 29.1213 -30.5
    endloop
  endfacet
  facet normal 0 0 1
    outer loop
      vertex -33.148 29.7716 -30.5
      vertex -36 31 -30.5
      vertex -33.6667 29.4944 -30.5
    endloop
  endfacet
  facet normal 0 0 1
    outer loop
      vertex -32.5853 29.9424 -30.5
      vertex -36 31 -30.5
      vertex -33.148 29.7716 -30.5
    endloop
  endfacet
  facet normal 0 0 1
    outer loop
      vertex -32 30 -30.5
      vertex -36 31 -30.5
      vertex -32.5853 29.9424 -30.5
    endloop
  endfacet
  facet normal 0 0 1
    outer loop
      vertex -31.4147 29.9424 -30.5
      vertex -36 31 -30.5
      vertex -32 30 -30.5
    endloop
  endfacet
  facet normal 0 0 1
    outer loop
      vertex 36 31 -30.5
      vertex 34.9424 26.4147 -30.5
      vertex 36 -31 -30.5
    endloop
  endfacet
  facet normal -0 0 1
    outer loop
      vertex 34.9424 -27.5853 -30.5
      vertex 36 -31 -30.5
      vertex 35 -27 -30.5
    endloop
  endfacet
  facet normal -0 0 1
    outer loop
      vertex 34.7716 -28.148 -30.5
      vertex 36 -31 -30.5
      vertex 34.9424 -27.5853 -30.5
    endloop
  endfacet
  facet normal -0 0 1
    outer loop
      vertex 34.4944 -28.6667 -30.5
      vertex 36 -31 -30.5
      vertex 34.7716 -28.148 -30.5
    endloop
  endfacet
  facet normal -0 0 1
    outer loop
      vertex 34.1213 -29.1213 -30.5
      vertex 36 -31 -30.5
      vertex 34.4944 -28.6667 -30.5
    endloop
  endfacet
  facet normal -0 0 1
    outer loop
      vertex 33.6667 -29.4944 -30.5
      vertex 36 -31 -30.5
      vertex 34.1213 -29.1213 -30.5
    endloop
  endfacet
  facet normal -0 0 1
    outer loop
      vertex 33.148 -29.7716 -30.5
      vertex 36 -31 -30.5
      vertex 33.6667 -29.4944 -30.5
    endloop
  endfacet
  facet normal -0 0 1
    outer loop
      vertex 32.5853 -29.9424 -30.5
      vertex 36 -31 -30.5
      vertex 33.148 -29.7716 -30.5
    endloop
  endfacet
  facet normal -0 0 1
    outer loop
      vertex 32 -30 -30.5
      vertex 36 -31 -30.5
      vertex 32.5853 -29.9424 -30.5
    endloop
  endfacet
  facet normal 0 0 1
    outer loop
      vertex 31.4147 -29.9424 -30.5
      vertex 36 -31 -30.5
      vertex 32 -30 -30.5
    endloop
  endfacet
  facet normal 0 0 1
    outer loop
      vertex 29.2284 -25.852 -30.5
      vertex 26.25 -18.5 -30.5
      vertex 29.0576 -26.4147 -30.5
    endloop
  endfacet
  facet normal 0 0 1
    outer loop
      vertex 29.0576 -26.4147 -30.5
      vertex 26.25 -18.5 -30.5
      vertex 29 -27 -30.5
    endloop
  endfacet
  facet normal 0 0 1
    outer loop
      vertex 29 -27 -30.5
      vertex 26.25 -18.5 -30.5
      vertex 29.0576 -27.5853 -30.5
    endloop
  endfacet
  facet normal -0 0 1
    outer loop
      vertex -26.25 -18.5 -30.5
      vertex 29.0576 -27.5853 -30.5
      vertex 26.25 -18.5 -30.5
    endloop
  endfacet
  facet normal 0 0 1
    outer loop
      vertex -26.25 -18.5 -30.5
      vertex 26.25 -18.5 -30.5
      vertex -26.25 18.5 -30.5
    endloop
  endfacet
  facet normal 0 0 1
    outer loop
      vertex -29.0576 -27.5853 -30.5
      vertex 29.0576 -27.5853 -30.5
      vertex -26.25 -18.5 -30.5
    endloop
  endfacet
  facet normal 0 0 1
    outer loop
      vertex 29.0576 -27.5853 -30.5
      vertex -29.0576 -27.5853 -30.5
      vertex 29.2284 -28.148 -30.5
    endloop
  endfacet
  facet normal 0 0 1
    outer loop
      vertex -29.2284 -28.148 -30.5
      vertex 29.2284 -28.148 -30.5
      vertex -29.0576 -27.5853 -30.5
    endloop
  endfacet
  facet normal 0 0 1
    outer loop
      vertex 29.2284 -28.148 -30.5
      vertex -29.2284 -28.148 -30.5
      vertex 29.5056 -28.6667 -30.5
    endloop
  endfacet
  facet normal 0 0 1
    outer loop
      vertex -29.5056 -28.6667 -30.5
      vertex 29.5056 -28.6667 -30.5
      vertex -29.2284 -28.148 -30.5
    endloop
  endfacet
  facet normal 0 0 1
    outer loop
      vertex 29.5056 -28.6667 -30.5
      vertex -29.5056 -28.6667 -30.5
      vertex 29.8787 -29.1213 -30.5
    endloop
  endfacet
  facet normal 0 0 1
    outer loop
      vertex -29.8787 -29.1213 -30.5
      vertex 29.8787 -29.1213 -30.5
      vertex -29.5056 -28.6667 -30.5
    endloop
  endfacet
  facet normal 0 0 1
    outer loop
      vertex -29 -27 -30.5
      vertex -26.25 -18.5 -30.5
      vertex -27.75 -18.5 -30.5
    endloop
  endfacet
  facet normal -0 0 1
    outer loop
      vertex -29.5056 25.3333 -30.5
      vertex -26.25 18.5 -30.5
      vertex -29.2284 25.852 -30.5
    endloop
  endfacet
  facet normal 0 0 1
    outer loop
      vertex -29.0576 -27.5853 -30.5
      vertex -26.25 -18.5 -30.5
      vertex -29 -27 -30.5
    endloop
  endfacet
  facet normal 0 0 1
    outer loop
      vertex 29.8787 -29.1213 -30.5
      vertex -29.8787 -29.1213 -30.5
      vertex 30.3333 -29.4944 -30.5
    endloop
  endfacet
  facet normal 0 0 1
    outer loop
      vertex -30.3333 -29.4944 -30.5
      vertex 30.3333 -29.4944 -30.5
      vertex -29.8787 -29.1213 -30.5
    endloop
  endfacet
  facet normal 0 0 1
    outer loop
      vertex 30.3333 -29.4944 -30.5
      vertex -30.3333 -29.4944 -30.5
      vertex 30.852 -29.7716 -30.5
    endloop
  endfacet
  facet normal 0 0 1
    outer loop
      vertex -30.852 -29.7716 -30.5
      vertex 30.852 -29.7716 -30.5
      vertex -30.3333 -29.4944 -30.5
    endloop
  endfacet
  facet normal 0 0 1
    outer loop
      vertex 30.852 -29.7716 -30.5
      vertex -30.852 -29.7716 -30.5
      vertex 31.4147 -29.9424 -30.5
    endloop
  endfacet
  facet normal 0 0 1
    outer loop
      vertex -31.4147 -29.9424 -30.5
      vertex 31.4147 -29.9424 -30.5
      vertex -30.852 -29.7716 -30.5
    endloop
  endfacet
  facet normal 0 0 1
    outer loop
      vertex 31.4147 -29.9424 -30.5
      vertex -31.4147 -29.9424 -30.5
      vertex 36 -31 -30.5
    endloop
  endfacet
  facet normal 0 0 1
    outer loop
      vertex -36 -31 -30.5
      vertex -31.4147 -29.9424 -30.5
      vertex -32 -30 -30.5
    endloop
  endfacet
  facet normal 0 0 1
    outer loop
      vertex -31.4147 -29.9424 -30.5
      vertex -36 -31 -30.5
      vertex 36 -31 -30.5
    endloop
  endfacet
  facet normal 0 0 1
    outer loop
      vertex -32.5853 -29.9424 -30.5
      vertex -36 -31 -30.5
      vertex -32 -30 -30.5
    endloop
  endfacet
  facet normal 0 0 1
    outer loop
      vertex -33.148 -29.7716 -30.5
      vertex -36 -31 -30.5
      vertex -32.5853 -29.9424 -30.5
    endloop
  endfacet
  facet normal 0 0 1
    outer loop
      vertex -33.6667 -29.4944 -30.5
      vertex -36 -31 -30.5
      vertex -33.148 -29.7716 -30.5
    endloop
  endfacet
  facet normal 0 0 1
    outer loop
      vertex -34.1213 -29.1213 -30.5
      vertex -36 -31 -30.5
      vertex -33.6667 -29.4944 -30.5
    endloop
  endfacet
  facet normal 0 0 1
    outer loop
      vertex -34.4944 -28.6667 -30.5
      vertex -36 -31 -30.5
      vertex -34.1213 -29.1213 -30.5
    endloop
  endfacet
  facet normal 0 0 1
    outer loop
      vertex -34.7716 -28.148 -30.5
      vertex -36 -31 -30.5
      vertex -34.4944 -28.6667 -30.5
    endloop
  endfacet
  facet normal 0 0 1
    outer loop
      vertex -34.9424 -27.5853 -30.5
      vertex -36 -31 -30.5
      vertex -34.7716 -28.148 -30.5
    endloop
  endfacet
  facet normal 0 0 1
    outer loop
      vertex -35 -27 -30.5
      vertex -36 -31 -30.5
      vertex -34.9424 -27.5853 -30.5
    endloop
  endfacet
  facet normal 0 0 1
    outer loop
      vertex -34.9424 -26.4147 -30.5
      vertex -36 -31 -30.5
      vertex -35 -27 -30.5
    endloop
  endfacet
  facet normal 0 0 1
    outer loop
      vertex -30.4307 -26.6879 -30.5
      vertex -30.4307 -27.3121 -30.5
      vertex -30.4 -27 -30.5
    endloop
  endfacet
  facet normal 0 0 1
    outer loop
      vertex -30.5218 -26.3877 -30.5
      vertex -30.4307 -27.3121 -30.5
      vertex -30.4307 -26.6879 -30.5
    endloop
  endfacet
  facet normal 0 0 1
    outer loop
      vertex -30.5218 -26.3877 -30.5
      vertex -30.5218 -27.6123 -30.5
      vertex -30.4307 -27.3121 -30.5
    endloop
  endfacet
  facet normal 0 0 1
    outer loop
      vertex -30.6696 -26.1111 -30.5
      vertex -30.5218 -27.6123 -30.5
      vertex -30.5218 -26.3877 -30.5
    endloop
  endfacet
  facet normal 0 0 1
    outer loop
      vertex -30.6696 -26.1111 -30.5
      vertex -30.6696 -27.8889 -30.5
      vertex -30.5218 -27.6123 -30.5
    endloop
  endfacet
  facet normal 0 0 1
    outer loop
      vertex -30.8686 -25.8686 -30.5
      vertex -30.6696 -27.8889 -30.5
      vertex -30.6696 -26.1111 -30.5
    endloop
  endfacet
  facet normal 0 0 1
    outer loop
      vertex -30.8686 -25.8686 -30.5
      vertex -30.8686 -28.1314 -30.5
      vertex -30.6696 -27.8889 -30.5
    endloop
  endfacet
  facet normal 0 0 1
    outer loop
      vertex -31.1111 -25.6696 -30.5
      vertex -30.8686 -28.1314 -30.5
      vertex -30.8686 -25.8686 -30.5
    endloop
  endfacet
  facet normal 0 0 1
    outer loop
      vertex -31.1111 -25.6696 -30.5
      vertex -31.1111 -28.3304 -30.5
      vertex -30.8686 -28.1314 -30.5
    endloop
  endfacet
  facet normal 0 0 1
    outer loop
      vertex -31.3877 -25.5218 -30.5
      vertex -31.1111 -28.3304 -30.5
      vertex -31.1111 -25.6696 -30.5
    endloop
  endfacet
  facet normal 0 0 1
    outer loop
      vertex -31.3877 -25.5218 -30.5
      vertex -31.3877 -28.4782 -30.5
      vertex -31.1111 -28.3304 -30.5
    endloop
  endfacet
  facet normal 0 0 1
    outer loop
      vertex -31.6879 -25.4307 -30.5
      vertex -31.3877 -28.4782 -30.5
      vertex -31.3877 -25.5218 -30.5
    endloop
  endfacet
  facet normal 0 0 1
    outer loop
      vertex -31.6879 -25.4307 -30.5
      vertex -31.6879 -28.5693 -30.5
      vertex -31.3877 -28.4782 -30.5
    endloop
  endfacet
  facet normal 0 0 1
    outer loop
      vertex -32 -25.4 -30.5
      vertex -31.6879 -28.5693 -30.5
      vertex -31.6879 -25.4307 -30.5
    endloop
  endfacet
  facet normal 0 0 1
    outer loop
      vertex -32 -25.4 -30.5
      vertex -32 -28.6 -30.5
      vertex -31.6879 -28.5693 -30.5
    endloop
  endfacet
  facet normal -0 0 1
    outer loop
      vertex -32.3121 -25.4307 -30.5
      vertex -32 -28.6 -30.5
      vertex -32 -25.4 -30.5
    endloop
  endfacet
  facet normal 0 0 1
    outer loop
      vertex -32.3121 -25.4307 -30.5
      vertex -32.3121 -28.5693 -30.5
      vertex -32 -28.6 -30.5
    endloop
  endfacet
  facet normal -0 0 1
    outer loop
      vertex -32.6123 -25.5218 -30.5
      vertex -32.3121 -28.5693 -30.5
      vertex -32.3121 -25.4307 -30.5
    endloop
  endfacet
  facet normal 0 0 1
    outer loop
      vertex -32.6123 -25.5218 -30.5
      vertex -32.6123 -28.4782 -30.5
      vertex -32.3121 -28.5693 -30.5
    endloop
  endfacet
  facet normal -0 0 1
    outer loop
      vertex -32.8889 -25.6696 -30.5
      vertex -32.6123 -28.4782 -30.5
      vertex -32.6123 -25.5218 -30.5
    endloop
  endfacet
  facet normal 0 0 1
    outer loop
      vertex -32.8889 -25.6696 -30.5
      vertex -32.8889 -28.3304 -30.5
      vertex -32.6123 -28.4782 -30.5
    endloop
  endfacet
  facet normal -0 0 1
    outer loop
      vertex -33.1314 -25.8686 -30.5
      vertex -32.8889 -28.3304 -30.5
      vertex -32.8889 -25.6696 -30.5
    endloop
  endfacet
  facet normal 0 0 1
    outer loop
      vertex -33.1314 -25.8686 -30.5
      vertex -33.1314 -28.1314 -30.5
      vertex -32.8889 -28.3304 -30.5
    endloop
  endfacet
  facet normal -0 0 1
    outer loop
      vertex -33.3304 -26.1111 -30.5
      vertex -33.1314 -28.1314 -30.5
      vertex -33.1314 -25.8686 -30.5
    endloop
  endfacet
  facet normal 0 0 1
    outer loop
      vertex -33.3304 -26.1111 -30.5
      vertex -33.3304 -27.8889 -30.5
      vertex -33.1314 -28.1314 -30.5
    endloop
  endfacet
  facet normal -0 0 1
    outer loop
      vertex -33.4782 -26.3877 -30.5
      vertex -33.3304 -27.8889 -30.5
      vertex -33.3304 -26.1111 -30.5
    endloop
  endfacet
  facet normal 0 0 1
    outer loop
      vertex -33.4782 -26.3877 -30.5
      vertex -33.4782 -27.6123 -30.5
      vertex -33.3304 -27.8889 -30.5
    endloop
  endfacet
  facet normal -0 0 1
    outer loop
      vertex -33.5693 -26.6879 -30.5
      vertex -33.4782 -27.6123 -30.5
      vertex -33.4782 -26.3877 -30.5
    endloop
  endfacet
  facet normal 0 0 1
    outer loop
      vertex -33.5693 -26.6879 -30.5
      vertex -33.5693 -27.3121 -30.5
      vertex -33.4782 -27.6123 -30.5
    endloop
  endfacet
  facet normal 0 -0 1
    outer loop
      vertex -33.5693 -27.3121 -30.5
      vertex -33.5693 -26.6879 -30.5
      vertex -33.6 -27 -30.5
    endloop
  endfacet
  facet normal 0 0 1
    outer loop
      vertex -30.4307 27.3121 -30.5
      vertex -30.4307 26.6879 -30.5
      vertex -30.4 27 -30.5
    endloop
  endfacet
  facet normal 0 0 1
    outer loop
      vertex -30.5218 27.6123 -30.5
      vertex -30.4307 26.6879 -30.5
      vertex -30.4307 27.3121 -30.5
    endloop
  endfacet
  facet normal 0 0 1
    outer loop
      vertex -30.5218 27.6123 -30.5
      vertex -30.5218 26.3877 -30.5
      vertex -30.4307 26.6879 -30.5
    endloop
  endfacet
  facet normal 0 0 1
    outer loop
      vertex -30.6696 27.8889 -30.5
      vertex -30.5218 26.3877 -30.5
      vertex -30.5218 27.6123 -30.5
    endloop
  endfacet
  facet normal 0 0 1
    outer loop
      vertex -30.6696 27.8889 -30.5
      vertex -30.6696 26.1111 -30.5
      vertex -30.5218 26.3877 -30.5
    endloop
  endfacet
  facet normal 0 0 1
    outer loop
      vertex -30.8686 28.1314 -30.5
      vertex -30.6696 26.1111 -30.5
      vertex -30.6696 27.8889 -30.5
    endloop
  endfacet
  facet normal 0 0 1
    outer loop
      vertex -30.8686 28.1314 -30.5
      vertex -30.8686 25.8686 -30.5
      vertex -30.6696 26.1111 -30.5
    endloop
  endfacet
  facet normal 0 0 1
    outer loop
      vertex -31.1111 28.3304 -30.5
      vertex -30.8686 25.8686 -30.5
      vertex -30.8686 28.1314 -30.5
    endloop
  endfacet
  facet normal 0 0 1
    outer loop
      vertex -31.1111 28.3304 -30.5
      vertex -31.1111 25.6696 -30.5
      vertex -30.8686 25.8686 -30.5
    endloop
  endfacet
  facet normal 0 0 1
    outer loop
      vertex -31.3877 28.4782 -30.5
      vertex -31.1111 25.6696 -30.5
      vertex -31.1111 28.3304 -30.5
    endloop
  endfacet
  facet normal 0 0 1
    outer loop
      vertex -31.3877 28.4782 -30.5
      vertex -31.3877 25.5218 -30.5
      vertex -31.1111 25.6696 -30.5
    endloop
  endfacet
  facet normal 0 0 1
    outer loop
      vertex -31.6879 28.5693 -30.5
      vertex -31.3877 25.5218 -30.5
      vertex -31.3877 28.4782 -30.5
    endloop
  endfacet
  facet normal 0 0 1
    outer loop
      vertex -31.6879 28.5693 -30.5
      vertex -31.6879 25.4307 -30.5
      vertex -31.3877 25.5218 -30.5
    endloop
  endfacet
  facet normal 0 0 1
    outer loop
      vertex -32 28.6 -30.5
      vertex -31.6879 25.4307 -30.5
      vertex -31.6879 28.5693 -30.5
    endloop
  endfacet
  facet normal 0 0 1
    outer loop
      vertex -32 28.6 -30.5
      vertex -32 25.4 -30.5
      vertex -31.6879 25.4307 -30.5
    endloop
  endfacet
  facet normal -0 0 1
    outer loop
      vertex -32.3121 28.5693 -30.5
      vertex -32 25.4 -30.5
      vertex -32 28.6 -30.5
    endloop
  endfacet
  facet normal 0 0 1
    outer loop
      vertex -32.3121 28.5693 -30.5
      vertex -32.3121 25.4307 -30.5
      vertex -32 25.4 -30.5
    endloop
  endfacet
  facet normal -0 0 1
    outer loop
      vertex -32.6123 28.4782 -30.5
      vertex -32.3121 25.4307 -30.5
      vertex -32.3121 28.5693 -30.5
    endloop
  endfacet
  facet normal 0 0 1
    outer loop
      vertex -32.6123 28.4782 -30.5
      vertex -32.6123 25.5218 -30.5
      vertex -32.3121 25.4307 -30.5
    endloop
  endfacet
  facet normal -0 0 1
    outer loop
      vertex -32.8889 28.3304 -30.5
      vertex -32.6123 25.5218 -30.5
      vertex -32.6123 28.4782 -30.5
    endloop
  endfacet
  facet normal 0 0 1
    outer loop
      vertex -32.8889 28.3304 -30.5
      vertex -32.8889 25.6696 -30.5
      vertex -32.6123 25.5218 -30.5
    endloop
  endfacet
  facet normal -0 0 1
    outer loop
      vertex -33.1314 28.1314 -30.5
      vertex -32.8889 25.6696 -30.5
      vertex -32.8889 28.3304 -30.5
    endloop
  endfacet
  facet normal 0 0 1
    outer loop
      vertex -33.1314 28.1314 -30.5
      vertex -33.1314 25.8686 -30.5
      vertex -32.8889 25.6696 -30.5
    endloop
  endfacet
  facet normal -0 0 1
    outer loop
      vertex -33.3304 27.8889 -30.5
      vertex -33.1314 25.8686 -30.5
      vertex -33.1314 28.1314 -30.5
    endloop
  endfacet
  facet normal 0 0 1
    outer loop
      vertex -33.3304 27.8889 -30.5
      vertex -33.3304 26.1111 -30.5
      vertex -33.1314 25.8686 -30.5
    endloop
  endfacet
  facet normal -0 0 1
    outer loop
      vertex -33.4782 27.6123 -30.5
      vertex -33.3304 26.1111 -30.5
      vertex -33.3304 27.8889 -30.5
    endloop
  endfacet
  facet normal 0 0 1
    outer loop
      vertex -33.4782 27.6123 -30.5
      vertex -33.4782 26.3877 -30.5
      vertex -33.3304 26.1111 -30.5
    endloop
  endfacet
  facet normal -0 0 1
    outer loop
      vertex -33.5693 27.3121 -30.5
      vertex -33.4782 26.3877 -30.5
      vertex -33.4782 27.6123 -30.5
    endloop
  endfacet
  facet normal 0 0 1
    outer loop
      vertex -33.5693 27.3121 -30.5
      vertex -33.5693 26.6879 -30.5
      vertex -33.4782 26.3877 -30.5
    endloop
  endfacet
  facet normal 0 -0 1
    outer loop
      vertex -33.5693 26.6879 -30.5
      vertex -33.5693 27.3121 -30.5
      vertex -33.6 27 -30.5
    endloop
  endfacet
  facet normal 0 0 1
    outer loop
      vertex 33.5693 -26.6879 -30.5
      vertex 33.5693 -27.3121 -30.5
      vertex 33.6 -27 -30.5
    endloop
  endfacet
  facet normal 0 0 1
    outer loop
      vertex 33.4782 -26.3877 -30.5
      vertex 33.5693 -27.3121 -30.5
      vertex 33.5693 -26.6879 -30.5
    endloop
  endfacet
  facet normal 0 0 1
    outer loop
      vertex 33.4782 -26.3877 -30.5
      vertex 33.4782 -27.6123 -30.5
      vertex 33.5693 -27.3121 -30.5
    endloop
  endfacet
  facet normal 0 0 1
    outer loop
      vertex 33.3304 -26.1111 -30.5
      vertex 33.4782 -27.6123 -30.5
      vertex 33.4782 -26.3877 -30.5
    endloop
  endfacet
  facet normal 0 0 1
    outer loop
      vertex 33.3304 -26.1111 -30.5
      vertex 33.3304 -27.8889 -30.5
      vertex 33.4782 -27.6123 -30.5
    endloop
  endfacet
  facet normal 0 0 1
    outer loop
      vertex 33.1314 -25.8686 -30.5
      vertex 33.3304 -27.8889 -30.5
      vertex 33.3304 -26.1111 -30.5
    endloop
  endfacet
  facet normal 0 0 1
    outer loop
      vertex 33.1314 -25.8686 -30.5
      vertex 33.1314 -28.1314 -30.5
      vertex 33.3304 -27.8889 -30.5
    endloop
  endfacet
  facet normal 0 0 1
    outer loop
      vertex 32.8889 -25.6696 -30.5
      vertex 33.1314 -28.1314 -30.5
      vertex 33.1314 -25.8686 -30.5
    endloop
  endfacet
  facet normal 0 0 1
    outer loop
      vertex 32.8889 -25.6696 -30.5
      vertex 32.8889 -28.3304 -30.5
      vertex 33.1314 -28.1314 -30.5
    endloop
  endfacet
  facet normal 0 0 1
    outer loop
      vertex 32.6123 -25.5218 -30.5
      vertex 32.8889 -28.3304 -30.5
      vertex 32.8889 -25.6696 -30.5
    endloop
  endfacet
  facet normal 0 0 1
    outer loop
      vertex 32.6123 -25.5218 -30.5
      vertex 32.6123 -28.4782 -30.5
      vertex 32.8889 -28.3304 -30.5
    endloop
  endfacet
  facet normal 0 0 1
    outer loop
      vertex 32.3121 -25.4307 -30.5
      vertex 32.6123 -28.4782 -30.5
      vertex 32.6123 -25.5218 -30.5
    endloop
  endfacet
  facet normal 0 0 1
    outer loop
      vertex 32.3121 -25.4307 -30.5
      vertex 32.3121 -28.5693 -30.5
      vertex 32.6123 -28.4782 -30.5
    endloop
  endfacet
  facet normal 0 0 1
    outer loop
      vertex 32 -25.4 -30.5
      vertex 32.3121 -28.5693 -30.5
      vertex 32.3121 -25.4307 -30.5
    endloop
  endfacet
  facet normal 0 0 1
    outer loop
      vertex 32 -25.4 -30.5
      vertex 32 -28.6 -30.5
      vertex 32.3121 -28.5693 -30.5
    endloop
  endfacet
  facet normal -0 0 1
    outer loop
      vertex 31.6879 -25.4307 -30.5
      vertex 32 -28.6 -30.5
      vertex 32 -25.4 -30.5
    endloop
  endfacet
  facet normal 0 0 1
    outer loop
      vertex 31.6879 -25.4307 -30.5
      vertex 31.6879 -28.5693 -30.5
      vertex 32 -28.6 -30.5
    endloop
  endfacet
  facet normal -0 0 1
    outer loop
      vertex 31.3877 -25.5218 -30.5
      vertex 31.6879 -28.5693 -30.5
      vertex 31.6879 -25.4307 -30.5
    endloop
  endfacet
  facet normal 0 0 1
    outer loop
      vertex 31.3877 -25.5218 -30.5
      vertex 31.3877 -28.4782 -30.5
      vertex 31.6879 -28.5693 -30.5
    endloop
  endfacet
  facet normal -0 0 1
    outer loop
      vertex 31.1111 -25.6696 -30.5
      vertex 31.3877 -28.4782 -30.5
      vertex 31.3877 -25.5218 -30.5
    endloop
  endfacet
  facet normal 0 0 1
    outer loop
      vertex 31.1111 -25.6696 -30.5
      vertex 31.1111 -28.3304 -30.5
      vertex 31.3877 -28.4782 -30.5
    endloop
  endfacet
  facet normal -0 0 1
    outer loop
      vertex 30.8686 -25.8686 -30.5
      vertex 31.1111 -28.3304 -30.5
      vertex 31.1111 -25.6696 -30.5
    endloop
  endfacet
  facet normal 0 0 1
    outer loop
      vertex 30.8686 -25.8686 -30.5
      vertex 30.8686 -28.1314 -30.5
      vertex 31.1111 -28.3304 -30.5
    endloop
  endfacet
  facet normal -0 0 1
    outer loop
      vertex 30.6696 -26.1111 -30.5
      vertex 30.8686 -28.1314 -30.5
      vertex 30.8686 -25.8686 -30.5
    endloop
  endfacet
  facet normal 0 0 1
    outer loop
      vertex 30.6696 -26.1111 -30.5
      vertex 30.6696 -27.8889 -30.5
      vertex 30.8686 -28.1314 -30.5
    endloop
  endfacet
  facet normal -0 0 1
    outer loop
      vertex 30.5218 -26.3877 -30.5
      vertex 30.6696 -27.8889 -30.5
      vertex 30.6696 -26.1111 -30.5
    endloop
  endfacet
  facet normal 0 0 1
    outer loop
      vertex 30.5218 -26.3877 -30.5
      vertex 30.5218 -27.6123 -30.5
      vertex 30.6696 -27.8889 -30.5
    endloop
  endfacet
  facet normal -0 0 1
    outer loop
      vertex 30.4307 -26.6879 -30.5
      vertex 30.5218 -27.6123 -30.5
      vertex 30.5218 -26.3877 -30.5
    endloop
  endfacet
  facet normal 0 0 1
    outer loop
      vertex 30.4307 -26.6879 -30.5
      vertex 30.4307 -27.3121 -30.5
      vertex 30.5218 -27.6123 -30.5
    endloop
  endfacet
  facet normal 0 -0 1
    outer loop
      vertex 30.4307 -27.3121 -30.5
      vertex 30.4307 -26.6879 -30.5
      vertex 30.4 -27 -30.5
    endloop
  endfacet
  facet normal 0 0 1
    outer loop
      vertex 33.5693 27.3121 -30.5
      vertex 33.5693 26.6879 -30.5
      vertex 33.6 27 -30.5
    endloop
  endfacet
  facet normal 0 0 1
    outer loop
      vertex 33.4782 27.6123 -30.5
      vertex 33.5693 26.6879 -30.5
      vertex 33.5693 27.3121 -30.5
    endloop
  endfacet
  facet normal 0 0 1
    outer loop
      vertex 33.4782 27.6123 -30.5
      vertex 33.4782 26.3877 -30.5
      vertex 33.5693 26.6879 -30.5
    endloop
  endfacet
  facet normal 0 0 1
    outer loop
      vertex 33.3304 27.8889 -30.5
      vertex 33.4782 26.3877 -30.5
      vertex 33.4782 27.6123 -30.5
    endloop
  endfacet
  facet normal 0 0 1
    outer loop
      vertex 33.3304 27.8889 -30.5
      vertex 33.3304 26.1111 -30.5
      vertex 33.4782 26.3877 -30.5
    endloop
  endfacet
  facet normal 0 0 1
    outer loop
      vertex 33.1314 28.1314 -30.5
      vertex 33.3304 26.1111 -30.5
      vertex 33.3304 27.8889 -30.5
    endloop
  endfacet
  facet normal 0 0 1
    outer loop
      vertex 33.1314 28.1314 -30.5
      vertex 33.1314 25.8686 -30.5
      vertex 33.3304 26.1111 -30.5
    endloop
  endfacet
  facet normal 0 0 1
    outer loop
      vertex 32.8889 28.3304 -30.5
      vertex 33.1314 25.8686 -30.5
      vertex 33.1314 28.1314 -30.5
    endloop
  endfacet
  facet normal 0 0 1
    outer loop
      vertex 32.8889 28.3304 -30.5
      vertex 32.8889 25.6696 -30.5
      vertex 33.1314 25.8686 -30.5
    endloop
  endfacet
  facet normal 0 0 1
    outer loop
      vertex 32.6123 28.4782 -30.5
      vertex 32.8889 25.6696 -30.5
      vertex 32.8889 28.3304 -30.5
    endloop
  endfacet
  facet normal 0 0 1
    outer loop
      vertex 32.6123 28.4782 -30.5
      vertex 32.6123 25.5218 -30.5
      vertex 32.8889 25.6696 -30.5
    endloop
  endfacet
  facet normal 0 0 1
    outer loop
      vertex 32.3121 28.5693 -30.5
      vertex 32.6123 25.5218 -30.5
      vertex 32.6123 28.4782 -30.5
    endloop
  endfacet
  facet normal 0 0 1
    outer loop
      vertex 32.3121 28.5693 -30.5
      vertex 32.3121 25.4307 -30.5
      vertex 32.6123 25.5218 -30.5
    endloop
  endfacet
  facet normal 0 0 1
    outer loop
      vertex 32 28.6 -30.5
      vertex 32.3121 25.4307 -30.5
      vertex 32.3121 28.5693 -30.5
    endloop
  endfacet
  facet normal 0 0 1
    outer loop
      vertex 32 28.6 -30.5
      vertex 32 25.4 -30.5
      vertex 32.3121 25.4307 -30.5
    endloop
  endfacet
  facet normal -0 0 1
    outer loop
      vertex 31.6879 28.5693 -30.5
      vertex 32 25.4 -30.5
      vertex 32 28.6 -30.5
    endloop
  endfacet
  facet normal 0 0 1
    outer loop
      vertex 31.6879 28.5693 -30.5
      vertex 31.6879 25.4307 -30.5
      vertex 32 25.4 -30.5
    endloop
  endfacet
  facet normal -0 0 1
    outer loop
      vertex 31.3877 28.4782 -30.5
      vertex 31.6879 25.4307 -30.5
      vertex 31.6879 28.5693 -30.5
    endloop
  endfacet
  facet normal 0 0 1
    outer loop
      vertex 31.3877 28.4782 -30.5
      vertex 31.3877 25.5218 -30.5
      vertex 31.6879 25.4307 -30.5
    endloop
  endfacet
  facet normal -0 0 1
    outer loop
      vertex 31.1111 28.3304 -30.5
      vertex 31.3877 25.5218 -30.5
      vertex 31.3877 28.4782 -30.5
    endloop
  endfacet
  facet normal 0 0 1
    outer loop
      vertex 31.1111 28.3304 -30.5
      vertex 31.1111 25.6696 -30.5
      vertex 31.3877 25.5218 -30.5
    endloop
  endfacet
  facet normal -0 0 1
    outer loop
      vertex 30.8686 28.1314 -30.5
      vertex 31.1111 25.6696 -30.5
      vertex 31.1111 28.3304 -30.5
    endloop
  endfacet
  facet normal 0 0 1
    outer loop
      vertex 30.8686 28.1314 -30.5
      vertex 30.8686 25.8686 -30.5
      vertex 31.1111 25.6696 -30.5
    endloop
  endfacet
  facet normal -0 0 1
    outer loop
      vertex 30.6696 27.8889 -30.5
      vertex 30.8686 25.8686 -30.5
      vertex 30.8686 28.1314 -30.5
    endloop
  endfacet
  facet normal 0 0 1
    outer loop
      vertex 30.6696 27.8889 -30.5
      vertex 30.6696 26.1111 -30.5
      vertex 30.8686 25.8686 -30.5
    endloop
  endfacet
  facet normal -0 0 1
    outer loop
      vertex 30.5218 27.6123 -30.5
      vertex 30.6696 26.1111 -30.5
      vertex 30.6696 27.8889 -30.5
    endloop
  endfacet
  facet normal 0 0 1
    outer loop
      vertex 30.5218 27.6123 -30.5
      vertex 30.5218 26.3877 -30.5
      vertex 30.6696 26.1111 -30.5
    endloop
  endfacet
  facet normal -0 0 1
    outer loop
      vertex 30.4307 27.3121 -30.5
      vertex 30.5218 26.3877 -30.5
      vertex 30.5218 27.6123 -30.5
    endloop
  endfacet
  facet normal 0 0 1
    outer loop
      vertex 30.4307 27.3121 -30.5
      vertex 30.4307 26.6879 -30.5
      vertex 30.5218 26.3877 -30.5
    endloop
  endfacet
  facet normal 0 -0 1
    outer loop
      vertex 30.4307 26.6879 -30.5
      vertex 30.4307 27.3121 -30.5
      vertex 30.4 27 -30.5
    endloop
  endfacet
  facet normal 1 -0 0
    outer loop
      vertex -36 -31 -2
      vertex -36 31 -30.5
      vertex -36 31 -2
    endloop
  endfacet
  facet normal 1 0 0
    outer loop
      vertex -36 31 -30.5
      vertex -36 -31 -2
      vertex -36 -31 -30.5
    endloop
  endfacet
  facet normal 1 -0 0
    outer loop
      vertex -36 -31 32.5
      vertex -36 31 1
      vertex -36 31 32.5
    endloop
  endfacet
  facet normal 1 0 0
    outer loop
      vertex -36 31 1
      vertex -36 -31 32.5
      vertex -36 -31 1
    endloop
  endfacet
  facet normal 0 -1 0
    outer loop
      vertex -36 31 -30.5
      vertex -34 31 -2
      vertex -36 31 -2
    endloop
  endfacet
  facet normal 0 -1 0
    outer loop
      vertex -34 31 -2
      vertex -10 31 -16.5
      vertex 34 31 -2
    endloop
  endfacet
  facet normal 0 -1 0
    outer loop
      vertex 10 31 -16.5
      vertex 34 31 -2
      vertex -10 31 -16.5
    endloop
  endfacet
  facet normal 0 -1 -0
    outer loop
      vertex -34 31 -2
      vertex -36 31 -30.5
      vertex -10 31 -16.5
    endloop
  endfacet
  facet normal 0 -1 -0
    outer loop
      vertex -10 31 -24.5
      vertex -36 31 -30.5
      vertex 10 31 -24.5
    endloop
  endfacet
  facet normal 0 -1 -0
    outer loop
      vertex -10 31 -16.5
      vertex -36 31 -30.5
      vertex -10 31 -24.5
    endloop
  endfacet
  facet normal 0 -1 0
    outer loop
      vertex -34 31 -2
      vertex 34 31 1
      vertex -34 31 1
    endloop
  endfacet
  facet normal 0 -1 -0
    outer loop
      vertex 34 31 1
      vertex -34 31 -2
      vertex 34 31 -2
    endloop
  endfacet
  facet normal 0 -1 0
    outer loop
      vertex -34 31 1
      vertex -36 31 32.5
      vertex -36 31 1
    endloop
  endfacet
  facet normal 0 -1 0
    outer loop
      vertex -36 31 32.5
      vertex -34 31 1
      vertex 36 31 32.5
    endloop
  endfacet
  facet normal 0 -1 0
    outer loop
      vertex 34 31 1
      vertex 36 31 32.5
      vertex -34 31 1
    endloop
  endfacet
  facet normal 0 -1 -0
    outer loop
      vertex 36 31 32.5
      vertex 34 31 1
      vertex 36 31 1
    endloop
  endfacet
  facet normal 0 -1 0
    outer loop
      vertex 36 31 -30.5
      vertex 34 31 -2
      vertex 10 31 -16.5
    endloop
  endfacet
  facet normal 0 -1 0
    outer loop
      vertex 36 31 -30.5
      vertex 10 31 -16.5
      vertex 10 31 -24.5
    endloop
  endfacet
  facet normal 0 -1 0
    outer loop
      vertex 34 31 -2
      vertex 36 31 -30.5
      vertex 36 31 -2
    endloop
  endfacet
  facet normal 0 -1 0
    outer loop
      vertex 36 31 -30.5
      vertex 10 31 -24.5
      vertex -36 31 -30.5
    endloop
  endfacet
  facet normal 0 1 0
    outer loop
      vertex -12.3707 -31 -22.8737
      vertex -13.4 -31 -22.366
      vertex -12.9308 -31 -22.366
    endloop
  endfacet
  facet normal 0 1 0
    outer loop
      vertex -13.4 -31 -22.366
      vertex -14.3 -31 -23.9248
      vertex -16.2 -31 -22.366
    endloop
  endfacet
  facet normal 0 1 0
    outer loop
      vertex -16.2 -31 -22.366
      vertex -15.3 -31 -23.9248
      vertex -17.2 -31 -22.366
    endloop
  endfacet
  facet normal 0 1 0
    outer loop
      vertex -18.1 -31 -23.9248
      vertex -17.2 -31 -22.366
      vertex -15.3 -31 -23.9248
    endloop
  endfacet
  facet normal 0 1 -0
    outer loop
      vertex -19.1 -31 -23.9248
      vertex -20 -31 -22.366
      vertex -18.1 -31 -23.9248
    endloop
  endfacet
  facet normal 0 1 0
    outer loop
      vertex -20 -31 -22.366
      vertex -19.1 -31 -23.9248
      vertex -21 -31 -22.366
    endloop
  endfacet
  facet normal 0 1 0
    outer loop
      vertex -13.4 -31 -22.366
      vertex -12.3707 -31 -22.8737
      vertex -14.3 -31 -23.9248
    endloop
  endfacet
  facet normal 0 1 -0
    outer loop
      vertex -21.5 -31 -21.5
      vertex -23.8 -31 -20.634
      vertex -21 -31 -20.634
    endloop
  endfacet
  facet normal 0 1 0
    outer loop
      vertex -21.5 -31 -21.5
      vertex -23.3 -31 -21.5
      vertex -23.8 -31 -20.634
    endloop
  endfacet
  facet normal 0 1 0
    outer loop
      vertex -21 -31 -22.366
      vertex -23.3 -31 -21.5
      vertex -21.5 -31 -21.5
    endloop
  endfacet
  facet normal 0 1 0
    outer loop
      vertex -23.3 -31 -21.5
      vertex -21 -31 -22.366
      vertex -23.8 -31 -22.366
    endloop
  endfacet
  facet normal 0 1 -0
    outer loop
      vertex -17.7 -31 -21.5
      vertex -20 -31 -20.634
      vertex -17.2 -31 -20.634
    endloop
  endfacet
  facet normal 0 1 0
    outer loop
      vertex -17.7 -31 -21.5
      vertex -19.5 -31 -21.5
      vertex -20 -31 -20.634
    endloop
  endfacet
  facet normal 0 1 0
    outer loop
      vertex -17.2 -31 -22.366
      vertex -19.5 -31 -21.5
      vertex -17.7 -31 -21.5
    endloop
  endfacet
  facet normal 0 1 0
    outer loop
      vertex -19.5 -31 -21.5
      vertex -17.2 -31 -22.366
      vertex -20 -31 -22.366
    endloop
  endfacet
  facet normal 0 1 -0
    outer loop
      vertex -13.9 -31 -21.5
      vertex -15.0737 -31 -20.1707
      vertex -13.8879 -31 -21.479
    endloop
  endfacet
  facet normal 0 1 0
    outer loop
      vertex -15.0737 -31 -20.1707
      vertex -13.9 -31 -21.5
      vertex -15.7 -31 -21.5
    endloop
  endfacet
  facet normal 0 1 0
    outer loop
      vertex -15.0737 -31 -20.1707
      vertex -15.7 -31 -21.5
      vertex -16.2 -31 -20.634
    endloop
  endfacet
  facet normal 0 1 0
    outer loop
      vertex -13.4 -31 -22.366
      vertex -15.7 -31 -21.5
      vertex -13.9 -31 -21.5
    endloop
  endfacet
  facet normal 0 1 0
    outer loop
      vertex -15.7 -31 -21.5
      vertex -13.4 -31 -22.366
      vertex -16.2 -31 -22.366
    endloop
  endfacet
  facet normal 0 1 -0
    outer loop
      vertex -21.5 -31 -14.9184
      vertex -23.8 -31 -14.0524
      vertex -21 -31 -14.0524
    endloop
  endfacet
  facet normal 0 1 0
    outer loop
      vertex -21.5 -31 -14.9184
      vertex -23.3 -31 -14.9184
      vertex -23.8 -31 -14.0524
    endloop
  endfacet
  facet normal 0 1 0
    outer loop
      vertex -21 -31 -15.7844
      vertex -23.3 -31 -14.9184
      vertex -21.5 -31 -14.9184
    endloop
  endfacet
  facet normal 0 1 0
    outer loop
      vertex -23.3 -31 -14.9184
      vertex -21 -31 -15.7844
      vertex -23.8 -31 -15.7844
    endloop
  endfacet
  facet normal 0 1 0
    outer loop
      vertex -18.6603 -31 -13.4606
      vertex -19.5 -31 -14.9184
      vertex -20 -31 -14.0524
    endloop
  endfacet
  facet normal 0 1 0
    outer loop
      vertex -18.0157 -31 -15.2623
      vertex -19.5 -31 -14.9184
      vertex -18.6603 -31 -13.4606
    endloop
  endfacet
  facet normal 0 1 0
    outer loop
      vertex -18.0157 -31 -15.2623
      vertex -20 -31 -15.7844
      vertex -19.5 -31 -14.9184
    endloop
  endfacet
  facet normal 0 1 0
    outer loop
      vertex -21.9 -31 -17.3432
      vertex -21 -31 -15.7844
      vertex -20 -31 -15.7844
    endloop
  endfacet
  facet normal 0 1 0
    outer loop
      vertex -21 -31 -15.7844
      vertex -21.9 -31 -17.3432
      vertex -23.8 -31 -15.7844
    endloop
  endfacet
  facet normal 0 1 0
    outer loop
      vertex -19.1 -31 -17.3432
      vertex -18.0157 -31 -15.2623
      vertex -18.1 -31 -17.3432
    endloop
  endfacet
  facet normal 0 1 0
    outer loop
      vertex -18.1 -31 -17.3432
      vertex -18.0157 -31 -15.2623
      vertex -17.1975 -31 -16.9922
    endloop
  endfacet
  facet normal 0 1 -0
    outer loop
      vertex 36 -31 -30.5
      vertex 34 -31 -2
      vertex 36 -31 -2
    endloop
  endfacet
  facet normal 0 1 0
    outer loop
      vertex 34 -31 -2
      vertex 19.1253 -31 -3.99574
      vertex 18.6603 -31 -2.13945
    endloop
  endfacet
  facet normal 0 1 0
    outer loop
      vertex 34 -31 -2
      vertex 19.4061 -31 -5.88867
      vertex 19.1253 -31 -3.99574
    endloop
  endfacet
  facet normal 0 1 0
    outer loop
      vertex 34 -31 -2
      vertex 19.5 -31 -7.8
      vertex 19.4061 -31 -5.88867
    endloop
  endfacet
  facet normal 0 1 0
    outer loop
      vertex 34 -31 -2
      vertex 19.4061 -31 -9.71133
      vertex 19.5 -31 -7.8
    endloop
  endfacet
  facet normal 0 1 0
    outer loop
      vertex 34 -31 -2
      vertex 19.1253 -31 -11.6043
      vertex 19.4061 -31 -9.71133
    endloop
  endfacet
  facet normal 0 1 0
    outer loop
      vertex 34 -31 -2
      vertex 18.6603 -31 -13.4606
      vertex 19.1253 -31 -11.6043
    endloop
  endfacet
  facet normal 0 1 0
    outer loop
      vertex 34 -31 -2
      vertex 36 -31 -30.5
      vertex 18.6603 -31 -13.4606
    endloop
  endfacet
  facet normal 0 1 0
    outer loop
      vertex 18.6603 -31 -13.4606
      vertex 36 -31 -30.5
      vertex 18.0157 -31 -15.2623
    endloop
  endfacet
  facet normal 0 1 0
    outer loop
      vertex 18.0157 -31 -15.2623
      vertex 36 -31 -30.5
      vertex 17.1975 -31 -16.9922
    endloop
  endfacet
  facet normal 0 1 0
    outer loop
      vertex 17.1975 -31 -16.9922
      vertex 36 -31 -30.5
      vertex 16.2137 -31 -18.6336
    endloop
  endfacet
  facet normal 0 1 0
    outer loop
      vertex 16.2137 -31 -18.6336
      vertex 36 -31 -30.5
      vertex 15.0737 -31 -20.1707
    endloop
  endfacet
  facet normal 0 1 0
    outer loop
      vertex 15.0737 -31 -20.1707
      vertex 36 -31 -30.5
      vertex 13.7886 -31 -21.5886
    endloop
  endfacet
  facet normal 0 1 0
    outer loop
      vertex 3.80426 -31 -26.9253
      vertex 2.8 -31 -27.2156
      vertex 1.91133 -31 -27.2061
    endloop
  endfacet
  facet normal 0 1 0
    outer loop
      vertex 3.3 -31 -28.0816
      vertex 3.80426 -31 -26.9253
      vertex 5.66055 -31 -26.4603
    endloop
  endfacet
  facet normal 0 1 0
    outer loop
      vertex 3.80426 -31 -26.9253
      vertex 3.3 -31 -28.0816
      vertex 2.8 -31 -27.2156
    endloop
  endfacet
  facet normal 0 1 0
    outer loop
      vertex 2.8 -31 -28.9476
      vertex 5.66055 -31 -26.4603
      vertex 7.46233 -31 -25.8157
    endloop
  endfacet
  facet normal 0 1 0
    outer loop
      vertex 2.8 -31 -28.9476
      vertex 7.46233 -31 -25.8157
      vertex 9.19224 -31 -24.9975
    endloop
  endfacet
  facet normal 0 1 0
    outer loop
      vertex 5.66055 -31 -26.4603
      vertex 2.8 -31 -28.9476
      vertex 3.3 -31 -28.0816
    endloop
  endfacet
  facet normal 0 1 0
    outer loop
      vertex 36 -31 -30.5
      vertex 9.19224 -31 -24.9975
      vertex 10.8336 -31 -24.0137
    endloop
  endfacet
  facet normal 0 0 0
    outer loop
      vertex 2.8 -31 -28.9476
      vertex -1 -31 -28.9476
      vertex 1.8 -31 -28.9476
    endloop
  endfacet
  facet normal 0 0 0
    outer loop
      vertex 2.8 -31 -28.9476
      vertex -2 -31 -28.9476
      vertex -1 -31 -28.9476
    endloop
  endfacet
  facet normal 0 0 0
    outer loop
      vertex 2.8 -31 -28.9476
      vertex -4.8 -31 -28.9476
      vertex -2 -31 -28.9476
    endloop
  endfacet
  facet normal 0 1 0
    outer loop
      vertex -36 -31 -30.5
      vertex -4.8 -31 -28.9476
      vertex 2.8 -31 -28.9476
    endloop
  endfacet
  facet normal 0 1 0
    outer loop
      vertex -4.8 -31 -28.9476
      vertex -36 -31 -30.5
      vertex -5.8 -31 -28.9476
    endloop
  endfacet
  facet normal 0 1 0
    outer loop
      vertex -5.8 -31 -28.9476
      vertex -36 -31 -30.5
      vertex -8.6 -31 -28.9476
    endloop
  endfacet
  facet normal 0 1 0
    outer loop
      vertex -8.6 -31 -28.9476
      vertex -36 -31 -30.5
      vertex -9.6 -31 -28.9476
    endloop
  endfacet
  facet normal 0 1 0
    outer loop
      vertex -9.6 -31 -28.9476
      vertex -36 -31 -30.5
      vertex -12.4 -31 -28.9476
    endloop
  endfacet
  facet normal 0 1 0
    outer loop
      vertex -12.4 -31 -28.9476
      vertex -36 -31 -30.5
      vertex -13.4 -31 -28.9476
    endloop
  endfacet
  facet normal 0 1 0
    outer loop
      vertex -13.4 -31 -28.9476
      vertex -36 -31 -30.5
      vertex -16.2 -31 -28.9476
    endloop
  endfacet
  facet normal 0 1 0
    outer loop
      vertex -16.2 -31 -28.9476
      vertex -36 -31 -30.5
      vertex -17.2 -31 -28.9476
    endloop
  endfacet
  facet normal 0 1 0
    outer loop
      vertex -17.2 -31 -28.9476
      vertex -36 -31 -30.5
      vertex -20 -31 -28.9476
    endloop
  endfacet
  facet normal 0 1 0
    outer loop
      vertex -20 -31 -28.9476
      vertex -36 -31 -30.5
      vertex -21 -31 -28.9476
    endloop
  endfacet
  facet normal 0 1 0
    outer loop
      vertex -21 -31 -28.9476
      vertex -36 -31 -30.5
      vertex -23.8 -31 -28.9476
    endloop
  endfacet
  facet normal 0 1 0
    outer loop
      vertex -36 -31 -30.5
      vertex 2.8 -31 -28.9476
      vertex 36 -31 -30.5
    endloop
  endfacet
  facet normal 0 1 0
    outer loop
      vertex 9.19224 -31 -24.9975
      vertex 36 -31 -30.5
      vertex 2.8 -31 -28.9476
    endloop
  endfacet
  facet normal 0 1 0
    outer loop
      vertex 12.3707 -31 -22.8737
      vertex 36 -31 -30.5
      vertex 10.8336 -31 -24.0137
    endloop
  endfacet
  facet normal 0 1 0
    outer loop
      vertex 13.7886 -31 -21.5886
      vertex 36 -31 -30.5
      vertex 12.3707 -31 -22.8737
    endloop
  endfacet
  facet normal 0 1 -0
    outer loop
      vertex -18.0157 -31 -0.337672
      vertex -34 -31 1
      vertex -17.1975 -31 1.39224
    endloop
  endfacet
  facet normal 0 1 -0
    outer loop
      vertex -18.6603 -31 -2.13945
      vertex -34 -31 1
      vertex -18.0157 -31 -0.337672
    endloop
  endfacet
  facet normal 0 1 0
    outer loop
      vertex -34 -31 1
      vertex -18.6603 -31 -2.13945
      vertex -34 -31 -2
    endloop
  endfacet
  facet normal 0 1 -0
    outer loop
      vertex -19.1253 -31 -3.99574
      vertex -34 -31 -2
      vertex -18.6603 -31 -2.13945
    endloop
  endfacet
  facet normal 0 1 -0
    outer loop
      vertex -19.4061 -31 -5.88867
      vertex -34 -31 -2
      vertex -19.1253 -31 -3.99574
    endloop
  endfacet
  facet normal 0 1 -0
    outer loop
      vertex -24.8 -31 -14.0524
      vertex -34 -31 -2
      vertex -19.4061 -31 -5.88867
    endloop
  endfacet
  facet normal 0 1 0
    outer loop
      vertex -24.8 -31 -14.0524
      vertex -19.4061 -31 -5.88867
      vertex -19.5 -31 -7.8
    endloop
  endfacet
  facet normal 0 1 0
    outer loop
      vertex -24.8 -31 -14.0524
      vertex -19.5 -31 -7.8
      vertex -19.4061 -31 -9.71133
    endloop
  endfacet
  facet normal 0 1 0
    outer loop
      vertex -21 -31 -14.0524
      vertex -19.4061 -31 -9.71133
      vertex -19.1253 -31 -11.6043
    endloop
  endfacet
  facet normal 0 1 0
    outer loop
      vertex -20 -31 -14.0524
      vertex -19.1253 -31 -11.6043
      vertex -18.6603 -31 -13.4606
    endloop
  endfacet
  facet normal 0 1 0
    outer loop
      vertex -19.1253 -31 -11.6043
      vertex -20 -31 -14.0524
      vertex -21 -31 -14.0524
    endloop
  endfacet
  facet normal 0 1 0
    outer loop
      vertex -19.4061 -31 -9.71133
      vertex -21 -31 -14.0524
      vertex -23.8 -31 -14.0524
    endloop
  endfacet
  facet normal 0 1 0
    outer loop
      vertex -19.4061 -31 -9.71133
      vertex -23.8 -31 -14.0524
      vertex -24.8 -31 -14.0524
    endloop
  endfacet
  facet normal 0 1 -0
    outer loop
      vertex -25.3 -31 -14.9184
      vertex -34 -31 -2
      vertex -24.8 -31 -14.0524
    endloop
  endfacet
  facet normal 0 1 0
    outer loop
      vertex -34 -31 -2
      vertex -25.3 -31 -14.9184
      vertex -36 -31 -2
    endloop
  endfacet
  facet normal 0 1 0
    outer loop
      vertex -25.3 -31 -21.5
      vertex -25.3 -31 -14.9184
      vertex -24.8 -31 -15.7844
    endloop
  endfacet
  facet normal 0 1 0
    outer loop
      vertex -18.0157 -31 -15.2623
      vertex -19.1 -31 -17.3432
      vertex -20 -31 -15.7844
    endloop
  endfacet
  facet normal 0 1 0
    outer loop
      vertex -21.9 -31 -17.3432
      vertex -20 -31 -15.7844
      vertex -19.1 -31 -17.3432
    endloop
  endfacet
  facet normal 0 1 -0
    outer loop
      vertex -22.9 -31 -17.3432
      vertex -23.8 -31 -15.7844
      vertex -21.9 -31 -17.3432
    endloop
  endfacet
  facet normal 0 1 0
    outer loop
      vertex -23.8 -31 -15.7844
      vertex -22.9 -31 -17.3432
      vertex -24.8 -31 -15.7844
    endloop
  endfacet
  facet normal 0 1 -0
    outer loop
      vertex -23.4 -31 -18.2092
      vertex -24.8 -31 -15.7844
      vertex -22.9 -31 -17.3432
    endloop
  endfacet
  facet normal 0 1 0
    outer loop
      vertex -24.8 -31 -20.634
      vertex -24.8 -31 -15.7844
      vertex -23.4 -31 -18.2092
    endloop
  endfacet
  facet normal 0 1 0
    outer loop
      vertex -24.8 -31 -20.634
      vertex -23.4 -31 -18.2092
      vertex -22.9 -31 -19.0752
    endloop
  endfacet
  facet normal 0 1 0
    outer loop
      vertex -20 -31 -20.634
      vertex -19.1 -31 -19.0752
      vertex -17.2 -31 -20.634
    endloop
  endfacet
  facet normal 0 1 0
    outer loop
      vertex -19.1 -31 -19.0752
      vertex -20 -31 -20.634
      vertex -21.9 -31 -19.0752
    endloop
  endfacet
  facet normal 0 1 -0
    outer loop
      vertex -21 -31 -20.634
      vertex -21.9 -31 -19.0752
      vertex -20 -31 -20.634
    endloop
  endfacet
  facet normal 0 1 0
    outer loop
      vertex -21.9 -31 -19.0752
      vertex -21 -31 -20.634
      vertex -22.9 -31 -19.0752
    endloop
  endfacet
  facet normal 0 1 0
    outer loop
      vertex -23.8 -31 -20.634
      vertex -22.9 -31 -19.0752
      vertex -21 -31 -20.634
    endloop
  endfacet
  facet normal 0 1 0
    outer loop
      vertex -24.8 -31 -20.634
      vertex -22.9 -31 -19.0752
      vertex -23.8 -31 -20.634
    endloop
  endfacet
  facet normal 0 1 0
    outer loop
      vertex -25.3 -31 -21.5
      vertex -24.8 -31 -15.7844
      vertex -24.8 -31 -20.634
    endloop
  endfacet
  facet normal 0 1 0
    outer loop
      vertex -25.3 -31 -14.9184
      vertex -25.3 -31 -21.5
      vertex -36 -31 -30.5
    endloop
  endfacet
  facet normal 0 1 -0
    outer loop
      vertex -11.5 -31 -23.9248
      vertex -12.3707 -31 -22.8737
      vertex -10.9535 -31 -23.9248
    endloop
  endfacet
  facet normal 0 1 -0
    outer loop
      vertex -12 -31 -24.7908
      vertex -12.3707 -31 -22.8737
      vertex -11.5 -31 -23.9248
    endloop
  endfacet
  facet normal 0 1 0
    outer loop
      vertex -16.2 -31 -22.366
      vertex -14.3 -31 -23.9248
      vertex -15.3 -31 -23.9248
    endloop
  endfacet
  facet normal 0 1 0
    outer loop
      vertex -17.2 -31 -22.366
      vertex -18.1 -31 -23.9248
      vertex -20 -31 -22.366
    endloop
  endfacet
  facet normal 0 1 0
    outer loop
      vertex -21.9 -31 -23.9248
      vertex -21 -31 -22.366
      vertex -19.1 -31 -23.9248
    endloop
  endfacet
  facet normal 0 1 0
    outer loop
      vertex -21 -31 -22.366
      vertex -21.9 -31 -23.9248
      vertex -23.8 -31 -22.366
    endloop
  endfacet
  facet normal 0 1 -0
    outer loop
      vertex -22.9 -31 -23.9248
      vertex -23.8 -31 -22.366
      vertex -21.9 -31 -23.9248
    endloop
  endfacet
  facet normal 0 1 0
    outer loop
      vertex -23.8 -31 -22.366
      vertex -22.9 -31 -23.9248
      vertex -24.8 -31 -22.366
    endloop
  endfacet
  facet normal 0 1 -0
    outer loop
      vertex -23.4 -31 -24.7908
      vertex -24.8 -31 -22.366
      vertex -22.9 -31 -23.9248
    endloop
  endfacet
  facet normal 0 1 0
    outer loop
      vertex -24.8 -31 -27.2156
      vertex -23.4 -31 -24.7908
      vertex -22.9 -31 -25.6568
    endloop
  endfacet
  facet normal 0 1 0
    outer loop
      vertex -15.3 -31 -25.6568
      vertex -16.2 -31 -27.2156
      vertex -18.1 -31 -25.6568
    endloop
  endfacet
  facet normal 0 1 -0
    outer loop
      vertex -4.8 -31 -27.2156
      vertex -5.66055 -31 -26.4603
      vertex -3.80426 -31 -26.9253
    endloop
  endfacet
  facet normal 0 1 -0
    outer loop
      vertex -2 -31 -27.2156
      vertex -3.80426 -31 -26.9253
      vertex -1.91133 -31 -27.2061
    endloop
  endfacet
  facet normal 0 1 0
    outer loop
      vertex -2 -31 -27.2156
      vertex -1.91133 -31 -27.2061
      vertex -1.71851 -31 -27.2156
    endloop
  endfacet
  facet normal 0 1 -0
    outer loop
      vertex -2.5 -31 -28.0816
      vertex -3.80426 -31 -26.9253
      vertex -2 -31 -27.2156
    endloop
  endfacet
  facet normal 0 1 0
    outer loop
      vertex -5.66055 -31 -26.4603
      vertex -4.8 -31 -27.2156
      vertex -5.8 -31 -27.2156
    endloop
  endfacet
  facet normal 0 1 0
    outer loop
      vertex -5.66055 -31 -26.4603
      vertex -5.8 -31 -27.2156
      vertex -8.6 -31 -27.2156
    endloop
  endfacet
  facet normal 0 1 0
    outer loop
      vertex -5.66055 -31 -26.4603
      vertex -8.6 -31 -27.2156
      vertex -9.6 -31 -27.2156
    endloop
  endfacet
  facet normal 0 1 0
    outer loop
      vertex -12.4 -31 -27.2156
      vertex -5.66055 -31 -26.4603
      vertex -9.6 -31 -27.2156
    endloop
  endfacet
  facet normal 0 1 -0
    outer loop
      vertex -17.2 -31 -27.2156
      vertex -18.1 -31 -25.6568
      vertex -16.2 -31 -27.2156
    endloop
  endfacet
  facet normal 0 1 0
    outer loop
      vertex -18.1 -31 -25.6568
      vertex -17.2 -31 -27.2156
      vertex -19.1 -31 -25.6568
    endloop
  endfacet
  facet normal 0 1 0
    outer loop
      vertex -20 -31 -27.2156
      vertex -19.1 -31 -25.6568
      vertex -17.2 -31 -27.2156
    endloop
  endfacet
  facet normal 0 1 0
    outer loop
      vertex -19.1 -31 -25.6568
      vertex -20 -31 -27.2156
      vertex -21.9 -31 -25.6568
    endloop
  endfacet
  facet normal 0 1 -0
    outer loop
      vertex -21 -31 -27.2156
      vertex -21.9 -31 -25.6568
      vertex -20 -31 -27.2156
    endloop
  endfacet
  facet normal 0 1 0
    outer loop
      vertex -21.9 -31 -25.6568
      vertex -21 -31 -27.2156
      vertex -22.9 -31 -25.6568
    endloop
  endfacet
  facet normal 0 1 0
    outer loop
      vertex -23.8 -31 -27.2156
      vertex -22.9 -31 -25.6568
      vertex -21 -31 -27.2156
    endloop
  endfacet
  facet normal 0 1 0
    outer loop
      vertex -24.8 -31 -27.2156
      vertex -22.9 -31 -25.6568
      vertex -23.8 -31 -27.2156
    endloop
  endfacet
  facet normal 0 1 0
    outer loop
      vertex -23.4 -31 -24.7908
      vertex -24.8 -31 -27.2156
      vertex -24.8 -31 -22.366
    endloop
  endfacet
  facet normal 0 1 0
    outer loop
      vertex -24.8 -31 -22.366
      vertex -24.8 -31 -27.2156
      vertex -25.3 -31 -21.5
    endloop
  endfacet
  facet normal 0 1 0
    outer loop
      vertex -25.3 -31 -28.0816
      vertex -25.3 -31 -21.5
      vertex -24.8 -31 -27.2156
    endloop
  endfacet
  facet normal 0 1 0
    outer loop
      vertex -25.3 -31 -21.5
      vertex -25.3 -31 -28.0816
      vertex -36 -31 -30.5
    endloop
  endfacet
  facet normal 0 1 0
    outer loop
      vertex -25.3 -31 -14.9184
      vertex -36 -31 -30.5
      vertex -36 -31 -2
    endloop
  endfacet
  facet normal 0 1 0
    outer loop
      vertex -24.8 -31 -28.9476
      vertex -36 -31 -30.5
      vertex -25.3 -31 -28.0816
    endloop
  endfacet
  facet normal 0 1 0
    outer loop
      vertex -23.8 -31 -28.9476
      vertex -36 -31 -30.5
      vertex -24.8 -31 -28.9476
    endloop
  endfacet
  facet normal 0 1 0
    outer loop
      vertex 4.75 -31 19.7
      vertex 6.99999 -31 22.7517
      vertex 7.07574 -31 22.7063
    endloop
  endfacet
  facet normal 0 1 0
    outer loop
      vertex 4.75 -31 19.7
      vertex 7.07574 -31 22.7063
      vertex 7.15558 -31 22.6685
    endloop
  endfacet
  facet normal 0 1 0
    outer loop
      vertex 4.75 -31 19.7
      vertex 7.15558 -31 22.6685
      vertex 7.23874 -31 22.6388
    endloop
  endfacet
  facet normal 0 1 0
    outer loop
      vertex 4.75 -31 19.7
      vertex 7.23874 -31 22.6388
      vertex 7.32442 -31 22.6173
    endloop
  endfacet
  facet normal 0 1 0
    outer loop
      vertex 4.75 -31 19.7
      vertex 7.32442 -31 22.6173
      vertex 7.41178 -31 22.6043
    endloop
  endfacet
  facet normal 0 1 0
    outer loop
      vertex 7.58821 -31 22.6043
      vertex 4.75 -31 19.7
      vertex 7.5 -31 22.6
    endloop
  endfacet
  facet normal 0 1 0
    outer loop
      vertex 7.5 -31 22.6
      vertex 4.75 -31 19.7
      vertex 7.41178 -31 22.6043
    endloop
  endfacet
  facet normal 0 1 0
    outer loop
      vertex 6.99999 -31 22.7517
      vertex 4.75 -31 19.7
      vertex 4.75 -31 22.75
    endloop
  endfacet
  facet normal 0 1 0
    outer loop
      vertex 7.41178 -31 24.3957
      vertex 36 -31 32.5
      vertex 7.5 -31 24.4
    endloop
  endfacet
  facet normal 0 1 0
    outer loop
      vertex 36 -31 32.5
      vertex 7.58821 -31 24.3957
      vertex 7.5 -31 24.4
    endloop
  endfacet
  facet normal 0 1 0
    outer loop
      vertex 36 -31 32.5
      vertex 7.67558 -31 24.3827
      vertex 7.58821 -31 24.3957
    endloop
  endfacet
  facet normal 0 1 0
    outer loop
      vertex 36 -31 32.5
      vertex 7.76126 -31 24.3612
      vertex 7.67558 -31 24.3827
    endloop
  endfacet
  facet normal 0 1 0
    outer loop
      vertex 36 -31 32.5
      vertex 7.84441 -31 24.3315
      vertex 7.76126 -31 24.3612
    endloop
  endfacet
  facet normal 0 1 0
    outer loop
      vertex 36 -31 32.5
      vertex 7.92426 -31 24.2937
      vertex 7.84441 -31 24.3315
    endloop
  endfacet
  facet normal 0 1 0
    outer loop
      vertex 36 -31 32.5
      vertex 8.00001 -31 24.2483
      vertex 7.92426 -31 24.2937
    endloop
  endfacet
  facet normal 0 1 0
    outer loop
      vertex 36 -31 32.5
      vertex 8.07095 -31 24.1957
      vertex 8.00001 -31 24.2483
    endloop
  endfacet
  facet normal 0 1 0
    outer loop
      vertex 36 -31 32.5
      vertex 8.1364 -31 24.1364
      vertex 8.07095 -31 24.1957
    endloop
  endfacet
  facet normal 0 1 0
    outer loop
      vertex 36 -31 32.5
      vertex 8.19571 -31 24.071
      vertex 8.1364 -31 24.1364
    endloop
  endfacet
  facet normal 0 1 -0
    outer loop
      vertex 15 -31 19.7
      vertex 8.19571 -31 24.071
      vertex 36 -31 32.5
    endloop
  endfacet
  facet normal 0 1 0
    outer loop
      vertex 8.19571 -31 24.071
      vertex 15 -31 19.7
      vertex 8.24832 -31 24
    endloop
  endfacet
  facet normal 0 1 0
    outer loop
      vertex 8.24832 -31 24
      vertex 15 -31 19.7
      vertex 8.29373 -31 23.9243
    endloop
  endfacet
  facet normal 0 1 0
    outer loop
      vertex 8.29373 -31 23.9243
      vertex 15 -31 19.7
      vertex 8.33149 -31 23.8444
    endloop
  endfacet
  facet normal 0 1 0
    outer loop
      vertex 8.33149 -31 23.8444
      vertex 15 -31 19.7
      vertex 8.36125 -31 23.7613
    endloop
  endfacet
  facet normal 0 1 0
    outer loop
      vertex 8.36125 -31 23.7613
      vertex 15 -31 19.7
      vertex 8.38271 -31 23.6756
    endloop
  endfacet
  facet normal 0 1 0
    outer loop
      vertex 8.38271 -31 23.6756
      vertex 15 -31 19.7
      vertex 8.39567 -31 23.5882
    endloop
  endfacet
  facet normal 0 1 0
    outer loop
      vertex 8.39567 -31 23.5882
      vertex 15 -31 19.7
      vertex 8.4 -31 23.5
    endloop
  endfacet
  facet normal 0 1 0
    outer loop
      vertex 8.4 -31 23.5
      vertex 15 -31 19.7
      vertex 8.39567 -31 23.4118
    endloop
  endfacet
  facet normal 0 1 0
    outer loop
      vertex 8.39567 -31 23.4118
      vertex 15 -31 19.7
      vertex 8.38271 -31 23.3244
    endloop
  endfacet
  facet normal 0 1 0
    outer loop
      vertex 8.38271 -31 23.3244
      vertex 15 -31 19.7
      vertex 8.36125 -31 23.2387
    endloop
  endfacet
  facet normal 0 1 0
    outer loop
      vertex 8.36125 -31 23.2387
      vertex 15 -31 19.7
      vertex 8.33149 -31 23.1556
    endloop
  endfacet
  facet normal 0 1 0
    outer loop
      vertex 8.33149 -31 23.1556
      vertex 15 -31 19.7
      vertex 8.29373 -31 23.0757
    endloop
  endfacet
  facet normal 0 1 0
    outer loop
      vertex 8.29373 -31 23.0757
      vertex 15 -31 19.7
      vertex 8.24832 -31 23
    endloop
  endfacet
  facet normal 0 1 0
    outer loop
      vertex 8.24832 -31 23
      vertex 15 -31 19.7
      vertex 8.19571 -31 22.929
    endloop
  endfacet
  facet normal 0 1 0
    outer loop
      vertex 8.19571 -31 22.929
      vertex 15 -31 19.7
      vertex 8.1364 -31 22.8636
    endloop
  endfacet
  facet normal 0 1 0
    outer loop
      vertex 8.1364 -31 22.8636
      vertex 15 -31 19.7
      vertex 8.07095 -31 22.8043
    endloop
  endfacet
  facet normal 0 1 0
    outer loop
      vertex 8.07095 -31 22.8043
      vertex 15 -31 19.7
      vertex 8.00001 -31 22.7517
    endloop
  endfacet
  facet normal 0 1 0
    outer loop
      vertex 8.00001 -31 22.7517
      vertex 15 -31 19.7
      vertex 7.92426 -31 22.7063
    endloop
  endfacet
  facet normal 0 1 0
    outer loop
      vertex 7.92426 -31 22.7063
      vertex 15 -31 19.7
      vertex 7.84441 -31 22.6685
    endloop
  endfacet
  facet normal 0 1 0
    outer loop
      vertex 7.67558 -31 22.6173
      vertex 4.75 -31 19.7
      vertex 7.58821 -31 22.6043
    endloop
  endfacet
  facet normal 0 1 0
    outer loop
      vertex 7.76126 -31 22.6388
      vertex 4.75 -31 19.7
      vertex 7.67558 -31 22.6173
    endloop
  endfacet
  facet normal 0 1 0
    outer loop
      vertex 7.84441 -31 22.6685
      vertex 4.75 -31 19.7
      vertex 7.76126 -31 22.6388
    endloop
  endfacet
  facet normal 0 1 0
    outer loop
      vertex 4.75 -31 19.7
      vertex 7.84441 -31 22.6685
      vertex 15 -31 19.7
    endloop
  endfacet
  facet normal 0 1 0
    outer loop
      vertex 36 -31 32.5
      vertex 15 -31 17.7
      vertex 15 -31 19.7
    endloop
  endfacet
  facet normal 0 1 0
    outer loop
      vertex 15 -31 17.7
      vertex 0 -31 11.7
      vertex -15 -31 17.7
    endloop
  endfacet
  facet normal 0 1 0
    outer loop
      vertex 15 -31 17.7
      vertex 1.91133 -31 11.6061
      vertex 0 -31 11.7
    endloop
  endfacet
  facet normal 0 1 0
    outer loop
      vertex 15 -31 17.7
      vertex 3.80426 -31 11.3253
      vertex 1.91133 -31 11.6061
    endloop
  endfacet
  facet normal 0 1 0
    outer loop
      vertex 15 -31 17.7
      vertex 5.66055 -31 10.8603
      vertex 3.80426 -31 11.3253
    endloop
  endfacet
  facet normal 0 1 -0
    outer loop
      vertex 34 -31 1
      vertex 15 -31 17.7
      vertex 36 -31 32.5
    endloop
  endfacet
  facet normal 0 1 0
    outer loop
      vertex 15 -31 17.7
      vertex 7.46233 -31 10.2157
      vertex 5.66055 -31 10.8603
    endloop
  endfacet
  facet normal 0 1 0
    outer loop
      vertex 15 -31 17.7
      vertex 9.19224 -31 9.39746
      vertex 7.46233 -31 10.2157
    endloop
  endfacet
  facet normal 0 1 0
    outer loop
      vertex 15 -31 17.7
      vertex 10.8336 -31 8.41366
      vertex 9.19224 -31 9.39746
    endloop
  endfacet
  facet normal 0 1 0
    outer loop
      vertex 15 -31 17.7
      vertex 12.3707 -31 7.2737
      vertex 10.8336 -31 8.41366
    endloop
  endfacet
  facet normal 0 1 0
    outer loop
      vertex 15 -31 17.7
      vertex 13.7886 -31 5.98858
      vertex 12.3707 -31 7.2737
    endloop
  endfacet
  facet normal -0 1 -0
    outer loop
      vertex 16.2137 -31 3.03362
      vertex 15 -31 17.7
      vertex 34 -31 1
    endloop
  endfacet
  facet normal 0 1 0
    outer loop
      vertex 15 -31 17.7
      vertex 15.0737 -31 4.57067
      vertex 13.7886 -31 5.98858
    endloop
  endfacet
  facet normal 0 1 0
    outer loop
      vertex 15 -31 17.7
      vertex 16.2137 -31 3.03362
      vertex 15.0737 -31 4.57067
    endloop
  endfacet
  facet normal 0 1 0
    outer loop
      vertex 34 -31 1
      vertex 36 -31 32.5
      vertex 36 -31 1
    endloop
  endfacet
  facet normal 0 1 0
    outer loop
      vertex 16.2137 -31 3.03362
      vertex 34 -31 1
      vertex 17.1975 -31 1.39224
    endloop
  endfacet
  facet normal 0 1 0
    outer loop
      vertex 34 -31 1
      vertex 18.0157 -31 -0.337672
      vertex 17.1975 -31 1.39224
    endloop
  endfacet
  facet normal 0 1 0
    outer loop
      vertex 18.6603 -31 -2.13945
      vertex 34 -31 1
      vertex 34 -31 -2
    endloop
  endfacet
  facet normal 0 1 0
    outer loop
      vertex 34 -31 1
      vertex 18.6603 -31 -2.13945
      vertex 18.0157 -31 -0.337672
    endloop
  endfacet
  facet normal 0 1 0
    outer loop
      vertex 36 -31 32.5
      vertex 7.41178 -31 24.3957
      vertex -36 -31 32.5
    endloop
  endfacet
  facet normal 0 1 -0
    outer loop
      vertex 7.32442 -31 24.3827
      vertex -36 -31 32.5
      vertex 7.41178 -31 24.3957
    endloop
  endfacet
  facet normal 0 1 -0
    outer loop
      vertex 7.23874 -31 24.3612
      vertex -36 -31 32.5
      vertex 7.32442 -31 24.3827
    endloop
  endfacet
  facet normal 0 1 0
    outer loop
      vertex -4.75 -31 22.75
      vertex 7.23874 -31 24.3612
      vertex 7.15558 -31 24.3315
    endloop
  endfacet
  facet normal 0 1 0
    outer loop
      vertex -4.75 -31 22.75
      vertex 7.15558 -31 24.3315
      vertex 7.07574 -31 24.2937
    endloop
  endfacet
  facet normal 0 1 0
    outer loop
      vertex -4.75 -31 22.75
      vertex 7.07574 -31 24.2937
      vertex 6.99999 -31 24.2483
    endloop
  endfacet
  facet normal 0 1 0
    outer loop
      vertex -4.75 -31 22.75
      vertex 6.99999 -31 24.2483
      vertex 6.92905 -31 24.1957
    endloop
  endfacet
  facet normal 0 1 0
    outer loop
      vertex 4.75 -31 22.75
      vertex 6.92905 -31 24.1957
      vertex 6.8636 -31 24.1364
    endloop
  endfacet
  facet normal 0 1 0
    outer loop
      vertex 4.75 -31 22.75
      vertex 6.8636 -31 24.1364
      vertex 6.80429 -31 24.071
    endloop
  endfacet
  facet normal 0 1 0
    outer loop
      vertex 4.75 -31 22.75
      vertex 6.80429 -31 24.071
      vertex 6.75168 -31 24
    endloop
  endfacet
  facet normal 0 1 0
    outer loop
      vertex 4.75 -31 22.75
      vertex 6.75168 -31 24
      vertex 6.70627 -31 23.9243
    endloop
  endfacet
  facet normal 0 1 0
    outer loop
      vertex 4.75 -31 22.75
      vertex 6.70627 -31 23.9243
      vertex 6.66851 -31 23.8444
    endloop
  endfacet
  facet normal 0 1 0
    outer loop
      vertex 4.75 -31 22.75
      vertex 6.66851 -31 23.8444
      vertex 6.63875 -31 23.7613
    endloop
  endfacet
  facet normal 0 1 0
    outer loop
      vertex 4.75 -31 22.75
      vertex 6.63875 -31 23.7613
      vertex 6.61729 -31 23.6756
    endloop
  endfacet
  facet normal 0 1 0
    outer loop
      vertex 4.75 -31 22.75
      vertex 6.61729 -31 23.6756
      vertex 6.60433 -31 23.5882
    endloop
  endfacet
  facet normal 0 1 0
    outer loop
      vertex 4.75 -31 22.75
      vertex 6.60433 -31 23.5882
      vertex 6.6 -31 23.5
    endloop
  endfacet
  facet normal 0 1 0
    outer loop
      vertex 4.75 -31 22.75
      vertex 6.6 -31 23.5
      vertex 6.60433 -31 23.4118
    endloop
  endfacet
  facet normal 0 1 0
    outer loop
      vertex 4.75 -31 22.75
      vertex 6.60433 -31 23.4118
      vertex 6.61729 -31 23.3244
    endloop
  endfacet
  facet normal 0 1 0
    outer loop
      vertex 4.75 -31 22.75
      vertex 6.61729 -31 23.3244
      vertex 6.63875 -31 23.2387
    endloop
  endfacet
  facet normal 0 1 0
    outer loop
      vertex 4.75 -31 22.75
      vertex 6.63875 -31 23.2387
      vertex 6.66851 -31 23.1556
    endloop
  endfacet
  facet normal 0 1 0
    outer loop
      vertex 4.75 -31 22.75
      vertex 6.66851 -31 23.1556
      vertex 6.70627 -31 23.0757
    endloop
  endfacet
  facet normal 0 1 0
    outer loop
      vertex 4.75 -31 22.75
      vertex 6.70627 -31 23.0757
      vertex 6.75168 -31 23
    endloop
  endfacet
  facet normal 0 1 0
    outer loop
      vertex 4.75 -31 22.75
      vertex 6.75168 -31 23
      vertex 6.80429 -31 22.929
    endloop
  endfacet
  facet normal 0 1 0
    outer loop
      vertex 4.75 -31 22.75
      vertex 6.80429 -31 22.929
      vertex 6.8636 -31 22.8636
    endloop
  endfacet
  facet normal 0 1 0
    outer loop
      vertex 4.75 -31 22.75
      vertex 6.8636 -31 22.8636
      vertex 6.92905 -31 22.8043
    endloop
  endfacet
  facet normal 0 1 0
    outer loop
      vertex 4.75 -31 22.75
      vertex 6.92905 -31 22.8043
      vertex 6.99999 -31 22.7517
    endloop
  endfacet
  facet normal 0 1 0
    outer loop
      vertex 6.92905 -31 24.1957
      vertex 4.75 -31 22.75
      vertex -4.75 -31 22.75
    endloop
  endfacet
  facet normal 0 1 0
    outer loop
      vertex 7.23874 -31 24.3612
      vertex -4.75 -31 22.75
      vertex -36 -31 32.5
    endloop
  endfacet
  facet normal 0 1 0
    outer loop
      vertex -15 -31 19.7
      vertex -4.75 -31 22.75
      vertex -4.75 -31 19.7
    endloop
  endfacet
  facet normal 0 1 0
    outer loop
      vertex -4.75 -31 22.75
      vertex -15 -31 19.7
      vertex -36 -31 32.5
    endloop
  endfacet
  facet normal 0 1 -0
    outer loop
      vertex -15 -31 17.7
      vertex -36 -31 32.5
      vertex -15 -31 19.7
    endloop
  endfacet
  facet normal 0 1 -0
    outer loop
      vertex -1.91133 -31 11.6061
      vertex -15 -31 17.7
      vertex 0 -31 11.7
    endloop
  endfacet
  facet normal 0 1 -0
    outer loop
      vertex -3.80426 -31 11.3253
      vertex -15 -31 17.7
      vertex -1.91133 -31 11.6061
    endloop
  endfacet
  facet normal 0 1 -0
    outer loop
      vertex -5.66055 -31 10.8603
      vertex -15 -31 17.7
      vertex -3.80426 -31 11.3253
    endloop
  endfacet
  facet normal 0 1 -0
    outer loop
      vertex -7.46233 -31 10.2157
      vertex -15 -31 17.7
      vertex -5.66055 -31 10.8603
    endloop
  endfacet
  facet normal 0 1 -0
    outer loop
      vertex -9.19224 -31 9.39746
      vertex -15 -31 17.7
      vertex -7.46233 -31 10.2157
    endloop
  endfacet
  facet normal 0 1 -0
    outer loop
      vertex -10.8336 -31 8.41366
      vertex -15 -31 17.7
      vertex -9.19224 -31 9.39746
    endloop
  endfacet
  facet normal 0 1 -0
    outer loop
      vertex -12.3707 -31 7.2737
      vertex -15 -31 17.7
      vertex -10.8336 -31 8.41366
    endloop
  endfacet
  facet normal 0 1 -0
    outer loop
      vertex -13.7886 -31 5.98858
      vertex -15 -31 17.7
      vertex -12.3707 -31 7.2737
    endloop
  endfacet
  facet normal 0 1 0
    outer loop
      vertex -15.0737 -31 4.57067
      vertex -15 -31 17.7
      vertex -13.7886 -31 5.98858
    endloop
  endfacet
  facet normal 0 1 0
    outer loop
      vertex -16.2137 -31 3.03362
      vertex -15 -31 17.7
      vertex -15.0737 -31 4.57067
    endloop
  endfacet
  facet normal 0 1 0
    outer loop
      vertex -15 -31 17.7
      vertex -16.2137 -31 3.03362
      vertex -34 -31 1
    endloop
  endfacet
  facet normal 0 1 0
    outer loop
      vertex -34 -31 1
      vertex -16.2137 -31 3.03362
      vertex -17.1975 -31 1.39224
    endloop
  endfacet
  facet normal 0 1 0
    outer loop
      vertex -15 -31 17.7
      vertex -34 -31 1
      vertex -36 -31 32.5
    endloop
  endfacet
  facet normal 0 1 0
    outer loop
      vertex -36 -31 32.5
      vertex -34 -31 1
      vertex -36 -31 1
    endloop
  endfacet
  facet normal 0 1 0
    outer loop
      vertex -9.19224 -31 -24.9975
      vertex -10 -31 -24.7908
      vertex -10.245 -31 -24.3665
    endloop
  endfacet
  facet normal 0 1 0
    outer loop
      vertex -9.19224 -31 -24.9975
      vertex -10.5 -31 -25.6568
      vertex -10 -31 -24.7908
    endloop
  endfacet
  facet normal 0 1 0
    outer loop
      vertex -12.4 -31 -27.2156
      vertex -7.46233 -31 -25.8157
      vertex -5.66055 -31 -26.4603
    endloop
  endfacet
  facet normal 0 1 0
    outer loop
      vertex -7.46233 -31 -25.8157
      vertex -12.4 -31 -27.2156
      vertex -10.5 -31 -25.6568
    endloop
  endfacet
  facet normal 0 1 0
    outer loop
      vertex -10.5 -31 -25.6568
      vertex -12.4 -31 -27.2156
      vertex -11.5 -31 -25.6568
    endloop
  endfacet
  facet normal 0 1 0
    outer loop
      vertex -11.5 -31 -25.6568
      vertex -12.4 -31 -27.2156
      vertex -14.3 -31 -25.6568
    endloop
  endfacet
  facet normal 0 1 -0
    outer loop
      vertex -13.4 -31 -27.2156
      vertex -14.3 -31 -25.6568
      vertex -12.4 -31 -27.2156
    endloop
  endfacet
  facet normal 0 1 0
    outer loop
      vertex -14.3 -31 -25.6568
      vertex -13.4 -31 -27.2156
      vertex -15.3 -31 -25.6568
    endloop
  endfacet
  facet normal 0 1 0
    outer loop
      vertex -16.2 -31 -27.2156
      vertex -15.3 -31 -25.6568
      vertex -13.4 -31 -27.2156
    endloop
  endfacet
  facet normal 0 1 0
    outer loop
      vertex -7.46233 -31 -25.8157
      vertex -10.5 -31 -25.6568
      vertex -9.19224 -31 -24.9975
    endloop
  endfacet
  facet normal 0 1 -0
    outer loop
      vertex -19.6 -31 -24.7908
      vertex -21.9 -31 -23.9248
      vertex -19.1 -31 -23.9248
    endloop
  endfacet
  facet normal 0 1 0
    outer loop
      vertex -19.6 -31 -24.7908
      vertex -21.4 -31 -24.7908
      vertex -21.9 -31 -23.9248
    endloop
  endfacet
  facet normal 0 1 0
    outer loop
      vertex -19.1 -31 -25.6568
      vertex -21.4 -31 -24.7908
      vertex -19.6 -31 -24.7908
    endloop
  endfacet
  facet normal 0 1 0
    outer loop
      vertex -21.4 -31 -24.7908
      vertex -19.1 -31 -25.6568
      vertex -21.9 -31 -25.6568
    endloop
  endfacet
  facet normal 0 1 -0
    outer loop
      vertex -15.8 -31 -24.7908
      vertex -18.1 -31 -23.9248
      vertex -15.3 -31 -23.9248
    endloop
  endfacet
  facet normal 0 1 0
    outer loop
      vertex -15.8 -31 -24.7908
      vertex -17.6 -31 -24.7908
      vertex -18.1 -31 -23.9248
    endloop
  endfacet
  facet normal 0 1 0
    outer loop
      vertex -15.3 -31 -25.6568
      vertex -17.6 -31 -24.7908
      vertex -15.8 -31 -24.7908
    endloop
  endfacet
  facet normal 0 1 0
    outer loop
      vertex -17.6 -31 -24.7908
      vertex -15.3 -31 -25.6568
      vertex -18.1 -31 -25.6568
    endloop
  endfacet
  facet normal 0 1 0
    outer loop
      vertex -13.8 -31 -24.7908
      vertex -12.3707 -31 -22.8737
      vertex -12 -31 -24.7908
    endloop
  endfacet
  facet normal 0 1 0
    outer loop
      vertex -12.3707 -31 -22.8737
      vertex -13.8 -31 -24.7908
      vertex -14.3 -31 -23.9248
    endloop
  endfacet
  facet normal 0 1 0
    outer loop
      vertex -11.5 -31 -25.6568
      vertex -13.8 -31 -24.7908
      vertex -12 -31 -24.7908
    endloop
  endfacet
  facet normal 0 1 0
    outer loop
      vertex -13.8 -31 -24.7908
      vertex -11.5 -31 -25.6568
      vertex -14.3 -31 -25.6568
    endloop
  endfacet
  facet normal 0 1 -0
    outer loop
      vertex -19.6 -31 -18.2092
      vertex -21.9 -31 -17.3432
      vertex -19.1 -31 -17.3432
    endloop
  endfacet
  facet normal 0 1 0
    outer loop
      vertex -19.6 -31 -18.2092
      vertex -21.4 -31 -18.2092
      vertex -21.9 -31 -17.3432
    endloop
  endfacet
  facet normal 0 1 0
    outer loop
      vertex -19.1 -31 -19.0752
      vertex -21.4 -31 -18.2092
      vertex -19.6 -31 -18.2092
    endloop
  endfacet
  facet normal 0 1 0
    outer loop
      vertex -21.4 -31 -18.2092
      vertex -19.1 -31 -19.0752
      vertex -21.9 -31 -19.0752
    endloop
  endfacet
  facet normal 0 1 0
    outer loop
      vertex -17.1975 -31 -16.9922
      vertex -17.6 -31 -18.2092
      vertex -18.1 -31 -17.3432
    endloop
  endfacet
  facet normal 0 1 0
    outer loop
      vertex -16.2137 -31 -18.6336
      vertex -17.6 -31 -18.2092
      vertex -17.1975 -31 -16.9922
    endloop
  endfacet
  facet normal 0 1 0
    outer loop
      vertex -16.2137 -31 -18.6336
      vertex -18.1 -31 -19.0752
      vertex -17.6 -31 -18.2092
    endloop
  endfacet
  facet normal 0 1 0
    outer loop
      vertex -17.2 -31 -20.634
      vertex -16.2137 -31 -18.6336
      vertex -16.2 -31 -20.634
    endloop
  endfacet
  facet normal 0 1 0
    outer loop
      vertex -16.2137 -31 -18.6336
      vertex -17.2 -31 -20.634
      vertex -18.1 -31 -19.0752
    endloop
  endfacet
  facet normal 0 1 0
    outer loop
      vertex -18.1 -31 -19.0752
      vertex -17.2 -31 -20.634
      vertex -19.1 -31 -19.0752
    endloop
  endfacet
  facet normal 0 1 -0
    outer loop
      vertex -16.2 -31 -20.634
      vertex -16.2137 -31 -18.6336
      vertex -15.0737 -31 -20.1707
    endloop
  endfacet
  facet normal 0 1 -0
    outer loop
      vertex -21.5 -31 -28.0816
      vertex -23.8 -31 -27.2156
      vertex -21 -31 -27.2156
    endloop
  endfacet
  facet normal 0 1 0
    outer loop
      vertex -21.5 -31 -28.0816
      vertex -23.3 -31 -28.0816
      vertex -23.8 -31 -27.2156
    endloop
  endfacet
  facet normal 0 1 0
    outer loop
      vertex -21 -31 -28.9476
      vertex -23.3 -31 -28.0816
      vertex -21.5 -31 -28.0816
    endloop
  endfacet
  facet normal 0 1 0
    outer loop
      vertex -23.3 -31 -28.0816
      vertex -21 -31 -28.9476
      vertex -23.8 -31 -28.9476
    endloop
  endfacet
  facet normal 0 1 -0
    outer loop
      vertex -17.7 -31 -28.0816
      vertex -20 -31 -27.2156
      vertex -17.2 -31 -27.2156
    endloop
  endfacet
  facet normal 0 1 0
    outer loop
      vertex -17.7 -31 -28.0816
      vertex -19.5 -31 -28.0816
      vertex -20 -31 -27.2156
    endloop
  endfacet
  facet normal 0 1 0
    outer loop
      vertex -17.2 -31 -28.9476
      vertex -19.5 -31 -28.0816
      vertex -17.7 -31 -28.0816
    endloop
  endfacet
  facet normal 0 1 0
    outer loop
      vertex -19.5 -31 -28.0816
      vertex -17.2 -31 -28.9476
      vertex -20 -31 -28.9476
    endloop
  endfacet
  facet normal 0 1 -0
    outer loop
      vertex -13.9 -31 -28.0816
      vertex -16.2 -31 -27.2156
      vertex -13.4 -31 -27.2156
    endloop
  endfacet
  facet normal 0 1 0
    outer loop
      vertex -13.9 -31 -28.0816
      vertex -15.7 -31 -28.0816
      vertex -16.2 -31 -27.2156
    endloop
  endfacet
  facet normal 0 1 0
    outer loop
      vertex -13.4 -31 -28.9476
      vertex -15.7 -31 -28.0816
      vertex -13.9 -31 -28.0816
    endloop
  endfacet
  facet normal 0 1 0
    outer loop
      vertex -15.7 -31 -28.0816
      vertex -13.4 -31 -28.9476
      vertex -16.2 -31 -28.9476
    endloop
  endfacet
  facet normal 0 1 -0
    outer loop
      vertex -10.1 -31 -28.0816
      vertex -12.4 -31 -27.2156
      vertex -9.6 -31 -27.2156
    endloop
  endfacet
  facet normal 0 1 0
    outer loop
      vertex -10.1 -31 -28.0816
      vertex -11.9 -31 -28.0816
      vertex -12.4 -31 -27.2156
    endloop
  endfacet
  facet normal 0 1 0
    outer loop
      vertex -9.6 -31 -28.9476
      vertex -11.9 -31 -28.0816
      vertex -10.1 -31 -28.0816
    endloop
  endfacet
  facet normal 0 1 0
    outer loop
      vertex -11.9 -31 -28.0816
      vertex -9.6 -31 -28.9476
      vertex -12.4 -31 -28.9476
    endloop
  endfacet
  facet normal 0 1 -0
    outer loop
      vertex -6.3 -31 -28.0816
      vertex -8.6 -31 -27.2156
      vertex -5.8 -31 -27.2156
    endloop
  endfacet
  facet normal 0 1 0
    outer loop
      vertex -6.3 -31 -28.0816
      vertex -8.1 -31 -28.0816
      vertex -8.6 -31 -27.2156
    endloop
  endfacet
  facet normal 0 1 0
    outer loop
      vertex -5.8 -31 -28.9476
      vertex -8.1 -31 -28.0816
      vertex -6.3 -31 -28.0816
    endloop
  endfacet
  facet normal 0 1 0
    outer loop
      vertex -8.1 -31 -28.0816
      vertex -5.8 -31 -28.9476
      vertex -8.6 -31 -28.9476
    endloop
  endfacet
  facet normal 0 1 0
    outer loop
      vertex -4.3 -31 -28.0816
      vertex -3.80426 -31 -26.9253
      vertex -2.5 -31 -28.0816
    endloop
  endfacet
  facet normal 0 1 0
    outer loop
      vertex -3.80426 -31 -26.9253
      vertex -4.3 -31 -28.0816
      vertex -4.8 -31 -27.2156
    endloop
  endfacet
  facet normal 0 1 0
    outer loop
      vertex -2 -31 -28.9476
      vertex -4.3 -31 -28.0816
      vertex -2.5 -31 -28.0816
    endloop
  endfacet
  facet normal 0 1 0
    outer loop
      vertex -4.3 -31 -28.0816
      vertex -2 -31 -28.9476
      vertex -4.8 -31 -28.9476
    endloop
  endfacet
  facet normal 0 1 0
    outer loop
      vertex 1.8 -31 -27.2156
      vertex 1.91133 -31 -27.2061
      vertex 2.8 -31 -27.2156
    endloop
  endfacet
  facet normal 0 1 -0
    outer loop
      vertex 1.8 -31 -27.2156
      vertex 0 -31 -27.3
      vertex 1.91133 -31 -27.2061
    endloop
  endfacet
  facet normal -0 1 0
    outer loop
      vertex 0 -31 -27.3
      vertex 1.8 -31 -27.2156
      vertex 1.3 -31 -28.0816
    endloop
  endfacet
  facet normal 0 1 0
    outer loop
      vertex -0.5 -31 -28.0816
      vertex 0 -31 -27.3
      vertex 1.3 -31 -28.0816
    endloop
  endfacet
  facet normal 0 1 0
    outer loop
      vertex 0 -31 -27.3
      vertex -0.5 -31 -28.0816
      vertex -0.979026 -31 -27.2519
    endloop
  endfacet
  facet normal 0 1 0
    outer loop
      vertex 1.8 -31 -28.9476
      vertex -0.5 -31 -28.0816
      vertex 1.3 -31 -28.0816
    endloop
  endfacet
  facet normal 0 1 0
    outer loop
      vertex -0.5 -31 -28.0816
      vertex 1.8 -31 -28.9476
      vertex -1 -31 -28.9476
    endloop
  endfacet
  facet normal -1 0 0
    outer loop
      vertex 4.75 -33 19.7
      vertex 4.75 -31 22.75
      vertex 4.75 -31 19.7
    endloop
  endfacet
  facet normal -1 -0 0
    outer loop
      vertex 4.75 -31 22.75
      vertex 4.75 -33 19.7
      vertex 4.75 -33 22.75
    endloop
  endfacet
  facet normal 0 0 -1
    outer loop
      vertex -4.75 -33 22.75
      vertex 4.75 -31 22.75
      vertex 4.75 -33 22.75
    endloop
  endfacet
  facet normal -0 0 -1
    outer loop
      vertex 4.75 -31 22.75
      vertex -4.75 -33 22.75
      vertex -4.75 -31 22.75
    endloop
  endfacet
  facet normal 1 -0 0
    outer loop
      vertex -4.75 -33 22.75
      vertex -4.75 -31 19.7
      vertex -4.75 -31 22.75
    endloop
  endfacet
  facet normal 1 0 0
    outer loop
      vertex -4.75 -31 19.7
      vertex -4.75 -33 22.75
      vertex -4.75 -33 19.7
    endloop
  endfacet
  facet normal -0.989184 0 -0.14668
    outer loop
      vertex 8.39567 -33 23.5882
      vertex 8.38271 -31 23.6756
      vertex 8.39567 -31 23.5882
    endloop
  endfacet
  facet normal -0.989184 -0 -0.14668
    outer loop
      vertex 8.38271 -31 23.6756
      vertex 8.39567 -33 23.5882
      vertex 8.38271 -33 23.6756
    endloop
  endfacet
  facet normal -0.998797 0 -0.0490339
    outer loop
      vertex 8.4 -33 23.5
      vertex 8.39567 -31 23.5882
      vertex 8.4 -31 23.5
    endloop
  endfacet
  facet normal -0.998797 -0 -0.0490339
    outer loop
      vertex 8.39567 -31 23.5882
      vertex 8.4 -33 23.5
      vertex 8.39567 -33 23.5882
    endloop
  endfacet
  facet normal 0.243388 -4.04091e-19 -0.969929
    outer loop
      vertex 7.23874 -33 24.3612
      vertex 7.32442 -31 24.3827
      vertex 7.32442 -33 24.3827
    endloop
  endfacet
  facet normal 0.243388 -4.04091e-19 -0.969929
    outer loop
      vertex 7.32442 -31 24.3827
      vertex 7.23874 -33 24.3612
      vertex 7.23874 -31 24.3612
    endloop
  endfacet
  facet normal 0.90412 -0 0.427279
    outer loop
      vertex 6.66851 -33 23.1556
      vertex 6.70627 -31 23.0757
      vertex 6.66851 -31 23.1556
    endloop
  endfacet
  facet normal 0.90412 0 0.427279
    outer loop
      vertex 6.70627 -31 23.0757
      vertex 6.66851 -33 23.1556
      vertex 6.70627 -33 23.0757
    endloop
  endfacet
  facet normal 0.941449 -0 0.337154
    outer loop
      vertex 6.63875 -33 23.2387
      vertex 6.66851 -31 23.1556
      vertex 6.63875 -31 23.2387
    endloop
  endfacet
  facet normal 0.941449 0 0.337154
    outer loop
      vertex 6.66851 -31 23.1556
      vertex 6.63875 -33 23.2387
      vertex 6.66851 -33 23.1556
    endloop
  endfacet
  facet normal 0.243388 4.04091e-19 0.969929
    outer loop
      vertex 7.23874 -31 22.6388
      vertex 7.32442 -33 22.6173
      vertex 7.32442 -31 22.6173
    endloop
  endfacet
  facet normal 0.243388 4.04091e-19 0.969929
    outer loop
      vertex 7.32442 -33 22.6173
      vertex 7.23874 -31 22.6388
      vertex 7.23874 -33 22.6388
    endloop
  endfacet
  facet normal 0.048684 -1.03886e-19 -0.998814
    outer loop
      vertex 7.41178 -33 24.3957
      vertex 7.5 -31 24.4
      vertex 7.5 -33 24.4
    endloop
  endfacet
  facet normal 0.048684 -1.03886e-19 -0.998814
    outer loop
      vertex 7.5 -31 24.4
      vertex 7.41178 -33 24.3957
      vertex 7.41178 -31 24.3957
    endloop
  endfacet
  facet normal 0.671432 1.05011e-18 -0.741066
    outer loop
      vertex 6.8636 -33 24.1364
      vertex 6.92905 -31 24.1957
      vertex 6.92905 -33 24.1957
    endloop
  endfacet
  facet normal 0.671432 1.05011e-18 -0.741066
    outer loop
      vertex 6.92905 -31 24.1957
      vertex 6.8636 -33 24.1364
      vertex 6.8636 -31 24.1364
    endloop
  endfacet
  facet normal 0.857543 0 -0.514412
    outer loop
      vertex 6.75168 -33 24
      vertex 6.70627 -31 23.9243
      vertex 6.75168 -31 24
    endloop
  endfacet
  facet normal 0.857543 0 -0.514412
    outer loop
      vertex 6.70627 -31 23.9243
      vertex 6.75168 -33 24
      vertex 6.70627 -33 23.9243
    endloop
  endfacet
  facet normal -0.514079 -4.71491e-19 0.857743
    outer loop
      vertex 7.92426 -31 22.7063
      vertex 8.00001 -33 22.7517
      vertex 8.00001 -31 22.7517
    endloop
  endfacet
  facet normal -0.514079 -4.71491e-19 0.857743
    outer loop
      vertex 8.00001 -33 22.7517
      vertex 7.92426 -31 22.7063
      vertex 7.92426 -33 22.7063
    endloop
  endfacet
  facet normal -0.90412 0 -0.427279
    outer loop
      vertex 8.33149 -33 23.8444
      vertex 8.29373 -31 23.9243
      vertex 8.33149 -31 23.8444
    endloop
  endfacet
  facet normal -0.90412 -0 -0.427279
    outer loop
      vertex 8.29373 -31 23.9243
      vertex 8.33149 -33 23.8444
      vertex 8.29373 -33 23.9243
    endloop
  endfacet
  facet normal -0.803463 0 0.595355
    outer loop
      vertex 8.19571 -33 22.929
      vertex 8.24832 -31 23
      vertex 8.19571 -31 22.929
    endloop
  endfacet
  facet normal -0.803463 0 0.595355
    outer loop
      vertex 8.24832 -31 23
      vertex 8.19571 -33 22.929
      vertex 8.24832 -33 23
    endloop
  endfacet
  facet normal -0.970049 0 -0.242908
    outer loop
      vertex 8.38271 -33 23.6756
      vertex 8.36125 -31 23.7613
      vertex 8.38271 -31 23.6756
    endloop
  endfacet
  facet normal -0.970049 -0 -0.242908
    outer loop
      vertex 8.36125 -31 23.7613
      vertex 8.38271 -33 23.6756
      vertex 8.36125 -33 23.7613
    endloop
  endfacet
  facet normal -0.243388 -4.04091e-19 0.969929
    outer loop
      vertex 7.67558 -31 22.6173
      vertex 7.76126 -33 22.6388
      vertex 7.76126 -31 22.6388
    endloop
  endfacet
  facet normal -0.243388 -4.04091e-19 0.969929
    outer loop
      vertex 7.76126 -33 22.6388
      vertex 7.67558 -31 22.6173
      vertex 7.67558 -33 22.6173
    endloop
  endfacet
  facet normal -0.857543 0 0.514412
    outer loop
      vertex 8.24832 -33 23
      vertex 8.29373 -31 23.0757
      vertex 8.24832 -31 23
    endloop
  endfacet
  facet normal -0.857543 0 0.514412
    outer loop
      vertex 8.29373 -31 23.0757
      vertex 8.24832 -33 23
      vertex 8.29373 -33 23.0757
    endloop
  endfacet
  facet normal -0.147172 3.20629e-20 -0.989111
    outer loop
      vertex 7.58821 -33 24.3957
      vertex 7.67558 -31 24.3827
      vertex 7.67558 -33 24.3827
    endloop
  endfacet
  facet normal -0.147172 3.20629e-20 -0.989111
    outer loop
      vertex 7.67558 -31 24.3827
      vertex 7.58821 -33 24.3957
      vertex 7.58821 -31 24.3957
    endloop
  endfacet
  facet normal -0.336372 -7.2603e-19 0.941729
    outer loop
      vertex 7.76126 -31 22.6388
      vertex 7.84441 -33 22.6685
      vertex 7.84441 -31 22.6685
    endloop
  endfacet
  facet normal -0.336372 -7.2603e-19 0.941729
    outer loop
      vertex 7.84441 -33 22.6685
      vertex 7.76126 -31 22.6388
      vertex 7.76126 -33 22.6388
    endloop
  endfacet
  facet normal -0.803463 0 -0.595355
    outer loop
      vertex 8.24832 -33 24
      vertex 8.19571 -31 24.071
      vertex 8.24832 -31 24
    endloop
  endfacet
  facet normal -0.803463 -0 -0.595355
    outer loop
      vertex 8.19571 -31 24.071
      vertex 8.24832 -33 24
      vertex 8.19571 -33 24.071
    endloop
  endfacet
  facet normal 0.514079 -4.71491e-19 -0.857743
    outer loop
      vertex 6.99999 -33 24.2483
      vertex 7.07574 -31 24.2937
      vertex 7.07574 -33 24.2937
    endloop
  endfacet
  facet normal 0.514079 -4.71491e-19 -0.857743
    outer loop
      vertex 7.07574 -31 24.2937
      vertex 6.99999 -33 24.2483
      vertex 6.99999 -31 24.2483
    endloop
  endfacet
  facet normal 0.989184 -0 0.14668
    outer loop
      vertex 6.60433 -33 23.4118
      vertex 6.61729 -31 23.3244
      vertex 6.60433 -31 23.4118
    endloop
  endfacet
  facet normal 0.989184 0 0.14668
    outer loop
      vertex 6.61729 -31 23.3244
      vertex 6.60433 -33 23.4118
      vertex 6.61729 -33 23.3244
    endloop
  endfacet
  facet normal -0.514079 4.71491e-19 -0.857743
    outer loop
      vertex 7.92426 -33 24.2937
      vertex 8.00001 -31 24.2483
      vertex 8.00001 -33 24.2483
    endloop
  endfacet
  facet normal -0.514079 4.71491e-19 -0.857743
    outer loop
      vertex 8.00001 -31 24.2483
      vertex 7.92426 -33 24.2937
      vertex 7.92426 -31 24.2937
    endloop
  endfacet
  facet normal -0.671432 -1.05011e-18 -0.741066
    outer loop
      vertex 8.07095 -33 24.1957
      vertex 8.1364 -31 24.1364
      vertex 8.1364 -33 24.1364
    endloop
  endfacet
  facet normal -0.671432 -1.05011e-18 -0.741066
    outer loop
      vertex 8.1364 -31 24.1364
      vertex 8.07095 -33 24.1957
      vertex 8.07095 -31 24.1957
    endloop
  endfacet
  facet normal 0.427911 4.65252e-19 -0.903821
    outer loop
      vertex 7.07574 -33 24.2937
      vertex 7.15558 -31 24.3315
      vertex 7.15558 -33 24.3315
    endloop
  endfacet
  facet normal 0.427911 4.65252e-19 -0.903821
    outer loop
      vertex 7.15558 -31 24.3315
      vertex 7.07574 -33 24.2937
      vertex 7.07574 -31 24.2937
    endloop
  endfacet
  facet normal 0.595607 -9.01966e-19 -0.803276
    outer loop
      vertex 6.92905 -33 24.1957
      vertex 6.99999 -31 24.2483
      vertex 6.99999 -33 24.2483
    endloop
  endfacet
  facet normal 0.595607 -9.01966e-19 -0.803276
    outer loop
      vertex 6.99999 -31 24.2483
      vertex 6.92905 -33 24.1957
      vertex 6.92905 -31 24.1957
    endloop
  endfacet
  facet normal 0.803463 -0 0.595355
    outer loop
      vertex 6.75168 -33 23
      vertex 6.80429 -31 22.929
      vertex 6.75168 -31 23
    endloop
  endfacet
  facet normal 0.803463 0 0.595355
    outer loop
      vertex 6.80429 -31 22.929
      vertex 6.75168 -33 23
      vertex 6.80429 -33 22.929
    endloop
  endfacet
  facet normal -0.998797 0 0.0490339
    outer loop
      vertex 8.39567 -33 23.4118
      vertex 8.4 -31 23.5
      vertex 8.39567 -31 23.4118
    endloop
  endfacet
  facet normal -0.998797 0 0.0490339
    outer loop
      vertex 8.4 -31 23.5
      vertex 8.39567 -33 23.4118
      vertex 8.4 -33 23.5
    endloop
  endfacet
  facet normal 0.998797 -0 0.0490339
    outer loop
      vertex 6.6 -33 23.5
      vertex 6.60433 -31 23.4118
      vertex 6.6 -31 23.5
    endloop
  endfacet
  facet normal 0.998797 0 0.0490339
    outer loop
      vertex 6.60433 -31 23.4118
      vertex 6.6 -33 23.5
      vertex 6.60433 -33 23.4118
    endloop
  endfacet
  facet normal 0.803463 0 -0.595355
    outer loop
      vertex 6.80429 -33 24.071
      vertex 6.75168 -31 24
      vertex 6.80429 -31 24.071
    endloop
  endfacet
  facet normal 0.803463 0 -0.595355
    outer loop
      vertex 6.75168 -31 24
      vertex 6.80429 -33 24.071
      vertex 6.75168 -33 24
    endloop
  endfacet
  facet normal -0.857543 0 -0.514412
    outer loop
      vertex 8.29373 -33 23.9243
      vertex 8.24832 -31 24
      vertex 8.29373 -31 23.9243
    endloop
  endfacet
  facet normal -0.857543 -0 -0.514412
    outer loop
      vertex 8.24832 -31 24
      vertex 8.29373 -33 23.9243
      vertex 8.24832 -33 24
    endloop
  endfacet
  facet normal -0.989184 0 0.14668
    outer loop
      vertex 8.38271 -33 23.3244
      vertex 8.39567 -31 23.4118
      vertex 8.38271 -31 23.3244
    endloop
  endfacet
  facet normal -0.989184 0 0.14668
    outer loop
      vertex 8.39567 -31 23.4118
      vertex 8.38271 -33 23.3244
      vertex 8.39567 -33 23.4118
    endloop
  endfacet
  facet normal -0.941449 0 -0.337154
    outer loop
      vertex 8.36125 -33 23.7613
      vertex 8.33149 -31 23.8444
      vertex 8.36125 -31 23.7613
    endloop
  endfacet
  facet normal -0.941449 -0 -0.337154
    outer loop
      vertex 8.33149 -31 23.8444
      vertex 8.36125 -33 23.7613
      vertex 8.33149 -33 23.8444
    endloop
  endfacet
  facet normal 0.595607 9.01966e-19 0.803276
    outer loop
      vertex 6.92905 -31 22.8043
      vertex 6.99999 -33 22.7517
      vertex 6.99999 -31 22.7517
    endloop
  endfacet
  facet normal 0.595607 9.01966e-19 0.803276
    outer loop
      vertex 6.99999 -33 22.7517
      vertex 6.92905 -31 22.8043
      vertex 6.92905 -33 22.8043
    endloop
  endfacet
  facet normal -0.970049 0 0.242908
    outer loop
      vertex 8.36125 -33 23.2387
      vertex 8.38271 -31 23.3244
      vertex 8.36125 -31 23.2387
    endloop
  endfacet
  facet normal -0.970049 0 0.242908
    outer loop
      vertex 8.38271 -31 23.3244
      vertex 8.36125 -33 23.2387
      vertex 8.38271 -33 23.3244
    endloop
  endfacet
  facet normal 0.336336 -2.7774e-19 0.941742
    outer loop
      vertex 7.15558 -31 22.6685
      vertex 7.23874 -33 22.6388
      vertex 7.23874 -31 22.6388
    endloop
  endfacet
  facet normal 0.336336 -2.7774e-19 0.941742
    outer loop
      vertex 7.23874 -33 22.6388
      vertex 7.15558 -31 22.6685
      vertex 7.15558 -33 22.6685
    endloop
  endfacet
  facet normal 0.514079 4.71491e-19 0.857743
    outer loop
      vertex 6.99999 -31 22.7517
      vertex 7.07574 -33 22.7063
      vertex 7.07574 -31 22.7063
    endloop
  endfacet
  facet normal 0.514079 4.71491e-19 0.857743
    outer loop
      vertex 7.07574 -33 22.7063
      vertex 6.99999 -31 22.7517
      vertex 6.99999 -33 22.7517
    endloop
  endfacet
  facet normal -0.336372 7.2603e-19 -0.941729
    outer loop
      vertex 7.76126 -33 24.3612
      vertex 7.84441 -31 24.3315
      vertex 7.84441 -33 24.3315
    endloop
  endfacet
  facet normal -0.336372 7.2603e-19 -0.941729
    outer loop
      vertex 7.84441 -31 24.3315
      vertex 7.76126 -33 24.3612
      vertex 7.76126 -31 24.3612
    endloop
  endfacet
  facet normal -0.147172 -3.20629e-20 0.989111
    outer loop
      vertex 7.58821 -31 22.6043
      vertex 7.67558 -33 22.6173
      vertex 7.67558 -31 22.6173
    endloop
  endfacet
  facet normal -0.147172 -3.20629e-20 0.989111
    outer loop
      vertex 7.67558 -33 22.6173
      vertex 7.58821 -31 22.6043
      vertex 7.58821 -33 22.6043
    endloop
  endfacet
  facet normal -0.595607 9.01966e-19 -0.803276
    outer loop
      vertex 8.00001 -33 24.2483
      vertex 8.07095 -31 24.1957
      vertex 8.07095 -33 24.1957
    endloop
  endfacet
  facet normal -0.595607 9.01966e-19 -0.803276
    outer loop
      vertex 8.07095 -31 24.1957
      vertex 8.00001 -33 24.2483
      vertex 8.00001 -31 24.2483
    endloop
  endfacet
  facet normal -0.941449 0 0.337154
    outer loop
      vertex 8.33149 -33 23.1556
      vertex 8.36125 -31 23.2387
      vertex 8.33149 -31 23.1556
    endloop
  endfacet
  facet normal -0.941449 0 0.337154
    outer loop
      vertex 8.36125 -31 23.2387
      vertex 8.33149 -33 23.1556
      vertex 8.36125 -33 23.2387
    endloop
  endfacet
  facet normal -0.427867 -7.80177e-19 -0.903842
    outer loop
      vertex 7.84441 -33 24.3315
      vertex 7.92426 -31 24.2937
      vertex 7.92426 -33 24.2937
    endloop
  endfacet
  facet normal -0.427867 -7.80177e-19 -0.903842
    outer loop
      vertex 7.92426 -31 24.2937
      vertex 7.84441 -33 24.3315
      vertex 7.84441 -31 24.3315
    endloop
  endfacet
  facet normal -0.740754 0 -0.671776
    outer loop
      vertex 8.19571 -33 24.071
      vertex 8.1364 -31 24.1364
      vertex 8.19571 -31 24.071
    endloop
  endfacet
  facet normal -0.740754 -0 -0.671776
    outer loop
      vertex 8.1364 -31 24.1364
      vertex 8.19571 -33 24.071
      vertex 8.1364 -33 24.1364
    endloop
  endfacet
  facet normal -0.0486895 8.66123e-20 -0.998814
    outer loop
      vertex 7.5 -33 24.4
      vertex 7.58821 -31 24.3957
      vertex 7.58821 -33 24.3957
    endloop
  endfacet
  facet normal -0.0486895 8.66123e-20 -0.998814
    outer loop
      vertex 7.58821 -31 24.3957
      vertex 7.5 -33 24.4
      vertex 7.5 -31 24.4
    endloop
  endfacet
  facet normal 0.857543 -0 0.514412
    outer loop
      vertex 6.70627 -33 23.0757
      vertex 6.75168 -31 23
      vertex 6.70627 -31 23.0757
    endloop
  endfacet
  facet normal 0.857543 0 0.514412
    outer loop
      vertex 6.75168 -31 23
      vertex 6.70627 -33 23.0757
      vertex 6.75168 -33 23
    endloop
  endfacet
  facet normal -0.671432 1.05011e-18 0.741066
    outer loop
      vertex 8.07095 -31 22.8043
      vertex 8.1364 -33 22.8636
      vertex 8.1364 -31 22.8636
    endloop
  endfacet
  facet normal -0.671432 1.05011e-18 0.741066
    outer loop
      vertex 8.1364 -33 22.8636
      vertex 8.07095 -31 22.8043
      vertex 8.07095 -33 22.8043
    endloop
  endfacet
  facet normal 0.048684 1.03886e-19 0.998814
    outer loop
      vertex 7.41178 -31 22.6043
      vertex 7.5 -33 22.6
      vertex 7.5 -31 22.6
    endloop
  endfacet
  facet normal 0.048684 1.03886e-19 0.998814
    outer loop
      vertex 7.5 -33 22.6
      vertex 7.41178 -31 22.6043
      vertex 7.41178 -33 22.6043
    endloop
  endfacet
  facet normal 0.740754 0 -0.671776
    outer loop
      vertex 6.8636 -33 24.1364
      vertex 6.80429 -31 24.071
      vertex 6.8636 -31 24.1364
    endloop
  endfacet
  facet normal 0.740754 0 -0.671776
    outer loop
      vertex 6.80429 -31 24.071
      vertex 6.8636 -33 24.1364
      vertex 6.80429 -33 24.071
    endloop
  endfacet
  facet normal 0.147189 3.99512e-20 -0.989108
    outer loop
      vertex 7.32442 -33 24.3827
      vertex 7.41178 -31 24.3957
      vertex 7.41178 -33 24.3957
    endloop
  endfacet
  facet normal 0.147189 3.99512e-20 -0.989108
    outer loop
      vertex 7.41178 -31 24.3957
      vertex 7.32442 -33 24.3827
      vertex 7.32442 -31 24.3827
    endloop
  endfacet
  facet normal 0.336336 2.7774e-19 -0.941742
    outer loop
      vertex 7.15558 -33 24.3315
      vertex 7.23874 -31 24.3612
      vertex 7.23874 -33 24.3612
    endloop
  endfacet
  facet normal 0.336336 2.7774e-19 -0.941742
    outer loop
      vertex 7.23874 -31 24.3612
      vertex 7.15558 -33 24.3315
      vertex 7.15558 -31 24.3315
    endloop
  endfacet
  facet normal 0.90412 0 -0.427279
    outer loop
      vertex 6.70627 -33 23.9243
      vertex 6.66851 -31 23.8444
      vertex 6.70627 -31 23.9243
    endloop
  endfacet
  facet normal 0.90412 0 -0.427279
    outer loop
      vertex 6.66851 -31 23.8444
      vertex 6.70627 -33 23.9243
      vertex 6.66851 -33 23.8444
    endloop
  endfacet
  facet normal 0.740754 -0 0.671776
    outer loop
      vertex 6.80429 -33 22.929
      vertex 6.8636 -31 22.8636
      vertex 6.80429 -31 22.929
    endloop
  endfacet
  facet normal 0.740754 0 0.671776
    outer loop
      vertex 6.8636 -31 22.8636
      vertex 6.80429 -33 22.929
      vertex 6.8636 -33 22.8636
    endloop
  endfacet
  facet normal 0.671432 -1.05011e-18 0.741066
    outer loop
      vertex 6.8636 -31 22.8636
      vertex 6.92905 -33 22.8043
      vertex 6.92905 -31 22.8043
    endloop
  endfacet
  facet normal 0.671432 -1.05011e-18 0.741066
    outer loop
      vertex 6.92905 -33 22.8043
      vertex 6.8636 -31 22.8636
      vertex 6.8636 -33 22.8636
    endloop
  endfacet
  facet normal 0.989184 0 -0.14668
    outer loop
      vertex 6.61729 -33 23.6756
      vertex 6.60433 -31 23.5882
      vertex 6.61729 -31 23.6756
    endloop
  endfacet
  facet normal 0.989184 0 -0.14668
    outer loop
      vertex 6.60433 -31 23.5882
      vertex 6.61729 -33 23.6756
      vertex 6.60433 -33 23.5882
    endloop
  endfacet
  facet normal 0.970049 0 -0.242908
    outer loop
      vertex 6.63875 -33 23.7613
      vertex 6.61729 -31 23.6756
      vertex 6.63875 -31 23.7613
    endloop
  endfacet
  facet normal 0.970049 0 -0.242908
    outer loop
      vertex 6.61729 -31 23.6756
      vertex 6.63875 -33 23.7613
      vertex 6.61729 -33 23.6756
    endloop
  endfacet
  facet normal 0.970049 -0 0.242908
    outer loop
      vertex 6.61729 -33 23.3244
      vertex 6.63875 -31 23.2387
      vertex 6.61729 -31 23.3244
    endloop
  endfacet
  facet normal 0.970049 0 0.242908
    outer loop
      vertex 6.63875 -31 23.2387
      vertex 6.61729 -33 23.3244
      vertex 6.63875 -33 23.2387
    endloop
  endfacet
  facet normal 0.427911 -4.65252e-19 0.903821
    outer loop
      vertex 7.07574 -31 22.7063
      vertex 7.15558 -33 22.6685
      vertex 7.15558 -31 22.6685
    endloop
  endfacet
  facet normal 0.427911 -4.65252e-19 0.903821
    outer loop
      vertex 7.15558 -33 22.6685
      vertex 7.07574 -31 22.7063
      vertex 7.07574 -33 22.7063
    endloop
  endfacet
  facet normal -0.427867 7.80177e-19 0.903842
    outer loop
      vertex 7.84441 -31 22.6685
      vertex 7.92426 -33 22.7063
      vertex 7.92426 -31 22.7063
    endloop
  endfacet
  facet normal -0.427867 7.80177e-19 0.903842
    outer loop
      vertex 7.92426 -33 22.7063
      vertex 7.84441 -31 22.6685
      vertex 7.84441 -33 22.6685
    endloop
  endfacet
  facet normal -0.90412 0 0.427279
    outer loop
      vertex 8.29373 -33 23.0757
      vertex 8.33149 -31 23.1556
      vertex 8.29373 -31 23.0757
    endloop
  endfacet
  facet normal -0.90412 0 0.427279
    outer loop
      vertex 8.33149 -31 23.1556
      vertex 8.29373 -33 23.0757
      vertex 8.33149 -33 23.1556
    endloop
  endfacet
  facet normal 0.941449 0 -0.337154
    outer loop
      vertex 6.66851 -33 23.8444
      vertex 6.63875 -31 23.7613
      vertex 6.66851 -31 23.8444
    endloop
  endfacet
  facet normal 0.941449 0 -0.337154
    outer loop
      vertex 6.63875 -31 23.7613
      vertex 6.66851 -33 23.8444
      vertex 6.63875 -33 23.7613
    endloop
  endfacet
  facet normal -0.243388 4.04091e-19 -0.969929
    outer loop
      vertex 7.67558 -33 24.3827
      vertex 7.76126 -31 24.3612
      vertex 7.76126 -33 24.3612
    endloop
  endfacet
  facet normal -0.243388 4.04091e-19 -0.969929
    outer loop
      vertex 7.76126 -31 24.3612
      vertex 7.67558 -33 24.3827
      vertex 7.67558 -31 24.3827
    endloop
  endfacet
  facet normal -0.595607 -9.01966e-19 0.803276
    outer loop
      vertex 8.00001 -31 22.7517
      vertex 8.07095 -33 22.8043
      vertex 8.07095 -31 22.8043
    endloop
  endfacet
  facet normal -0.595607 -9.01966e-19 0.803276
    outer loop
      vertex 8.07095 -33 22.8043
      vertex 8.00001 -31 22.7517
      vertex 8.00001 -33 22.7517
    endloop
  endfacet
  facet normal -0.0486895 -8.66123e-20 0.998814
    outer loop
      vertex 7.5 -31 22.6
      vertex 7.58821 -33 22.6043
      vertex 7.58821 -31 22.6043
    endloop
  endfacet
  facet normal -0.0486895 -8.66123e-20 0.998814
    outer loop
      vertex 7.58821 -33 22.6043
      vertex 7.5 -31 22.6
      vertex 7.5 -33 22.6
    endloop
  endfacet
  facet normal 0.147189 -3.99512e-20 0.989108
    outer loop
      vertex 7.32442 -31 22.6173
      vertex 7.41178 -33 22.6043
      vertex 7.41178 -31 22.6043
    endloop
  endfacet
  facet normal 0.147189 -3.99512e-20 0.989108
    outer loop
      vertex 7.41178 -33 22.6043
      vertex 7.32442 -31 22.6173
      vertex 7.32442 -33 22.6173
    endloop
  endfacet
  facet normal 0.998797 0 -0.0490339
    outer loop
      vertex 6.60433 -33 23.5882
      vertex 6.6 -31 23.5
      vertex 6.60433 -31 23.5882
    endloop
  endfacet
  facet normal 0.998797 0 -0.0490339
    outer loop
      vertex 6.6 -31 23.5
      vertex 6.60433 -33 23.5882
      vertex 6.6 -33 23.5
    endloop
  endfacet
  facet normal -0.740754 0 0.671776
    outer loop
      vertex 8.1364 -33 22.8636
      vertex 8.19571 -31 22.929
      vertex 8.1364 -31 22.8636
    endloop
  endfacet
  facet normal -0.740754 0 0.671776
    outer loop
      vertex 8.19571 -31 22.929
      vertex 8.1364 -33 22.8636
      vertex 8.19571 -33 22.929
    endloop
  endfacet
  facet normal -0.989176 0 -0.146736
    outer loop
      vertex 19.4061 -33 -5.88867
      vertex 19.1253 -31 -3.99574
      vertex 19.4061 -31 -5.88867
    endloop
  endfacet
  facet normal -0.989176 -0 -0.146736
    outer loop
      vertex 19.1253 -31 -3.99574
      vertex 19.4061 -33 -5.88867
      vertex 19.1253 -33 -3.99574
    endloop
  endfacet
  facet normal -0.998795 0 -0.0490689
    outer loop
      vertex 19.5 -33 -7.8
      vertex 19.4061 -31 -5.88867
      vertex 19.5 -31 -7.8
    endloop
  endfacet
  facet normal -0.998795 -0 -0.0490689
    outer loop
      vertex 19.4061 -31 -5.88867
      vertex 19.5 -33 -7.8
      vertex 19.4061 -33 -5.88867
    endloop
  endfacet
  facet normal -0.970028 0 -0.242992
    outer loop
      vertex 19.1253 -33 -3.99574
      vertex 18.6603 -31 -2.13945
      vertex 19.1253 -31 -3.99574
    endloop
  endfacet
  facet normal -0.970028 -0 -0.242992
    outer loop
      vertex 18.6603 -31 -2.13945
      vertex 19.1253 -33 -3.99574
      vertex 18.6603 -33 -2.13945
    endloop
  endfacet
  facet normal 0.242992 -8.81697e-18 0.970028
    outer loop
      vertex -5.66055 -31 -26.4603
      vertex -3.80426 -33 -26.9253
      vertex -3.80426 -31 -26.9253
    endloop
  endfacet
  facet normal 0.242992 -8.81697e-18 0.970028
    outer loop
      vertex -3.80426 -33 -26.9253
      vertex -5.66055 -31 -26.4603
      vertex -5.66055 -33 -26.4603
    endloop
  endfacet
  facet normal -0.941558 0 -0.33685
    outer loop
      vertex 18.6603 -33 -2.13945
      vertex 18.0157 -31 -0.337672
      vertex 18.6603 -31 -2.13945
    endloop
  endfacet
  facet normal -0.941558 -0 -0.33685
    outer loop
      vertex 18.0157 -31 -0.337672
      vertex 18.6603 -33 -2.13945
      vertex 18.0157 -33 -0.337672
    endloop
  endfacet
  facet normal -0.336849 -2.32286e-17 -0.941559
    outer loop
      vertex 5.66055 -33 10.8603
      vertex 7.46233 -31 10.2157
      vertex 7.46233 -33 10.2157
    endloop
  endfacet
  facet normal -0.336849 -2.32286e-17 -0.941559
    outer loop
      vertex 7.46233 -31 10.2157
      vertex 5.66055 -33 10.8603
      vertex 5.66055 -31 10.8603
    endloop
  endfacet
  facet normal 0.998795 -0 0.0490689
    outer loop
      vertex -19.5 -33 -7.8
      vertex -19.4061 -31 -9.71133
      vertex -19.5 -31 -7.8
    endloop
  endfacet
  facet normal 0.998795 0 0.0490689
    outer loop
      vertex -19.4061 -31 -9.71133
      vertex -19.5 -33 -7.8
      vertex -19.4061 -33 -9.71133
    endloop
  endfacet
  facet normal 0.514105 -1.55198e-17 -0.857727
    outer loop
      vertex -10.8336 -33 8.41366
      vertex -9.19224 -31 9.39746
      vertex -9.19224 -33 9.39746
    endloop
  endfacet
  facet normal 0.514105 -1.55198e-17 -0.857727
    outer loop
      vertex -9.19224 -31 9.39746
      vertex -10.8336 -33 8.41366
      vertex -10.8336 -31 8.41366
    endloop
  endfacet
  facet normal -0.336849 2.32286e-17 0.941559
    outer loop
      vertex 5.66055 -31 -26.4603
      vertex 7.46233 -33 -25.8157
      vertex 7.46233 -31 -25.8157
    endloop
  endfacet
  facet normal -0.336849 2.32286e-17 0.941559
    outer loop
      vertex 7.46233 -33 -25.8157
      vertex 5.66055 -31 -26.4603
      vertex 5.66055 -33 -26.4603
    endloop
  endfacet
  facet normal 0.803205 -0 0.595702
    outer loop
      vertex -16.2137 -33 -18.6336
      vertex -15.0737 -31 -20.1707
      vertex -16.2137 -31 -18.6336
    endloop
  endfacet
  facet normal 0.803205 0 0.595702
    outer loop
      vertex -15.0737 -31 -20.1707
      vertex -16.2137 -33 -18.6336
      vertex -15.0737 -33 -20.1707
    endloop
  endfacet
  facet normal 0.903986 -0 0.427563
    outer loop
      vertex -18.0157 -33 -15.2623
      vertex -17.1975 -31 -16.9922
      vertex -18.0157 -31 -15.2623
    endloop
  endfacet
  facet normal 0.903986 0 0.427563
    outer loop
      vertex -17.1975 -31 -16.9922
      vertex -18.0157 -33 -15.2623
      vertex -17.1975 -33 -16.9922
    endloop
  endfacet
  facet normal 0.242992 8.81697e-18 -0.970028
    outer loop
      vertex -5.66055 -33 10.8603
      vertex -3.80426 -31 11.3253
      vertex -3.80426 -33 11.3253
    endloop
  endfacet
  facet normal 0.242992 8.81697e-18 -0.970028
    outer loop
      vertex -3.80426 -31 11.3253
      vertex -5.66055 -33 10.8603
      vertex -5.66055 -31 10.8603
    endloop
  endfacet
  facet normal 0.857733 -0 0.514096
    outer loop
      vertex -17.1975 -33 -16.9922
      vertex -16.2137 -31 -18.6336
      vertex -17.1975 -31 -16.9922
    endloop
  endfacet
  facet normal 0.857733 0 0.514096
    outer loop
      vertex -16.2137 -31 -18.6336
      vertex -17.1975 -33 -16.9922
      vertex -16.2137 -33 -18.6336
    endloop
  endfacet
  facet normal 0.671562 1.22846e-17 -0.740948
    outer loop
      vertex -13.7886 -33 5.98858
      vertex -12.3707 -31 7.2737
      vertex -12.3707 -33 7.2737
    endloop
  endfacet
  facet normal 0.671562 1.22846e-17 -0.740948
    outer loop
      vertex -12.3707 -31 7.2737
      vertex -13.7886 -33 5.98858
      vertex -13.7886 -31 5.98858
    endloop
  endfacet
  facet normal 0.989176 -0 0.146733
    outer loop
      vertex -19.4061 -33 -9.71133
      vertex -19.1253 -31 -11.6043
      vertex -19.4061 -31 -9.71133
    endloop
  endfacet
  facet normal 0.989176 0 0.146733
    outer loop
      vertex -19.1253 -31 -11.6043
      vertex -19.4061 -33 -9.71133
      vertex -19.1253 -33 -11.6043
    endloop
  endfacet
  facet normal 0.941554 -0 0.336863
    outer loop
      vertex -18.6603 -33 -13.4606
      vertex -18.0157 -31 -15.2623
      vertex -18.6603 -31 -13.4606
    endloop
  endfacet
  facet normal 0.941554 0 0.336863
    outer loop
      vertex -18.0157 -31 -15.2623
      vertex -18.6603 -33 -13.4606
      vertex -18.0157 -33 -15.2623
    endloop
  endfacet
  facet normal -0.803205 0 0.595702
    outer loop
      vertex 15.0737 -33 -20.1707
      vertex 16.2137 -31 -18.6336
      vertex 15.0737 -31 -20.1707
    endloop
  endfacet
  facet normal -0.803205 0 0.595702
    outer loop
      vertex 16.2137 -31 -18.6336
      vertex 15.0737 -33 -20.1707
      vertex 16.2137 -33 -18.6336
    endloop
  endfacet
  facet normal -0.146736 -3.73897e-18 -0.989176
    outer loop
      vertex 1.91133 -33 11.6061
      vertex 3.80426 -31 11.3253
      vertex 3.80426 -33 11.3253
    endloop
  endfacet
  facet normal -0.146736 -3.73897e-18 -0.989176
    outer loop
      vertex 3.80426 -31 11.3253
      vertex 1.91133 -33 11.6061
      vertex 1.91133 -31 11.6061
    endloop
  endfacet
  facet normal -0.242992 8.81697e-18 0.970028
    outer loop
      vertex 3.80426 -31 -26.9253
      vertex 5.66055 -33 -26.4603
      vertex 5.66055 -31 -26.4603
    endloop
  endfacet
  facet normal -0.242992 8.81697e-18 0.970028
    outer loop
      vertex 5.66055 -33 -26.4603
      vertex 3.80426 -31 -26.9253
      vertex 3.80426 -33 -26.9253
    endloop
  endfacet
  facet normal -0.989176 0 0.146733
    outer loop
      vertex 19.1253 -33 -11.6043
      vertex 19.4061 -31 -9.71133
      vertex 19.1253 -31 -11.6043
    endloop
  endfacet
  facet normal -0.989176 0 0.146733
    outer loop
      vertex 19.4061 -31 -9.71133
      vertex 19.1253 -33 -11.6043
      vertex 19.4061 -33 -9.71133
    endloop
  endfacet
  facet normal -0.857733 0 0.514096
    outer loop
      vertex 16.2137 -33 -18.6336
      vertex 17.1975 -31 -16.9922
      vertex 16.2137 -31 -18.6336
    endloop
  endfacet
  facet normal -0.857733 0 0.514096
    outer loop
      vertex 17.1975 -31 -16.9922
      vertex 16.2137 -33 -18.6336
      vertex 17.1975 -33 -16.9922
    endloop
  endfacet
  facet normal -0.514105 -2.31131e-17 0.857727
    outer loop
      vertex 9.19224 -31 -24.9975
      vertex 10.8336 -33 -24.0137
      vertex 10.8336 -31 -24.0137
    endloop
  endfacet
  facet normal -0.514105 -2.31131e-17 0.857727
    outer loop
      vertex 10.8336 -33 -24.0137
      vertex 9.19224 -31 -24.9975
      vertex 9.19224 -33 -24.9975
    endloop
  endfacet
  facet normal 0.336849 -2.32286e-17 0.941559
    outer loop
      vertex -7.46233 -31 -25.8157
      vertex -5.66055 -33 -26.4603
      vertex -5.66055 -31 -26.4603
    endloop
  endfacet
  facet normal 0.336849 -2.32286e-17 0.941559
    outer loop
      vertex -5.66055 -33 -26.4603
      vertex -7.46233 -31 -25.8157
      vertex -7.46233 -33 -25.8157
    endloop
  endfacet
  facet normal -0.427578 -2.48248e-17 -0.903978
    outer loop
      vertex 7.46233 -33 10.2157
      vertex 9.19224 -31 9.39746
      vertex 9.19224 -33 9.39746
    endloop
  endfacet
  facet normal -0.427578 -2.48248e-17 -0.903978
    outer loop
      vertex 9.19224 -31 9.39746
      vertex 7.46233 -33 10.2157
      vertex 7.46233 -31 10.2157
    endloop
  endfacet
  facet normal -0.671562 -1.22846e-17 -0.740948
    outer loop
      vertex 12.3707 -33 7.2737
      vertex 13.7886 -31 5.98858
      vertex 13.7886 -33 5.98858
    endloop
  endfacet
  facet normal -0.671562 -1.22846e-17 -0.740948
    outer loop
      vertex 13.7886 -31 5.98858
      vertex 12.3707 -33 7.2737
      vertex 12.3707 -31 7.2737
    endloop
  endfacet
  facet normal 0.595689 -2.12571e-17 -0.803215
    outer loop
      vertex -12.3707 -33 7.2737
      vertex -10.8336 -31 8.41366
      vertex -10.8336 -33 8.41366
    endloop
  endfacet
  facet normal 0.595689 -2.12571e-17 -0.803215
    outer loop
      vertex -10.8336 -31 8.41366
      vertex -12.3707 -33 7.2737
      vertex -12.3707 -31 7.2737
    endloop
  endfacet
  facet normal -0.803196 0 -0.595715
    outer loop
      vertex 16.2137 -33 3.03362
      vertex 15.0737 -31 4.57067
      vertex 16.2137 -31 3.03362
    endloop
  endfacet
  facet normal -0.803196 -0 -0.595715
    outer loop
      vertex 15.0737 -31 4.57067
      vertex 16.2137 -33 3.03362
      vertex 15.0737 -33 4.57067
    endloop
  endfacet
  facet normal 0.85773 0 -0.514101
    outer loop
      vertex -16.2137 -33 3.03362
      vertex -17.1975 -31 1.39224
      vertex -16.2137 -31 3.03362
    endloop
  endfacet
  facet normal 0.85773 0 -0.514101
    outer loop
      vertex -17.1975 -31 1.39224
      vertex -16.2137 -33 3.03362
      vertex -17.1975 -33 1.39224
    endloop
  endfacet
  facet normal -0.85773 0 -0.514101
    outer loop
      vertex 17.1975 -33 1.39224
      vertex 16.2137 -31 3.03362
      vertex 17.1975 -31 1.39224
    endloop
  endfacet
  facet normal -0.85773 -0 -0.514101
    outer loop
      vertex 16.2137 -31 3.03362
      vertex 17.1975 -33 1.39224
      vertex 16.2137 -33 3.03362
    endloop
  endfacet
  facet normal 0.595711 -2.88318e-17 0.803199
    outer loop
      vertex -12.3707 -31 -22.8737
      vertex -10.9535 -33 -23.9248
      vertex -10.9535 -31 -23.9248
    endloop
  endfacet
  facet normal 0.595711 -2.88318e-17 0.803199
    outer loop
      vertex -10.9535 -33 -23.9248
      vertex -12.3707 -31 -22.8737
      vertex -12.3707 -33 -22.8737
    endloop
  endfacet
  facet normal 0.803196 0 -0.595715
    outer loop
      vertex -15.0737 -33 4.57067
      vertex -16.2137 -31 3.03362
      vertex -15.0737 -31 4.57067
    endloop
  endfacet
  facet normal 0.803196 0 -0.595715
    outer loop
      vertex -16.2137 -31 3.03362
      vertex -15.0737 -33 4.57067
      vertex -16.2137 -33 3.03362
    endloop
  endfacet
  facet normal 0.514103 5.60581e-18 0.857729
    outer loop
      vertex -10.245 -31 -24.3665
      vertex -9.19224 -33 -24.9975
      vertex -9.19224 -31 -24.9975
    endloop
  endfacet
  facet normal 0.514103 5.60581e-18 0.857729
    outer loop
      vertex -9.19224 -33 -24.9975
      vertex -10.245 -31 -24.3665
      vertex -10.245 -33 -24.3665
    endloop
  endfacet
  facet normal -0.514105 1.55198e-17 -0.857727
    outer loop
      vertex 9.19224 -33 9.39746
      vertex 10.8336 -31 8.41366
      vertex 10.8336 -33 8.41366
    endloop
  endfacet
  facet normal -0.514105 1.55198e-17 -0.857727
    outer loop
      vertex 10.8336 -31 8.41366
      vertex 9.19224 -33 9.39746
      vertex 9.19224 -31 9.39746
    endloop
  endfacet
  facet normal -0.595689 2.12571e-17 -0.803215
    outer loop
      vertex 10.8336 -33 8.41366
      vertex 12.3707 -31 7.2737
      vertex 12.3707 -33 7.2737
    endloop
  endfacet
  facet normal -0.595689 2.12571e-17 -0.803215
    outer loop
      vertex 12.3707 -31 7.2737
      vertex 10.8336 -33 8.41366
      vertex 10.8336 -31 8.41366
    endloop
  endfacet
  facet normal -0.146736 3.73897e-18 0.989176
    outer loop
      vertex 1.91133 -31 -27.2061
      vertex 3.80426 -33 -26.9253
      vertex 3.80426 -31 -26.9253
    endloop
  endfacet
  facet normal -0.146736 3.73897e-18 0.989176
    outer loop
      vertex 3.80426 -33 -26.9253
      vertex 1.91133 -31 -27.2061
      vertex 1.91133 -33 -27.2061
    endloop
  endfacet
  facet normal -0.970029 0 0.242991
    outer loop
      vertex 18.6603 -33 -13.4606
      vertex 19.1253 -31 -11.6043
      vertex 18.6603 -31 -13.4606
    endloop
  endfacet
  facet normal -0.970029 0 0.242991
    outer loop
      vertex 19.1253 -31 -11.6043
      vertex 18.6603 -33 -13.4606
      vertex 19.1253 -33 -11.6043
    endloop
  endfacet
  facet normal -0.941554 0 0.336863
    outer loop
      vertex 18.0157 -33 -15.2623
      vertex 18.6603 -31 -13.4606
      vertex 18.0157 -31 -15.2623
    endloop
  endfacet
  facet normal -0.941554 0 0.336863
    outer loop
      vertex 18.6603 -31 -13.4606
      vertex 18.0157 -33 -15.2623
      vertex 18.6603 -33 -13.4606
    endloop
  endfacet
  facet normal -0.740956 0 -0.671554
    outer loop
      vertex 15.0737 -33 4.57067
      vertex 13.7886 -31 5.98858
      vertex 15.0737 -31 4.57067
    endloop
  endfacet
  facet normal -0.740956 -0 -0.671554
    outer loop
      vertex 13.7886 -31 5.98858
      vertex 15.0737 -33 4.57067
      vertex 13.7886 -33 5.98858
    endloop
  endfacet
  facet normal 0.0490689 -8.23715e-19 -0.998795
    outer loop
      vertex -1.91133 -33 11.6061
      vertex 0 -31 11.7
      vertex 0 -33 11.7
    endloop
  endfacet
  facet normal 0.0490689 -8.23715e-19 -0.998795
    outer loop
      vertex 0 -31 11.7
      vertex -1.91133 -33 11.6061
      vertex -1.91133 -31 11.6061
    endloop
  endfacet
  facet normal -0.0490689 8.23715e-19 -0.998795
    outer loop
      vertex 0 -33 11.7
      vertex 1.91133 -31 11.6061
      vertex 1.91133 -33 11.6061
    endloop
  endfacet
  facet normal -0.0490689 8.23715e-19 -0.998795
    outer loop
      vertex 1.91133 -31 11.6061
      vertex 0 -33 11.7
      vertex 0 -31 11.7
    endloop
  endfacet
  facet normal -0.903987 0 -0.42756
    outer loop
      vertex 18.0157 -33 -0.337672
      vertex 17.1975 -31 1.39224
      vertex 18.0157 -31 -0.337672
    endloop
  endfacet
  facet normal -0.903987 -0 -0.42756
    outer loop
      vertex 17.1975 -31 1.39224
      vertex 18.0157 -33 -0.337672
      vertex 17.1975 -33 1.39224
    endloop
  endfacet
  facet normal -0.671556 2.33477e-17 0.740954
    outer loop
      vertex 12.3707 -31 -22.8737
      vertex 13.7886 -33 -21.5886
      vertex 13.7886 -31 -21.5886
    endloop
  endfacet
  facet normal -0.671556 2.33477e-17 0.740954
    outer loop
      vertex 13.7886 -33 -21.5886
      vertex 12.3707 -31 -22.8737
      vertex 12.3707 -33 -22.8737
    endloop
  endfacet
  facet normal -0.998795 0 0.0490689
    outer loop
      vertex 19.4061 -33 -9.71133
      vertex 19.5 -31 -7.8
      vertex 19.4061 -31 -9.71133
    endloop
  endfacet
  facet normal -0.998795 0 0.0490689
    outer loop
      vertex 19.5 -31 -7.8
      vertex 19.4061 -33 -9.71133
      vertex 19.5 -33 -7.8
    endloop
  endfacet
  facet normal 0.0490713 1.69383e-18 0.998795
    outer loop
      vertex -0.979026 -31 -27.2519
      vertex 0 -33 -27.3
      vertex 0 -31 -27.3
    endloop
  endfacet
  facet normal 0.0490713 1.69383e-18 0.998795
    outer loop
      vertex 0 -33 -27.3
      vertex -0.979026 -31 -27.2519
      vertex -0.979026 -33 -27.2519
    endloop
  endfacet
  facet normal 0.0492091 2.32386e-19 0.998789
    outer loop
      vertex -1.91133 -31 -27.2061
      vertex -1.71851 -33 -27.2156
      vertex -1.71851 -31 -27.2156
    endloop
  endfacet
  facet normal 0.0492091 2.32386e-19 0.998789
    outer loop
      vertex -1.71851 -33 -27.2156
      vertex -1.91133 -31 -27.2061
      vertex -1.91133 -33 -27.2061
    endloop
  endfacet
  facet normal 0.740956 0 -0.671554
    outer loop
      vertex -13.7886 -33 5.98858
      vertex -15.0737 -31 4.57067
      vertex -13.7886 -31 5.98858
    endloop
  endfacet
  facet normal 0.740956 0 -0.671554
    outer loop
      vertex -15.0737 -31 4.57067
      vertex -13.7886 -33 5.98858
      vertex -15.0737 -33 4.57067
    endloop
  endfacet
  facet normal 0.146736 3.73897e-18 -0.989176
    outer loop
      vertex -3.80426 -33 11.3253
      vertex -1.91133 -31 11.6061
      vertex -1.91133 -33 11.6061
    endloop
  endfacet
  facet normal 0.146736 3.73897e-18 -0.989176
    outer loop
      vertex -1.91133 -31 11.6061
      vertex -3.80426 -33 11.3253
      vertex -3.80426 -31 11.3253
    endloop
  endfacet
  facet normal 0.336849 2.32286e-17 -0.941559
    outer loop
      vertex -7.46233 -33 10.2157
      vertex -5.66055 -31 10.8603
      vertex -5.66055 -33 10.8603
    endloop
  endfacet
  facet normal 0.336849 2.32286e-17 -0.941559
    outer loop
      vertex -5.66055 -31 10.8603
      vertex -7.46233 -33 10.2157
      vertex -7.46233 -31 10.2157
    endloop
  endfacet
  facet normal 0.427578 2.48248e-17 -0.903978
    outer loop
      vertex -9.19224 -33 9.39746
      vertex -7.46233 -31 10.2157
      vertex -7.46233 -33 10.2157
    endloop
  endfacet
  facet normal 0.427578 2.48248e-17 -0.903978
    outer loop
      vertex -7.46233 -31 10.2157
      vertex -9.19224 -33 9.39746
      vertex -9.19224 -31 9.39746
    endloop
  endfacet
  facet normal 0.903987 0 -0.42756
    outer loop
      vertex -17.1975 -33 1.39224
      vertex -18.0157 -31 -0.337672
      vertex -17.1975 -31 1.39224
    endloop
  endfacet
  facet normal 0.903987 0 -0.42756
    outer loop
      vertex -18.0157 -31 -0.337672
      vertex -17.1975 -33 1.39224
      vertex -18.0157 -33 -0.337672
    endloop
  endfacet
  facet normal 0.740944 -0 0.671567
    outer loop
      vertex -15.0737 -33 -20.1707
      vertex -13.8879 -31 -21.479
      vertex -15.0737 -31 -20.1707
    endloop
  endfacet
  facet normal 0.740944 0 0.671567
    outer loop
      vertex -13.8879 -31 -21.479
      vertex -15.0737 -33 -20.1707
      vertex -13.8879 -33 -21.479
    endloop
  endfacet
  facet normal 0.671599 6.70194e-18 0.740915
    outer loop
      vertex -12.9308 -31 -22.366
      vertex -12.3707 -33 -22.8737
      vertex -12.3707 -31 -22.8737
    endloop
  endfacet
  facet normal 0.671599 6.70194e-18 0.740915
    outer loop
      vertex -12.3707 -33 -22.8737
      vertex -12.9308 -31 -22.366
      vertex -12.9308 -33 -22.366
    endloop
  endfacet
  facet normal 0.989176 0 -0.146736
    outer loop
      vertex -19.1253 -33 -3.99574
      vertex -19.4061 -31 -5.88867
      vertex -19.1253 -31 -3.99574
    endloop
  endfacet
  facet normal 0.989176 0 -0.146736
    outer loop
      vertex -19.4061 -31 -5.88867
      vertex -19.1253 -33 -3.99574
      vertex -19.4061 -33 -5.88867
    endloop
  endfacet
  facet normal 0.970028 0 -0.242992
    outer loop
      vertex -18.6603 -33 -2.13945
      vertex -19.1253 -31 -3.99574
      vertex -18.6603 -31 -2.13945
    endloop
  endfacet
  facet normal 0.970028 0 -0.242992
    outer loop
      vertex -19.1253 -31 -3.99574
      vertex -18.6603 -33 -2.13945
      vertex -19.1253 -33 -3.99574
    endloop
  endfacet
  facet normal 0.970029 -0 0.242991
    outer loop
      vertex -19.1253 -33 -11.6043
      vertex -18.6603 -31 -13.4606
      vertex -19.1253 -31 -11.6043
    endloop
  endfacet
  facet normal 0.970029 0 0.242991
    outer loop
      vertex -18.6603 -31 -13.4606
      vertex -19.1253 -33 -11.6043
      vertex -18.6603 -33 -13.4606
    endloop
  endfacet
  facet normal 0.427561 8.94792e-18 0.903987
    outer loop
      vertex -9.19224 -31 -24.9975
      vertex -7.46233 -33 -25.8157
      vertex -7.46233 -31 -25.8157
    endloop
  endfacet
  facet normal 0.427561 8.94792e-18 0.903987
    outer loop
      vertex -7.46233 -33 -25.8157
      vertex -9.19224 -31 -24.9975
      vertex -9.19224 -33 -24.9975
    endloop
  endfacet
  facet normal -0.427561 -8.94792e-18 0.903987
    outer loop
      vertex 7.46233 -31 -25.8157
      vertex 9.19224 -33 -24.9975
      vertex 9.19224 -31 -24.9975
    endloop
  endfacet
  facet normal -0.427561 -8.94792e-18 0.903987
    outer loop
      vertex 9.19224 -33 -24.9975
      vertex 7.46233 -31 -25.8157
      vertex 7.46233 -33 -25.8157
    endloop
  endfacet
  facet normal -0.0490689 1.53407e-18 0.998795
    outer loop
      vertex 0 -31 -27.3
      vertex 1.91133 -33 -27.2061
      vertex 1.91133 -31 -27.2061
    endloop
  endfacet
  facet normal -0.0490689 1.53407e-18 0.998795
    outer loop
      vertex 1.91133 -33 -27.2061
      vertex 0 -31 -27.3
      vertex 0 -33 -27.3
    endloop
  endfacet
  facet normal -0.903986 0 0.427563
    outer loop
      vertex 17.1975 -33 -16.9922
      vertex 18.0157 -31 -15.2623
      vertex 17.1975 -31 -16.9922
    endloop
  endfacet
  facet normal -0.903986 0 0.427563
    outer loop
      vertex 18.0157 -31 -15.2623
      vertex 17.1975 -33 -16.9922
      vertex 18.0157 -33 -15.2623
    endloop
  endfacet
  facet normal 0.941558 0 -0.33685
    outer loop
      vertex -18.0157 -33 -0.337672
      vertex -18.6603 -31 -2.13945
      vertex -18.0157 -31 -0.337672
    endloop
  endfacet
  facet normal 0.941558 0 -0.33685
    outer loop
      vertex -18.6603 -31 -2.13945
      vertex -18.0157 -33 -0.337672
      vertex -18.6603 -33 -2.13945
    endloop
  endfacet
  facet normal -0.242992 -8.81697e-18 -0.970028
    outer loop
      vertex 3.80426 -33 11.3253
      vertex 5.66055 -31 10.8603
      vertex 5.66055 -33 10.8603
    endloop
  endfacet
  facet normal -0.242992 -8.81697e-18 -0.970028
    outer loop
      vertex 5.66055 -31 10.8603
      vertex 3.80426 -33 11.3253
      vertex 3.80426 -31 11.3253
    endloop
  endfacet
  facet normal -0.595702 -1.76957e-17 0.803205
    outer loop
      vertex 10.8336 -31 -24.0137
      vertex 12.3707 -33 -22.8737
      vertex 12.3707 -31 -22.8737
    endloop
  endfacet
  facet normal -0.595702 -1.76957e-17 0.803205
    outer loop
      vertex 12.3707 -33 -22.8737
      vertex 10.8336 -31 -24.0137
      vertex 10.8336 -33 -24.0137
    endloop
  endfacet
  facet normal 0.146736 -3.73897e-18 0.989176
    outer loop
      vertex -3.80426 -31 -26.9253
      vertex -1.91133 -33 -27.2061
      vertex -1.91133 -31 -27.2061
    endloop
  endfacet
  facet normal 0.146736 -3.73897e-18 0.989176
    outer loop
      vertex -1.91133 -33 -27.2061
      vertex -3.80426 -31 -26.9253
      vertex -3.80426 -33 -26.9253
    endloop
  endfacet
  facet normal 0.998795 0 -0.0490689
    outer loop
      vertex -19.4061 -33 -5.88867
      vertex -19.5 -31 -7.8
      vertex -19.4061 -31 -5.88867
    endloop
  endfacet
  facet normal 0.998795 0 -0.0490689
    outer loop
      vertex -19.5 -31 -7.8
      vertex -19.4061 -33 -5.88867
      vertex -19.5 -33 -7.8
    endloop
  endfacet
  facet normal -0.740954 0 0.671556
    outer loop
      vertex 13.7886 -33 -21.5886
      vertex 15.0737 -31 -20.1707
      vertex 13.7886 -31 -21.5886
    endloop
  endfacet
  facet normal -0.740954 0 0.671556
    outer loop
      vertex 15.0737 -31 -20.1707
      vertex 13.7886 -33 -21.5886
      vertex 15.0737 -33 -20.1707
    endloop
  endfacet
  facet normal -1 0 0
    outer loop
      vertex 15 -33 17.7
      vertex 15 -31 19.7
      vertex 15 -31 17.7
    endloop
  endfacet
  facet normal -1 -0 0
    outer loop
      vertex 15 -31 19.7
      vertex 15 -33 17.7
      vertex 15 -33 19.7
    endloop
  endfacet
  facet normal 0 0 -1
    outer loop
      vertex -15 -33 19.7
      vertex -4.75 -31 19.7
      vertex -4.75 -33 19.7
    endloop
  endfacet
  facet normal -0 0 -1
    outer loop
      vertex -4.75 -31 19.7
      vertex -15 -33 19.7
      vertex -15 -31 19.7
    endloop
  endfacet
  facet normal 0 0 -1
    outer loop
      vertex 4.75 -33 19.7
      vertex 15 -31 19.7
      vertex 15 -33 19.7
    endloop
  endfacet
  facet normal -0 0 -1
    outer loop
      vertex 15 -31 19.7
      vertex 4.75 -33 19.7
      vertex 4.75 -31 19.7
    endloop
  endfacet
  facet normal -0 0 1
    outer loop
      vertex -15 -31 17.7
      vertex 15 -33 17.7
      vertex 15 -31 17.7
    endloop
  endfacet
  facet normal 0 0 1
    outer loop
      vertex 15 -33 17.7
      vertex -15 -31 17.7
      vertex -15 -33 17.7
    endloop
  endfacet
  facet normal 1 -0 0
    outer loop
      vertex -15 -33 19.7
      vertex -15 -31 17.7
      vertex -15 -31 19.7
    endloop
  endfacet
  facet normal 1 0 0
    outer loop
      vertex -15 -31 17.7
      vertex -15 -33 19.7
      vertex -15 -33 17.7
    endloop
  endfacet
  facet normal -1 0 0
    outer loop
      vertex 10 31 -24.5
      vertex 10 33 -16.5
      vertex 10 33 -24.5
    endloop
  endfacet
  facet normal -1 -0 0
    outer loop
      vertex 10 33 -16.5
      vertex 10 31 -24.5
      vertex 10 31 -16.5
    endloop
  endfacet
  facet normal 0 0 -1
    outer loop
      vertex -10 31 -16.5
      vertex 10 33 -16.5
      vertex 10 31 -16.5
    endloop
  endfacet
  facet normal -0 0 -1
    outer loop
      vertex 10 33 -16.5
      vertex -10 31 -16.5
      vertex -10 33 -16.5
    endloop
  endfacet
  facet normal -0 0 1
    outer loop
      vertex -10 33 -24.5
      vertex 10 31 -24.5
      vertex 10 33 -24.5
    endloop
  endfacet
  facet normal 0 0 1
    outer loop
      vertex 10 31 -24.5
      vertex -10 33 -24.5
      vertex -10 31 -24.5
    endloop
  endfacet
  facet normal 1 -0 0
    outer loop
      vertex -10 31 -16.5
      vertex -10 33 -24.5
      vertex -10 33 -16.5
    endloop
  endfacet
  facet normal 1 0 0
    outer loop
      vertex -10 33 -24.5
      vertex -10 31 -16.5
      vertex -10 31 -24.5
    endloop
  endfacet
  facet normal -0.471329 0.881957 0
    outer loop
      vertex -33.148 -24.2284 -30.5
      vertex -33.6667 -24.5056 -22.5
      vertex -33.148 -24.2284 -22.5
    endloop
  endfacet
  facet normal -0.471329 0.881957 0
    outer loop
      vertex -33.6667 -24.5056 -22.5
      vertex -33.148 -24.2284 -30.5
      vertex -33.6667 -24.5056 -30.5
    endloop
  endfacet
  facet normal 0.471329 0.881957 -0
    outer loop
      vertex -30.3333 -24.5056 -30.5
      vertex -30.852 -24.2284 -22.5
      vertex -30.3333 -24.5056 -22.5
    endloop
  endfacet
  facet normal 0.471329 0.881957 0
    outer loop
      vertex -30.852 -24.2284 -22.5
      vertex -30.3333 -24.5056 -30.5
      vertex -30.852 -24.2284 -30.5
    endloop
  endfacet
  facet normal 0.95689 0.290451 3.56041e-19
    outer loop
      vertex -29.0576 -26.4147 -22.5
      vertex -29.2284 -25.852 -30.5
      vertex -29.2284 -25.852 -22.5
    endloop
  endfacet
  facet normal 0.95689 0.290451 3.56041e-19
    outer loop
      vertex -29.2284 -25.852 -30.5
      vertex -29.0576 -26.4147 -22.5
      vertex -29.0576 -26.4147 -30.5
    endloop
  endfacet
  facet normal 0.995193 0.097938 3.29733e-19
    outer loop
      vertex -29 -27 -22.5
      vertex -29.0576 -26.4147 -30.5
      vertex -29.0576 -26.4147 -22.5
    endloop
  endfacet
  facet normal 0.995193 0.097938 3.29733e-19
    outer loop
      vertex -29.0576 -26.4147 -30.5
      vertex -29 -27 -22.5
      vertex -29 -27 -30.5
    endloop
  endfacet
  facet normal 0.881957 0.471329 -1.6383e-18
    outer loop
      vertex -29.2284 -25.852 -22.5
      vertex -29.5056 -25.3333 -30.5
      vertex -29.5056 -25.3333 -22.5
    endloop
  endfacet
  facet normal 0.881957 0.471329 -1.6383e-18
    outer loop
      vertex -29.5056 -25.3333 -30.5
      vertex -29.2284 -25.852 -22.5
      vertex -29.2284 -25.852 -30.5
    endloop
  endfacet
  facet normal 0.097938 0.995193 -0
    outer loop
      vertex -31.4147 -24.0576 -30.5
      vertex -32 -24 -22.5
      vertex -31.4147 -24.0576 -22.5
    endloop
  endfacet
  facet normal 0.097938 0.995193 0
    outer loop
      vertex -32 -24 -22.5
      vertex -31.4147 -24.0576 -30.5
      vertex -32 -24 -30.5
    endloop
  endfacet
  facet normal 0.097938 -0.995193 0
    outer loop
      vertex -32 -30 -30.5
      vertex -31.4147 -29.9424 -22.5
      vertex -32 -30 -22.5
    endloop
  endfacet
  facet normal 0.097938 -0.995193 0
    outer loop
      vertex -31.4147 -29.9424 -22.5
      vertex -32 -30 -30.5
      vertex -31.4147 -29.9424 -30.5
    endloop
  endfacet
  facet normal 0.290451 0.95689 -0
    outer loop
      vertex -30.852 -24.2284 -30.5
      vertex -31.4147 -24.0576 -22.5
      vertex -30.852 -24.2284 -22.5
    endloop
  endfacet
  facet normal 0.290451 0.95689 0
    outer loop
      vertex -31.4147 -24.0576 -22.5
      vertex -30.852 -24.2284 -30.5
      vertex -31.4147 -24.0576 -30.5
    endloop
  endfacet
  facet normal 0.634413 0.772994 -0
    outer loop
      vertex -29.8787 -24.8787 -30.5
      vertex -30.3333 -24.5056 -22.5
      vertex -29.8787 -24.8787 -22.5
    endloop
  endfacet
  facet normal 0.634413 0.772994 0
    outer loop
      vertex -30.3333 -24.5056 -22.5
      vertex -29.8787 -24.8787 -30.5
      vertex -30.3333 -24.5056 -30.5
    endloop
  endfacet
  facet normal 0.772994 -0.634413 1.23417e-19
    outer loop
      vertex -29.8787 -29.1213 -22.5
      vertex -29.5056 -28.6667 -30.5
      vertex -29.5056 -28.6667 -22.5
    endloop
  endfacet
  facet normal 0.772994 -0.634413 1.23417e-19
    outer loop
      vertex -29.5056 -28.6667 -30.5
      vertex -29.8787 -29.1213 -22.5
      vertex -29.8787 -29.1213 -30.5
    endloop
  endfacet
  facet normal -0.634413 0.772994 0
    outer loop
      vertex -33.6667 -24.5056 -30.5
      vertex -34.1213 -24.8787 -22.5
      vertex -33.6667 -24.5056 -22.5
    endloop
  endfacet
  facet normal -0.634413 0.772994 0
    outer loop
      vertex -34.1213 -24.8787 -22.5
      vertex -33.6667 -24.5056 -30.5
      vertex -34.1213 -24.8787 -30.5
    endloop
  endfacet
  facet normal 0.471329 -0.881957 0
    outer loop
      vertex -30.852 -29.7716 -30.5
      vertex -30.3333 -29.4944 -22.5
      vertex -30.852 -29.7716 -22.5
    endloop
  endfacet
  facet normal 0.471329 -0.881957 0
    outer loop
      vertex -30.3333 -29.4944 -22.5
      vertex -30.852 -29.7716 -30.5
      vertex -30.3333 -29.4944 -30.5
    endloop
  endfacet
  facet normal -0.881957 -0.471329 -1.6383e-18
    outer loop
      vertex -34.4944 -28.6667 -30.5
      vertex -34.7716 -28.148 -22.5
      vertex -34.7716 -28.148 -30.5
    endloop
  endfacet
  facet normal -0.881957 -0.471329 -1.6383e-18
    outer loop
      vertex -34.7716 -28.148 -22.5
      vertex -34.4944 -28.6667 -30.5
      vertex -34.4944 -28.6667 -22.5
    endloop
  endfacet
  facet normal 0.995193 -0.097938 -3.29733e-19
    outer loop
      vertex -29.0576 -27.5853 -22.5
      vertex -29 -27 -30.5
      vertex -29 -27 -22.5
    endloop
  endfacet
  facet normal 0.995193 -0.097938 -3.29733e-19
    outer loop
      vertex -29 -27 -30.5
      vertex -29.0576 -27.5853 -22.5
      vertex -29.0576 -27.5853 -30.5
    endloop
  endfacet
  facet normal -0.290451 0.95689 0
    outer loop
      vertex -32.5853 -24.0576 -30.5
      vertex -33.148 -24.2284 -22.5
      vertex -32.5853 -24.0576 -22.5
    endloop
  endfacet
  facet normal -0.290451 0.95689 0
    outer loop
      vertex -33.148 -24.2284 -22.5
      vertex -32.5853 -24.0576 -30.5
      vertex -33.148 -24.2284 -30.5
    endloop
  endfacet
  facet normal -0.097938 -0.995193 0
    outer loop
      vertex -32.5853 -29.9424 -30.5
      vertex -32 -30 -22.5
      vertex -32.5853 -29.9424 -22.5
    endloop
  endfacet
  facet normal -0.097938 -0.995193 -0
    outer loop
      vertex -32 -30 -22.5
      vertex -32.5853 -29.9424 -30.5
      vertex -32 -30 -30.5
    endloop
  endfacet
  facet normal -0.881957 0.471329 1.6383e-18
    outer loop
      vertex -34.7716 -25.852 -30.5
      vertex -34.4944 -25.3333 -22.5
      vertex -34.4944 -25.3333 -30.5
    endloop
  endfacet
  facet normal -0.881957 0.471329 1.6383e-18
    outer loop
      vertex -34.4944 -25.3333 -22.5
      vertex -34.7716 -25.852 -30.5
      vertex -34.7716 -25.852 -22.5
    endloop
  endfacet
  facet normal 0.290451 -0.95689 0
    outer loop
      vertex -31.4147 -29.9424 -30.5
      vertex -30.852 -29.7716 -22.5
      vertex -31.4147 -29.9424 -22.5
    endloop
  endfacet
  facet normal 0.290451 -0.95689 0
    outer loop
      vertex -30.852 -29.7716 -22.5
      vertex -31.4147 -29.9424 -30.5
      vertex -30.852 -29.7716 -30.5
    endloop
  endfacet
  facet normal 0 0 1
    outer loop
      vertex -30.4 -27 -22.5
      vertex -29 -27 -22.5
      vertex -29.0576 -26.4147 -22.5
    endloop
  endfacet
  facet normal 0 0 1
    outer loop
      vertex -30.4307 -26.6879 -22.5
      vertex -29.0576 -26.4147 -22.5
      vertex -29.2284 -25.852 -22.5
    endloop
  endfacet
  facet normal 0 0 1
    outer loop
      vertex -29 -27 -22.5
      vertex -30.4 -27 -22.5
      vertex -29.0576 -27.5853 -22.5
    endloop
  endfacet
  facet normal 0 0 1
    outer loop
      vertex -30.5218 -26.3877 -22.5
      vertex -29.2284 -25.852 -22.5
      vertex -29.5056 -25.3333 -22.5
    endloop
  endfacet
  facet normal -0 0 1
    outer loop
      vertex -30.4307 -27.3121 -22.5
      vertex -29.0576 -27.5853 -22.5
      vertex -30.4 -27 -22.5
    endloop
  endfacet
  facet normal 0 0 1
    outer loop
      vertex -30.6696 -26.1111 -22.5
      vertex -29.5056 -25.3333 -22.5
      vertex -29.8787 -24.8787 -22.5
    endloop
  endfacet
  facet normal 0 0 1
    outer loop
      vertex -29.0576 -27.5853 -22.5
      vertex -30.4307 -27.3121 -22.5
      vertex -29.2284 -28.148 -22.5
    endloop
  endfacet
  facet normal 0 0 1
    outer loop
      vertex -30.8686 -25.8686 -22.5
      vertex -29.8787 -24.8787 -22.5
      vertex -30.3333 -24.5056 -22.5
    endloop
  endfacet
  facet normal -0 0 1
    outer loop
      vertex -30.5218 -27.6123 -22.5
      vertex -29.2284 -28.148 -22.5
      vertex -30.4307 -27.3121 -22.5
    endloop
  endfacet
  facet normal 0 0 1
    outer loop
      vertex -29.2284 -28.148 -22.5
      vertex -30.5218 -27.6123 -22.5
      vertex -29.5056 -28.6667 -22.5
    endloop
  endfacet
  facet normal 0 0 1
    outer loop
      vertex -29.0576 -26.4147 -22.5
      vertex -30.4307 -26.6879 -22.5
      vertex -30.4 -27 -22.5
    endloop
  endfacet
  facet normal 0 0 1
    outer loop
      vertex -29.2284 -25.852 -22.5
      vertex -30.5218 -26.3877 -22.5
      vertex -30.4307 -26.6879 -22.5
    endloop
  endfacet
  facet normal 0 0 1
    outer loop
      vertex -29.5056 -25.3333 -22.5
      vertex -30.6696 -26.1111 -22.5
      vertex -30.5218 -26.3877 -22.5
    endloop
  endfacet
  facet normal 0 0 1
    outer loop
      vertex -31.1111 -25.6696 -22.5
      vertex -30.3333 -24.5056 -22.5
      vertex -30.852 -24.2284 -22.5
    endloop
  endfacet
  facet normal 0 0 1
    outer loop
      vertex -29.8787 -24.8787 -22.5
      vertex -30.8686 -25.8686 -22.5
      vertex -30.6696 -26.1111 -22.5
    endloop
  endfacet
  facet normal 0 0 1
    outer loop
      vertex -30.3333 -24.5056 -22.5
      vertex -31.1111 -25.6696 -22.5
      vertex -30.8686 -25.8686 -22.5
    endloop
  endfacet
  facet normal 0 0 1
    outer loop
      vertex -30.852 -24.2284 -22.5
      vertex -31.3877 -25.5218 -22.5
      vertex -31.1111 -25.6696 -22.5
    endloop
  endfacet
  facet normal 0 0 1
    outer loop
      vertex -31.4147 -24.0576 -22.5
      vertex -31.3877 -25.5218 -22.5
      vertex -30.852 -24.2284 -22.5
    endloop
  endfacet
  facet normal 0 0 1
    outer loop
      vertex -31.4147 -24.0576 -22.5
      vertex -31.6879 -25.4307 -22.5
      vertex -31.3877 -25.5218 -22.5
    endloop
  endfacet
  facet normal 0 0 1
    outer loop
      vertex -32 -24 -22.5
      vertex -31.6879 -25.4307 -22.5
      vertex -31.4147 -24.0576 -22.5
    endloop
  endfacet
  facet normal 0 0 1
    outer loop
      vertex -32 -24 -22.5
      vertex -32 -25.4 -22.5
      vertex -31.6879 -25.4307 -22.5
    endloop
  endfacet
  facet normal 0 0 1
    outer loop
      vertex -32 -24 -22.5
      vertex -32.3121 -25.4307 -22.5
      vertex -32 -25.4 -22.5
    endloop
  endfacet
  facet normal -0 0 1
    outer loop
      vertex -32.5853 -24.0576 -22.5
      vertex -32.3121 -25.4307 -22.5
      vertex -32 -24 -22.5
    endloop
  endfacet
  facet normal 0 0 1
    outer loop
      vertex -32.5853 -24.0576 -22.5
      vertex -32.6123 -25.5218 -22.5
      vertex -32.3121 -25.4307 -22.5
    endloop
  endfacet
  facet normal -0 0 1
    outer loop
      vertex -33.148 -24.2284 -22.5
      vertex -32.6123 -25.5218 -22.5
      vertex -32.5853 -24.0576 -22.5
    endloop
  endfacet
  facet normal 0 0 1
    outer loop
      vertex -32.6123 -25.5218 -22.5
      vertex -33.148 -24.2284 -22.5
      vertex -32.8889 -25.6696 -22.5
    endloop
  endfacet
  facet normal -0 0 1
    outer loop
      vertex -33.6667 -24.5056 -22.5
      vertex -32.8889 -25.6696 -22.5
      vertex -33.148 -24.2284 -22.5
    endloop
  endfacet
  facet normal 0 0 1
    outer loop
      vertex -32.8889 -25.6696 -22.5
      vertex -33.6667 -24.5056 -22.5
      vertex -33.1314 -25.8686 -22.5
    endloop
  endfacet
  facet normal -0 0 1
    outer loop
      vertex -34.1213 -24.8787 -22.5
      vertex -33.1314 -25.8686 -22.5
      vertex -33.6667 -24.5056 -22.5
    endloop
  endfacet
  facet normal 0 0 1
    outer loop
      vertex -33.1314 -25.8686 -22.5
      vertex -34.1213 -24.8787 -22.5
      vertex -33.3304 -26.1111 -22.5
    endloop
  endfacet
  facet normal 0 0 1
    outer loop
      vertex -33.3304 -26.1111 -22.5
      vertex -34.4944 -25.3333 -22.5
      vertex -33.4782 -26.3877 -22.5
    endloop
  endfacet
  facet normal -0 0 1
    outer loop
      vertex -34.4944 -25.3333 -22.5
      vertex -33.3304 -26.1111 -22.5
      vertex -34.1213 -24.8787 -22.5
    endloop
  endfacet
  facet normal -0 0 1
    outer loop
      vertex -30.6696 -27.8889 -22.5
      vertex -29.5056 -28.6667 -22.5
      vertex -30.5218 -27.6123 -22.5
    endloop
  endfacet
  facet normal 0 0 1
    outer loop
      vertex -29.5056 -28.6667 -22.5
      vertex -30.6696 -27.8889 -22.5
      vertex -29.8787 -29.1213 -22.5
    endloop
  endfacet
  facet normal -0 0 1
    outer loop
      vertex -30.8686 -28.1314 -22.5
      vertex -29.8787 -29.1213 -22.5
      vertex -30.6696 -27.8889 -22.5
    endloop
  endfacet
  facet normal 0 0 1
    outer loop
      vertex -29.8787 -29.1213 -22.5
      vertex -30.8686 -28.1314 -22.5
      vertex -30.3333 -29.4944 -22.5
    endloop
  endfacet
  facet normal -0 0 1
    outer loop
      vertex -31.1111 -28.3304 -22.5
      vertex -30.3333 -29.4944 -22.5
      vertex -30.8686 -28.1314 -22.5
    endloop
  endfacet
  facet normal 0 0 1
    outer loop
      vertex -30.3333 -29.4944 -22.5
      vertex -31.1111 -28.3304 -22.5
      vertex -30.852 -29.7716 -22.5
    endloop
  endfacet
  facet normal -0 0 1
    outer loop
      vertex -31.3877 -28.4782 -22.5
      vertex -30.852 -29.7716 -22.5
      vertex -31.1111 -28.3304 -22.5
    endloop
  endfacet
  facet normal 0 0 1
    outer loop
      vertex -31.3877 -28.4782 -22.5
      vertex -31.4147 -29.9424 -22.5
      vertex -30.852 -29.7716 -22.5
    endloop
  endfacet
  facet normal -0 0 1
    outer loop
      vertex -31.6879 -28.5693 -22.5
      vertex -31.4147 -29.9424 -22.5
      vertex -31.3877 -28.4782 -22.5
    endloop
  endfacet
  facet normal -0 0 1
    outer loop
      vertex -32 -28.6 -22.5
      vertex -31.4147 -29.9424 -22.5
      vertex -31.6879 -28.5693 -22.5
    endloop
  endfacet
  facet normal 0 0 1
    outer loop
      vertex -32 -28.6 -22.5
      vertex -32 -30 -22.5
      vertex -31.4147 -29.9424 -22.5
    endloop
  endfacet
  facet normal 0 0 1
    outer loop
      vertex -32.3121 -28.5693 -22.5
      vertex -32 -30 -22.5
      vertex -32 -28.6 -22.5
    endloop
  endfacet
  facet normal 0 0 1
    outer loop
      vertex -32.3121 -28.5693 -22.5
      vertex -32.5853 -29.9424 -22.5
      vertex -32 -30 -22.5
    endloop
  endfacet
  facet normal 0 0 1
    outer loop
      vertex -32.6123 -28.4782 -22.5
      vertex -32.5853 -29.9424 -22.5
      vertex -32.3121 -28.5693 -22.5
    endloop
  endfacet
  facet normal 0 0 1
    outer loop
      vertex -33.148 -29.7716 -22.5
      vertex -32.6123 -28.4782 -22.5
      vertex -32.8889 -28.3304 -22.5
    endloop
  endfacet
  facet normal 0 0 1
    outer loop
      vertex -33.6667 -29.4944 -22.5
      vertex -32.8889 -28.3304 -22.5
      vertex -33.1314 -28.1314 -22.5
    endloop
  endfacet
  facet normal 0 0 1
    outer loop
      vertex -32.6123 -28.4782 -22.5
      vertex -33.148 -29.7716 -22.5
      vertex -32.5853 -29.9424 -22.5
    endloop
  endfacet
  facet normal 0 0 1
    outer loop
      vertex -34.1213 -29.1213 -22.5
      vertex -33.1314 -28.1314 -22.5
      vertex -33.3304 -27.8889 -22.5
    endloop
  endfacet
  facet normal 0 0 1
    outer loop
      vertex -34.4944 -28.6667 -22.5
      vertex -33.3304 -27.8889 -22.5
      vertex -33.4782 -27.6123 -22.5
    endloop
  endfacet
  facet normal 0 0 1
    outer loop
      vertex -34.7716 -28.148 -22.5
      vertex -33.4782 -27.6123 -22.5
      vertex -33.5693 -27.3121 -22.5
    endloop
  endfacet
  facet normal 0 0 1
    outer loop
      vertex -32.8889 -28.3304 -22.5
      vertex -33.6667 -29.4944 -22.5
      vertex -33.148 -29.7716 -22.5
    endloop
  endfacet
  facet normal 0 0 1
    outer loop
      vertex -34.9424 -27.5853 -22.5
      vertex -33.5693 -27.3121 -22.5
      vertex -33.6 -27 -22.5
    endloop
  endfacet
  facet normal -0 0 1
    outer loop
      vertex -34.7716 -25.852 -22.5
      vertex -33.4782 -26.3877 -22.5
      vertex -34.4944 -25.3333 -22.5
    endloop
  endfacet
  facet normal 0 0 1
    outer loop
      vertex -33.4782 -26.3877 -22.5
      vertex -34.7716 -25.852 -22.5
      vertex -33.5693 -26.6879 -22.5
    endloop
  endfacet
  facet normal 0 0 1
    outer loop
      vertex -33.1314 -28.1314 -22.5
      vertex -34.1213 -29.1213 -22.5
      vertex -33.6667 -29.4944 -22.5
    endloop
  endfacet
  facet normal -0 0 1
    outer loop
      vertex -34.9424 -26.4147 -22.5
      vertex -33.5693 -26.6879 -22.5
      vertex -34.7716 -25.852 -22.5
    endloop
  endfacet
  facet normal 0 0 1
    outer loop
      vertex -33.3304 -27.8889 -22.5
      vertex -34.4944 -28.6667 -22.5
      vertex -34.1213 -29.1213 -22.5
    endloop
  endfacet
  facet normal 0 0 1
    outer loop
      vertex -33.5693 -26.6879 -22.5
      vertex -34.9424 -26.4147 -22.5
      vertex -33.6 -27 -22.5
    endloop
  endfacet
  facet normal 0 0 1
    outer loop
      vertex -33.4782 -27.6123 -22.5
      vertex -34.7716 -28.148 -22.5
      vertex -34.4944 -28.6667 -22.5
    endloop
  endfacet
  facet normal 0 0 1
    outer loop
      vertex -35 -27 -22.5
      vertex -33.6 -27 -22.5
      vertex -34.9424 -26.4147 -22.5
    endloop
  endfacet
  facet normal 0 0 1
    outer loop
      vertex -33.5693 -27.3121 -22.5
      vertex -34.9424 -27.5853 -22.5
      vertex -34.7716 -28.148 -22.5
    endloop
  endfacet
  facet normal 0 0 1
    outer loop
      vertex -33.6 -27 -22.5
      vertex -35 -27 -22.5
      vertex -34.9424 -27.5853 -22.5
    endloop
  endfacet
  facet normal -0.290451 -0.95689 0
    outer loop
      vertex -33.148 -29.7716 -30.5
      vertex -32.5853 -29.9424 -22.5
      vertex -33.148 -29.7716 -22.5
    endloop
  endfacet
  facet normal -0.290451 -0.95689 -0
    outer loop
      vertex -32.5853 -29.9424 -22.5
      vertex -33.148 -29.7716 -30.5
      vertex -32.5853 -29.9424 -30.5
    endloop
  endfacet
  facet normal 0.95689 -0.290451 -3.56041e-19
    outer loop
      vertex -29.2284 -28.148 -22.5
      vertex -29.0576 -27.5853 -30.5
      vertex -29.0576 -27.5853 -22.5
    endloop
  endfacet
  facet normal 0.95689 -0.290451 -3.56041e-19
    outer loop
      vertex -29.0576 -27.5853 -30.5
      vertex -29.2284 -28.148 -22.5
      vertex -29.2284 -28.148 -30.5
    endloop
  endfacet
  facet normal 0.772994 0.634413 -1.23417e-19
    outer loop
      vertex -29.5056 -25.3333 -22.5
      vertex -29.8787 -24.8787 -30.5
      vertex -29.8787 -24.8787 -22.5
    endloop
  endfacet
  facet normal 0.772994 0.634413 -1.23417e-19
    outer loop
      vertex -29.8787 -24.8787 -30.5
      vertex -29.5056 -25.3333 -22.5
      vertex -29.5056 -25.3333 -30.5
    endloop
  endfacet
  facet normal -0.995193 0.097938 -3.29733e-19
    outer loop
      vertex -35 -27 -30.5
      vertex -34.9424 -26.4147 -22.5
      vertex -34.9424 -26.4147 -30.5
    endloop
  endfacet
  facet normal -0.995193 0.097938 -3.29733e-19
    outer loop
      vertex -34.9424 -26.4147 -22.5
      vertex -35 -27 -30.5
      vertex -35 -27 -22.5
    endloop
  endfacet
  facet normal 0.634413 -0.772994 0
    outer loop
      vertex -30.3333 -29.4944 -30.5
      vertex -29.8787 -29.1213 -22.5
      vertex -30.3333 -29.4944 -22.5
    endloop
  endfacet
  facet normal 0.634413 -0.772994 0
    outer loop
      vertex -29.8787 -29.1213 -22.5
      vertex -30.3333 -29.4944 -30.5
      vertex -29.8787 -29.1213 -30.5
    endloop
  endfacet
  facet normal -0.634413 -0.772994 0
    outer loop
      vertex -34.1213 -29.1213 -30.5
      vertex -33.6667 -29.4944 -22.5
      vertex -34.1213 -29.1213 -22.5
    endloop
  endfacet
  facet normal -0.634413 -0.772994 -0
    outer loop
      vertex -33.6667 -29.4944 -22.5
      vertex -34.1213 -29.1213 -30.5
      vertex -33.6667 -29.4944 -30.5
    endloop
  endfacet
  facet normal -0.097938 0.995193 0
    outer loop
      vertex -32 -24 -30.5
      vertex -32.5853 -24.0576 -22.5
      vertex -32 -24 -22.5
    endloop
  endfacet
  facet normal -0.097938 0.995193 0
    outer loop
      vertex -32.5853 -24.0576 -22.5
      vertex -32 -24 -30.5
      vertex -32.5853 -24.0576 -30.5
    endloop
  endfacet
  facet normal 0.881957 -0.471329 1.6383e-18
    outer loop
      vertex -29.5056 -28.6667 -22.5
      vertex -29.2284 -28.148 -30.5
      vertex -29.2284 -28.148 -22.5
    endloop
  endfacet
  facet normal 0.881957 -0.471329 1.6383e-18
    outer loop
      vertex -29.2284 -28.148 -30.5
      vertex -29.5056 -28.6667 -22.5
      vertex -29.5056 -28.6667 -30.5
    endloop
  endfacet
  facet normal -0.95689 -0.290451 3.56041e-19
    outer loop
      vertex -34.7716 -28.148 -30.5
      vertex -34.9424 -27.5853 -22.5
      vertex -34.9424 -27.5853 -30.5
    endloop
  endfacet
  facet normal -0.95689 -0.290451 3.56041e-19
    outer loop
      vertex -34.9424 -27.5853 -22.5
      vertex -34.7716 -28.148 -30.5
      vertex -34.7716 -28.148 -22.5
    endloop
  endfacet
  facet normal -0.995193 -0.097938 3.29733e-19
    outer loop
      vertex -34.9424 -27.5853 -30.5
      vertex -35 -27 -22.5
      vertex -35 -27 -30.5
    endloop
  endfacet
  facet normal -0.995193 -0.097938 3.29733e-19
    outer loop
      vertex -35 -27 -22.5
      vertex -34.9424 -27.5853 -30.5
      vertex -34.9424 -27.5853 -22.5
    endloop
  endfacet
  facet normal -0.772994 -0.634413 -1.23722e-18
    outer loop
      vertex -34.1213 -29.1213 -30.5
      vertex -34.4944 -28.6667 -22.5
      vertex -34.4944 -28.6667 -30.5
    endloop
  endfacet
  facet normal -0.772994 -0.634413 -1.23722e-18
    outer loop
      vertex -34.4944 -28.6667 -22.5
      vertex -34.1213 -29.1213 -30.5
      vertex -34.1213 -29.1213 -22.5
    endloop
  endfacet
  facet normal -0.772994 0.634413 1.23722e-18
    outer loop
      vertex -34.4944 -25.3333 -30.5
      vertex -34.1213 -24.8787 -22.5
      vertex -34.1213 -24.8787 -30.5
    endloop
  endfacet
  facet normal -0.772994 0.634413 1.23722e-18
    outer loop
      vertex -34.1213 -24.8787 -22.5
      vertex -34.4944 -25.3333 -30.5
      vertex -34.4944 -25.3333 -22.5
    endloop
  endfacet
  facet normal -0.95689 0.290451 -3.56041e-19
    outer loop
      vertex -34.9424 -26.4147 -30.5
      vertex -34.7716 -25.852 -22.5
      vertex -34.7716 -25.852 -30.5
    endloop
  endfacet
  facet normal -0.95689 0.290451 -3.56041e-19
    outer loop
      vertex -34.7716 -25.852 -22.5
      vertex -34.9424 -26.4147 -30.5
      vertex -34.9424 -26.4147 -22.5
    endloop
  endfacet
  facet normal -0.471329 -0.881957 0
    outer loop
      vertex -33.6667 -29.4944 -30.5
      vertex -33.148 -29.7716 -22.5
      vertex -33.6667 -29.4944 -22.5
    endloop
  endfacet
  facet normal -0.471329 -0.881957 -0
    outer loop
      vertex -33.148 -29.7716 -22.5
      vertex -33.6667 -29.4944 -30.5
      vertex -33.148 -29.7716 -30.5
    endloop
  endfacet
  facet normal -0.956909 -0.290388 -6.22219e-19
    outer loop
      vertex -30.4307 -26.6879 -30.5
      vertex -30.5218 -26.3877 -22.5
      vertex -30.5218 -26.3877 -30.5
    endloop
  endfacet
  facet normal -0.956909 -0.290388 -6.22219e-19
    outer loop
      vertex -30.5218 -26.3877 -22.5
      vertex -30.4307 -26.6879 -30.5
      vertex -30.4307 -26.6879 -22.5
    endloop
  endfacet
  facet normal -0.995197 -0.0978934 1.71178e-19
    outer loop
      vertex -30.4 -27 -30.5
      vertex -30.4307 -26.6879 -22.5
      vertex -30.4307 -26.6879 -30.5
    endloop
  endfacet
  facet normal -0.995197 -0.0978934 1.71178e-19
    outer loop
      vertex -30.4307 -26.6879 -22.5
      vertex -30.4 -27 -30.5
      vertex -30.4 -27 -22.5
    endloop
  endfacet
  facet normal -0.881982 -0.471283 -1.13159e-18
    outer loop
      vertex -30.5218 -26.3877 -30.5
      vertex -30.6696 -26.1111 -22.5
      vertex -30.6696 -26.1111 -30.5
    endloop
  endfacet
  facet normal -0.881982 -0.471283 -1.13159e-18
    outer loop
      vertex -30.6696 -26.1111 -22.5
      vertex -30.5218 -26.3877 -30.5
      vertex -30.5218 -26.3877 -22.5
    endloop
  endfacet
  facet normal 0.634365 -0.773033 0
    outer loop
      vertex -33.1314 -25.8686 -30.5
      vertex -32.8889 -25.6696 -22.5
      vertex -33.1314 -25.8686 -22.5
    endloop
  endfacet
  facet normal 0.634365 -0.773033 0
    outer loop
      vertex -32.8889 -25.6696 -22.5
      vertex -33.1314 -25.8686 -30.5
      vertex -32.8889 -25.6696 -30.5
    endloop
  endfacet
  facet normal -0.290388 -0.956909 0
    outer loop
      vertex -31.6879 -25.4307 -30.5
      vertex -31.3877 -25.5218 -22.5
      vertex -31.6879 -25.4307 -22.5
    endloop
  endfacet
  facet normal -0.290388 -0.956909 -0
    outer loop
      vertex -31.3877 -25.5218 -22.5
      vertex -31.6879 -25.4307 -30.5
      vertex -31.3877 -25.5218 -30.5
    endloop
  endfacet
  facet normal -0.773033 -0.634365 -5.77763e-19
    outer loop
      vertex -30.6696 -26.1111 -30.5
      vertex -30.8686 -25.8686 -22.5
      vertex -30.8686 -25.8686 -30.5
    endloop
  endfacet
  facet normal -0.773033 -0.634365 -5.77763e-19
    outer loop
      vertex -30.8686 -25.8686 -22.5
      vertex -30.6696 -26.1111 -30.5
      vertex -30.6696 -26.1111 -22.5
    endloop
  endfacet
  facet normal 0.773033 -0.634365 1.35372e-19
    outer loop
      vertex -33.3304 -26.1111 -22.5
      vertex -33.1314 -25.8686 -30.5
      vertex -33.1314 -25.8686 -22.5
    endloop
  endfacet
  facet normal 0.773033 -0.634365 1.35372e-19
    outer loop
      vertex -33.1314 -25.8686 -30.5
      vertex -33.3304 -26.1111 -22.5
      vertex -33.3304 -26.1111 -30.5
    endloop
  endfacet
  facet normal 0.881982 0.471283 -7.84065e-20
    outer loop
      vertex -33.3304 -27.8889 -22.5
      vertex -33.4782 -27.6123 -30.5
      vertex -33.4782 -27.6123 -22.5
    endloop
  endfacet
  facet normal 0.881982 0.471283 -7.84065e-20
    outer loop
      vertex -33.4782 -27.6123 -30.5
      vertex -33.3304 -27.8889 -22.5
      vertex -33.3304 -27.8889 -30.5
    endloop
  endfacet
  facet normal -0.881982 0.471283 1.13159e-18
    outer loop
      vertex -30.6696 -27.8889 -30.5
      vertex -30.5218 -27.6123 -22.5
      vertex -30.5218 -27.6123 -30.5
    endloop
  endfacet
  facet normal -0.881982 0.471283 1.13159e-18
    outer loop
      vertex -30.5218 -27.6123 -22.5
      vertex -30.6696 -27.8889 -30.5
      vertex -30.6696 -27.8889 -22.5
    endloop
  endfacet
  facet normal 0.290388 -0.956909 0
    outer loop
      vertex -32.6123 -25.5218 -30.5
      vertex -32.3121 -25.4307 -22.5
      vertex -32.6123 -25.5218 -22.5
    endloop
  endfacet
  facet normal 0.290388 -0.956909 0
    outer loop
      vertex -32.3121 -25.4307 -22.5
      vertex -32.6123 -25.5218 -30.5
      vertex -32.3121 -25.4307 -30.5
    endloop
  endfacet
  facet normal -0.290388 0.956909 0
    outer loop
      vertex -31.3877 -28.4782 -30.5
      vertex -31.6879 -28.5693 -22.5
      vertex -31.3877 -28.4782 -22.5
    endloop
  endfacet
  facet normal -0.290388 0.956909 0
    outer loop
      vertex -31.6879 -28.5693 -22.5
      vertex -31.3877 -28.4782 -30.5
      vertex -31.6879 -28.5693 -30.5
    endloop
  endfacet
  facet normal -0.0978934 -0.995197 0
    outer loop
      vertex -32 -25.4 -30.5
      vertex -31.6879 -25.4307 -22.5
      vertex -32 -25.4 -22.5
    endloop
  endfacet
  facet normal -0.0978934 -0.995197 -0
    outer loop
      vertex -31.6879 -25.4307 -22.5
      vertex -32 -25.4 -30.5
      vertex -31.6879 -25.4307 -30.5
    endloop
  endfacet
  facet normal -0.634365 -0.773033 0
    outer loop
      vertex -31.1111 -25.6696 -30.5
      vertex -30.8686 -25.8686 -22.5
      vertex -31.1111 -25.6696 -22.5
    endloop
  endfacet
  facet normal -0.634365 -0.773033 -0
    outer loop
      vertex -30.8686 -25.8686 -22.5
      vertex -31.1111 -25.6696 -30.5
      vertex -30.8686 -25.8686 -30.5
    endloop
  endfacet
  facet normal 0.0978934 -0.995197 0
    outer loop
      vertex -32.3121 -25.4307 -30.5
      vertex -32 -25.4 -22.5
      vertex -32.3121 -25.4307 -22.5
    endloop
  endfacet
  facet normal 0.0978934 -0.995197 0
    outer loop
      vertex -32 -25.4 -22.5
      vertex -32.3121 -25.4307 -30.5
      vertex -32 -25.4 -30.5
    endloop
  endfacet
  facet normal -0.634365 0.773033 0
    outer loop
      vertex -30.8686 -28.1314 -30.5
      vertex -31.1111 -28.3304 -22.5
      vertex -30.8686 -28.1314 -22.5
    endloop
  endfacet
  facet normal -0.634365 0.773033 0
    outer loop
      vertex -31.1111 -28.3304 -22.5
      vertex -30.8686 -28.1314 -30.5
      vertex -31.1111 -28.3304 -30.5
    endloop
  endfacet
  facet normal -0.471283 0.881982 0
    outer loop
      vertex -31.1111 -28.3304 -30.5
      vertex -31.3877 -28.4782 -22.5
      vertex -31.1111 -28.3304 -22.5
    endloop
  endfacet
  facet normal -0.471283 0.881982 0
    outer loop
      vertex -31.3877 -28.4782 -22.5
      vertex -31.1111 -28.3304 -30.5
      vertex -31.3877 -28.4782 -30.5
    endloop
  endfacet
  facet normal 0.634365 0.773033 -0
    outer loop
      vertex -32.8889 -28.3304 -30.5
      vertex -33.1314 -28.1314 -22.5
      vertex -32.8889 -28.3304 -22.5
    endloop
  endfacet
  facet normal 0.634365 0.773033 0
    outer loop
      vertex -33.1314 -28.1314 -22.5
      vertex -32.8889 -28.3304 -30.5
      vertex -33.1314 -28.1314 -30.5
    endloop
  endfacet
  facet normal -0.773033 0.634365 5.77763e-19
    outer loop
      vertex -30.8686 -28.1314 -30.5
      vertex -30.6696 -27.8889 -22.5
      vertex -30.6696 -27.8889 -30.5
    endloop
  endfacet
  facet normal -0.773033 0.634365 5.77763e-19
    outer loop
      vertex -30.6696 -27.8889 -22.5
      vertex -30.8686 -28.1314 -30.5
      vertex -30.8686 -28.1314 -22.5
    endloop
  endfacet
  facet normal -0.995197 0.0978934 -1.71178e-19
    outer loop
      vertex -30.4307 -27.3121 -30.5
      vertex -30.4 -27 -22.5
      vertex -30.4 -27 -30.5
    endloop
  endfacet
  facet normal -0.995197 0.0978934 -1.71178e-19
    outer loop
      vertex -30.4 -27 -22.5
      vertex -30.4307 -27.3121 -30.5
      vertex -30.4307 -27.3121 -22.5
    endloop
  endfacet
  facet normal -0.956909 0.290388 6.22219e-19
    outer loop
      vertex -30.5218 -27.6123 -30.5
      vertex -30.4307 -27.3121 -22.5
      vertex -30.4307 -27.3121 -30.5
    endloop
  endfacet
  facet normal -0.956909 0.290388 6.22219e-19
    outer loop
      vertex -30.4307 -27.3121 -22.5
      vertex -30.5218 -27.6123 -30.5
      vertex -30.5218 -27.6123 -22.5
    endloop
  endfacet
  facet normal 0.471283 -0.881982 0
    outer loop
      vertex -32.8889 -25.6696 -30.5
      vertex -32.6123 -25.5218 -22.5
      vertex -32.8889 -25.6696 -22.5
    endloop
  endfacet
  facet normal 0.471283 -0.881982 0
    outer loop
      vertex -32.6123 -25.5218 -22.5
      vertex -32.8889 -25.6696 -30.5
      vertex -32.6123 -25.5218 -30.5
    endloop
  endfacet
  facet normal -0.471283 -0.881982 0
    outer loop
      vertex -31.3877 -25.5218 -30.5
      vertex -31.1111 -25.6696 -22.5
      vertex -31.3877 -25.5218 -22.5
    endloop
  endfacet
  facet normal -0.471283 -0.881982 -0
    outer loop
      vertex -31.1111 -25.6696 -22.5
      vertex -31.3877 -25.5218 -30.5
      vertex -31.1111 -25.6696 -30.5
    endloop
  endfacet
  facet normal 0.956909 -0.290388 6.22219e-19
    outer loop
      vertex -33.5693 -26.6879 -22.5
      vertex -33.4782 -26.3877 -30.5
      vertex -33.4782 -26.3877 -22.5
    endloop
  endfacet
  facet normal 0.956909 -0.290388 6.22219e-19
    outer loop
      vertex -33.4782 -26.3877 -30.5
      vertex -33.5693 -26.6879 -22.5
      vertex -33.5693 -26.6879 -30.5
    endloop
  endfacet
  facet normal -0.0978934 0.995197 0
    outer loop
      vertex -31.6879 -28.5693 -30.5
      vertex -32 -28.6 -22.5
      vertex -31.6879 -28.5693 -22.5
    endloop
  endfacet
  facet normal -0.0978934 0.995197 0
    outer loop
      vertex -32 -28.6 -22.5
      vertex -31.6879 -28.5693 -30.5
      vertex -32 -28.6 -30.5
    endloop
  endfacet
  facet normal 0.881982 -0.471283 7.84065e-20
    outer loop
      vertex -33.4782 -26.3877 -22.5
      vertex -33.3304 -26.1111 -30.5
      vertex -33.3304 -26.1111 -22.5
    endloop
  endfacet
  facet normal 0.881982 -0.471283 7.84065e-20
    outer loop
      vertex -33.3304 -26.1111 -30.5
      vertex -33.4782 -26.3877 -22.5
      vertex -33.4782 -26.3877 -30.5
    endloop
  endfacet
  facet normal 0.956909 0.290388 -6.22219e-19
    outer loop
      vertex -33.4782 -27.6123 -22.5
      vertex -33.5693 -27.3121 -30.5
      vertex -33.5693 -27.3121 -22.5
    endloop
  endfacet
  facet normal 0.956909 0.290388 -6.22219e-19
    outer loop
      vertex -33.5693 -27.3121 -30.5
      vertex -33.4782 -27.6123 -22.5
      vertex -33.4782 -27.6123 -30.5
    endloop
  endfacet
  facet normal 0.995197 0.0978934 1.71178e-19
    outer loop
      vertex -33.5693 -27.3121 -22.5
      vertex -33.6 -27 -30.5
      vertex -33.6 -27 -22.5
    endloop
  endfacet
  facet normal 0.995197 0.0978934 1.71178e-19
    outer loop
      vertex -33.6 -27 -30.5
      vertex -33.5693 -27.3121 -22.5
      vertex -33.5693 -27.3121 -30.5
    endloop
  endfacet
  facet normal 0.773033 0.634365 -1.35372e-19
    outer loop
      vertex -33.1314 -28.1314 -22.5
      vertex -33.3304 -27.8889 -30.5
      vertex -33.3304 -27.8889 -22.5
    endloop
  endfacet
  facet normal 0.773033 0.634365 -1.35372e-19
    outer loop
      vertex -33.3304 -27.8889 -30.5
      vertex -33.1314 -28.1314 -22.5
      vertex -33.1314 -28.1314 -30.5
    endloop
  endfacet
  facet normal 0.471283 0.881982 -0
    outer loop
      vertex -32.6123 -28.4782 -30.5
      vertex -32.8889 -28.3304 -22.5
      vertex -32.6123 -28.4782 -22.5
    endloop
  endfacet
  facet normal 0.471283 0.881982 0
    outer loop
      vertex -32.8889 -28.3304 -22.5
      vertex -32.6123 -28.4782 -30.5
      vertex -32.8889 -28.3304 -30.5
    endloop
  endfacet
  facet normal 0.995197 -0.0978934 -1.71178e-19
    outer loop
      vertex -33.6 -27 -22.5
      vertex -33.5693 -26.6879 -30.5
      vertex -33.5693 -26.6879 -22.5
    endloop
  endfacet
  facet normal 0.995197 -0.0978934 -1.71178e-19
    outer loop
      vertex -33.5693 -26.6879 -30.5
      vertex -33.6 -27 -22.5
      vertex -33.6 -27 -30.5
    endloop
  endfacet
  facet normal 0.0978934 0.995197 -0
    outer loop
      vertex -32 -28.6 -30.5
      vertex -32.3121 -28.5693 -22.5
      vertex -32 -28.6 -22.5
    endloop
  endfacet
  facet normal 0.0978934 0.995197 0
    outer loop
      vertex -32.3121 -28.5693 -22.5
      vertex -32 -28.6 -30.5
      vertex -32.3121 -28.5693 -30.5
    endloop
  endfacet
  facet normal 0.290388 0.956909 -0
    outer loop
      vertex -32.3121 -28.5693 -30.5
      vertex -32.6123 -28.4782 -22.5
      vertex -32.3121 -28.5693 -22.5
    endloop
  endfacet
  facet normal 0.290388 0.956909 0
    outer loop
      vertex -32.6123 -28.4782 -22.5
      vertex -32.3121 -28.5693 -30.5
      vertex -32.6123 -28.4782 -30.5
    endloop
  endfacet
  facet normal -0.471329 0.881957 0
    outer loop
      vertex -33.148 29.7716 -30.5
      vertex -33.6667 29.4944 -22.5
      vertex -33.148 29.7716 -22.5
    endloop
  endfacet
  facet normal -0.471329 0.881957 0
    outer loop
      vertex -33.6667 29.4944 -22.5
      vertex -33.148 29.7716 -30.5
      vertex -33.6667 29.4944 -30.5
    endloop
  endfacet
  facet normal 0.471329 0.881957 -0
    outer loop
      vertex -30.3333 29.4944 -30.5
      vertex -30.852 29.7716 -22.5
      vertex -30.3333 29.4944 -22.5
    endloop
  endfacet
  facet normal 0.471329 0.881957 0
    outer loop
      vertex -30.852 29.7716 -22.5
      vertex -30.3333 29.4944 -30.5
      vertex -30.852 29.7716 -30.5
    endloop
  endfacet
  facet normal 0.95689 0.290451 3.56041e-19
    outer loop
      vertex -29.0576 27.5853 -22.5
      vertex -29.2284 28.148 -30.5
      vertex -29.2284 28.148 -22.5
    endloop
  endfacet
  facet normal 0.95689 0.290451 3.56041e-19
    outer loop
      vertex -29.2284 28.148 -30.5
      vertex -29.0576 27.5853 -22.5
      vertex -29.0576 27.5853 -30.5
    endloop
  endfacet
  facet normal 0.995193 0.097938 3.29733e-19
    outer loop
      vertex -29 27 -22.5
      vertex -29.0576 27.5853 -30.5
      vertex -29.0576 27.5853 -22.5
    endloop
  endfacet
  facet normal 0.995193 0.097938 3.29733e-19
    outer loop
      vertex -29.0576 27.5853 -30.5
      vertex -29 27 -22.5
      vertex -29 27 -30.5
    endloop
  endfacet
  facet normal 0.881957 0.471329 -1.6383e-18
    outer loop
      vertex -29.2284 28.148 -22.5
      vertex -29.5056 28.6667 -30.5
      vertex -29.5056 28.6667 -22.5
    endloop
  endfacet
  facet normal 0.881957 0.471329 -1.6383e-18
    outer loop
      vertex -29.5056 28.6667 -30.5
      vertex -29.2284 28.148 -22.5
      vertex -29.2284 28.148 -30.5
    endloop
  endfacet
  facet normal 0.097938 0.995193 -0
    outer loop
      vertex -31.4147 29.9424 -30.5
      vertex -32 30 -22.5
      vertex -31.4147 29.9424 -22.5
    endloop
  endfacet
  facet normal 0.097938 0.995193 0
    outer loop
      vertex -32 30 -22.5
      vertex -31.4147 29.9424 -30.5
      vertex -32 30 -30.5
    endloop
  endfacet
  facet normal 0.097938 -0.995193 0
    outer loop
      vertex -32 24 -30.5
      vertex -31.4147 24.0576 -22.5
      vertex -32 24 -22.5
    endloop
  endfacet
  facet normal 0.097938 -0.995193 0
    outer loop
      vertex -31.4147 24.0576 -22.5
      vertex -32 24 -30.5
      vertex -31.4147 24.0576 -30.5
    endloop
  endfacet
  facet normal 0.290451 0.95689 -0
    outer loop
      vertex -30.852 29.7716 -30.5
      vertex -31.4147 29.9424 -22.5
      vertex -30.852 29.7716 -22.5
    endloop
  endfacet
  facet normal 0.290451 0.95689 0
    outer loop
      vertex -31.4147 29.9424 -22.5
      vertex -30.852 29.7716 -30.5
      vertex -31.4147 29.9424 -30.5
    endloop
  endfacet
  facet normal 0.634413 0.772994 -0
    outer loop
      vertex -29.8787 29.1213 -30.5
      vertex -30.3333 29.4944 -22.5
      vertex -29.8787 29.1213 -22.5
    endloop
  endfacet
  facet normal 0.634413 0.772994 0
    outer loop
      vertex -30.3333 29.4944 -22.5
      vertex -29.8787 29.1213 -30.5
      vertex -30.3333 29.4944 -30.5
    endloop
  endfacet
  facet normal 0.772994 -0.634413 1.23417e-19
    outer loop
      vertex -29.8787 24.8787 -22.5
      vertex -29.5056 25.3333 -30.5
      vertex -29.5056 25.3333 -22.5
    endloop
  endfacet
  facet normal 0.772994 -0.634413 1.23417e-19
    outer loop
      vertex -29.5056 25.3333 -30.5
      vertex -29.8787 24.8787 -22.5
      vertex -29.8787 24.8787 -30.5
    endloop
  endfacet
  facet normal -0.634413 0.772994 0
    outer loop
      vertex -33.6667 29.4944 -30.5
      vertex -34.1213 29.1213 -22.5
      vertex -33.6667 29.4944 -22.5
    endloop
  endfacet
  facet normal -0.634413 0.772994 0
    outer loop
      vertex -34.1213 29.1213 -22.5
      vertex -33.6667 29.4944 -30.5
      vertex -34.1213 29.1213 -30.5
    endloop
  endfacet
  facet normal 0.471329 -0.881957 0
    outer loop
      vertex -30.852 24.2284 -30.5
      vertex -30.3333 24.5056 -22.5
      vertex -30.852 24.2284 -22.5
    endloop
  endfacet
  facet normal 0.471329 -0.881957 0
    outer loop
      vertex -30.3333 24.5056 -22.5
      vertex -30.852 24.2284 -30.5
      vertex -30.3333 24.5056 -30.5
    endloop
  endfacet
  facet normal -0.881957 -0.471329 -1.6383e-18
    outer loop
      vertex -34.4944 25.3333 -30.5
      vertex -34.7716 25.852 -22.5
      vertex -34.7716 25.852 -30.5
    endloop
  endfacet
  facet normal -0.881957 -0.471329 -1.6383e-18
    outer loop
      vertex -34.7716 25.852 -22.5
      vertex -34.4944 25.3333 -30.5
      vertex -34.4944 25.3333 -22.5
    endloop
  endfacet
  facet normal 0.995193 -0.097938 -3.29733e-19
    outer loop
      vertex -29.0576 26.4147 -22.5
      vertex -29 27 -30.5
      vertex -29 27 -22.5
    endloop
  endfacet
  facet normal 0.995193 -0.097938 -3.29733e-19
    outer loop
      vertex -29 27 -30.5
      vertex -29.0576 26.4147 -22.5
      vertex -29.0576 26.4147 -30.5
    endloop
  endfacet
  facet normal -0.290451 0.95689 0
    outer loop
      vertex -32.5853 29.9424 -30.5
      vertex -33.148 29.7716 -22.5
      vertex -32.5853 29.9424 -22.5
    endloop
  endfacet
  facet normal -0.290451 0.95689 0
    outer loop
      vertex -33.148 29.7716 -22.5
      vertex -32.5853 29.9424 -30.5
      vertex -33.148 29.7716 -30.5
    endloop
  endfacet
  facet normal -0.097938 -0.995193 0
    outer loop
      vertex -32.5853 24.0576 -30.5
      vertex -32 24 -22.5
      vertex -32.5853 24.0576 -22.5
    endloop
  endfacet
  facet normal -0.097938 -0.995193 -0
    outer loop
      vertex -32 24 -22.5
      vertex -32.5853 24.0576 -30.5
      vertex -32 24 -30.5
    endloop
  endfacet
  facet normal -0.881957 0.471329 1.6383e-18
    outer loop
      vertex -34.7716 28.148 -30.5
      vertex -34.4944 28.6667 -22.5
      vertex -34.4944 28.6667 -30.5
    endloop
  endfacet
  facet normal -0.881957 0.471329 1.6383e-18
    outer loop
      vertex -34.4944 28.6667 -22.5
      vertex -34.7716 28.148 -30.5
      vertex -34.7716 28.148 -22.5
    endloop
  endfacet
  facet normal 0.290451 -0.95689 0
    outer loop
      vertex -31.4147 24.0576 -30.5
      vertex -30.852 24.2284 -22.5
      vertex -31.4147 24.0576 -22.5
    endloop
  endfacet
  facet normal 0.290451 -0.95689 0
    outer loop
      vertex -30.852 24.2284 -22.5
      vertex -31.4147 24.0576 -30.5
      vertex -30.852 24.2284 -30.5
    endloop
  endfacet
  facet normal 0 0 1
    outer loop
      vertex -30.4 27 -22.5
      vertex -29 27 -22.5
      vertex -29.0576 27.5853 -22.5
    endloop
  endfacet
  facet normal 0 0 1
    outer loop
      vertex -30.4307 27.3121 -22.5
      vertex -29.0576 27.5853 -22.5
      vertex -29.2284 28.148 -22.5
    endloop
  endfacet
  facet normal 0 0 1
    outer loop
      vertex -29 27 -22.5
      vertex -30.4 27 -22.5
      vertex -29.0576 26.4147 -22.5
    endloop
  endfacet
  facet normal 0 0 1
    outer loop
      vertex -30.5218 27.6123 -22.5
      vertex -29.2284 28.148 -22.5
      vertex -29.5056 28.6667 -22.5
    endloop
  endfacet
  facet normal -0 0 1
    outer loop
      vertex -30.4307 26.6879 -22.5
      vertex -29.0576 26.4147 -22.5
      vertex -30.4 27 -22.5
    endloop
  endfacet
  facet normal 0 0 1
    outer loop
      vertex -30.6696 27.8889 -22.5
      vertex -29.5056 28.6667 -22.5
      vertex -29.8787 29.1213 -22.5
    endloop
  endfacet
  facet normal 0 0 1
    outer loop
      vertex -29.0576 26.4147 -22.5
      vertex -30.4307 26.6879 -22.5
      vertex -29.2284 25.852 -22.5
    endloop
  endfacet
  facet normal 0 0 1
    outer loop
      vertex -30.8686 28.1314 -22.5
      vertex -29.8787 29.1213 -22.5
      vertex -30.3333 29.4944 -22.5
    endloop
  endfacet
  facet normal -0 0 1
    outer loop
      vertex -30.5218 26.3877 -22.5
      vertex -29.2284 25.852 -22.5
      vertex -30.4307 26.6879 -22.5
    endloop
  endfacet
  facet normal 0 0 1
    outer loop
      vertex -29.2284 25.852 -22.5
      vertex -30.5218 26.3877 -22.5
      vertex -29.5056 25.3333 -22.5
    endloop
  endfacet
  facet normal 0 0 1
    outer loop
      vertex -29.0576 27.5853 -22.5
      vertex -30.4307 27.3121 -22.5
      vertex -30.4 27 -22.5
    endloop
  endfacet
  facet normal 0 0 1
    outer loop
      vertex -29.2284 28.148 -22.5
      vertex -30.5218 27.6123 -22.5
      vertex -30.4307 27.3121 -22.5
    endloop
  endfacet
  facet normal 0 0 1
    outer loop
      vertex -29.5056 28.6667 -22.5
      vertex -30.6696 27.8889 -22.5
      vertex -30.5218 27.6123 -22.5
    endloop
  endfacet
  facet normal 0 0 1
    outer loop
      vertex -31.1111 28.3304 -22.5
      vertex -30.3333 29.4944 -22.5
      vertex -30.852 29.7716 -22.5
    endloop
  endfacet
  facet normal 0 0 1
    outer loop
      vertex -29.8787 29.1213 -22.5
      vertex -30.8686 28.1314 -22.5
      vertex -30.6696 27.8889 -22.5
    endloop
  endfacet
  facet normal 0 0 1
    outer loop
      vertex -30.3333 29.4944 -22.5
      vertex -31.1111 28.3304 -22.5
      vertex -30.8686 28.1314 -22.5
    endloop
  endfacet
  facet normal 0 0 1
    outer loop
      vertex -30.852 29.7716 -22.5
      vertex -31.3877 28.4782 -22.5
      vertex -31.1111 28.3304 -22.5
    endloop
  endfacet
  facet normal 0 0 1
    outer loop
      vertex -31.4147 29.9424 -22.5
      vertex -31.3877 28.4782 -22.5
      vertex -30.852 29.7716 -22.5
    endloop
  endfacet
  facet normal 0 0 1
    outer loop
      vertex -31.4147 29.9424 -22.5
      vertex -31.6879 28.5693 -22.5
      vertex -31.3877 28.4782 -22.5
    endloop
  endfacet
  facet normal 0 0 1
    outer loop
      vertex -32 30 -22.5
      vertex -31.6879 28.5693 -22.5
      vertex -31.4147 29.9424 -22.5
    endloop
  endfacet
  facet normal 0 0 1
    outer loop
      vertex -32 30 -22.5
      vertex -32 28.6 -22.5
      vertex -31.6879 28.5693 -22.5
    endloop
  endfacet
  facet normal 0 0 1
    outer loop
      vertex -32 30 -22.5
      vertex -32.3121 28.5693 -22.5
      vertex -32 28.6 -22.5
    endloop
  endfacet
  facet normal -0 0 1
    outer loop
      vertex -32.5853 29.9424 -22.5
      vertex -32.3121 28.5693 -22.5
      vertex -32 30 -22.5
    endloop
  endfacet
  facet normal 0 0 1
    outer loop
      vertex -32.5853 29.9424 -22.5
      vertex -32.6123 28.4782 -22.5
      vertex -32.3121 28.5693 -22.5
    endloop
  endfacet
  facet normal -0 0 1
    outer loop
      vertex -33.148 29.7716 -22.5
      vertex -32.6123 28.4782 -22.5
      vertex -32.5853 29.9424 -22.5
    endloop
  endfacet
  facet normal 0 0 1
    outer loop
      vertex -32.6123 28.4782 -22.5
      vertex -33.148 29.7716 -22.5
      vertex -32.8889 28.3304 -22.5
    endloop
  endfacet
  facet normal -0 0 1
    outer loop
      vertex -33.6667 29.4944 -22.5
      vertex -32.8889 28.3304 -22.5
      vertex -33.148 29.7716 -22.5
    endloop
  endfacet
  facet normal 0 0 1
    outer loop
      vertex -32.8889 28.3304 -22.5
      vertex -33.6667 29.4944 -22.5
      vertex -33.1314 28.1314 -22.5
    endloop
  endfacet
  facet normal -0 0 1
    outer loop
      vertex -34.1213 29.1213 -22.5
      vertex -33.1314 28.1314 -22.5
      vertex -33.6667 29.4944 -22.5
    endloop
  endfacet
  facet normal 0 0 1
    outer loop
      vertex -33.1314 28.1314 -22.5
      vertex -34.1213 29.1213 -22.5
      vertex -33.3304 27.8889 -22.5
    endloop
  endfacet
  facet normal 0 0 1
    outer loop
      vertex -33.3304 27.8889 -22.5
      vertex -34.4944 28.6667 -22.5
      vertex -33.4782 27.6123 -22.5
    endloop
  endfacet
  facet normal -0 0 1
    outer loop
      vertex -34.4944 28.6667 -22.5
      vertex -33.3304 27.8889 -22.5
      vertex -34.1213 29.1213 -22.5
    endloop
  endfacet
  facet normal -0 0 1
    outer loop
      vertex -30.6696 26.1111 -22.5
      vertex -29.5056 25.3333 -22.5
      vertex -30.5218 26.3877 -22.5
    endloop
  endfacet
  facet normal 0 0 1
    outer loop
      vertex -29.5056 25.3333 -22.5
      vertex -30.6696 26.1111 -22.5
      vertex -29.8787 24.8787 -22.5
    endloop
  endfacet
  facet normal -0 0 1
    outer loop
      vertex -30.8686 25.8686 -22.5
      vertex -29.8787 24.8787 -22.5
      vertex -30.6696 26.1111 -22.5
    endloop
  endfacet
  facet normal 0 0 1
    outer loop
      vertex -29.8787 24.8787 -22.5
      vertex -30.8686 25.8686 -22.5
      vertex -30.3333 24.5056 -22.5
    endloop
  endfacet
  facet normal -0 0 1
    outer loop
      vertex -31.1111 25.6696 -22.5
      vertex -30.3333 24.5056 -22.5
      vertex -30.8686 25.8686 -22.5
    endloop
  endfacet
  facet normal 0 0 1
    outer loop
      vertex -30.3333 24.5056 -22.5
      vertex -31.1111 25.6696 -22.5
      vertex -30.852 24.2284 -22.5
    endloop
  endfacet
  facet normal -0 0 1
    outer loop
      vertex -31.3877 25.5218 -22.5
      vertex -30.852 24.2284 -22.5
      vertex -31.1111 25.6696 -22.5
    endloop
  endfacet
  facet normal 0 0 1
    outer loop
      vertex -31.3877 25.5218 -22.5
      vertex -31.4147 24.0576 -22.5
      vertex -30.852 24.2284 -22.5
    endloop
  endfacet
  facet normal -0 0 1
    outer loop
      vertex -31.6879 25.4307 -22.5
      vertex -31.4147 24.0576 -22.5
      vertex -31.3877 25.5218 -22.5
    endloop
  endfacet
  facet normal -0 0 1
    outer loop
      vertex -32 25.4 -22.5
      vertex -31.4147 24.0576 -22.5
      vertex -31.6879 25.4307 -22.5
    endloop
  endfacet
  facet normal 0 0 1
    outer loop
      vertex -32 25.4 -22.5
      vertex -32 24 -22.5
      vertex -31.4147 24.0576 -22.5
    endloop
  endfacet
  facet normal 0 0 1
    outer loop
      vertex -32.3121 25.4307 -22.5
      vertex -32 24 -22.5
      vertex -32 25.4 -22.5
    endloop
  endfacet
  facet normal 0 0 1
    outer loop
      vertex -32.3121 25.4307 -22.5
      vertex -32.5853 24.0576 -22.5
      vertex -32 24 -22.5
    endloop
  endfacet
  facet normal 0 0 1
    outer loop
      vertex -32.6123 25.5218 -22.5
      vertex -32.5853 24.0576 -22.5
      vertex -32.3121 25.4307 -22.5
    endloop
  endfacet
  facet normal 0 0 1
    outer loop
      vertex -33.148 24.2284 -22.5
      vertex -32.6123 25.5218 -22.5
      vertex -32.8889 25.6696 -22.5
    endloop
  endfacet
  facet normal 0 0 1
    outer loop
      vertex -33.6667 24.5056 -22.5
      vertex -32.8889 25.6696 -22.5
      vertex -33.1314 25.8686 -22.5
    endloop
  endfacet
  facet normal 0 0 1
    outer loop
      vertex -32.6123 25.5218 -22.5
      vertex -33.148 24.2284 -22.5
      vertex -32.5853 24.0576 -22.5
    endloop
  endfacet
  facet normal 0 0 1
    outer loop
      vertex -34.1213 24.8787 -22.5
      vertex -33.1314 25.8686 -22.5
      vertex -33.3304 26.1111 -22.5
    endloop
  endfacet
  facet normal 0 0 1
    outer loop
      vertex -34.4944 25.3333 -22.5
      vertex -33.3304 26.1111 -22.5
      vertex -33.4782 26.3877 -22.5
    endloop
  endfacet
  facet normal 0 0 1
    outer loop
      vertex -34.7716 25.852 -22.5
      vertex -33.4782 26.3877 -22.5
      vertex -33.5693 26.6879 -22.5
    endloop
  endfacet
  facet normal 0 0 1
    outer loop
      vertex -32.8889 25.6696 -22.5
      vertex -33.6667 24.5056 -22.5
      vertex -33.148 24.2284 -22.5
    endloop
  endfacet
  facet normal 0 0 1
    outer loop
      vertex -34.9424 26.4147 -22.5
      vertex -33.5693 26.6879 -22.5
      vertex -33.6 27 -22.5
    endloop
  endfacet
  facet normal -0 0 1
    outer loop
      vertex -34.7716 28.148 -22.5
      vertex -33.4782 27.6123 -22.5
      vertex -34.4944 28.6667 -22.5
    endloop
  endfacet
  facet normal 0 0 1
    outer loop
      vertex -33.4782 27.6123 -22.5
      vertex -34.7716 28.148 -22.5
      vertex -33.5693 27.3121 -22.5
    endloop
  endfacet
  facet normal 0 0 1
    outer loop
      vertex -33.1314 25.8686 -22.5
      vertex -34.1213 24.8787 -22.5
      vertex -33.6667 24.5056 -22.5
    endloop
  endfacet
  facet normal -0 0 1
    outer loop
      vertex -34.9424 27.5853 -22.5
      vertex -33.5693 27.3121 -22.5
      vertex -34.7716 28.148 -22.5
    endloop
  endfacet
  facet normal 0 0 1
    outer loop
      vertex -33.3304 26.1111 -22.5
      vertex -34.4944 25.3333 -22.5
      vertex -34.1213 24.8787 -22.5
    endloop
  endfacet
  facet normal 0 0 1
    outer loop
      vertex -33.5693 27.3121 -22.5
      vertex -34.9424 27.5853 -22.5
      vertex -33.6 27 -22.5
    endloop
  endfacet
  facet normal 0 0 1
    outer loop
      vertex -33.4782 26.3877 -22.5
      vertex -34.7716 25.852 -22.5
      vertex -34.4944 25.3333 -22.5
    endloop
  endfacet
  facet normal 0 0 1
    outer loop
      vertex -35 27 -22.5
      vertex -33.6 27 -22.5
      vertex -34.9424 27.5853 -22.5
    endloop
  endfacet
  facet normal 0 0 1
    outer loop
      vertex -33.5693 26.6879 -22.5
      vertex -34.9424 26.4147 -22.5
      vertex -34.7716 25.852 -22.5
    endloop
  endfacet
  facet normal 0 0 1
    outer loop
      vertex -33.6 27 -22.5
      vertex -35 27 -22.5
      vertex -34.9424 26.4147 -22.5
    endloop
  endfacet
  facet normal -0.290451 -0.95689 0
    outer loop
      vertex -33.148 24.2284 -30.5
      vertex -32.5853 24.0576 -22.5
      vertex -33.148 24.2284 -22.5
    endloop
  endfacet
  facet normal -0.290451 -0.95689 -0
    outer loop
      vertex -32.5853 24.0576 -22.5
      vertex -33.148 24.2284 -30.5
      vertex -32.5853 24.0576 -30.5
    endloop
  endfacet
  facet normal 0.95689 -0.290451 -3.56041e-19
    outer loop
      vertex -29.2284 25.852 -22.5
      vertex -29.0576 26.4147 -30.5
      vertex -29.0576 26.4147 -22.5
    endloop
  endfacet
  facet normal 0.95689 -0.290451 -3.56041e-19
    outer loop
      vertex -29.0576 26.4147 -30.5
      vertex -29.2284 25.852 -22.5
      vertex -29.2284 25.852 -30.5
    endloop
  endfacet
  facet normal 0.772994 0.634413 -1.23417e-19
    outer loop
      vertex -29.5056 28.6667 -22.5
      vertex -29.8787 29.1213 -30.5
      vertex -29.8787 29.1213 -22.5
    endloop
  endfacet
  facet normal 0.772994 0.634413 -1.23417e-19
    outer loop
      vertex -29.8787 29.1213 -30.5
      vertex -29.5056 28.6667 -22.5
      vertex -29.5056 28.6667 -30.5
    endloop
  endfacet
  facet normal -0.995193 0.097938 -3.29733e-19
    outer loop
      vertex -35 27 -30.5
      vertex -34.9424 27.5853 -22.5
      vertex -34.9424 27.5853 -30.5
    endloop
  endfacet
  facet normal -0.995193 0.097938 -3.29733e-19
    outer loop
      vertex -34.9424 27.5853 -22.5
      vertex -35 27 -30.5
      vertex -35 27 -22.5
    endloop
  endfacet
  facet normal 0.634413 -0.772994 0
    outer loop
      vertex -30.3333 24.5056 -30.5
      vertex -29.8787 24.8787 -22.5
      vertex -30.3333 24.5056 -22.5
    endloop
  endfacet
  facet normal 0.634413 -0.772994 0
    outer loop
      vertex -29.8787 24.8787 -22.5
      vertex -30.3333 24.5056 -30.5
      vertex -29.8787 24.8787 -30.5
    endloop
  endfacet
  facet normal -0.634413 -0.772994 0
    outer loop
      vertex -34.1213 24.8787 -30.5
      vertex -33.6667 24.5056 -22.5
      vertex -34.1213 24.8787 -22.5
    endloop
  endfacet
  facet normal -0.634413 -0.772994 -0
    outer loop
      vertex -33.6667 24.5056 -22.5
      vertex -34.1213 24.8787 -30.5
      vertex -33.6667 24.5056 -30.5
    endloop
  endfacet
  facet normal -0.097938 0.995193 0
    outer loop
      vertex -32 30 -30.5
      vertex -32.5853 29.9424 -22.5
      vertex -32 30 -22.5
    endloop
  endfacet
  facet normal -0.097938 0.995193 0
    outer loop
      vertex -32.5853 29.9424 -22.5
      vertex -32 30 -30.5
      vertex -32.5853 29.9424 -30.5
    endloop
  endfacet
  facet normal 0.881957 -0.471329 1.6383e-18
    outer loop
      vertex -29.5056 25.3333 -22.5
      vertex -29.2284 25.852 -30.5
      vertex -29.2284 25.852 -22.5
    endloop
  endfacet
  facet normal 0.881957 -0.471329 1.6383e-18
    outer loop
      vertex -29.2284 25.852 -30.5
      vertex -29.5056 25.3333 -22.5
      vertex -29.5056 25.3333 -30.5
    endloop
  endfacet
  facet normal -0.95689 -0.290451 3.56041e-19
    outer loop
      vertex -34.7716 25.852 -30.5
      vertex -34.9424 26.4147 -22.5
      vertex -34.9424 26.4147 -30.5
    endloop
  endfacet
  facet normal -0.95689 -0.290451 3.56041e-19
    outer loop
      vertex -34.9424 26.4147 -22.5
      vertex -34.7716 25.852 -30.5
      vertex -34.7716 25.852 -22.5
    endloop
  endfacet
  facet normal -0.995193 -0.097938 3.29733e-19
    outer loop
      vertex -34.9424 26.4147 -30.5
      vertex -35 27 -22.5
      vertex -35 27 -30.5
    endloop
  endfacet
  facet normal -0.995193 -0.097938 3.29733e-19
    outer loop
      vertex -35 27 -22.5
      vertex -34.9424 26.4147 -30.5
      vertex -34.9424 26.4147 -22.5
    endloop
  endfacet
  facet normal -0.772994 -0.634413 -1.23722e-18
    outer loop
      vertex -34.1213 24.8787 -30.5
      vertex -34.4944 25.3333 -22.5
      vertex -34.4944 25.3333 -30.5
    endloop
  endfacet
  facet normal -0.772994 -0.634413 -1.23722e-18
    outer loop
      vertex -34.4944 25.3333 -22.5
      vertex -34.1213 24.8787 -30.5
      vertex -34.1213 24.8787 -22.5
    endloop
  endfacet
  facet normal -0.772994 0.634413 1.23722e-18
    outer loop
      vertex -34.4944 28.6667 -30.5
      vertex -34.1213 29.1213 -22.5
      vertex -34.1213 29.1213 -30.5
    endloop
  endfacet
  facet normal -0.772994 0.634413 1.23722e-18
    outer loop
      vertex -34.1213 29.1213 -22.5
      vertex -34.4944 28.6667 -30.5
      vertex -34.4944 28.6667 -22.5
    endloop
  endfacet
  facet normal -0.95689 0.290451 -3.56041e-19
    outer loop
      vertex -34.9424 27.5853 -30.5
      vertex -34.7716 28.148 -22.5
      vertex -34.7716 28.148 -30.5
    endloop
  endfacet
  facet normal -0.95689 0.290451 -3.56041e-19
    outer loop
      vertex -34.7716 28.148 -22.5
      vertex -34.9424 27.5853 -30.5
      vertex -34.9424 27.5853 -22.5
    endloop
  endfacet
  facet normal -0.471329 -0.881957 0
    outer loop
      vertex -33.6667 24.5056 -30.5
      vertex -33.148 24.2284 -22.5
      vertex -33.6667 24.5056 -22.5
    endloop
  endfacet
  facet normal -0.471329 -0.881957 -0
    outer loop
      vertex -33.148 24.2284 -22.5
      vertex -33.6667 24.5056 -30.5
      vertex -33.148 24.2284 -30.5
    endloop
  endfacet
  facet normal -0.956909 -0.290388 -6.22219e-19
    outer loop
      vertex -30.4307 27.3121 -30.5
      vertex -30.5218 27.6123 -22.5
      vertex -30.5218 27.6123 -30.5
    endloop
  endfacet
  facet normal -0.956909 -0.290388 -6.22219e-19
    outer loop
      vertex -30.5218 27.6123 -22.5
      vertex -30.4307 27.3121 -30.5
      vertex -30.4307 27.3121 -22.5
    endloop
  endfacet
  facet normal -0.995197 -0.0978934 1.71178e-19
    outer loop
      vertex -30.4 27 -30.5
      vertex -30.4307 27.3121 -22.5
      vertex -30.4307 27.3121 -30.5
    endloop
  endfacet
  facet normal -0.995197 -0.0978934 1.71178e-19
    outer loop
      vertex -30.4307 27.3121 -22.5
      vertex -30.4 27 -30.5
      vertex -30.4 27 -22.5
    endloop
  endfacet
  facet normal -0.881982 -0.471283 -1.13159e-18
    outer loop
      vertex -30.5218 27.6123 -30.5
      vertex -30.6696 27.8889 -22.5
      vertex -30.6696 27.8889 -30.5
    endloop
  endfacet
  facet normal -0.881982 -0.471283 -1.13159e-18
    outer loop
      vertex -30.6696 27.8889 -22.5
      vertex -30.5218 27.6123 -30.5
      vertex -30.5218 27.6123 -22.5
    endloop
  endfacet
  facet normal 0.634365 -0.773033 0
    outer loop
      vertex -33.1314 28.1314 -30.5
      vertex -32.8889 28.3304 -22.5
      vertex -33.1314 28.1314 -22.5
    endloop
  endfacet
  facet normal 0.634365 -0.773033 0
    outer loop
      vertex -32.8889 28.3304 -22.5
      vertex -33.1314 28.1314 -30.5
      vertex -32.8889 28.3304 -30.5
    endloop
  endfacet
  facet normal -0.290388 -0.956909 0
    outer loop
      vertex -31.6879 28.5693 -30.5
      vertex -31.3877 28.4782 -22.5
      vertex -31.6879 28.5693 -22.5
    endloop
  endfacet
  facet normal -0.290388 -0.956909 -0
    outer loop
      vertex -31.3877 28.4782 -22.5
      vertex -31.6879 28.5693 -30.5
      vertex -31.3877 28.4782 -30.5
    endloop
  endfacet
  facet normal -0.773033 -0.634365 -5.77763e-19
    outer loop
      vertex -30.6696 27.8889 -30.5
      vertex -30.8686 28.1314 -22.5
      vertex -30.8686 28.1314 -30.5
    endloop
  endfacet
  facet normal -0.773033 -0.634365 -5.77763e-19
    outer loop
      vertex -30.8686 28.1314 -22.5
      vertex -30.6696 27.8889 -30.5
      vertex -30.6696 27.8889 -22.5
    endloop
  endfacet
  facet normal 0.773033 -0.634365 1.35372e-19
    outer loop
      vertex -33.3304 27.8889 -22.5
      vertex -33.1314 28.1314 -30.5
      vertex -33.1314 28.1314 -22.5
    endloop
  endfacet
  facet normal 0.773033 -0.634365 1.35372e-19
    outer loop
      vertex -33.1314 28.1314 -30.5
      vertex -33.3304 27.8889 -22.5
      vertex -33.3304 27.8889 -30.5
    endloop
  endfacet
  facet normal 0.881982 0.471283 -7.84065e-20
    outer loop
      vertex -33.3304 26.1111 -22.5
      vertex -33.4782 26.3877 -30.5
      vertex -33.4782 26.3877 -22.5
    endloop
  endfacet
  facet normal 0.881982 0.471283 -7.84065e-20
    outer loop
      vertex -33.4782 26.3877 -30.5
      vertex -33.3304 26.1111 -22.5
      vertex -33.3304 26.1111 -30.5
    endloop
  endfacet
  facet normal -0.881982 0.471283 1.13159e-18
    outer loop
      vertex -30.6696 26.1111 -30.5
      vertex -30.5218 26.3877 -22.5
      vertex -30.5218 26.3877 -30.5
    endloop
  endfacet
  facet normal -0.881982 0.471283 1.13159e-18
    outer loop
      vertex -30.5218 26.3877 -22.5
      vertex -30.6696 26.1111 -30.5
      vertex -30.6696 26.1111 -22.5
    endloop
  endfacet
  facet normal 0.290388 -0.956909 0
    outer loop
      vertex -32.6123 28.4782 -30.5
      vertex -32.3121 28.5693 -22.5
      vertex -32.6123 28.4782 -22.5
    endloop
  endfacet
  facet normal 0.290388 -0.956909 0
    outer loop
      vertex -32.3121 28.5693 -22.5
      vertex -32.6123 28.4782 -30.5
      vertex -32.3121 28.5693 -30.5
    endloop
  endfacet
  facet normal -0.290388 0.956909 0
    outer loop
      vertex -31.3877 25.5218 -30.5
      vertex -31.6879 25.4307 -22.5
      vertex -31.3877 25.5218 -22.5
    endloop
  endfacet
  facet normal -0.290388 0.956909 0
    outer loop
      vertex -31.6879 25.4307 -22.5
      vertex -31.3877 25.5218 -30.5
      vertex -31.6879 25.4307 -30.5
    endloop
  endfacet
  facet normal -0.0978934 -0.995197 0
    outer loop
      vertex -32 28.6 -30.5
      vertex -31.6879 28.5693 -22.5
      vertex -32 28.6 -22.5
    endloop
  endfacet
  facet normal -0.0978934 -0.995197 -0
    outer loop
      vertex -31.6879 28.5693 -22.5
      vertex -32 28.6 -30.5
      vertex -31.6879 28.5693 -30.5
    endloop
  endfacet
  facet normal -0.634365 -0.773033 0
    outer loop
      vertex -31.1111 28.3304 -30.5
      vertex -30.8686 28.1314 -22.5
      vertex -31.1111 28.3304 -22.5
    endloop
  endfacet
  facet normal -0.634365 -0.773033 -0
    outer loop
      vertex -30.8686 28.1314 -22.5
      vertex -31.1111 28.3304 -30.5
      vertex -30.8686 28.1314 -30.5
    endloop
  endfacet
  facet normal 0.0978934 -0.995197 0
    outer loop
      vertex -32.3121 28.5693 -30.5
      vertex -32 28.6 -22.5
      vertex -32.3121 28.5693 -22.5
    endloop
  endfacet
  facet normal 0.0978934 -0.995197 0
    outer loop
      vertex -32 28.6 -22.5
      vertex -32.3121 28.5693 -30.5
      vertex -32 28.6 -30.5
    endloop
  endfacet
  facet normal -0.634365 0.773033 0
    outer loop
      vertex -30.8686 25.8686 -30.5
      vertex -31.1111 25.6696 -22.5
      vertex -30.8686 25.8686 -22.5
    endloop
  endfacet
  facet normal -0.634365 0.773033 0
    outer loop
      vertex -31.1111 25.6696 -22.5
      vertex -30.8686 25.8686 -30.5
      vertex -31.1111 25.6696 -30.5
    endloop
  endfacet
  facet normal -0.471283 0.881982 0
    outer loop
      vertex -31.1111 25.6696 -30.5
      vertex -31.3877 25.5218 -22.5
      vertex -31.1111 25.6696 -22.5
    endloop
  endfacet
  facet normal -0.471283 0.881982 0
    outer loop
      vertex -31.3877 25.5218 -22.5
      vertex -31.1111 25.6696 -30.5
      vertex -31.3877 25.5218 -30.5
    endloop
  endfacet
  facet normal 0.634365 0.773033 -0
    outer loop
      vertex -32.8889 25.6696 -30.5
      vertex -33.1314 25.8686 -22.5
      vertex -32.8889 25.6696 -22.5
    endloop
  endfacet
  facet normal 0.634365 0.773033 0
    outer loop
      vertex -33.1314 25.8686 -22.5
      vertex -32.8889 25.6696 -30.5
      vertex -33.1314 25.8686 -30.5
    endloop
  endfacet
  facet normal -0.773033 0.634365 5.77763e-19
    outer loop
      vertex -30.8686 25.8686 -30.5
      vertex -30.6696 26.1111 -22.5
      vertex -30.6696 26.1111 -30.5
    endloop
  endfacet
  facet normal -0.773033 0.634365 5.77763e-19
    outer loop
      vertex -30.6696 26.1111 -22.5
      vertex -30.8686 25.8686 -30.5
      vertex -30.8686 25.8686 -22.5
    endloop
  endfacet
  facet normal -0.995197 0.0978934 -1.71178e-19
    outer loop
      vertex -30.4307 26.6879 -30.5
      vertex -30.4 27 -22.5
      vertex -30.4 27 -30.5
    endloop
  endfacet
  facet normal -0.995197 0.0978934 -1.71178e-19
    outer loop
      vertex -30.4 27 -22.5
      vertex -30.4307 26.6879 -30.5
      vertex -30.4307 26.6879 -22.5
    endloop
  endfacet
  facet normal -0.956909 0.290388 6.22219e-19
    outer loop
      vertex -30.5218 26.3877 -30.5
      vertex -30.4307 26.6879 -22.5
      vertex -30.4307 26.6879 -30.5
    endloop
  endfacet
  facet normal -0.956909 0.290388 6.22219e-19
    outer loop
      vertex -30.4307 26.6879 -22.5
      vertex -30.5218 26.3877 -30.5
      vertex -30.5218 26.3877 -22.5
    endloop
  endfacet
  facet normal 0.471283 -0.881982 0
    outer loop
      vertex -32.8889 28.3304 -30.5
      vertex -32.6123 28.4782 -22.5
      vertex -32.8889 28.3304 -22.5
    endloop
  endfacet
  facet normal 0.471283 -0.881982 0
    outer loop
      vertex -32.6123 28.4782 -22.5
      vertex -32.8889 28.3304 -30.5
      vertex -32.6123 28.4782 -30.5
    endloop
  endfacet
  facet normal -0.471283 -0.881982 0
    outer loop
      vertex -31.3877 28.4782 -30.5
      vertex -31.1111 28.3304 -22.5
      vertex -31.3877 28.4782 -22.5
    endloop
  endfacet
  facet normal -0.471283 -0.881982 -0
    outer loop
      vertex -31.1111 28.3304 -22.5
      vertex -31.3877 28.4782 -30.5
      vertex -31.1111 28.3304 -30.5
    endloop
  endfacet
  facet normal 0.956909 -0.290388 6.22219e-19
    outer loop
      vertex -33.5693 27.3121 -22.5
      vertex -33.4782 27.6123 -30.5
      vertex -33.4782 27.6123 -22.5
    endloop
  endfacet
  facet normal 0.956909 -0.290388 6.22219e-19
    outer loop
      vertex -33.4782 27.6123 -30.5
      vertex -33.5693 27.3121 -22.5
      vertex -33.5693 27.3121 -30.5
    endloop
  endfacet
  facet normal -0.0978934 0.995197 0
    outer loop
      vertex -31.6879 25.4307 -30.5
      vertex -32 25.4 -22.5
      vertex -31.6879 25.4307 -22.5
    endloop
  endfacet
  facet normal -0.0978934 0.995197 0
    outer loop
      vertex -32 25.4 -22.5
      vertex -31.6879 25.4307 -30.5
      vertex -32 25.4 -30.5
    endloop
  endfacet
  facet normal 0.881982 -0.471283 7.84065e-20
    outer loop
      vertex -33.4782 27.6123 -22.5
      vertex -33.3304 27.8889 -30.5
      vertex -33.3304 27.8889 -22.5
    endloop
  endfacet
  facet normal 0.881982 -0.471283 7.84065e-20
    outer loop
      vertex -33.3304 27.8889 -30.5
      vertex -33.4782 27.6123 -22.5
      vertex -33.4782 27.6123 -30.5
    endloop
  endfacet
  facet normal 0.956909 0.290388 -6.22219e-19
    outer loop
      vertex -33.4782 26.3877 -22.5
      vertex -33.5693 26.6879 -30.5
      vertex -33.5693 26.6879 -22.5
    endloop
  endfacet
  facet normal 0.956909 0.290388 -6.22219e-19
    outer loop
      vertex -33.5693 26.6879 -30.5
      vertex -33.4782 26.3877 -22.5
      vertex -33.4782 26.3877 -30.5
    endloop
  endfacet
  facet normal 0.995197 0.0978934 1.71178e-19
    outer loop
      vertex -33.5693 26.6879 -22.5
      vertex -33.6 27 -30.5
      vertex -33.6 27 -22.5
    endloop
  endfacet
  facet normal 0.995197 0.0978934 1.71178e-19
    outer loop
      vertex -33.6 27 -30.5
      vertex -33.5693 26.6879 -22.5
      vertex -33.5693 26.6879 -30.5
    endloop
  endfacet
  facet normal 0.773033 0.634365 -1.35372e-19
    outer loop
      vertex -33.1314 25.8686 -22.5
      vertex -33.3304 26.1111 -30.5
      vertex -33.3304 26.1111 -22.5
    endloop
  endfacet
  facet normal 0.773033 0.634365 -1.35372e-19
    outer loop
      vertex -33.3304 26.1111 -30.5
      vertex -33.1314 25.8686 -22.5
      vertex -33.1314 25.8686 -30.5
    endloop
  endfacet
  facet normal 0.471283 0.881982 -0
    outer loop
      vertex -32.6123 25.5218 -30.5
      vertex -32.8889 25.6696 -22.5
      vertex -32.6123 25.5218 -22.5
    endloop
  endfacet
  facet normal 0.471283 0.881982 0
    outer loop
      vertex -32.8889 25.6696 -22.5
      vertex -32.6123 25.5218 -30.5
      vertex -32.8889 25.6696 -30.5
    endloop
  endfacet
  facet normal 0.995197 -0.0978934 -1.71178e-19
    outer loop
      vertex -33.6 27 -22.5
      vertex -33.5693 27.3121 -30.5
      vertex -33.5693 27.3121 -22.5
    endloop
  endfacet
  facet normal 0.995197 -0.0978934 -1.71178e-19
    outer loop
      vertex -33.5693 27.3121 -30.5
      vertex -33.6 27 -22.5
      vertex -33.6 27 -30.5
    endloop
  endfacet
  facet normal 0.0978934 0.995197 -0
    outer loop
      vertex -32 25.4 -30.5
      vertex -32.3121 25.4307 -22.5
      vertex -32 25.4 -22.5
    endloop
  endfacet
  facet normal 0.0978934 0.995197 0
    outer loop
      vertex -32.3121 25.4307 -22.5
      vertex -32 25.4 -30.5
      vertex -32.3121 25.4307 -30.5
    endloop
  endfacet
  facet normal 0.290388 0.956909 -0
    outer loop
      vertex -32.3121 25.4307 -30.5
      vertex -32.6123 25.5218 -22.5
      vertex -32.3121 25.4307 -22.5
    endloop
  endfacet
  facet normal 0.290388 0.956909 0
    outer loop
      vertex -32.6123 25.5218 -22.5
      vertex -32.3121 25.4307 -30.5
      vertex -32.6123 25.5218 -30.5
    endloop
  endfacet
  facet normal -0.471329 0.881957 0
    outer loop
      vertex 30.852 -24.2284 -30.5
      vertex 30.3333 -24.5056 -22.5
      vertex 30.852 -24.2284 -22.5
    endloop
  endfacet
  facet normal -0.471329 0.881957 0
    outer loop
      vertex 30.3333 -24.5056 -22.5
      vertex 30.852 -24.2284 -30.5
      vertex 30.3333 -24.5056 -30.5
    endloop
  endfacet
  facet normal 0.471329 0.881957 -0
    outer loop
      vertex 33.6667 -24.5056 -30.5
      vertex 33.148 -24.2284 -22.5
      vertex 33.6667 -24.5056 -22.5
    endloop
  endfacet
  facet normal 0.471329 0.881957 0
    outer loop
      vertex 33.148 -24.2284 -22.5
      vertex 33.6667 -24.5056 -30.5
      vertex 33.148 -24.2284 -30.5
    endloop
  endfacet
  facet normal 0.95689 0.290451 3.56041e-19
    outer loop
      vertex 34.9424 -26.4147 -22.5
      vertex 34.7716 -25.852 -30.5
      vertex 34.7716 -25.852 -22.5
    endloop
  endfacet
  facet normal 0.95689 0.290451 3.56041e-19
    outer loop
      vertex 34.7716 -25.852 -30.5
      vertex 34.9424 -26.4147 -22.5
      vertex 34.9424 -26.4147 -30.5
    endloop
  endfacet
  facet normal 0.995193 0.097938 3.29733e-19
    outer loop
      vertex 35 -27 -22.5
      vertex 34.9424 -26.4147 -30.5
      vertex 34.9424 -26.4147 -22.5
    endloop
  endfacet
  facet normal 0.995193 0.097938 3.29733e-19
    outer loop
      vertex 34.9424 -26.4147 -30.5
      vertex 35 -27 -22.5
      vertex 35 -27 -30.5
    endloop
  endfacet
  facet normal 0.881957 0.471329 -1.6383e-18
    outer loop
      vertex 34.7716 -25.852 -22.5
      vertex 34.4944 -25.3333 -30.5
      vertex 34.4944 -25.3333 -22.5
    endloop
  endfacet
  facet normal 0.881957 0.471329 -1.6383e-18
    outer loop
      vertex 34.4944 -25.3333 -30.5
      vertex 34.7716 -25.852 -22.5
      vertex 34.7716 -25.852 -30.5
    endloop
  endfacet
  facet normal 0.097938 0.995193 -0
    outer loop
      vertex 32.5853 -24.0576 -30.5
      vertex 32 -24 -22.5
      vertex 32.5853 -24.0576 -22.5
    endloop
  endfacet
  facet normal 0.097938 0.995193 0
    outer loop
      vertex 32 -24 -22.5
      vertex 32.5853 -24.0576 -30.5
      vertex 32 -24 -30.5
    endloop
  endfacet
  facet normal 0.097938 -0.995193 0
    outer loop
      vertex 32 -30 -30.5
      vertex 32.5853 -29.9424 -22.5
      vertex 32 -30 -22.5
    endloop
  endfacet
  facet normal 0.097938 -0.995193 0
    outer loop
      vertex 32.5853 -29.9424 -22.5
      vertex 32 -30 -30.5
      vertex 32.5853 -29.9424 -30.5
    endloop
  endfacet
  facet normal 0.290451 0.95689 -0
    outer loop
      vertex 33.148 -24.2284 -30.5
      vertex 32.5853 -24.0576 -22.5
      vertex 33.148 -24.2284 -22.5
    endloop
  endfacet
  facet normal 0.290451 0.95689 0
    outer loop
      vertex 32.5853 -24.0576 -22.5
      vertex 33.148 -24.2284 -30.5
      vertex 32.5853 -24.0576 -30.5
    endloop
  endfacet
  facet normal 0.634413 0.772994 -0
    outer loop
      vertex 34.1213 -24.8787 -30.5
      vertex 33.6667 -24.5056 -22.5
      vertex 34.1213 -24.8787 -22.5
    endloop
  endfacet
  facet normal 0.634413 0.772994 0
    outer loop
      vertex 33.6667 -24.5056 -22.5
      vertex 34.1213 -24.8787 -30.5
      vertex 33.6667 -24.5056 -30.5
    endloop
  endfacet
  facet normal 0.772994 -0.634413 1.23722e-18
    outer loop
      vertex 34.1213 -29.1213 -22.5
      vertex 34.4944 -28.6667 -30.5
      vertex 34.4944 -28.6667 -22.5
    endloop
  endfacet
  facet normal 0.772994 -0.634413 1.23722e-18
    outer loop
      vertex 34.4944 -28.6667 -30.5
      vertex 34.1213 -29.1213 -22.5
      vertex 34.1213 -29.1213 -30.5
    endloop
  endfacet
  facet normal -0.634413 0.772994 0
    outer loop
      vertex 30.3333 -24.5056 -30.5
      vertex 29.8787 -24.8787 -22.5
      vertex 30.3333 -24.5056 -22.5
    endloop
  endfacet
  facet normal -0.634413 0.772994 0
    outer loop
      vertex 29.8787 -24.8787 -22.5
      vertex 30.3333 -24.5056 -30.5
      vertex 29.8787 -24.8787 -30.5
    endloop
  endfacet
  facet normal 0.471329 -0.881957 0
    outer loop
      vertex 33.148 -29.7716 -30.5
      vertex 33.6667 -29.4944 -22.5
      vertex 33.148 -29.7716 -22.5
    endloop
  endfacet
  facet normal 0.471329 -0.881957 0
    outer loop
      vertex 33.6667 -29.4944 -22.5
      vertex 33.148 -29.7716 -30.5
      vertex 33.6667 -29.4944 -30.5
    endloop
  endfacet
  facet normal -0.881957 -0.471329 -1.6383e-18
    outer loop
      vertex 29.5056 -28.6667 -30.5
      vertex 29.2284 -28.148 -22.5
      vertex 29.2284 -28.148 -30.5
    endloop
  endfacet
  facet normal -0.881957 -0.471329 -1.6383e-18
    outer loop
      vertex 29.2284 -28.148 -22.5
      vertex 29.5056 -28.6667 -30.5
      vertex 29.5056 -28.6667 -22.5
    endloop
  endfacet
  facet normal 0.995193 -0.097938 -3.29733e-19
    outer loop
      vertex 34.9424 -27.5853 -22.5
      vertex 35 -27 -30.5
      vertex 35 -27 -22.5
    endloop
  endfacet
  facet normal 0.995193 -0.097938 -3.29733e-19
    outer loop
      vertex 35 -27 -30.5
      vertex 34.9424 -27.5853 -22.5
      vertex 34.9424 -27.5853 -30.5
    endloop
  endfacet
  facet normal -0.290451 0.95689 0
    outer loop
      vertex 31.4147 -24.0576 -30.5
      vertex 30.852 -24.2284 -22.5
      vertex 31.4147 -24.0576 -22.5
    endloop
  endfacet
  facet normal -0.290451 0.95689 0
    outer loop
      vertex 30.852 -24.2284 -22.5
      vertex 31.4147 -24.0576 -30.5
      vertex 30.852 -24.2284 -30.5
    endloop
  endfacet
  facet normal -0.097938 -0.995193 0
    outer loop
      vertex 31.4147 -29.9424 -30.5
      vertex 32 -30 -22.5
      vertex 31.4147 -29.9424 -22.5
    endloop
  endfacet
  facet normal -0.097938 -0.995193 -0
    outer loop
      vertex 32 -30 -22.5
      vertex 31.4147 -29.9424 -30.5
      vertex 32 -30 -30.5
    endloop
  endfacet
  facet normal -0.881957 0.471329 1.6383e-18
    outer loop
      vertex 29.2284 -25.852 -30.5
      vertex 29.5056 -25.3333 -22.5
      vertex 29.5056 -25.3333 -30.5
    endloop
  endfacet
  facet normal -0.881957 0.471329 1.6383e-18
    outer loop
      vertex 29.5056 -25.3333 -22.5
      vertex 29.2284 -25.852 -30.5
      vertex 29.2284 -25.852 -22.5
    endloop
  endfacet
  facet normal 0.290451 -0.95689 0
    outer loop
      vertex 32.5853 -29.9424 -30.5
      vertex 33.148 -29.7716 -22.5
      vertex 32.5853 -29.9424 -22.5
    endloop
  endfacet
  facet normal 0.290451 -0.95689 0
    outer loop
      vertex 33.148 -29.7716 -22.5
      vertex 32.5853 -29.9424 -30.5
      vertex 33.148 -29.7716 -30.5
    endloop
  endfacet
  facet normal 0 0 1
    outer loop
      vertex 33.6 -27 -22.5
      vertex 35 -27 -22.5
      vertex 34.9424 -26.4147 -22.5
    endloop
  endfacet
  facet normal 0 0 1
    outer loop
      vertex 33.5693 -26.6879 -22.5
      vertex 34.9424 -26.4147 -22.5
      vertex 34.7716 -25.852 -22.5
    endloop
  endfacet
  facet normal 0 0 1
    outer loop
      vertex 35 -27 -22.5
      vertex 33.6 -27 -22.5
      vertex 34.9424 -27.5853 -22.5
    endloop
  endfacet
  facet normal 0 0 1
    outer loop
      vertex 33.4782 -26.3877 -22.5
      vertex 34.7716 -25.852 -22.5
      vertex 34.4944 -25.3333 -22.5
    endloop
  endfacet
  facet normal -0 0 1
    outer loop
      vertex 33.5693 -27.3121 -22.5
      vertex 34.9424 -27.5853 -22.5
      vertex 33.6 -27 -22.5
    endloop
  endfacet
  facet normal 0 0 1
    outer loop
      vertex 33.3304 -26.1111 -22.5
      vertex 34.4944 -25.3333 -22.5
      vertex 34.1213 -24.8787 -22.5
    endloop
  endfacet
  facet normal 0 0 1
    outer loop
      vertex 34.9424 -27.5853 -22.5
      vertex 33.5693 -27.3121 -22.5
      vertex 34.7716 -28.148 -22.5
    endloop
  endfacet
  facet normal 0 0 1
    outer loop
      vertex 33.1314 -25.8686 -22.5
      vertex 34.1213 -24.8787 -22.5
      vertex 33.6667 -24.5056 -22.5
    endloop
  endfacet
  facet normal -0 0 1
    outer loop
      vertex 33.4782 -27.6123 -22.5
      vertex 34.7716 -28.148 -22.5
      vertex 33.5693 -27.3121 -22.5
    endloop
  endfacet
  facet normal 0 0 1
    outer loop
      vertex 34.7716 -28.148 -22.5
      vertex 33.4782 -27.6123 -22.5
      vertex 34.4944 -28.6667 -22.5
    endloop
  endfacet
  facet normal 0 0 1
    outer loop
      vertex 34.9424 -26.4147 -22.5
      vertex 33.5693 -26.6879 -22.5
      vertex 33.6 -27 -22.5
    endloop
  endfacet
  facet normal 0 0 1
    outer loop
      vertex 34.7716 -25.852 -22.5
      vertex 33.4782 -26.3877 -22.5
      vertex 33.5693 -26.6879 -22.5
    endloop
  endfacet
  facet normal 0 0 1
    outer loop
      vertex 34.4944 -25.3333 -22.5
      vertex 33.3304 -26.1111 -22.5
      vertex 33.4782 -26.3877 -22.5
    endloop
  endfacet
  facet normal 0 0 1
    outer loop
      vertex 32.8889 -25.6696 -22.5
      vertex 33.6667 -24.5056 -22.5
      vertex 33.148 -24.2284 -22.5
    endloop
  endfacet
  facet normal 0 0 1
    outer loop
      vertex 34.1213 -24.8787 -22.5
      vertex 33.1314 -25.8686 -22.5
      vertex 33.3304 -26.1111 -22.5
    endloop
  endfacet
  facet normal 0 0 1
    outer loop
      vertex 33.6667 -24.5056 -22.5
      vertex 32.8889 -25.6696 -22.5
      vertex 33.1314 -25.8686 -22.5
    endloop
  endfacet
  facet normal 0 0 1
    outer loop
      vertex 33.148 -24.2284 -22.5
      vertex 32.6123 -25.5218 -22.5
      vertex 32.8889 -25.6696 -22.5
    endloop
  endfacet
  facet normal 0 0 1
    outer loop
      vertex 32.5853 -24.0576 -22.5
      vertex 32.6123 -25.5218 -22.5
      vertex 33.148 -24.2284 -22.5
    endloop
  endfacet
  facet normal 0 0 1
    outer loop
      vertex 32.5853 -24.0576 -22.5
      vertex 32.3121 -25.4307 -22.5
      vertex 32.6123 -25.5218 -22.5
    endloop
  endfacet
  facet normal 0 0 1
    outer loop
      vertex 32 -24 -22.5
      vertex 32.3121 -25.4307 -22.5
      vertex 32.5853 -24.0576 -22.5
    endloop
  endfacet
  facet normal 0 0 1
    outer loop
      vertex 32 -24 -22.5
      vertex 32 -25.4 -22.5
      vertex 32.3121 -25.4307 -22.5
    endloop
  endfacet
  facet normal 0 0 1
    outer loop
      vertex 32 -24 -22.5
      vertex 31.6879 -25.4307 -22.5
      vertex 32 -25.4 -22.5
    endloop
  endfacet
  facet normal -0 0 1
    outer loop
      vertex 31.4147 -24.0576 -22.5
      vertex 31.6879 -25.4307 -22.5
      vertex 32 -24 -22.5
    endloop
  endfacet
  facet normal 0 0 1
    outer loop
      vertex 31.4147 -24.0576 -22.5
      vertex 31.3877 -25.5218 -22.5
      vertex 31.6879 -25.4307 -22.5
    endloop
  endfacet
  facet normal -0 0 1
    outer loop
      vertex 30.852 -24.2284 -22.5
      vertex 31.3877 -25.5218 -22.5
      vertex 31.4147 -24.0576 -22.5
    endloop
  endfacet
  facet normal 0 0 1
    outer loop
      vertex 31.3877 -25.5218 -22.5
      vertex 30.852 -24.2284 -22.5
      vertex 31.1111 -25.6696 -22.5
    endloop
  endfacet
  facet normal -0 0 1
    outer loop
      vertex 30.3333 -24.5056 -22.5
      vertex 31.1111 -25.6696 -22.5
      vertex 30.852 -24.2284 -22.5
    endloop
  endfacet
  facet normal 0 0 1
    outer loop
      vertex 31.1111 -25.6696 -22.5
      vertex 30.3333 -24.5056 -22.5
      vertex 30.8686 -25.8686 -22.5
    endloop
  endfacet
  facet normal -0 0 1
    outer loop
      vertex 29.8787 -24.8787 -22.5
      vertex 30.8686 -25.8686 -22.5
      vertex 30.3333 -24.5056 -22.5
    endloop
  endfacet
  facet normal 0 0 1
    outer loop
      vertex 30.8686 -25.8686 -22.5
      vertex 29.8787 -24.8787 -22.5
      vertex 30.6696 -26.1111 -22.5
    endloop
  endfacet
  facet normal 0 0 1
    outer loop
      vertex 30.6696 -26.1111 -22.5
      vertex 29.5056 -25.3333 -22.5
      vertex 30.5218 -26.3877 -22.5
    endloop
  endfacet
  facet normal -0 0 1
    outer loop
      vertex 29.5056 -25.3333 -22.5
      vertex 30.6696 -26.1111 -22.5
      vertex 29.8787 -24.8787 -22.5
    endloop
  endfacet
  facet normal -0 0 1
    outer loop
      vertex 33.3304 -27.8889 -22.5
      vertex 34.4944 -28.6667 -22.5
      vertex 33.4782 -27.6123 -22.5
    endloop
  endfacet
  facet normal 0 0 1
    outer loop
      vertex 34.4944 -28.6667 -22.5
      vertex 33.3304 -27.8889 -22.5
      vertex 34.1213 -29.1213 -22.5
    endloop
  endfacet
  facet normal -0 0 1
    outer loop
      vertex 33.1314 -28.1314 -22.5
      vertex 34.1213 -29.1213 -22.5
      vertex 33.3304 -27.8889 -22.5
    endloop
  endfacet
  facet normal 0 0 1
    outer loop
      vertex 34.1213 -29.1213 -22.5
      vertex 33.1314 -28.1314 -22.5
      vertex 33.6667 -29.4944 -22.5
    endloop
  endfacet
  facet normal -0 0 1
    outer loop
      vertex 32.8889 -28.3304 -22.5
      vertex 33.6667 -29.4944 -22.5
      vertex 33.1314 -28.1314 -22.5
    endloop
  endfacet
  facet normal 0 0 1
    outer loop
      vertex 33.6667 -29.4944 -22.5
      vertex 32.8889 -28.3304 -22.5
      vertex 33.148 -29.7716 -22.5
    endloop
  endfacet
  facet normal -0 0 1
    outer loop
      vertex 32.6123 -28.4782 -22.5
      vertex 33.148 -29.7716 -22.5
      vertex 32.8889 -28.3304 -22.5
    endloop
  endfacet
  facet normal 0 0 1
    outer loop
      vertex 32.6123 -28.4782 -22.5
      vertex 32.5853 -29.9424 -22.5
      vertex 33.148 -29.7716 -22.5
    endloop
  endfacet
  facet normal -0 0 1
    outer loop
      vertex 32.3121 -28.5693 -22.5
      vertex 32.5853 -29.9424 -22.5
      vertex 32.6123 -28.4782 -22.5
    endloop
  endfacet
  facet normal -0 0 1
    outer loop
      vertex 32 -28.6 -22.5
      vertex 32.5853 -29.9424 -22.5
      vertex 32.3121 -28.5693 -22.5
    endloop
  endfacet
  facet normal 0 0 1
    outer loop
      vertex 32 -28.6 -22.5
      vertex 32 -30 -22.5
      vertex 32.5853 -29.9424 -22.5
    endloop
  endfacet
  facet normal 0 0 1
    outer loop
      vertex 31.6879 -28.5693 -22.5
      vertex 32 -30 -22.5
      vertex 32 -28.6 -22.5
    endloop
  endfacet
  facet normal 0 0 1
    outer loop
      vertex 31.6879 -28.5693 -22.5
      vertex 31.4147 -29.9424 -22.5
      vertex 32 -30 -22.5
    endloop
  endfacet
  facet normal 0 0 1
    outer loop
      vertex 31.3877 -28.4782 -22.5
      vertex 31.4147 -29.9424 -22.5
      vertex 31.6879 -28.5693 -22.5
    endloop
  endfacet
  facet normal 0 0 1
    outer loop
      vertex 30.852 -29.7716 -22.5
      vertex 31.3877 -28.4782 -22.5
      vertex 31.1111 -28.3304 -22.5
    endloop
  endfacet
  facet normal 0 0 1
    outer loop
      vertex 30.3333 -29.4944 -22.5
      vertex 31.1111 -28.3304 -22.5
      vertex 30.8686 -28.1314 -22.5
    endloop
  endfacet
  facet normal 0 0 1
    outer loop
      vertex 31.3877 -28.4782 -22.5
      vertex 30.852 -29.7716 -22.5
      vertex 31.4147 -29.9424 -22.5
    endloop
  endfacet
  facet normal 0 0 1
    outer loop
      vertex 29.8787 -29.1213 -22.5
      vertex 30.8686 -28.1314 -22.5
      vertex 30.6696 -27.8889 -22.5
    endloop
  endfacet
  facet normal 0 0 1
    outer loop
      vertex 29.5056 -28.6667 -22.5
      vertex 30.6696 -27.8889 -22.5
      vertex 30.5218 -27.6123 -22.5
    endloop
  endfacet
  facet normal 0 0 1
    outer loop
      vertex 29.2284 -28.148 -22.5
      vertex 30.5218 -27.6123 -22.5
      vertex 30.4307 -27.3121 -22.5
    endloop
  endfacet
  facet normal 0 0 1
    outer loop
      vertex 31.1111 -28.3304 -22.5
      vertex 30.3333 -29.4944 -22.5
      vertex 30.852 -29.7716 -22.5
    endloop
  endfacet
  facet normal 0 0 1
    outer loop
      vertex 29.0576 -27.5853 -22.5
      vertex 30.4307 -27.3121 -22.5
      vertex 30.4 -27 -22.5
    endloop
  endfacet
  facet normal -0 0 1
    outer loop
      vertex 29.2284 -25.852 -22.5
      vertex 30.5218 -26.3877 -22.5
      vertex 29.5056 -25.3333 -22.5
    endloop
  endfacet
  facet normal 0 0 1
    outer loop
      vertex 30.5218 -26.3877 -22.5
      vertex 29.2284 -25.852 -22.5
      vertex 30.4307 -26.6879 -22.5
    endloop
  endfacet
  facet normal 0 0 1
    outer loop
      vertex 30.8686 -28.1314 -22.5
      vertex 29.8787 -29.1213 -22.5
      vertex 30.3333 -29.4944 -22.5
    endloop
  endfacet
  facet normal -0 0 1
    outer loop
      vertex 29.0576 -26.4147 -22.5
      vertex 30.4307 -26.6879 -22.5
      vertex 29.2284 -25.852 -22.5
    endloop
  endfacet
  facet normal 0 0 1
    outer loop
      vertex 30.6696 -27.8889 -22.5
      vertex 29.5056 -28.6667 -22.5
      vertex 29.8787 -29.1213 -22.5
    endloop
  endfacet
  facet normal 0 0 1
    outer loop
      vertex 30.4307 -26.6879 -22.5
      vertex 29.0576 -26.4147 -22.5
      vertex 30.4 -27 -22.5
    endloop
  endfacet
  facet normal 0 0 1
    outer loop
      vertex 30.5218 -27.6123 -22.5
      vertex 29.2284 -28.148 -22.5
      vertex 29.5056 -28.6667 -22.5
    endloop
  endfacet
  facet normal 0 0 1
    outer loop
      vertex 29 -27 -22.5
      vertex 30.4 -27 -22.5
      vertex 29.0576 -26.4147 -22.5
    endloop
  endfacet
  facet normal 0 0 1
    outer loop
      vertex 30.4307 -27.3121 -22.5
      vertex 29.0576 -27.5853 -22.5
      vertex 29.2284 -28.148 -22.5
    endloop
  endfacet
  facet normal 0 0 1
    outer loop
      vertex 30.4 -27 -22.5
      vertex 29 -27 -22.5
      vertex 29.0576 -27.5853 -22.5
    endloop
  endfacet
  facet normal -0.290451 -0.95689 0
    outer loop
      vertex 30.852 -29.7716 -30.5
      vertex 31.4147 -29.9424 -22.5
      vertex 30.852 -29.7716 -22.5
    endloop
  endfacet
  facet normal -0.290451 -0.95689 -0
    outer loop
      vertex 31.4147 -29.9424 -22.5
      vertex 30.852 -29.7716 -30.5
      vertex 31.4147 -29.9424 -30.5
    endloop
  endfacet
  facet normal 0.95689 -0.290451 -3.56041e-19
    outer loop
      vertex 34.7716 -28.148 -22.5
      vertex 34.9424 -27.5853 -30.5
      vertex 34.9424 -27.5853 -22.5
    endloop
  endfacet
  facet normal 0.95689 -0.290451 -3.56041e-19
    outer loop
      vertex 34.9424 -27.5853 -30.5
      vertex 34.7716 -28.148 -22.5
      vertex 34.7716 -28.148 -30.5
    endloop
  endfacet
  facet normal 0.772994 0.634413 -1.23722e-18
    outer loop
      vertex 34.4944 -25.3333 -22.5
      vertex 34.1213 -24.8787 -30.5
      vertex 34.1213 -24.8787 -22.5
    endloop
  endfacet
  facet normal 0.772994 0.634413 -1.23722e-18
    outer loop
      vertex 34.1213 -24.8787 -30.5
      vertex 34.4944 -25.3333 -22.5
      vertex 34.4944 -25.3333 -30.5
    endloop
  endfacet
  facet normal -0.995193 0.097938 -3.29733e-19
    outer loop
      vertex 29 -27 -30.5
      vertex 29.0576 -26.4147 -22.5
      vertex 29.0576 -26.4147 -30.5
    endloop
  endfacet
  facet normal -0.995193 0.097938 -3.29733e-19
    outer loop
      vertex 29.0576 -26.4147 -22.5
      vertex 29 -27 -30.5
      vertex 29 -27 -22.5
    endloop
  endfacet
  facet normal 0.634413 -0.772994 0
    outer loop
      vertex 33.6667 -29.4944 -30.5
      vertex 34.1213 -29.1213 -22.5
      vertex 33.6667 -29.4944 -22.5
    endloop
  endfacet
  facet normal 0.634413 -0.772994 0
    outer loop
      vertex 34.1213 -29.1213 -22.5
      vertex 33.6667 -29.4944 -30.5
      vertex 34.1213 -29.1213 -30.5
    endloop
  endfacet
  facet normal -0.634413 -0.772994 0
    outer loop
      vertex 29.8787 -29.1213 -30.5
      vertex 30.3333 -29.4944 -22.5
      vertex 29.8787 -29.1213 -22.5
    endloop
  endfacet
  facet normal -0.634413 -0.772994 -0
    outer loop
      vertex 30.3333 -29.4944 -22.5
      vertex 29.8787 -29.1213 -30.5
      vertex 30.3333 -29.4944 -30.5
    endloop
  endfacet
  facet normal -0.097938 0.995193 0
    outer loop
      vertex 32 -24 -30.5
      vertex 31.4147 -24.0576 -22.5
      vertex 32 -24 -22.5
    endloop
  endfacet
  facet normal -0.097938 0.995193 0
    outer loop
      vertex 31.4147 -24.0576 -22.5
      vertex 32 -24 -30.5
      vertex 31.4147 -24.0576 -30.5
    endloop
  endfacet
  facet normal 0.881957 -0.471329 1.6383e-18
    outer loop
      vertex 34.4944 -28.6667 -22.5
      vertex 34.7716 -28.148 -30.5
      vertex 34.7716 -28.148 -22.5
    endloop
  endfacet
  facet normal 0.881957 -0.471329 1.6383e-18
    outer loop
      vertex 34.7716 -28.148 -30.5
      vertex 34.4944 -28.6667 -22.5
      vertex 34.4944 -28.6667 -30.5
    endloop
  endfacet
  facet normal -0.95689 -0.290451 3.56041e-19
    outer loop
      vertex 29.2284 -28.148 -30.5
      vertex 29.0576 -27.5853 -22.5
      vertex 29.0576 -27.5853 -30.5
    endloop
  endfacet
  facet normal -0.95689 -0.290451 3.56041e-19
    outer loop
      vertex 29.0576 -27.5853 -22.5
      vertex 29.2284 -28.148 -30.5
      vertex 29.2284 -28.148 -22.5
    endloop
  endfacet
  facet normal -0.995193 -0.097938 3.29733e-19
    outer loop
      vertex 29.0576 -27.5853 -30.5
      vertex 29 -27 -22.5
      vertex 29 -27 -30.5
    endloop
  endfacet
  facet normal -0.995193 -0.097938 3.29733e-19
    outer loop
      vertex 29 -27 -22.5
      vertex 29.0576 -27.5853 -30.5
      vertex 29.0576 -27.5853 -22.5
    endloop
  endfacet
  facet normal -0.772994 -0.634413 -1.23417e-19
    outer loop
      vertex 29.8787 -29.1213 -30.5
      vertex 29.5056 -28.6667 -22.5
      vertex 29.5056 -28.6667 -30.5
    endloop
  endfacet
  facet normal -0.772994 -0.634413 -1.23417e-19
    outer loop
      vertex 29.5056 -28.6667 -22.5
      vertex 29.8787 -29.1213 -30.5
      vertex 29.8787 -29.1213 -22.5
    endloop
  endfacet
  facet normal -0.772994 0.634413 1.23417e-19
    outer loop
      vertex 29.5056 -25.3333 -30.5
      vertex 29.8787 -24.8787 -22.5
      vertex 29.8787 -24.8787 -30.5
    endloop
  endfacet
  facet normal -0.772994 0.634413 1.23417e-19
    outer loop
      vertex 29.8787 -24.8787 -22.5
      vertex 29.5056 -25.3333 -30.5
      vertex 29.5056 -25.3333 -22.5
    endloop
  endfacet
  facet normal -0.95689 0.290451 -3.56041e-19
    outer loop
      vertex 29.0576 -26.4147 -30.5
      vertex 29.2284 -25.852 -22.5
      vertex 29.2284 -25.852 -30.5
    endloop
  endfacet
  facet normal -0.95689 0.290451 -3.56041e-19
    outer loop
      vertex 29.2284 -25.852 -22.5
      vertex 29.0576 -26.4147 -30.5
      vertex 29.0576 -26.4147 -22.5
    endloop
  endfacet
  facet normal -0.471329 -0.881957 0
    outer loop
      vertex 30.3333 -29.4944 -30.5
      vertex 30.852 -29.7716 -22.5
      vertex 30.3333 -29.4944 -22.5
    endloop
  endfacet
  facet normal -0.471329 -0.881957 -0
    outer loop
      vertex 30.852 -29.7716 -22.5
      vertex 30.3333 -29.4944 -30.5
      vertex 30.852 -29.7716 -30.5
    endloop
  endfacet
  facet normal -0.956909 -0.290388 -6.22219e-19
    outer loop
      vertex 33.5693 -26.6879 -30.5
      vertex 33.4782 -26.3877 -22.5
      vertex 33.4782 -26.3877 -30.5
    endloop
  endfacet
  facet normal -0.956909 -0.290388 -6.22219e-19
    outer loop
      vertex 33.4782 -26.3877 -22.5
      vertex 33.5693 -26.6879 -30.5
      vertex 33.5693 -26.6879 -22.5
    endloop
  endfacet
  facet normal -0.995197 -0.0978934 1.71178e-19
    outer loop
      vertex 33.6 -27 -30.5
      vertex 33.5693 -26.6879 -22.5
      vertex 33.5693 -26.6879 -30.5
    endloop
  endfacet
  facet normal -0.995197 -0.0978934 1.71178e-19
    outer loop
      vertex 33.5693 -26.6879 -22.5
      vertex 33.6 -27 -30.5
      vertex 33.6 -27 -22.5
    endloop
  endfacet
  facet normal -0.881982 -0.471283 -7.84065e-20
    outer loop
      vertex 33.4782 -26.3877 -30.5
      vertex 33.3304 -26.1111 -22.5
      vertex 33.3304 -26.1111 -30.5
    endloop
  endfacet
  facet normal -0.881982 -0.471283 -7.84065e-20
    outer loop
      vertex 33.3304 -26.1111 -22.5
      vertex 33.4782 -26.3877 -30.5
      vertex 33.4782 -26.3877 -22.5
    endloop
  endfacet
  facet normal 0.634365 -0.773033 0
    outer loop
      vertex 30.8686 -25.8686 -30.5
      vertex 31.1111 -25.6696 -22.5
      vertex 30.8686 -25.8686 -22.5
    endloop
  endfacet
  facet normal 0.634365 -0.773033 0
    outer loop
      vertex 31.1111 -25.6696 -22.5
      vertex 30.8686 -25.8686 -30.5
      vertex 31.1111 -25.6696 -30.5
    endloop
  endfacet
  facet normal -0.290388 -0.956909 0
    outer loop
      vertex 32.3121 -25.4307 -30.5
      vertex 32.6123 -25.5218 -22.5
      vertex 32.3121 -25.4307 -22.5
    endloop
  endfacet
  facet normal -0.290388 -0.956909 -0
    outer loop
      vertex 32.6123 -25.5218 -22.5
      vertex 32.3121 -25.4307 -30.5
      vertex 32.6123 -25.5218 -30.5
    endloop
  endfacet
  facet normal -0.773033 -0.634365 -1.35372e-19
    outer loop
      vertex 33.3304 -26.1111 -30.5
      vertex 33.1314 -25.8686 -22.5
      vertex 33.1314 -25.8686 -30.5
    endloop
  endfacet
  facet normal -0.773033 -0.634365 -1.35372e-19
    outer loop
      vertex 33.1314 -25.8686 -22.5
      vertex 33.3304 -26.1111 -30.5
      vertex 33.3304 -26.1111 -22.5
    endloop
  endfacet
  facet normal 0.773033 -0.634365 5.77763e-19
    outer loop
      vertex 30.6696 -26.1111 -22.5
      vertex 30.8686 -25.8686 -30.5
      vertex 30.8686 -25.8686 -22.5
    endloop
  endfacet
  facet normal 0.773033 -0.634365 5.77763e-19
    outer loop
      vertex 30.8686 -25.8686 -30.5
      vertex 30.6696 -26.1111 -22.5
      vertex 30.6696 -26.1111 -30.5
    endloop
  endfacet
  facet normal 0.881982 0.471283 -1.13159e-18
    outer loop
      vertex 30.6696 -27.8889 -22.5
      vertex 30.5218 -27.6123 -30.5
      vertex 30.5218 -27.6123 -22.5
    endloop
  endfacet
  facet normal 0.881982 0.471283 -1.13159e-18
    outer loop
      vertex 30.5218 -27.6123 -30.5
      vertex 30.6696 -27.8889 -22.5
      vertex 30.6696 -27.8889 -30.5
    endloop
  endfacet
  facet normal -0.881982 0.471283 7.84065e-20
    outer loop
      vertex 33.3304 -27.8889 -30.5
      vertex 33.4782 -27.6123 -22.5
      vertex 33.4782 -27.6123 -30.5
    endloop
  endfacet
  facet normal -0.881982 0.471283 7.84065e-20
    outer loop
      vertex 33.4782 -27.6123 -22.5
      vertex 33.3304 -27.8889 -30.5
      vertex 33.3304 -27.8889 -22.5
    endloop
  endfacet
  facet normal 0.290388 -0.956909 0
    outer loop
      vertex 31.3877 -25.5218 -30.5
      vertex 31.6879 -25.4307 -22.5
      vertex 31.3877 -25.5218 -22.5
    endloop
  endfacet
  facet normal 0.290388 -0.956909 0
    outer loop
      vertex 31.6879 -25.4307 -22.5
      vertex 31.3877 -25.5218 -30.5
      vertex 31.6879 -25.4307 -30.5
    endloop
  endfacet
  facet normal -0.290388 0.956909 0
    outer loop
      vertex 32.6123 -28.4782 -30.5
      vertex 32.3121 -28.5693 -22.5
      vertex 32.6123 -28.4782 -22.5
    endloop
  endfacet
  facet normal -0.290388 0.956909 0
    outer loop
      vertex 32.3121 -28.5693 -22.5
      vertex 32.6123 -28.4782 -30.5
      vertex 32.3121 -28.5693 -30.5
    endloop
  endfacet
  facet normal -0.0978934 -0.995197 0
    outer loop
      vertex 32 -25.4 -30.5
      vertex 32.3121 -25.4307 -22.5
      vertex 32 -25.4 -22.5
    endloop
  endfacet
  facet normal -0.0978934 -0.995197 -0
    outer loop
      vertex 32.3121 -25.4307 -22.5
      vertex 32 -25.4 -30.5
      vertex 32.3121 -25.4307 -30.5
    endloop
  endfacet
  facet normal -0.634365 -0.773033 0
    outer loop
      vertex 32.8889 -25.6696 -30.5
      vertex 33.1314 -25.8686 -22.5
      vertex 32.8889 -25.6696 -22.5
    endloop
  endfacet
  facet normal -0.634365 -0.773033 -0
    outer loop
      vertex 33.1314 -25.8686 -22.5
      vertex 32.8889 -25.6696 -30.5
      vertex 33.1314 -25.8686 -30.5
    endloop
  endfacet
  facet normal 0.0978934 -0.995197 0
    outer loop
      vertex 31.6879 -25.4307 -30.5
      vertex 32 -25.4 -22.5
      vertex 31.6879 -25.4307 -22.5
    endloop
  endfacet
  facet normal 0.0978934 -0.995197 0
    outer loop
      vertex 32 -25.4 -22.5
      vertex 31.6879 -25.4307 -30.5
      vertex 32 -25.4 -30.5
    endloop
  endfacet
  facet normal -0.634365 0.773033 0
    outer loop
      vertex 33.1314 -28.1314 -30.5
      vertex 32.8889 -28.3304 -22.5
      vertex 33.1314 -28.1314 -22.5
    endloop
  endfacet
  facet normal -0.634365 0.773033 0
    outer loop
      vertex 32.8889 -28.3304 -22.5
      vertex 33.1314 -28.1314 -30.5
      vertex 32.8889 -28.3304 -30.5
    endloop
  endfacet
  facet normal -0.471283 0.881982 0
    outer loop
      vertex 32.8889 -28.3304 -30.5
      vertex 32.6123 -28.4782 -22.5
      vertex 32.8889 -28.3304 -22.5
    endloop
  endfacet
  facet normal -0.471283 0.881982 0
    outer loop
      vertex 32.6123 -28.4782 -22.5
      vertex 32.8889 -28.3304 -30.5
      vertex 32.6123 -28.4782 -30.5
    endloop
  endfacet
  facet normal 0.634365 0.773033 -0
    outer loop
      vertex 31.1111 -28.3304 -30.5
      vertex 30.8686 -28.1314 -22.5
      vertex 31.1111 -28.3304 -22.5
    endloop
  endfacet
  facet normal 0.634365 0.773033 0
    outer loop
      vertex 30.8686 -28.1314 -22.5
      vertex 31.1111 -28.3304 -30.5
      vertex 30.8686 -28.1314 -30.5
    endloop
  endfacet
  facet normal -0.773033 0.634365 1.35372e-19
    outer loop
      vertex 33.1314 -28.1314 -30.5
      vertex 33.3304 -27.8889 -22.5
      vertex 33.3304 -27.8889 -30.5
    endloop
  endfacet
  facet normal -0.773033 0.634365 1.35372e-19
    outer loop
      vertex 33.3304 -27.8889 -22.5
      vertex 33.1314 -28.1314 -30.5
      vertex 33.1314 -28.1314 -22.5
    endloop
  endfacet
  facet normal -0.995197 0.0978934 -1.71178e-19
    outer loop
      vertex 33.5693 -27.3121 -30.5
      vertex 33.6 -27 -22.5
      vertex 33.6 -27 -30.5
    endloop
  endfacet
  facet normal -0.995197 0.0978934 -1.71178e-19
    outer loop
      vertex 33.6 -27 -22.5
      vertex 33.5693 -27.3121 -30.5
      vertex 33.5693 -27.3121 -22.5
    endloop
  endfacet
  facet normal -0.956909 0.290388 6.22219e-19
    outer loop
      vertex 33.4782 -27.6123 -30.5
      vertex 33.5693 -27.3121 -22.5
      vertex 33.5693 -27.3121 -30.5
    endloop
  endfacet
  facet normal -0.956909 0.290388 6.22219e-19
    outer loop
      vertex 33.5693 -27.3121 -22.5
      vertex 33.4782 -27.6123 -30.5
      vertex 33.4782 -27.6123 -22.5
    endloop
  endfacet
  facet normal 0.471283 -0.881982 0
    outer loop
      vertex 31.1111 -25.6696 -30.5
      vertex 31.3877 -25.5218 -22.5
      vertex 31.1111 -25.6696 -22.5
    endloop
  endfacet
  facet normal 0.471283 -0.881982 0
    outer loop
      vertex 31.3877 -25.5218 -22.5
      vertex 31.1111 -25.6696 -30.5
      vertex 31.3877 -25.5218 -30.5
    endloop
  endfacet
  facet normal -0.471283 -0.881982 0
    outer loop
      vertex 32.6123 -25.5218 -30.5
      vertex 32.8889 -25.6696 -22.5
      vertex 32.6123 -25.5218 -22.5
    endloop
  endfacet
  facet normal -0.471283 -0.881982 -0
    outer loop
      vertex 32.8889 -25.6696 -22.5
      vertex 32.6123 -25.5218 -30.5
      vertex 32.8889 -25.6696 -30.5
    endloop
  endfacet
  facet normal 0.956909 -0.290388 6.22219e-19
    outer loop
      vertex 30.4307 -26.6879 -22.5
      vertex 30.5218 -26.3877 -30.5
      vertex 30.5218 -26.3877 -22.5
    endloop
  endfacet
  facet normal 0.956909 -0.290388 6.22219e-19
    outer loop
      vertex 30.5218 -26.3877 -30.5
      vertex 30.4307 -26.6879 -22.5
      vertex 30.4307 -26.6879 -30.5
    endloop
  endfacet
  facet normal -0.0978934 0.995197 0
    outer loop
      vertex 32.3121 -28.5693 -30.5
      vertex 32 -28.6 -22.5
      vertex 32.3121 -28.5693 -22.5
    endloop
  endfacet
  facet normal -0.0978934 0.995197 0
    outer loop
      vertex 32 -28.6 -22.5
      vertex 32.3121 -28.5693 -30.5
      vertex 32 -28.6 -30.5
    endloop
  endfacet
  facet normal 0.881982 -0.471283 1.13159e-18
    outer loop
      vertex 30.5218 -26.3877 -22.5
      vertex 30.6696 -26.1111 -30.5
      vertex 30.6696 -26.1111 -22.5
    endloop
  endfacet
  facet normal 0.881982 -0.471283 1.13159e-18
    outer loop
      vertex 30.6696 -26.1111 -30.5
      vertex 30.5218 -26.3877 -22.5
      vertex 30.5218 -26.3877 -30.5
    endloop
  endfacet
  facet normal 0.956909 0.290388 -6.22219e-19
    outer loop
      vertex 30.5218 -27.6123 -22.5
      vertex 30.4307 -27.3121 -30.5
      vertex 30.4307 -27.3121 -22.5
    endloop
  endfacet
  facet normal 0.956909 0.290388 -6.22219e-19
    outer loop
      vertex 30.4307 -27.3121 -30.5
      vertex 30.5218 -27.6123 -22.5
      vertex 30.5218 -27.6123 -30.5
    endloop
  endfacet
  facet normal 0.995197 0.0978934 1.71178e-19
    outer loop
      vertex 30.4307 -27.3121 -22.5
      vertex 30.4 -27 -30.5
      vertex 30.4 -27 -22.5
    endloop
  endfacet
  facet normal 0.995197 0.0978934 1.71178e-19
    outer loop
      vertex 30.4 -27 -30.5
      vertex 30.4307 -27.3121 -22.5
      vertex 30.4307 -27.3121 -30.5
    endloop
  endfacet
  facet normal 0.773033 0.634365 -5.77763e-19
    outer loop
      vertex 30.8686 -28.1314 -22.5
      vertex 30.6696 -27.8889 -30.5
      vertex 30.6696 -27.8889 -22.5
    endloop
  endfacet
  facet normal 0.773033 0.634365 -5.77763e-19
    outer loop
      vertex 30.6696 -27.8889 -30.5
      vertex 30.8686 -28.1314 -22.5
      vertex 30.8686 -28.1314 -30.5
    endloop
  endfacet
  facet normal 0.471283 0.881982 -0
    outer loop
      vertex 31.3877 -28.4782 -30.5
      vertex 31.1111 -28.3304 -22.5
      vertex 31.3877 -28.4782 -22.5
    endloop
  endfacet
  facet normal 0.471283 0.881982 0
    outer loop
      vertex 31.1111 -28.3304 -22.5
      vertex 31.3877 -28.4782 -30.5
      vertex 31.1111 -28.3304 -30.5
    endloop
  endfacet
  facet normal 0.995197 -0.0978934 -1.71178e-19
    outer loop
      vertex 30.4 -27 -22.5
      vertex 30.4307 -26.6879 -30.5
      vertex 30.4307 -26.6879 -22.5
    endloop
  endfacet
  facet normal 0.995197 -0.0978934 -1.71178e-19
    outer loop
      vertex 30.4307 -26.6879 -30.5
      vertex 30.4 -27 -22.5
      vertex 30.4 -27 -30.5
    endloop
  endfacet
  facet normal 0.0978934 0.995197 -0
    outer loop
      vertex 32 -28.6 -30.5
      vertex 31.6879 -28.5693 -22.5
      vertex 32 -28.6 -22.5
    endloop
  endfacet
  facet normal 0.0978934 0.995197 0
    outer loop
      vertex 31.6879 -28.5693 -22.5
      vertex 32 -28.6 -30.5
      vertex 31.6879 -28.5693 -30.5
    endloop
  endfacet
  facet normal 0.290388 0.956909 -0
    outer loop
      vertex 31.6879 -28.5693 -30.5
      vertex 31.3877 -28.4782 -22.5
      vertex 31.6879 -28.5693 -22.5
    endloop
  endfacet
  facet normal 0.290388 0.956909 0
    outer loop
      vertex 31.3877 -28.4782 -22.5
      vertex 31.6879 -28.5693 -30.5
      vertex 31.3877 -28.4782 -30.5
    endloop
  endfacet
  facet normal -0.471329 0.881957 0
    outer loop
      vertex 30.852 29.7716 -30.5
      vertex 30.3333 29.4944 -22.5
      vertex 30.852 29.7716 -22.5
    endloop
  endfacet
  facet normal -0.471329 0.881957 0
    outer loop
      vertex 30.3333 29.4944 -22.5
      vertex 30.852 29.7716 -30.5
      vertex 30.3333 29.4944 -30.5
    endloop
  endfacet
  facet normal 0.471329 0.881957 -0
    outer loop
      vertex 33.6667 29.4944 -30.5
      vertex 33.148 29.7716 -22.5
      vertex 33.6667 29.4944 -22.5
    endloop
  endfacet
  facet normal 0.471329 0.881957 0
    outer loop
      vertex 33.148 29.7716 -22.5
      vertex 33.6667 29.4944 -30.5
      vertex 33.148 29.7716 -30.5
    endloop
  endfacet
  facet normal 0.95689 0.290451 3.56041e-19
    outer loop
      vertex 34.9424 27.5853 -22.5
      vertex 34.7716 28.148 -30.5
      vertex 34.7716 28.148 -22.5
    endloop
  endfacet
  facet normal 0.95689 0.290451 3.56041e-19
    outer loop
      vertex 34.7716 28.148 -30.5
      vertex 34.9424 27.5853 -22.5
      vertex 34.9424 27.5853 -30.5
    endloop
  endfacet
  facet normal 0.995193 0.097938 3.29733e-19
    outer loop
      vertex 35 27 -22.5
      vertex 34.9424 27.5853 -30.5
      vertex 34.9424 27.5853 -22.5
    endloop
  endfacet
  facet normal 0.995193 0.097938 3.29733e-19
    outer loop
      vertex 34.9424 27.5853 -30.5
      vertex 35 27 -22.5
      vertex 35 27 -30.5
    endloop
  endfacet
  facet normal 0.881957 0.471329 -1.6383e-18
    outer loop
      vertex 34.7716 28.148 -22.5
      vertex 34.4944 28.6667 -30.5
      vertex 34.4944 28.6667 -22.5
    endloop
  endfacet
  facet normal 0.881957 0.471329 -1.6383e-18
    outer loop
      vertex 34.4944 28.6667 -30.5
      vertex 34.7716 28.148 -22.5
      vertex 34.7716 28.148 -30.5
    endloop
  endfacet
  facet normal 0.097938 0.995193 -0
    outer loop
      vertex 32.5853 29.9424 -30.5
      vertex 32 30 -22.5
      vertex 32.5853 29.9424 -22.5
    endloop
  endfacet
  facet normal 0.097938 0.995193 0
    outer loop
      vertex 32 30 -22.5
      vertex 32.5853 29.9424 -30.5
      vertex 32 30 -30.5
    endloop
  endfacet
  facet normal 0.097938 -0.995193 0
    outer loop
      vertex 32 24 -30.5
      vertex 32.5853 24.0576 -22.5
      vertex 32 24 -22.5
    endloop
  endfacet
  facet normal 0.097938 -0.995193 0
    outer loop
      vertex 32.5853 24.0576 -22.5
      vertex 32 24 -30.5
      vertex 32.5853 24.0576 -30.5
    endloop
  endfacet
  facet normal 0.290451 0.95689 -0
    outer loop
      vertex 33.148 29.7716 -30.5
      vertex 32.5853 29.9424 -22.5
      vertex 33.148 29.7716 -22.5
    endloop
  endfacet
  facet normal 0.290451 0.95689 0
    outer loop
      vertex 32.5853 29.9424 -22.5
      vertex 33.148 29.7716 -30.5
      vertex 32.5853 29.9424 -30.5
    endloop
  endfacet
  facet normal 0.634413 0.772994 -0
    outer loop
      vertex 34.1213 29.1213 -30.5
      vertex 33.6667 29.4944 -22.5
      vertex 34.1213 29.1213 -22.5
    endloop
  endfacet
  facet normal 0.634413 0.772994 0
    outer loop
      vertex 33.6667 29.4944 -22.5
      vertex 34.1213 29.1213 -30.5
      vertex 33.6667 29.4944 -30.5
    endloop
  endfacet
  facet normal 0.772994 -0.634413 1.23722e-18
    outer loop
      vertex 34.1213 24.8787 -22.5
      vertex 34.4944 25.3333 -30.5
      vertex 34.4944 25.3333 -22.5
    endloop
  endfacet
  facet normal 0.772994 -0.634413 1.23722e-18
    outer loop
      vertex 34.4944 25.3333 -30.5
      vertex 34.1213 24.8787 -22.5
      vertex 34.1213 24.8787 -30.5
    endloop
  endfacet
  facet normal -0.634413 0.772994 0
    outer loop
      vertex 30.3333 29.4944 -30.5
      vertex 29.8787 29.1213 -22.5
      vertex 30.3333 29.4944 -22.5
    endloop
  endfacet
  facet normal -0.634413 0.772994 0
    outer loop
      vertex 29.8787 29.1213 -22.5
      vertex 30.3333 29.4944 -30.5
      vertex 29.8787 29.1213 -30.5
    endloop
  endfacet
  facet normal 0.471329 -0.881957 0
    outer loop
      vertex 33.148 24.2284 -30.5
      vertex 33.6667 24.5056 -22.5
      vertex 33.148 24.2284 -22.5
    endloop
  endfacet
  facet normal 0.471329 -0.881957 0
    outer loop
      vertex 33.6667 24.5056 -22.5
      vertex 33.148 24.2284 -30.5
      vertex 33.6667 24.5056 -30.5
    endloop
  endfacet
  facet normal -0.881957 -0.471329 -1.6383e-18
    outer loop
      vertex 29.5056 25.3333 -30.5
      vertex 29.2284 25.852 -22.5
      vertex 29.2284 25.852 -30.5
    endloop
  endfacet
  facet normal -0.881957 -0.471329 -1.6383e-18
    outer loop
      vertex 29.2284 25.852 -22.5
      vertex 29.5056 25.3333 -30.5
      vertex 29.5056 25.3333 -22.5
    endloop
  endfacet
  facet normal 0.995193 -0.097938 -3.29733e-19
    outer loop
      vertex 34.9424 26.4147 -22.5
      vertex 35 27 -30.5
      vertex 35 27 -22.5
    endloop
  endfacet
  facet normal 0.995193 -0.097938 -3.29733e-19
    outer loop
      vertex 35 27 -30.5
      vertex 34.9424 26.4147 -22.5
      vertex 34.9424 26.4147 -30.5
    endloop
  endfacet
  facet normal -0.290451 0.95689 0
    outer loop
      vertex 31.4147 29.9424 -30.5
      vertex 30.852 29.7716 -22.5
      vertex 31.4147 29.9424 -22.5
    endloop
  endfacet
  facet normal -0.290451 0.95689 0
    outer loop
      vertex 30.852 29.7716 -22.5
      vertex 31.4147 29.9424 -30.5
      vertex 30.852 29.7716 -30.5
    endloop
  endfacet
  facet normal -0.097938 -0.995193 0
    outer loop
      vertex 31.4147 24.0576 -30.5
      vertex 32 24 -22.5
      vertex 31.4147 24.0576 -22.5
    endloop
  endfacet
  facet normal -0.097938 -0.995193 -0
    outer loop
      vertex 32 24 -22.5
      vertex 31.4147 24.0576 -30.5
      vertex 32 24 -30.5
    endloop
  endfacet
  facet normal -0.881957 0.471329 1.6383e-18
    outer loop
      vertex 29.2284 28.148 -30.5
      vertex 29.5056 28.6667 -22.5
      vertex 29.5056 28.6667 -30.5
    endloop
  endfacet
  facet normal -0.881957 0.471329 1.6383e-18
    outer loop
      vertex 29.5056 28.6667 -22.5
      vertex 29.2284 28.148 -30.5
      vertex 29.2284 28.148 -22.5
    endloop
  endfacet
  facet normal 0.290451 -0.95689 0
    outer loop
      vertex 32.5853 24.0576 -30.5
      vertex 33.148 24.2284 -22.5
      vertex 32.5853 24.0576 -22.5
    endloop
  endfacet
  facet normal 0.290451 -0.95689 0
    outer loop
      vertex 33.148 24.2284 -22.5
      vertex 32.5853 24.0576 -30.5
      vertex 33.148 24.2284 -30.5
    endloop
  endfacet
  facet normal 0 0 1
    outer loop
      vertex 33.6 27 -22.5
      vertex 35 27 -22.5
      vertex 34.9424 27.5853 -22.5
    endloop
  endfacet
  facet normal 0 0 1
    outer loop
      vertex 33.5693 27.3121 -22.5
      vertex 34.9424 27.5853 -22.5
      vertex 34.7716 28.148 -22.5
    endloop
  endfacet
  facet normal 0 0 1
    outer loop
      vertex 35 27 -22.5
      vertex 33.6 27 -22.5
      vertex 34.9424 26.4147 -22.5
    endloop
  endfacet
  facet normal 0 0 1
    outer loop
      vertex 33.4782 27.6123 -22.5
      vertex 34.7716 28.148 -22.5
      vertex 34.4944 28.6667 -22.5
    endloop
  endfacet
  facet normal -0 0 1
    outer loop
      vertex 33.5693 26.6879 -22.5
      vertex 34.9424 26.4147 -22.5
      vertex 33.6 27 -22.5
    endloop
  endfacet
  facet normal 0 0 1
    outer loop
      vertex 33.3304 27.8889 -22.5
      vertex 34.4944 28.6667 -22.5
      vertex 34.1213 29.1213 -22.5
    endloop
  endfacet
  facet normal 0 0 1
    outer loop
      vertex 34.9424 26.4147 -22.5
      vertex 33.5693 26.6879 -22.5
      vertex 34.7716 25.852 -22.5
    endloop
  endfacet
  facet normal 0 0 1
    outer loop
      vertex 33.1314 28.1314 -22.5
      vertex 34.1213 29.1213 -22.5
      vertex 33.6667 29.4944 -22.5
    endloop
  endfacet
  facet normal -0 0 1
    outer loop
      vertex 33.4782 26.3877 -22.5
      vertex 34.7716 25.852 -22.5
      vertex 33.5693 26.6879 -22.5
    endloop
  endfacet
  facet normal 0 0 1
    outer loop
      vertex 34.7716 25.852 -22.5
      vertex 33.4782 26.3877 -22.5
      vertex 34.4944 25.3333 -22.5
    endloop
  endfacet
  facet normal 0 0 1
    outer loop
      vertex 34.9424 27.5853 -22.5
      vertex 33.5693 27.3121 -22.5
      vertex 33.6 27 -22.5
    endloop
  endfacet
  facet normal 0 0 1
    outer loop
      vertex 34.7716 28.148 -22.5
      vertex 33.4782 27.6123 -22.5
      vertex 33.5693 27.3121 -22.5
    endloop
  endfacet
  facet normal 0 0 1
    outer loop
      vertex 34.4944 28.6667 -22.5
      vertex 33.3304 27.8889 -22.5
      vertex 33.4782 27.6123 -22.5
    endloop
  endfacet
  facet normal 0 0 1
    outer loop
      vertex 32.8889 28.3304 -22.5
      vertex 33.6667 29.4944 -22.5
      vertex 33.148 29.7716 -22.5
    endloop
  endfacet
  facet normal 0 0 1
    outer loop
      vertex 34.1213 29.1213 -22.5
      vertex 33.1314 28.1314 -22.5
      vertex 33.3304 27.8889 -22.5
    endloop
  endfacet
  facet normal 0 0 1
    outer loop
      vertex 33.6667 29.4944 -22.5
      vertex 32.8889 28.3304 -22.5
      vertex 33.1314 28.1314 -22.5
    endloop
  endfacet
  facet normal 0 0 1
    outer loop
      vertex 33.148 29.7716 -22.5
      vertex 32.6123 28.4782 -22.5
      vertex 32.8889 28.3304 -22.5
    endloop
  endfacet
  facet normal 0 0 1
    outer loop
      vertex 32.5853 29.9424 -22.5
      vertex 32.6123 28.4782 -22.5
      vertex 33.148 29.7716 -22.5
    endloop
  endfacet
  facet normal 0 0 1
    outer loop
      vertex 32.5853 29.9424 -22.5
      vertex 32.3121 28.5693 -22.5
      vertex 32.6123 28.4782 -22.5
    endloop
  endfacet
  facet normal 0 0 1
    outer loop
      vertex 32 30 -22.5
      vertex 32.3121 28.5693 -22.5
      vertex 32.5853 29.9424 -22.5
    endloop
  endfacet
  facet normal 0 0 1
    outer loop
      vertex 32 30 -22.5
      vertex 32 28.6 -22.5
      vertex 32.3121 28.5693 -22.5
    endloop
  endfacet
  facet normal 0 0 1
    outer loop
      vertex 32 30 -22.5
      vertex 31.6879 28.5693 -22.5
      vertex 32 28.6 -22.5
    endloop
  endfacet
  facet normal -0 0 1
    outer loop
      vertex 31.4147 29.9424 -22.5
      vertex 31.6879 28.5693 -22.5
      vertex 32 30 -22.5
    endloop
  endfacet
  facet normal 0 0 1
    outer loop
      vertex 31.4147 29.9424 -22.5
      vertex 31.3877 28.4782 -22.5
      vertex 31.6879 28.5693 -22.5
    endloop
  endfacet
  facet normal -0 0 1
    outer loop
      vertex 30.852 29.7716 -22.5
      vertex 31.3877 28.4782 -22.5
      vertex 31.4147 29.9424 -22.5
    endloop
  endfacet
  facet normal 0 0 1
    outer loop
      vertex 31.3877 28.4782 -22.5
      vertex 30.852 29.7716 -22.5
      vertex 31.1111 28.3304 -22.5
    endloop
  endfacet
  facet normal -0 0 1
    outer loop
      vertex 30.3333 29.4944 -22.5
      vertex 31.1111 28.3304 -22.5
      vertex 30.852 29.7716 -22.5
    endloop
  endfacet
  facet normal 0 0 1
    outer loop
      vertex 31.1111 28.3304 -22.5
      vertex 30.3333 29.4944 -22.5
      vertex 30.8686 28.1314 -22.5
    endloop
  endfacet
  facet normal -0 0 1
    outer loop
      vertex 29.8787 29.1213 -22.5
      vertex 30.8686 28.1314 -22.5
      vertex 30.3333 29.4944 -22.5
    endloop
  endfacet
  facet normal 0 0 1
    outer loop
      vertex 30.8686 28.1314 -22.5
      vertex 29.8787 29.1213 -22.5
      vertex 30.6696 27.8889 -22.5
    endloop
  endfacet
  facet normal 0 0 1
    outer loop
      vertex 30.6696 27.8889 -22.5
      vertex 29.5056 28.6667 -22.5
      vertex 30.5218 27.6123 -22.5
    endloop
  endfacet
  facet normal -0 0 1
    outer loop
      vertex 29.5056 28.6667 -22.5
      vertex 30.6696 27.8889 -22.5
      vertex 29.8787 29.1213 -22.5
    endloop
  endfacet
  facet normal -0 0 1
    outer loop
      vertex 33.3304 26.1111 -22.5
      vertex 34.4944 25.3333 -22.5
      vertex 33.4782 26.3877 -22.5
    endloop
  endfacet
  facet normal 0 0 1
    outer loop
      vertex 34.4944 25.3333 -22.5
      vertex 33.3304 26.1111 -22.5
      vertex 34.1213 24.8787 -22.5
    endloop
  endfacet
  facet normal -0 0 1
    outer loop
      vertex 33.1314 25.8686 -22.5
      vertex 34.1213 24.8787 -22.5
      vertex 33.3304 26.1111 -22.5
    endloop
  endfacet
  facet normal 0 0 1
    outer loop
      vertex 34.1213 24.8787 -22.5
      vertex 33.1314 25.8686 -22.5
      vertex 33.6667 24.5056 -22.5
    endloop
  endfacet
  facet normal -0 0 1
    outer loop
      vertex 32.8889 25.6696 -22.5
      vertex 33.6667 24.5056 -22.5
      vertex 33.1314 25.8686 -22.5
    endloop
  endfacet
  facet normal 0 0 1
    outer loop
      vertex 33.6667 24.5056 -22.5
      vertex 32.8889 25.6696 -22.5
      vertex 33.148 24.2284 -22.5
    endloop
  endfacet
  facet normal -0 0 1
    outer loop
      vertex 32.6123 25.5218 -22.5
      vertex 33.148 24.2284 -22.5
      vertex 32.8889 25.6696 -22.5
    endloop
  endfacet
  facet normal 0 0 1
    outer loop
      vertex 32.6123 25.5218 -22.5
      vertex 32.5853 24.0576 -22.5
      vertex 33.148 24.2284 -22.5
    endloop
  endfacet
  facet normal -0 0 1
    outer loop
      vertex 32.3121 25.4307 -22.5
      vertex 32.5853 24.0576 -22.5
      vertex 32.6123 25.5218 -22.5
    endloop
  endfacet
  facet normal -0 0 1
    outer loop
      vertex 32 25.4 -22.5
      vertex 32.5853 24.0576 -22.5
      vertex 32.3121 25.4307 -22.5
    endloop
  endfacet
  facet normal 0 0 1
    outer loop
      vertex 32 25.4 -22.5
      vertex 32 24 -22.5
      vertex 32.5853 24.0576 -22.5
    endloop
  endfacet
  facet normal 0 0 1
    outer loop
      vertex 31.6879 25.4307 -22.5
      vertex 32 24 -22.5
      vertex 32 25.4 -22.5
    endloop
  endfacet
  facet normal 0 0 1
    outer loop
      vertex 31.6879 25.4307 -22.5
      vertex 31.4147 24.0576 -22.5
      vertex 32 24 -22.5
    endloop
  endfacet
  facet normal 0 0 1
    outer loop
      vertex 31.3877 25.5218 -22.5
      vertex 31.4147 24.0576 -22.5
      vertex 31.6879 25.4307 -22.5
    endloop
  endfacet
  facet normal 0 0 1
    outer loop
      vertex 30.852 24.2284 -22.5
      vertex 31.3877 25.5218 -22.5
      vertex 31.1111 25.6696 -22.5
    endloop
  endfacet
  facet normal 0 0 1
    outer loop
      vertex 30.3333 24.5056 -22.5
      vertex 31.1111 25.6696 -22.5
      vertex 30.8686 25.8686 -22.5
    endloop
  endfacet
  facet normal 0 0 1
    outer loop
      vertex 31.3877 25.5218 -22.5
      vertex 30.852 24.2284 -22.5
      vertex 31.4147 24.0576 -22.5
    endloop
  endfacet
  facet normal 0 0 1
    outer loop
      vertex 29.8787 24.8787 -22.5
      vertex 30.8686 25.8686 -22.5
      vertex 30.6696 26.1111 -22.5
    endloop
  endfacet
  facet normal 0 0 1
    outer loop
      vertex 29.5056 25.3333 -22.5
      vertex 30.6696 26.1111 -22.5
      vertex 30.5218 26.3877 -22.5
    endloop
  endfacet
  facet normal 0 0 1
    outer loop
      vertex 29.2284 25.852 -22.5
      vertex 30.5218 26.3877 -22.5
      vertex 30.4307 26.6879 -22.5
    endloop
  endfacet
  facet normal 0 0 1
    outer loop
      vertex 31.1111 25.6696 -22.5
      vertex 30.3333 24.5056 -22.5
      vertex 30.852 24.2284 -22.5
    endloop
  endfacet
  facet normal 0 0 1
    outer loop
      vertex 29.0576 26.4147 -22.5
      vertex 30.4307 26.6879 -22.5
      vertex 30.4 27 -22.5
    endloop
  endfacet
  facet normal -0 0 1
    outer loop
      vertex 29.2284 28.148 -22.5
      vertex 30.5218 27.6123 -22.5
      vertex 29.5056 28.6667 -22.5
    endloop
  endfacet
  facet normal 0 0 1
    outer loop
      vertex 30.5218 27.6123 -22.5
      vertex 29.2284 28.148 -22.5
      vertex 30.4307 27.3121 -22.5
    endloop
  endfacet
  facet normal 0 0 1
    outer loop
      vertex 30.8686 25.8686 -22.5
      vertex 29.8787 24.8787 -22.5
      vertex 30.3333 24.5056 -22.5
    endloop
  endfacet
  facet normal -0 0 1
    outer loop
      vertex 29.0576 27.5853 -22.5
      vertex 30.4307 27.3121 -22.5
      vertex 29.2284 28.148 -22.5
    endloop
  endfacet
  facet normal 0 0 1
    outer loop
      vertex 30.6696 26.1111 -22.5
      vertex 29.5056 25.3333 -22.5
      vertex 29.8787 24.8787 -22.5
    endloop
  endfacet
  facet normal 0 0 1
    outer loop
      vertex 30.4307 27.3121 -22.5
      vertex 29.0576 27.5853 -22.5
      vertex 30.4 27 -22.5
    endloop
  endfacet
  facet normal 0 0 1
    outer loop
      vertex 30.5218 26.3877 -22.5
      vertex 29.2284 25.852 -22.5
      vertex 29.5056 25.3333 -22.5
    endloop
  endfacet
  facet normal 0 0 1
    outer loop
      vertex 29 27 -22.5
      vertex 30.4 27 -22.5
      vertex 29.0576 27.5853 -22.5
    endloop
  endfacet
  facet normal 0 0 1
    outer loop
      vertex 30.4307 26.6879 -22.5
      vertex 29.0576 26.4147 -22.5
      vertex 29.2284 25.852 -22.5
    endloop
  endfacet
  facet normal 0 0 1
    outer loop
      vertex 30.4 27 -22.5
      vertex 29 27 -22.5
      vertex 29.0576 26.4147 -22.5
    endloop
  endfacet
  facet normal -0.290451 -0.95689 0
    outer loop
      vertex 30.852 24.2284 -30.5
      vertex 31.4147 24.0576 -22.5
      vertex 30.852 24.2284 -22.5
    endloop
  endfacet
  facet normal -0.290451 -0.95689 -0
    outer loop
      vertex 31.4147 24.0576 -22.5
      vertex 30.852 24.2284 -30.5
      vertex 31.4147 24.0576 -30.5
    endloop
  endfacet
  facet normal 0.95689 -0.290451 -3.56041e-19
    outer loop
      vertex 34.7716 25.852 -22.5
      vertex 34.9424 26.4147 -30.5
      vertex 34.9424 26.4147 -22.5
    endloop
  endfacet
  facet normal 0.95689 -0.290451 -3.56041e-19
    outer loop
      vertex 34.9424 26.4147 -30.5
      vertex 34.7716 25.852 -22.5
      vertex 34.7716 25.852 -30.5
    endloop
  endfacet
  facet normal 0.772994 0.634413 -1.23722e-18
    outer loop
      vertex 34.4944 28.6667 -22.5
      vertex 34.1213 29.1213 -30.5
      vertex 34.1213 29.1213 -22.5
    endloop
  endfacet
  facet normal 0.772994 0.634413 -1.23722e-18
    outer loop
      vertex 34.1213 29.1213 -30.5
      vertex 34.4944 28.6667 -22.5
      vertex 34.4944 28.6667 -30.5
    endloop
  endfacet
  facet normal -0.995193 0.097938 -3.29733e-19
    outer loop
      vertex 29 27 -30.5
      vertex 29.0576 27.5853 -22.5
      vertex 29.0576 27.5853 -30.5
    endloop
  endfacet
  facet normal -0.995193 0.097938 -3.29733e-19
    outer loop
      vertex 29.0576 27.5853 -22.5
      vertex 29 27 -30.5
      vertex 29 27 -22.5
    endloop
  endfacet
  facet normal 0.634413 -0.772994 0
    outer loop
      vertex 33.6667 24.5056 -30.5
      vertex 34.1213 24.8787 -22.5
      vertex 33.6667 24.5056 -22.5
    endloop
  endfacet
  facet normal 0.634413 -0.772994 0
    outer loop
      vertex 34.1213 24.8787 -22.5
      vertex 33.6667 24.5056 -30.5
      vertex 34.1213 24.8787 -30.5
    endloop
  endfacet
  facet normal -0.634413 -0.772994 0
    outer loop
      vertex 29.8787 24.8787 -30.5
      vertex 30.3333 24.5056 -22.5
      vertex 29.8787 24.8787 -22.5
    endloop
  endfacet
  facet normal -0.634413 -0.772994 -0
    outer loop
      vertex 30.3333 24.5056 -22.5
      vertex 29.8787 24.8787 -30.5
      vertex 30.3333 24.5056 -30.5
    endloop
  endfacet
  facet normal -0.097938 0.995193 0
    outer loop
      vertex 32 30 -30.5
      vertex 31.4147 29.9424 -22.5
      vertex 32 30 -22.5
    endloop
  endfacet
  facet normal -0.097938 0.995193 0
    outer loop
      vertex 31.4147 29.9424 -22.5
      vertex 32 30 -30.5
      vertex 31.4147 29.9424 -30.5
    endloop
  endfacet
  facet normal 0.881957 -0.471329 1.6383e-18
    outer loop
      vertex 34.4944 25.3333 -22.5
      vertex 34.7716 25.852 -30.5
      vertex 34.7716 25.852 -22.5
    endloop
  endfacet
  facet normal 0.881957 -0.471329 1.6383e-18
    outer loop
      vertex 34.7716 25.852 -30.5
      vertex 34.4944 25.3333 -22.5
      vertex 34.4944 25.3333 -30.5
    endloop
  endfacet
  facet normal -0.95689 -0.290451 3.56041e-19
    outer loop
      vertex 29.2284 25.852 -30.5
      vertex 29.0576 26.4147 -22.5
      vertex 29.0576 26.4147 -30.5
    endloop
  endfacet
  facet normal -0.95689 -0.290451 3.56041e-19
    outer loop
      vertex 29.0576 26.4147 -22.5
      vertex 29.2284 25.852 -30.5
      vertex 29.2284 25.852 -22.5
    endloop
  endfacet
  facet normal -0.995193 -0.097938 3.29733e-19
    outer loop
      vertex 29.0576 26.4147 -30.5
      vertex 29 27 -22.5
      vertex 29 27 -30.5
    endloop
  endfacet
  facet normal -0.995193 -0.097938 3.29733e-19
    outer loop
      vertex 29 27 -22.5
      vertex 29.0576 26.4147 -30.5
      vertex 29.0576 26.4147 -22.5
    endloop
  endfacet
  facet normal -0.772994 -0.634413 -1.23417e-19
    outer loop
      vertex 29.8787 24.8787 -30.5
      vertex 29.5056 25.3333 -22.5
      vertex 29.5056 25.3333 -30.5
    endloop
  endfacet
  facet normal -0.772994 -0.634413 -1.23417e-19
    outer loop
      vertex 29.5056 25.3333 -22.5
      vertex 29.8787 24.8787 -30.5
      vertex 29.8787 24.8787 -22.5
    endloop
  endfacet
  facet normal -0.772994 0.634413 1.23417e-19
    outer loop
      vertex 29.5056 28.6667 -30.5
      vertex 29.8787 29.1213 -22.5
      vertex 29.8787 29.1213 -30.5
    endloop
  endfacet
  facet normal -0.772994 0.634413 1.23417e-19
    outer loop
      vertex 29.8787 29.1213 -22.5
      vertex 29.5056 28.6667 -30.5
      vertex 29.5056 28.6667 -22.5
    endloop
  endfacet
  facet normal -0.95689 0.290451 -3.56041e-19
    outer loop
      vertex 29.0576 27.5853 -30.5
      vertex 29.2284 28.148 -22.5
      vertex 29.2284 28.148 -30.5
    endloop
  endfacet
  facet normal -0.95689 0.290451 -3.56041e-19
    outer loop
      vertex 29.2284 28.148 -22.5
      vertex 29.0576 27.5853 -30.5
      vertex 29.0576 27.5853 -22.5
    endloop
  endfacet
  facet normal -0.471329 -0.881957 0
    outer loop
      vertex 30.3333 24.5056 -30.5
      vertex 30.852 24.2284 -22.5
      vertex 30.3333 24.5056 -22.5
    endloop
  endfacet
  facet normal -0.471329 -0.881957 -0
    outer loop
      vertex 30.852 24.2284 -22.5
      vertex 30.3333 24.5056 -30.5
      vertex 30.852 24.2284 -30.5
    endloop
  endfacet
  facet normal -0.956909 -0.290388 -6.22219e-19
    outer loop
      vertex 33.5693 27.3121 -30.5
      vertex 33.4782 27.6123 -22.5
      vertex 33.4782 27.6123 -30.5
    endloop
  endfacet
  facet normal -0.956909 -0.290388 -6.22219e-19
    outer loop
      vertex 33.4782 27.6123 -22.5
      vertex 33.5693 27.3121 -30.5
      vertex 33.5693 27.3121 -22.5
    endloop
  endfacet
  facet normal -0.995197 -0.0978934 1.71178e-19
    outer loop
      vertex 33.6 27 -30.5
      vertex 33.5693 27.3121 -22.5
      vertex 33.5693 27.3121 -30.5
    endloop
  endfacet
  facet normal -0.995197 -0.0978934 1.71178e-19
    outer loop
      vertex 33.5693 27.3121 -22.5
      vertex 33.6 27 -30.5
      vertex 33.6 27 -22.5
    endloop
  endfacet
  facet normal -0.881982 -0.471283 -7.84065e-20
    outer loop
      vertex 33.4782 27.6123 -30.5
      vertex 33.3304 27.8889 -22.5
      vertex 33.3304 27.8889 -30.5
    endloop
  endfacet
  facet normal -0.881982 -0.471283 -7.84065e-20
    outer loop
      vertex 33.3304 27.8889 -22.5
      vertex 33.4782 27.6123 -30.5
      vertex 33.4782 27.6123 -22.5
    endloop
  endfacet
  facet normal 0.634365 -0.773033 0
    outer loop
      vertex 30.8686 28.1314 -30.5
      vertex 31.1111 28.3304 -22.5
      vertex 30.8686 28.1314 -22.5
    endloop
  endfacet
  facet normal 0.634365 -0.773033 0
    outer loop
      vertex 31.1111 28.3304 -22.5
      vertex 30.8686 28.1314 -30.5
      vertex 31.1111 28.3304 -30.5
    endloop
  endfacet
  facet normal -0.290388 -0.956909 0
    outer loop
      vertex 32.3121 28.5693 -30.5
      vertex 32.6123 28.4782 -22.5
      vertex 32.3121 28.5693 -22.5
    endloop
  endfacet
  facet normal -0.290388 -0.956909 -0
    outer loop
      vertex 32.6123 28.4782 -22.5
      vertex 32.3121 28.5693 -30.5
      vertex 32.6123 28.4782 -30.5
    endloop
  endfacet
  facet normal -0.773033 -0.634365 -1.35372e-19
    outer loop
      vertex 33.3304 27.8889 -30.5
      vertex 33.1314 28.1314 -22.5
      vertex 33.1314 28.1314 -30.5
    endloop
  endfacet
  facet normal -0.773033 -0.634365 -1.35372e-19
    outer loop
      vertex 33.1314 28.1314 -22.5
      vertex 33.3304 27.8889 -30.5
      vertex 33.3304 27.8889 -22.5
    endloop
  endfacet
  facet normal 0.773033 -0.634365 5.77763e-19
    outer loop
      vertex 30.6696 27.8889 -22.5
      vertex 30.8686 28.1314 -30.5
      vertex 30.8686 28.1314 -22.5
    endloop
  endfacet
  facet normal 0.773033 -0.634365 5.77763e-19
    outer loop
      vertex 30.8686 28.1314 -30.5
      vertex 30.6696 27.8889 -22.5
      vertex 30.6696 27.8889 -30.5
    endloop
  endfacet
  facet normal 0.881982 0.471283 -1.13159e-18
    outer loop
      vertex 30.6696 26.1111 -22.5
      vertex 30.5218 26.3877 -30.5
      vertex 30.5218 26.3877 -22.5
    endloop
  endfacet
  facet normal 0.881982 0.471283 -1.13159e-18
    outer loop
      vertex 30.5218 26.3877 -30.5
      vertex 30.6696 26.1111 -22.5
      vertex 30.6696 26.1111 -30.5
    endloop
  endfacet
  facet normal -0.881982 0.471283 7.84065e-20
    outer loop
      vertex 33.3304 26.1111 -30.5
      vertex 33.4782 26.3877 -22.5
      vertex 33.4782 26.3877 -30.5
    endloop
  endfacet
  facet normal -0.881982 0.471283 7.84065e-20
    outer loop
      vertex 33.4782 26.3877 -22.5
      vertex 33.3304 26.1111 -30.5
      vertex 33.3304 26.1111 -22.5
    endloop
  endfacet
  facet normal 0.290388 -0.956909 0
    outer loop
      vertex 31.3877 28.4782 -30.5
      vertex 31.6879 28.5693 -22.5
      vertex 31.3877 28.4782 -22.5
    endloop
  endfacet
  facet normal 0.290388 -0.956909 0
    outer loop
      vertex 31.6879 28.5693 -22.5
      vertex 31.3877 28.4782 -30.5
      vertex 31.6879 28.5693 -30.5
    endloop
  endfacet
  facet normal -0.290388 0.956909 0
    outer loop
      vertex 32.6123 25.5218 -30.5
      vertex 32.3121 25.4307 -22.5
      vertex 32.6123 25.5218 -22.5
    endloop
  endfacet
  facet normal -0.290388 0.956909 0
    outer loop
      vertex 32.3121 25.4307 -22.5
      vertex 32.6123 25.5218 -30.5
      vertex 32.3121 25.4307 -30.5
    endloop
  endfacet
  facet normal -0.0978934 -0.995197 0
    outer loop
      vertex 32 28.6 -30.5
      vertex 32.3121 28.5693 -22.5
      vertex 32 28.6 -22.5
    endloop
  endfacet
  facet normal -0.0978934 -0.995197 -0
    outer loop
      vertex 32.3121 28.5693 -22.5
      vertex 32 28.6 -30.5
      vertex 32.3121 28.5693 -30.5
    endloop
  endfacet
  facet normal -0.634365 -0.773033 0
    outer loop
      vertex 32.8889 28.3304 -30.5
      vertex 33.1314 28.1314 -22.5
      vertex 32.8889 28.3304 -22.5
    endloop
  endfacet
  facet normal -0.634365 -0.773033 -0
    outer loop
      vertex 33.1314 28.1314 -22.5
      vertex 32.8889 28.3304 -30.5
      vertex 33.1314 28.1314 -30.5
    endloop
  endfacet
  facet normal 0.0978934 -0.995197 0
    outer loop
      vertex 31.6879 28.5693 -30.5
      vertex 32 28.6 -22.5
      vertex 31.6879 28.5693 -22.5
    endloop
  endfacet
  facet normal 0.0978934 -0.995197 0
    outer loop
      vertex 32 28.6 -22.5
      vertex 31.6879 28.5693 -30.5
      vertex 32 28.6 -30.5
    endloop
  endfacet
  facet normal -0.634365 0.773033 0
    outer loop
      vertex 33.1314 25.8686 -30.5
      vertex 32.8889 25.6696 -22.5
      vertex 33.1314 25.8686 -22.5
    endloop
  endfacet
  facet normal -0.634365 0.773033 0
    outer loop
      vertex 32.8889 25.6696 -22.5
      vertex 33.1314 25.8686 -30.5
      vertex 32.8889 25.6696 -30.5
    endloop
  endfacet
  facet normal -0.471283 0.881982 0
    outer loop
      vertex 32.8889 25.6696 -30.5
      vertex 32.6123 25.5218 -22.5
      vertex 32.8889 25.6696 -22.5
    endloop
  endfacet
  facet normal -0.471283 0.881982 0
    outer loop
      vertex 32.6123 25.5218 -22.5
      vertex 32.8889 25.6696 -30.5
      vertex 32.6123 25.5218 -30.5
    endloop
  endfacet
  facet normal 0.634365 0.773033 -0
    outer loop
      vertex 31.1111 25.6696 -30.5
      vertex 30.8686 25.8686 -22.5
      vertex 31.1111 25.6696 -22.5
    endloop
  endfacet
  facet normal 0.634365 0.773033 0
    outer loop
      vertex 30.8686 25.8686 -22.5
      vertex 31.1111 25.6696 -30.5
      vertex 30.8686 25.8686 -30.5
    endloop
  endfacet
  facet normal -0.773033 0.634365 1.35372e-19
    outer loop
      vertex 33.1314 25.8686 -30.5
      vertex 33.3304 26.1111 -22.5
      vertex 33.3304 26.1111 -30.5
    endloop
  endfacet
  facet normal -0.773033 0.634365 1.35372e-19
    outer loop
      vertex 33.3304 26.1111 -22.5
      vertex 33.1314 25.8686 -30.5
      vertex 33.1314 25.8686 -22.5
    endloop
  endfacet
  facet normal -0.995197 0.0978934 -1.71178e-19
    outer loop
      vertex 33.5693 26.6879 -30.5
      vertex 33.6 27 -22.5
      vertex 33.6 27 -30.5
    endloop
  endfacet
  facet normal -0.995197 0.0978934 -1.71178e-19
    outer loop
      vertex 33.6 27 -22.5
      vertex 33.5693 26.6879 -30.5
      vertex 33.5693 26.6879 -22.5
    endloop
  endfacet
  facet normal -0.956909 0.290388 6.22219e-19
    outer loop
      vertex 33.4782 26.3877 -30.5
      vertex 33.5693 26.6879 -22.5
      vertex 33.5693 26.6879 -30.5
    endloop
  endfacet
  facet normal -0.956909 0.290388 6.22219e-19
    outer loop
      vertex 33.5693 26.6879 -22.5
      vertex 33.4782 26.3877 -30.5
      vertex 33.4782 26.3877 -22.5
    endloop
  endfacet
  facet normal 0.471283 -0.881982 0
    outer loop
      vertex 31.1111 28.3304 -30.5
      vertex 31.3877 28.4782 -22.5
      vertex 31.1111 28.3304 -22.5
    endloop
  endfacet
  facet normal 0.471283 -0.881982 0
    outer loop
      vertex 31.3877 28.4782 -22.5
      vertex 31.1111 28.3304 -30.5
      vertex 31.3877 28.4782 -30.5
    endloop
  endfacet
  facet normal -0.471283 -0.881982 0
    outer loop
      vertex 32.6123 28.4782 -30.5
      vertex 32.8889 28.3304 -22.5
      vertex 32.6123 28.4782 -22.5
    endloop
  endfacet
  facet normal -0.471283 -0.881982 -0
    outer loop
      vertex 32.8889 28.3304 -22.5
      vertex 32.6123 28.4782 -30.5
      vertex 32.8889 28.3304 -30.5
    endloop
  endfacet
  facet normal 0.956909 -0.290388 6.22219e-19
    outer loop
      vertex 30.4307 27.3121 -22.5
      vertex 30.5218 27.6123 -30.5
      vertex 30.5218 27.6123 -22.5
    endloop
  endfacet
  facet normal 0.956909 -0.290388 6.22219e-19
    outer loop
      vertex 30.5218 27.6123 -30.5
      vertex 30.4307 27.3121 -22.5
      vertex 30.4307 27.3121 -30.5
    endloop
  endfacet
  facet normal -0.0978934 0.995197 0
    outer loop
      vertex 32.3121 25.4307 -30.5
      vertex 32 25.4 -22.5
      vertex 32.3121 25.4307 -22.5
    endloop
  endfacet
  facet normal -0.0978934 0.995197 0
    outer loop
      vertex 32 25.4 -22.5
      vertex 32.3121 25.4307 -30.5
      vertex 32 25.4 -30.5
    endloop
  endfacet
  facet normal 0.881982 -0.471283 1.13159e-18
    outer loop
      vertex 30.5218 27.6123 -22.5
      vertex 30.6696 27.8889 -30.5
      vertex 30.6696 27.8889 -22.5
    endloop
  endfacet
  facet normal 0.881982 -0.471283 1.13159e-18
    outer loop
      vertex 30.6696 27.8889 -30.5
      vertex 30.5218 27.6123 -22.5
      vertex 30.5218 27.6123 -30.5
    endloop
  endfacet
  facet normal 0.956909 0.290388 -6.22219e-19
    outer loop
      vertex 30.5218 26.3877 -22.5
      vertex 30.4307 26.6879 -30.5
      vertex 30.4307 26.6879 -22.5
    endloop
  endfacet
  facet normal 0.956909 0.290388 -6.22219e-19
    outer loop
      vertex 30.4307 26.6879 -30.5
      vertex 30.5218 26.3877 -22.5
      vertex 30.5218 26.3877 -30.5
    endloop
  endfacet
  facet normal 0.995197 0.0978934 1.71178e-19
    outer loop
      vertex 30.4307 26.6879 -22.5
      vertex 30.4 27 -30.5
      vertex 30.4 27 -22.5
    endloop
  endfacet
  facet normal 0.995197 0.0978934 1.71178e-19
    outer loop
      vertex 30.4 27 -30.5
      vertex 30.4307 26.6879 -22.5
      vertex 30.4307 26.6879 -30.5
    endloop
  endfacet
  facet normal 0.773033 0.634365 -5.77763e-19
    outer loop
      vertex 30.8686 25.8686 -22.5
      vertex 30.6696 26.1111 -30.5
      vertex 30.6696 26.1111 -22.5
    endloop
  endfacet
  facet normal 0.773033 0.634365 -5.77763e-19
    outer loop
      vertex 30.6696 26.1111 -30.5
      vertex 30.8686 25.8686 -22.5
      vertex 30.8686 25.8686 -30.5
    endloop
  endfacet
  facet normal 0.471283 0.881982 -0
    outer loop
      vertex 31.3877 25.5218 -30.5
      vertex 31.1111 25.6696 -22.5
      vertex 31.3877 25.5218 -22.5
    endloop
  endfacet
  facet normal 0.471283 0.881982 0
    outer loop
      vertex 31.1111 25.6696 -22.5
      vertex 31.3877 25.5218 -30.5
      vertex 31.1111 25.6696 -30.5
    endloop
  endfacet
  facet normal 0.995197 -0.0978934 -1.71178e-19
    outer loop
      vertex 30.4 27 -22.5
      vertex 30.4307 27.3121 -30.5
      vertex 30.4307 27.3121 -22.5
    endloop
  endfacet
  facet normal 0.995197 -0.0978934 -1.71178e-19
    outer loop
      vertex 30.4307 27.3121 -30.5
      vertex 30.4 27 -22.5
      vertex 30.4 27 -30.5
    endloop
  endfacet
  facet normal 0.0978934 0.995197 -0
    outer loop
      vertex 32 25.4 -30.5
      vertex 31.6879 25.4307 -22.5
      vertex 32 25.4 -22.5
    endloop
  endfacet
  facet normal 0.0978934 0.995197 0
    outer loop
      vertex 31.6879 25.4307 -22.5
      vertex 32 25.4 -30.5
      vertex 31.6879 25.4307 -30.5
    endloop
  endfacet
  facet normal 0.290388 0.956909 -0
    outer loop
      vertex 31.6879 25.4307 -30.5
      vertex 31.3877 25.5218 -22.5
      vertex 31.6879 25.4307 -22.5
    endloop
  endfacet
  facet normal 0.290388 0.956909 0
    outer loop
      vertex 31.3877 25.5218 -22.5
      vertex 31.6879 25.4307 -30.5
      vertex 31.3877 25.5218 -30.5
    endloop
  endfacet
  facet normal 1 -0 0
    outer loop
      vertex -34 -31 1
      vertex -34 31 -2
      vertex -34 31 1
    endloop
  endfacet
  facet normal 1 0 0
    outer loop
      vertex -34 31 -2
      vertex -34 -31 1
      vertex -34 -31 -2
    endloop
  endfacet
  facet normal -0 0 1
    outer loop
      vertex -36 31 1
      vertex -34 -31 1
      vertex -34 31 1
    endloop
  endfacet
  facet normal 0 0 1
    outer loop
      vertex -34 -31 1
      vertex -36 31 1
      vertex -36 -31 1
    endloop
  endfacet
  facet normal 0 0 -1
    outer loop
      vertex -36 -31 -2
      vertex -34 31 -2
      vertex -34 -31 -2
    endloop
  endfacet
  facet normal -0 0 -1
    outer loop
      vertex -34 31 -2
      vertex -36 -31 -2
      vertex -36 31 -2
    endloop
  endfacet
  facet normal -0 0 1
    outer loop
      vertex 34 31 1
      vertex 36 -31 1
      vertex 36 31 1
    endloop
  endfacet
  facet normal 0 0 1
    outer loop
      vertex 36 -31 1
      vertex 34 31 1
      vertex 34 -31 1
    endloop
  endfacet
  facet normal 0 0 -1
    outer loop
      vertex 34 -31 -2
      vertex 36 31 -2
      vertex 36 -31 -2
    endloop
  endfacet
  facet normal -0 0 -1
    outer loop
      vertex 36 31 -2
      vertex 34 -31 -2
      vertex 34 31 -2
    endloop
  endfacet
  facet normal -1 0 0
    outer loop
      vertex 34 -31 -2
      vertex 34 31 1
      vertex 34 31 -2
    endloop
  endfacet
  facet normal -1 -0 0
    outer loop
      vertex 34 31 1
      vertex 34 -31 -2
      vertex 34 -31 1
    endloop
  endfacet
  facet normal 1 -0 0
    outer loop
      vertex -26.25 -18.5 -24.5
      vertex -26.25 18.5 -30.5
      vertex -26.25 18.5 -24.5
    endloop
  endfacet
  facet normal 1 0 0
    outer loop
      vertex -26.25 18.5 -30.5
      vertex -26.25 -18.5 -24.5
      vertex -26.25 -18.5 -30.5
    endloop
  endfacet
  facet normal -0 0 1
    outer loop
      vertex -27.75 18.5 -24.5
      vertex -26.25 -18.5 -24.5
      vertex -26.25 18.5 -24.5
    endloop
  endfacet
  facet normal 0 0 1
    outer loop
      vertex -26.25 -18.5 -24.5
      vertex -27.75 18.5 -24.5
      vertex -27.75 -18.5 -24.5
    endloop
  endfacet
  facet normal -1 0 0
    outer loop
      vertex -27.75 -18.5 -30.5
      vertex -27.75 18.5 -24.5
      vertex -27.75 18.5 -30.5
    endloop
  endfacet
  facet normal -1 -0 0
    outer loop
      vertex -27.75 18.5 -24.5
      vertex -27.75 -18.5 -30.5
      vertex -27.75 -18.5 -24.5
    endloop
  endfacet
  facet normal 0 1 -0
    outer loop
      vertex -26.25 18.5 -30.5
      vertex -27.75 18.5 -24.5
      vertex -26.25 18.5 -24.5
    endloop
  endfacet
  facet normal 0 1 0
    outer loop
      vertex -27.75 18.5 -24.5
      vertex -26.25 18.5 -30.5
      vertex -27.75 18.5 -30.5
    endloop
  endfacet
  facet normal 0 -1 0
    outer loop
      vertex -27.75 -18.5 -30.5
      vertex -26.25 -18.5 -24.5
      vertex -27.75 -18.5 -24.5
    endloop
  endfacet
  facet normal 0 -1 -0
    outer loop
      vertex -26.25 -18.5 -24.5
      vertex -27.75 -18.5 -30.5
      vertex -26.25 -18.5 -30.5
    endloop
  endfacet
  facet normal 1 -0 0
    outer loop
      vertex 27.75 -18.5 -24.5
      vertex 27.75 18.5 -30.5
      vertex 27.75 18.5 -24.5
    endloop
  endfacet
  facet normal 1 0 0
    outer loop
      vertex 27.75 18.5 -30.5
      vertex 27.75 -18.5 -24.5
      vertex 27.75 -18.5 -30.5
    endloop
  endfacet
  facet normal -0 0 1
    outer loop
      vertex 26.25 18.5 -24.5
      vertex 27.75 -18.5 -24.5
      vertex 27.75 18.5 -24.5
    endloop
  endfacet
  facet normal 0 0 1
    outer loop
      vertex 27.75 -18.5 -24.5
      vertex 26.25 18.5 -24.5
      vertex 26.25 -18.5 -24.5
    endloop
  endfacet
  facet normal -1 0 0
    outer loop
      vertex 26.25 -18.5 -30.5
      vertex 26.25 18.5 -24.5
      vertex 26.25 18.5 -30.5
    endloop
  endfacet
  facet normal -1 -0 0
    outer loop
      vertex 26.25 18.5 -24.5
      vertex 26.25 -18.5 -30.5
      vertex 26.25 -18.5 -24.5
    endloop
  endfacet
  facet normal 0 1 -0
    outer loop
      vertex 27.75 18.5 -30.5
      vertex 26.25 18.5 -24.5
      vertex 27.75 18.5 -24.5
    endloop
  endfacet
  facet normal 0 1 0
    outer loop
      vertex 26.25 18.5 -24.5
      vertex 27.75 18.5 -30.5
      vertex 26.25 18.5 -30.5
    endloop
  endfacet
  facet normal 0 -1 0
    outer loop
      vertex 26.25 -18.5 -30.5
      vertex 27.75 -18.5 -24.5
      vertex 26.25 -18.5 -24.5
    endloop
  endfacet
  facet normal 0 -1 -0
    outer loop
      vertex 27.75 -18.5 -24.5
      vertex 26.25 -18.5 -30.5
      vertex 27.75 -18.5 -30.5
    endloop
  endfacet
endsolid OpenSCAD_Model
