solid OpenSCAD_Model
  facet normal -0.181101 0.338818 0.923258
    outer loop
      vertex -0.277718 0.670469 29.8923
      vertex -0.450989 1.08878 29.7048
      vertex -0.403183 0.603407 29.8923
    endloop
  endfacet
  facet normal -0.151645 0.12445 0.980569
    outer loop
      vertex -0.173271 0.173271 29.988
      vertex -0.603407 0.403183 29.8923
      vertex -0.203745 0.136138 29.988
    endloop
  endfacet
  facet normal 0.554774 -0.0546331 -0.830205
    outer loop
      vertex 1.55551 -0.309409 25.5675
      vertex 1.17849 0 25.2952
      vertex 1.58598 0 25.5675
    endloop
  endfacet
  facet normal 0.0924752 -0.17301 0.980569
    outer loop
      vertex 0.403183 -0.603407 29.8923
      vertex 0.0937729 -0.22639 29.988
      vertex 0.277718 -0.670469 29.8923
    endloop
  endfacet
  facet normal -0.338818 -0.181101 0.923258
    outer loop
      vertex -0.670469 -0.277718 29.8923
      vertex -1.08878 -0.450989 29.7048
      vertex -0.603407 -0.403183 29.8923
    endloop
  endfacet
  facet normal 0.920083 -0.0906102 0.381099
    outer loop
      vertex 2.2048 0 28.6785
      vertex 2.16244 -0.430136 28.6785
      vertex 2.39235 0 28.2257
    endloop
  endfacet
  facet normal -0.586522 -0.714672 -0.381099
    outer loop
      vertex -1.32912 -1.98917 26.7743
      vertex -1.55903 -1.55903 26.3215
      vertex -1.22492 -1.83323 26.3215
    endloop
  endfacet
  facet normal 0.554774 0.0546331 0.830205
    outer loop
      vertex 1.55551 0.309409 29.4325
      vertex 1.17849 0 29.7048
      vertex 1.58598 0 29.4325
    endloop
  endfacet
  facet normal -0.161838 0.533451 -0.830204
    outer loop
      vertex -0.229912 1.15585 25.2952
      vertex -0.450989 1.08878 25.2952
      vertex -0.309409 1.55551 25.5675
    endloop
  endfacet
  facet normal -0.124452 0.151644 0.980569
    outer loop
      vertex -0.403183 0.603407 29.8923
      vertex -0.513155 0.513155 29.8923
      vertex -0.173271 0.173271 29.988
    endloop
  endfacet
  facet normal 0.938725 -0.284759 -0.194185
    outer loop
      vertex 2.44016 -0.485376 27.255
      vertex 2.29858 -0.952102 27.255
      vertex 2.34638 -0.466724 26.7743
    endloop
  endfacet
  facet normal -0.462413 0.865145 0.194162
    outer loop
      vertex -0.915512 2.21024 28.2257
      vertex -1.38224 2.06866 27.745
      vertex -1.32912 1.98917 28.2257
    endloop
  endfacet
  facet normal 0.758302 0.622321 -0.194154
    outer loop
      vertex 1.98917 1.32912 26.7743
      vertex 1.69165 1.69165 26.7743
      vertex 1.75925 1.75925 27.255
    endloop
  endfacet
  facet normal 0.815375 -0.435811 0.381093
    outer loop
      vertex 2.03697 -0.843741 28.6785
      vertex 1.98917 -1.32912 28.2257
      vertex 2.21024 -0.915512 28.2257
    endloop
  endfacet
  facet normal 0.938725 0.284759 -0.194185
    outer loop
      vertex 2.34638 0.466724 26.7743
      vertex 2.29858 0.952102 27.255
      vertex 2.44016 0.485376 27.255
    endloop
  endfacet
  facet normal 0.12445 0.151645 0.980569
    outer loop
      vertex 0.403183 0.603407 29.8923
      vertex 0.136138 0.203745 29.988
      vertex 0.173271 0.173271 29.988
    endloop
  endfacet
  facet normal 0.547885 0.44964 -0.70544
    outer loop
      vertex 1.3187 0.881124 25.5675
      vertex 1.12146 1.12146 25.5675
      vertex 1.60684 1.07365 25.914
    endloop
  endfacet
  facet normal 0.884726 0.268388 0.381087
    outer loop
      vertex 2.34638 0.466724 28.2257
      vertex 2.03697 0.843741 28.6785
      vertex 2.16244 0.430136 28.6785
    endloop
  endfacet
  facet normal -0.382504 -0.0376725 -0.923186
    outer loop
      vertex -0.711767 -0.141579 25.1076
      vertex -1.17849 0 25.2952
      vertex -0.725711 0 25.1076
    endloop
  endfacet
  facet normal 0.491634 0.262776 -0.830208
    outer loop
      vertex 1.08878 0.450989 25.2952
      vertex 0.979879 0.654735 25.2952
      vertex 1.3187 0.881124 25.5675
    endloop
  endfacet
  facet normal -0.491634 -0.262776 -0.830208
    outer loop
      vertex -0.979879 -0.654735 25.2952
      vertex -1.3187 -0.881124 25.5675
      vertex -1.08878 -0.450989 25.2952
    endloop
  endfacet
  facet normal -0.643689 0.528271 -0.553709
    outer loop
      vertex -1.60684 1.07365 25.914
      vertex -1.83323 1.22492 26.3215
      vertex -1.3665 1.3665 25.914
    endloop
  endfacet
  facet normal 0.090624 -0.920087 0.381088
    outer loop
      vertex 0.430136 -2.16244 28.6785
      vertex 0 -2.39235 28.2257
      vertex 0.466724 -2.34638 28.2257
    endloop
  endfacet
  facet normal -0.38233 -0.0376554 0.923258
    outer loop
      vertex -0.725711 0 29.8923
      vertex -1.17849 0 29.7048
      vertex -0.711767 -0.141579 29.8923
    endloop
  endfacet
  facet normal -0.920087 -0.090624 -0.381088
    outer loop
      vertex -2.34638 -0.466724 26.7743
      vertex -2.39235 0 26.7743
      vertex -2.16244 -0.430136 26.3215
    endloop
  endfacet
  facet normal -0.205743 0.678253 0.705438
    outer loop
      vertex -0.377017 1.89539 29.086
      vertex -0.739545 1.78542 29.086
      vertex -0.309409 1.55551 29.4325
    endloop
  endfacet
  facet normal -0.678253 -0.205743 0.705438
    outer loop
      vertex -1.55551 -0.309409 29.4325
      vertex -1.89539 -0.377017 29.086
      vertex -1.78542 -0.739545 29.086
    endloop
  endfacet
  facet normal -0.678253 0.205742 -0.705438
    outer loop
      vertex -1.55551 0.309409 25.5675
      vertex -1.78542 0.739545 25.914
      vertex -1.46526 0.606929 25.5675
    endloop
  endfacet
  facet normal -0.976242 -0.0961407 -0.194186
    outer loop
      vertex -2.44016 -0.485376 27.255
      vertex -2.48796 0 27.255
      vertex -2.34638 -0.466724 26.7743
    endloop
  endfacet
  facet normal -0.090624 -0.920087 -0.381088
    outer loop
      vertex 0 -2.39235 26.7743
      vertex -0.466724 -2.34638 26.7743
      vertex -0.430136 -2.16244 26.3215
    endloop
  endfacet
  facet normal -0.865128 0.462434 0.194187
    outer loop
      vertex -2.06866 1.38224 27.745
      vertex -2.29858 0.952102 27.745
      vertex -2.21024 0.915512 28.2257
    endloop
  endfacet
  facet normal 0.796848 0.24173 0.553715
    outer loop
      vertex 2.03697 0.843741 28.6785
      vertex 1.89539 0.377017 29.086
      vertex 2.16244 0.430136 28.6785
    endloop
  endfacet
  facet normal 0.622327 0.758294 -0.194164
    outer loop
      vertex 1.75925 1.75925 27.255
      vertex 1.32912 1.98917 26.7743
      vertex 1.38224 2.06866 27.255
    endloop
  endfacet
  facet normal 0.625082 -0.334108 0.705439
    outer loop
      vertex 1.78542 -0.739545 29.086
      vertex 1.46526 -0.606929 29.4325
      vertex 1.60684 -1.07365 29.086
    endloop
  endfacet
  facet normal -0.435811 -0.815375 -0.381093
    outer loop
      vertex -0.915512 -2.21024 26.7743
      vertex -1.32912 -1.98917 26.7743
      vertex -0.843741 -2.03697 26.3215
    endloop
  endfacet
  facet normal -0.705348 -0.0694613 -0.70545
    outer loop
      vertex -1.55551 -0.309409 25.5675
      vertex -1.93253 0 25.914
      vertex -1.58598 0 25.5675
    endloop
  endfacet
  facet normal -0.172835 0.0923838 -0.980609
    outer loop
      vertex -0.22639 0.0937729 25.012
      vertex -0.603407 0.403183 25.1076
      vertex -0.203745 0.136138 25.012
    endloop
  endfacet
  facet normal -0.865128 -0.462434 0.194187
    outer loop
      vertex -2.21024 -0.915512 28.2257
      vertex -2.29858 -0.952102 27.745
      vertex -2.06866 -1.38224 27.745
    endloop
  endfacet
  facet normal 0.268382 0.884726 -0.381092
    outer loop
      vertex 0.843741 2.03697 26.3215
      vertex 0.466724 2.34638 26.7743
      vertex 0.915512 2.21024 26.7743
    endloop
  endfacet
  facet normal 0.284762 0.938723 0.194188
    outer loop
      vertex 0.952102 2.29858 27.745
      vertex 0.466724 2.34638 28.2257
      vertex 0.915512 2.21024 28.2257
    endloop
  endfacet
  facet normal 0.625079 0.334111 -0.705441
    outer loop
      vertex 1.46526 0.606929 25.5675
      vertex 1.3187 0.881124 25.5675
      vertex 1.60684 1.07365 25.914
    endloop
  endfacet
  facet normal -0.0906102 -0.920083 0.381099
    outer loop
      vertex 0 -2.2048 28.6785
      vertex -0.430136 -2.16244 28.6785
      vertex 0 -2.39235 28.2257
    endloop
  endfacet
  facet normal 0.625082 0.334108 0.705439
    outer loop
      vertex 1.60684 1.07365 29.086
      vertex 1.46526 0.606929 29.4325
      vertex 1.78542 0.739545 29.086
    endloop
  endfacet
  facet normal 0.243721 0.296974 0.923259
    outer loop
      vertex 0.654735 0.979879 29.7048
      vertex 0.403183 0.603407 29.8923
      vertex 0.513155 0.513155 29.8923
    endloop
  endfacet
  facet normal 0.262776 0.491634 0.830208
    outer loop
      vertex 0.881124 1.3187 29.4325
      vertex 0.450989 1.08878 29.7048
      vertex 0.654735 0.979879 29.7048
    endloop
  endfacet
  facet normal 0.24173 -0.796848 0.553715
    outer loop
      vertex 0.843741 -2.03697 28.6785
      vertex 0.377017 -1.89539 29.086
      vertex 0.430136 -2.16244 28.6785
    endloop
  endfacet
  facet normal -0.528268 -0.64369 0.553711
    outer loop
      vertex -1.3665 -1.3665 29.086
      vertex -1.55903 -1.55903 28.6785
      vertex -1.22492 -1.83323 28.6785
    endloop
  endfacet
  facet normal -0.462413 -0.865145 0.194162
    outer loop
      vertex -1.32912 -1.98917 28.2257
      vertex -1.38224 -2.06866 27.745
      vertex -0.915512 -2.21024 28.2257
    endloop
  endfacet
  facet normal -0.0816116 -0.828708 -0.553699
    outer loop
      vertex 0 -2.2048 26.3215
      vertex -0.430136 -2.16244 26.3215
      vertex 0 -1.93253 25.914
    endloop
  endfacet
  facet normal -0.528268 -0.64369 -0.553711
    outer loop
      vertex -1.22492 -1.83323 26.3215
      vertex -1.55903 -1.55903 26.3215
      vertex -1.3665 -1.3665 25.914
    endloop
  endfacet
  facet normal 0.462434 -0.865128 0.194187
    outer loop
      vertex 1.38224 -2.06866 27.745
      vertex 0.915512 -2.21024 28.2257
      vertex 0.952102 -2.29858 27.745
    endloop
  endfacet
  facet normal -0.284759 -0.938725 -0.194185
    outer loop
      vertex -0.485376 -2.44016 27.255
      vertex -0.952102 -2.29858 27.255
      vertex -0.466724 -2.34638 26.7743
    endloop
  endfacet
  facet normal -0.625079 -0.334111 0.705441
    outer loop
      vertex -1.46526 -0.606929 29.4325
      vertex -1.60684 -1.07365 29.086
      vertex -1.3187 -0.881124 29.4325
    endloop
  endfacet
  facet normal -0.714674 -0.586516 0.381104
    outer loop
      vertex -1.55903 -1.55903 28.6785
      vertex -1.98917 -1.32912 28.2257
      vertex -1.69165 -1.69165 28.2257
    endloop
  endfacet
  facet normal -0.44964 -0.547885 -0.70544
    outer loop
      vertex -1.07365 -1.60684 25.914
      vertex -1.12146 -1.12146 25.5675
      vertex -0.881124 -1.3187 25.5675
    endloop
  endfacet
  facet normal 0.796856 0.24172 -0.553707
    outer loop
      vertex 1.89539 0.377017 25.914
      vertex 1.78542 0.739545 25.914
      vertex 2.03697 0.843741 26.3215
    endloop
  endfacet
  facet normal 0.622321 0.758302 -0.194154
    outer loop
      vertex 1.69165 1.69165 26.7743
      vertex 1.32912 1.98917 26.7743
      vertex 1.75925 1.75925 27.255
    endloop
  endfacet
  facet normal 0.586516 0.714674 0.381104
    outer loop
      vertex 1.69165 1.69165 28.2257
      vertex 1.32912 1.98917 28.2257
      vertex 1.55903 1.55903 28.6785
    endloop
  endfacet
  facet normal 0.0980062 0.995186 -0
    outer loop
      vertex 0.485376 2.44016 27.255
      vertex 0 2.48796 27.745
      vertex 0.485376 2.44016 27.745
    endloop
  endfacet
  facet normal 0.0980062 0.995186 0
    outer loop
      vertex 0 2.48796 27.745
      vertex 0.485376 2.44016 27.255
      vertex 0 2.48796 27.255
    endloop
  endfacet
  facet normal -0.0546301 0.554776 0.830204
    outer loop
      vertex 0 1.17849 29.7048
      vertex -0.309409 1.55551 29.4325
      vertex -0.229912 1.15585 29.7048
    endloop
  endfacet
  facet normal 0.920087 -0.090624 0.381088
    outer loop
      vertex 2.39235 0 28.2257
      vertex 2.16244 -0.430136 28.6785
      vertex 2.34638 -0.466724 28.2257
    endloop
  endfacet
  facet normal -0.0694613 -0.705348 -0.70545
    outer loop
      vertex 0 -1.93253 25.914
      vertex -0.309409 -1.55551 25.5675
      vertex 0 -1.58598 25.5675
    endloop
  endfacet
  facet normal 0.111582 0.367799 -0.923186
    outer loop
      vertex 0.450989 1.08878 25.2952
      vertex 0.141579 0.711767 25.1076
      vertex 0.229912 1.15585 25.2952
    endloop
  endfacet
  facet normal 0.734388 -0.392533 -0.553707
    outer loop
      vertex 2.03697 -0.843741 26.3215
      vertex 1.60684 -1.07365 25.914
      vertex 1.78542 -0.739545 25.914
    endloop
  endfacet
  facet normal -0.24172 0.796856 0.553707
    outer loop
      vertex -0.377017 1.89539 29.086
      vertex -0.843741 2.03697 28.6785
      vertex -0.739545 1.78542 29.086
    endloop
  endfacet
  facet normal -0.435815 0.815371 0.381097
    outer loop
      vertex -0.843741 2.03697 28.6785
      vertex -1.32912 1.98917 28.2257
      vertex -1.22492 1.83323 28.6785
    endloop
  endfacet
  facet normal -0.111532 0.367632 0.923259
    outer loop
      vertex -0.229912 1.15585 29.7048
      vertex -0.450989 1.08878 29.7048
      vertex -0.141579 0.711767 29.8923
    endloop
  endfacet
  facet normal -0.334111 0.625079 -0.705441
    outer loop
      vertex -0.881124 1.3187 25.5675
      vertex -1.07365 1.60684 25.914
      vertex -0.606929 1.46526 25.5675
    endloop
  endfacet
  facet normal -0.938723 0.284762 0.194188
    outer loop
      vertex -2.29858 0.952102 27.745
      vertex -2.34638 0.466724 28.2257
      vertex -2.21024 0.915512 28.2257
    endloop
  endfacet
  facet normal -0.622321 0.758302 0.194154
    outer loop
      vertex -1.32912 1.98917 28.2257
      vertex -1.75925 1.75925 27.745
      vertex -1.69165 1.69165 28.2257
    endloop
  endfacet
  facet normal -0.491628 -0.26278 -0.83021
    outer loop
      vertex -1.3187 -0.881124 25.5675
      vertex -1.46526 -0.606929 25.5675
      vertex -1.08878 -0.450989 25.2952
    endloop
  endfacet
  facet normal -0.297109 0.243832 -0.923186
    outer loop
      vertex -0.603407 0.403183 25.1076
      vertex -0.979879 0.654735 25.2952
      vertex -0.513155 0.513155 25.1076
    endloop
  endfacet
  facet normal 0.528268 0.64369 -0.553711
    outer loop
      vertex 1.3665 1.3665 25.914
      vertex 1.22492 1.83323 26.3215
      vertex 1.55903 1.55903 26.3215
    endloop
  endfacet
  facet normal 0.976242 0.0961407 0.194186
    outer loop
      vertex 2.44016 0.485376 27.745
      vertex 2.34638 0.466724 28.2257
      vertex 2.48796 0 27.745
    endloop
  endfacet
  facet normal 0.815375 0.435811 0.381093
    outer loop
      vertex 2.21024 0.915512 28.2257
      vertex 1.98917 1.32912 28.2257
      vertex 2.03697 0.843741 28.6785
    endloop
  endfacet
  facet normal 0.284759 -0.938725 0.194185
    outer loop
      vertex 0.952102 -2.29858 27.745
      vertex 0.466724 -2.34638 28.2257
      vertex 0.485376 -2.44016 27.745
    endloop
  endfacet
  facet normal 0.714672 -0.586522 0.381099
    outer loop
      vertex 1.83323 -1.22492 28.6785
      vertex 1.55903 -1.55903 28.6785
      vertex 1.98917 -1.32912 28.2257
    endloop
  endfacet
  facet normal 0.471407 -0.881916 0
    outer loop
      vertex 0.952102 -2.29858 27.255
      vertex 1.38224 -2.06866 27.745
      vertex 0.952102 -2.29858 27.745
    endloop
  endfacet
  facet normal 0.471407 -0.881916 0
    outer loop
      vertex 1.38224 -2.06866 27.745
      vertex 0.952102 -2.29858 27.255
      vertex 1.38224 -2.06866 27.255
    endloop
  endfacet
  facet normal 0.462413 -0.865145 -0.194162
    outer loop
      vertex 1.38224 -2.06866 27.255
      vertex 0.915512 -2.21024 26.7743
      vertex 1.32912 -1.98917 26.7743
    endloop
  endfacet
  facet normal 0.187727 0.0569451 0.980569
    outer loop
      vertex 0.711767 0.141579 29.8923
      vertex 0.22639 0.0937729 29.988
      vertex 0.240334 0.0478048 29.988
    endloop
  endfacet
  facet normal 0.195228 0.0192309 0.980569
    outer loop
      vertex 0.711767 0.141579 29.8923
      vertex 0.240334 0.0478048 29.988
      vertex 0.245043 0 29.988
    endloop
  endfacet
  facet normal 0.643689 0.528271 0.553709
    outer loop
      vertex 1.83323 1.22492 28.6785
      vertex 1.3665 1.3665 29.086
      vertex 1.60684 1.07365 29.086
    endloop
  endfacet
  facet normal -0.0961551 0.976243 0.194172
    outer loop
      vertex 0 2.48796 27.745
      vertex -0.466724 2.34638 28.2257
      vertex 0 2.39235 28.2257
    endloop
  endfacet
  facet normal -0.884726 0.268382 0.381092
    outer loop
      vertex -2.21024 0.915512 28.2257
      vertex -2.34638 0.466724 28.2257
      vertex -2.03697 0.843741 28.6785
    endloop
  endfacet
  facet normal 0.12445 -0.151645 0.980569
    outer loop
      vertex 0.173271 -0.173271 29.988
      vertex 0.136138 -0.203745 29.988
      vertex 0.403183 -0.603407 29.8923
    endloop
  endfacet
  facet normal 0.26278 0.491628 0.83021
    outer loop
      vertex 0.606929 1.46526 29.4325
      vertex 0.450989 1.08878 29.7048
      vertex 0.881124 1.3187 29.4325
    endloop
  endfacet
  facet normal -0.353647 0.430917 0.830207
    outer loop
      vertex -0.881124 1.3187 29.4325
      vertex -1.12146 1.12146 29.4325
      vertex -0.654735 0.979879 29.7048
    endloop
  endfacet
  facet normal -0.622327 -0.758294 -0.194164
    outer loop
      vertex -1.38224 -2.06866 27.255
      vertex -1.75925 -1.75925 27.255
      vertex -1.32912 -1.98917 26.7743
    endloop
  endfacet
  facet normal -0.586516 -0.714674 0.381104
    outer loop
      vertex -1.55903 -1.55903 28.6785
      vertex -1.69165 -1.69165 28.2257
      vertex -1.32912 -1.98917 28.2257
    endloop
  endfacet
  facet normal -0.284762 -0.938723 -0.194188
    outer loop
      vertex -0.466724 -2.34638 26.7743
      vertex -0.952102 -2.29858 27.255
      vertex -0.915512 -2.21024 26.7743
    endloop
  endfacet
  facet normal -0.6344 -0.773005 0
    outer loop
      vertex -1.75925 -1.75925 27.255
      vertex -1.38224 -2.06866 27.745
      vertex -1.75925 -1.75925 27.745
    endloop
  endfacet
  facet normal -0.6344 -0.773005 -0
    outer loop
      vertex -1.38224 -2.06866 27.745
      vertex -1.75925 -1.75925 27.255
      vertex -1.38224 -2.06866 27.255
    endloop
  endfacet
  facet normal -0.865145 -0.462413 -0.194162
    outer loop
      vertex -2.06866 -1.38224 27.255
      vertex -2.21024 -0.915512 26.7743
      vertex -1.98917 -1.32912 26.7743
    endloop
  endfacet
  facet normal -0.262776 -0.491634 -0.830208
    outer loop
      vertex -0.450989 -1.08878 25.2952
      vertex -0.881124 -1.3187 25.5675
      vertex -0.654735 -0.979879 25.2952
    endloop
  endfacet
  facet normal -0.0906102 -0.920083 -0.381099
    outer loop
      vertex 0 -2.39235 26.7743
      vertex -0.430136 -2.16244 26.3215
      vertex 0 -2.2048 26.3215
    endloop
  endfacet
  facet normal 0.111532 -0.367632 0.923259
    outer loop
      vertex 0.450989 -1.08878 29.7048
      vertex 0.141579 -0.711767 29.8923
      vertex 0.229912 -1.15585 29.7048
    endloop
  endfacet
  facet normal 0.39253 -0.734389 0.553709
    outer loop
      vertex 1.07365 -1.60684 29.086
      vertex 0.843741 -2.03697 28.6785
      vertex 1.22492 -1.83323 28.6785
    endloop
  endfacet
  facet normal -0.334111 -0.625079 0.705441
    outer loop
      vertex -0.881124 -1.3187 29.4325
      vertex -1.07365 -1.60684 29.086
      vertex -0.606929 -1.46526 29.4325
    endloop
  endfacet
  facet normal 0.462413 -0.865145 0.194162
    outer loop
      vertex 1.32912 -1.98917 28.2257
      vertex 0.915512 -2.21024 28.2257
      vertex 1.38224 -2.06866 27.745
    endloop
  endfacet
  facet normal 0.0906102 -0.920083 0.381099
    outer loop
      vertex 0 -2.2048 28.6785
      vertex 0 -2.39235 28.2257
      vertex 0.430136 -2.16244 28.6785
    endloop
  endfacet
  facet normal -0.705348 -0.0694613 0.70545
    outer loop
      vertex -1.58598 0 29.4325
      vertex -1.93253 0 29.086
      vertex -1.55551 -0.309409 29.4325
    endloop
  endfacet
  facet normal 0.625082 -0.334108 -0.705439
    outer loop
      vertex 1.60684 -1.07365 25.914
      vertex 1.46526 -0.606929 25.5675
      vertex 1.78542 -0.739545 25.914
    endloop
  endfacet
  facet normal 0.533451 -0.161838 -0.830204
    outer loop
      vertex 1.55551 -0.309409 25.5675
      vertex 1.08878 -0.450989 25.2952
      vertex 1.15585 -0.229912 25.2952
    endloop
  endfacet
  facet normal -0.268388 0.884726 -0.381087
    outer loop
      vertex -0.430136 2.16244 26.3215
      vertex -0.843741 2.03697 26.3215
      vertex -0.466724 2.34638 26.7743
    endloop
  endfacet
  facet normal -0.338973 -0.181179 -0.923186
    outer loop
      vertex -0.979879 -0.654735 25.2952
      vertex -1.08878 -0.450989 25.2952
      vertex -0.603407 -0.403183 25.1076
    endloop
  endfacet
  facet normal 0.714674 0.586516 -0.381104
    outer loop
      vertex 1.98917 1.32912 26.7743
      vertex 1.55903 1.55903 26.3215
      vertex 1.69165 1.69165 26.7743
    endloop
  endfacet
  facet normal 0.976243 0.0961551 -0.194172
    outer loop
      vertex 2.39235 0 26.7743
      vertex 2.34638 0.466724 26.7743
      vertex 2.48796 0 27.255
    endloop
  endfacet
  facet normal 0.090624 0.920087 -0.381088
    outer loop
      vertex 0.430136 2.16244 26.3215
      vertex 0 2.39235 26.7743
      vertex 0.466724 2.34638 26.7743
    endloop
  endfacet
  facet normal -0.462434 0.865128 0.194187
    outer loop
      vertex -0.952102 2.29858 27.745
      vertex -1.38224 2.06866 27.745
      vertex -0.915512 2.21024 28.2257
    endloop
  endfacet
  facet normal -0.0961407 0.976242 -0.194186
    outer loop
      vertex -0.466724 2.34638 26.7743
      vertex -0.485376 2.44016 27.255
      vertex 0 2.48796 27.255
    endloop
  endfacet
  facet normal 0.268388 0.884726 -0.381087
    outer loop
      vertex 0.843741 2.03697 26.3215
      vertex 0.430136 2.16244 26.3215
      vertex 0.466724 2.34638 26.7743
    endloop
  endfacet
  facet normal 0.528271 0.643689 0.553709
    outer loop
      vertex 1.22492 1.83323 28.6785
      vertex 1.07365 1.60684 29.086
      vertex 1.3665 1.3665 29.086
    endloop
  endfacet
  facet normal 0.334111 -0.625079 0.705441
    outer loop
      vertex 0.881124 -1.3187 29.4325
      vertex 0.606929 -1.46526 29.4325
      vertex 1.07365 -1.60684 29.086
    endloop
  endfacet
  facet normal 0.205743 0.678253 -0.705438
    outer loop
      vertex 0.739545 1.78542 25.914
      vertex 0.309409 1.55551 25.5675
      vertex 0.377017 1.89539 25.914
    endloop
  endfacet
  facet normal 0.172836 -0.0923823 -0.980609
    outer loop
      vertex 0.603407 -0.403183 25.1076
      vertex 0.22639 -0.0937729 25.012
      vertex 0.670469 -0.277718 25.1076
    endloop
  endfacet
  facet normal -0.151492 0.124325 -0.980609
    outer loop
      vertex -0.203745 0.136138 25.012
      vertex -0.603407 0.403183 25.1076
      vertex -0.173271 0.173271 25.012
    endloop
  endfacet
  facet normal 0.338972 -0.181183 -0.923185
    outer loop
      vertex 1.08878 -0.450989 25.2952
      vertex 0.603407 -0.403183 25.1076
      vertex 0.670469 -0.277718 25.1076
    endloop
  endfacet
  facet normal 0.622327 -0.758294 -0.194164
    outer loop
      vertex 1.38224 -2.06866 27.255
      vertex 1.32912 -1.98917 26.7743
      vertex 1.75925 -1.75925 27.255
    endloop
  endfacet
  facet normal 0.881916 -0.471407 1.57033e-17
    outer loop
      vertex 2.06866 -1.38224 27.745
      vertex 2.29858 -0.952102 27.255
      vertex 2.29858 -0.952102 27.745
    endloop
  endfacet
  facet normal 0.881916 -0.471407 1.57033e-17
    outer loop
      vertex 2.29858 -0.952102 27.255
      vertex 2.06866 -1.38224 27.745
      vertex 2.06866 -1.38224 27.255
    endloop
  endfacet
  facet normal 0.976242 0.0961407 -0.194186
    outer loop
      vertex 2.48796 0 27.255
      vertex 2.34638 0.466724 26.7743
      vertex 2.44016 0.485376 27.255
    endloop
  endfacet
  facet normal 0.881916 0.471407 -1.57033e-17
    outer loop
      vertex 2.29858 0.952102 27.745
      vertex 2.06866 1.38224 27.255
      vertex 2.06866 1.38224 27.745
    endloop
  endfacet
  facet normal 0.881916 0.471407 -1.57033e-17
    outer loop
      vertex 2.06866 1.38224 27.255
      vertex 2.29858 0.952102 27.745
      vertex 2.29858 0.952102 27.255
    endloop
  endfacet
  facet normal -0.491628 0.26278 0.83021
    outer loop
      vertex -1.3187 0.881124 29.4325
      vertex -1.46526 0.606929 29.4325
      vertex -1.08878 0.450989 29.7048
    endloop
  endfacet
  facet normal -0.920087 0.090624 0.381088
    outer loop
      vertex -2.34638 0.466724 28.2257
      vertex -2.39235 0 28.2257
      vertex -2.16244 0.430136 28.6785
    endloop
  endfacet
  facet normal -0.884726 -0.268382 0.381092
    outer loop
      vertex -2.03697 -0.843741 28.6785
      vertex -2.34638 -0.466724 28.2257
      vertex -2.21024 -0.915512 28.2257
    endloop
  endfacet
  facet normal -0.547885 0.44964 0.70544
    outer loop
      vertex -1.12146 1.12146 29.4325
      vertex -1.60684 1.07365 29.086
      vertex -1.3187 0.881124 29.4325
    endloop
  endfacet
  facet normal -0.44964 0.547885 -0.70544
    outer loop
      vertex -0.881124 1.3187 25.5675
      vertex -1.12146 1.12146 25.5675
      vertex -1.07365 1.60684 25.914
    endloop
  endfacet
  facet normal -0.430917 0.353647 -0.830207
    outer loop
      vertex -0.979879 0.654735 25.2952
      vertex -1.3187 0.881124 25.5675
      vertex -1.12146 1.12146 25.5675
    endloop
  endfacet
  facet normal -0.734388 0.392533 -0.553707
    outer loop
      vertex -1.78542 0.739545 25.914
      vertex -2.03697 0.843741 26.3215
      vertex -1.60684 1.07365 25.914
    endloop
  endfacet
  facet normal -0.828708 -0.0816116 -0.553699
    outer loop
      vertex -2.16244 -0.430136 26.3215
      vertex -2.2048 0 26.3215
      vertex -1.93253 0 25.914
    endloop
  endfacet
  facet normal -0.586516 0.714674 0.381104
    outer loop
      vertex -1.32912 1.98917 28.2257
      vertex -1.69165 1.69165 28.2257
      vertex -1.55903 1.55903 28.6785
    endloop
  endfacet
  facet normal -0.0694613 0.705348 0.70545
    outer loop
      vertex 0 1.93253 29.086
      vertex -0.309409 1.55551 29.4325
      vertex 0 1.58598 29.4325
    endloop
  endfacet
  facet normal -0.938725 0.284759 0.194185
    outer loop
      vertex -2.29858 0.952102 27.745
      vertex -2.44016 0.485376 27.745
      vertex -2.34638 0.466724 28.2257
    endloop
  endfacet
  facet normal -0.828694 -0.0816348 -0.553716
    outer loop
      vertex -1.89539 -0.377017 25.914
      vertex -2.16244 -0.430136 26.3215
      vertex -1.93253 0 25.914
    endloop
  endfacet
  facet normal 0.815371 -0.435815 0.381097
    outer loop
      vertex 2.03697 -0.843741 28.6785
      vertex 1.83323 -1.22492 28.6785
      vertex 1.98917 -1.32912 28.2257
    endloop
  endfacet
  facet normal 0.865128 -0.462434 0.194187
    outer loop
      vertex 2.21024 -0.915512 28.2257
      vertex 2.06866 -1.38224 27.745
      vertex 2.29858 -0.952102 27.745
    endloop
  endfacet
  facet normal 0.920087 0.090624 0.381088
    outer loop
      vertex 2.34638 0.466724 28.2257
      vertex 2.16244 0.430136 28.6785
      vertex 2.39235 0 28.2257
    endloop
  endfacet
  facet normal 0.705357 0.0694848 0.705438
    outer loop
      vertex 1.89539 0.377017 29.086
      vertex 1.55551 0.309409 29.4325
      vertex 1.93253 0 29.086
    endloop
  endfacet
  facet normal 0.643689 -0.528271 0.553709
    outer loop
      vertex 1.60684 -1.07365 29.086
      vertex 1.3665 -1.3665 29.086
      vertex 1.83323 -1.22492 28.6785
    endloop
  endfacet
  facet normal 0.758302 -0.622321 0.194154
    outer loop
      vertex 1.98917 -1.32912 28.2257
      vertex 1.69165 -1.69165 28.2257
      vertex 1.75925 -1.75925 27.745
    endloop
  endfacet
  facet normal 0.296974 -0.24372 0.923259
    outer loop
      vertex 0.979879 -0.654735 29.7048
      vertex 0.513155 -0.513155 29.8923
      vertex 0.833319 -0.833319 29.7048
    endloop
  endfacet
  facet normal 0.268388 -0.884726 0.381087
    outer loop
      vertex 0.843741 -2.03697 28.6785
      vertex 0.430136 -2.16244 28.6785
      vertex 0.466724 -2.34638 28.2257
    endloop
  endfacet
  facet normal 0.6344 -0.773005 0
    outer loop
      vertex 1.38224 -2.06866 27.255
      vertex 1.75925 -1.75925 27.745
      vertex 1.38224 -2.06866 27.745
    endloop
  endfacet
  facet normal 0.6344 -0.773005 0
    outer loop
      vertex 1.75925 -1.75925 27.745
      vertex 1.38224 -2.06866 27.255
      vertex 1.75925 -1.75925 27.255
    endloop
  endfacet
  facet normal 0.622321 -0.758302 -0.194154
    outer loop
      vertex 1.75925 -1.75925 27.255
      vertex 1.32912 -1.98917 26.7743
      vertex 1.69165 -1.69165 26.7743
    endloop
  endfacet
  facet normal 0.586522 -0.714672 0.381099
    outer loop
      vertex 1.55903 -1.55903 28.6785
      vertex 1.22492 -1.83323 28.6785
      vertex 1.32912 -1.98917 28.2257
    endloop
  endfacet
  facet normal 0.195229 -0.019228 0.980569
    outer loop
      vertex 0.725711 0 29.8923
      vertex 0.245043 0 29.988
      vertex 0.711767 -0.141579 29.8923
    endloop
  endfacet
  facet normal 0.38233 -0.0376554 0.923258
    outer loop
      vertex 0.725711 0 29.8923
      vertex 0.711767 -0.141579 29.8923
      vertex 1.17849 0 29.7048
    endloop
  endfacet
  facet normal 0.382328 -0.0376488 0.923259
    outer loop
      vertex 1.17849 0 29.7048
      vertex 0.711767 -0.141579 29.8923
      vertex 1.15585 -0.229912 29.7048
    endloop
  endfacet
  facet normal 0.367632 -0.111532 0.923259
    outer loop
      vertex 1.15585 -0.229912 29.7048
      vertex 0.711767 -0.141579 29.8923
      vertex 1.08878 -0.450989 29.7048
    endloop
  endfacet
  facet normal -0.262776 -0.491634 0.830208
    outer loop
      vertex -0.654735 -0.979879 29.7048
      vertex -0.881124 -1.3187 29.4325
      vertex -0.450989 -1.08878 29.7048
    endloop
  endfacet
  facet normal 0.734388 0.392533 0.553707
    outer loop
      vertex 2.03697 0.843741 28.6785
      vertex 1.60684 1.07365 29.086
      vertex 1.78542 0.739545 29.086
    endloop
  endfacet
  facet normal 0.678253 0.205742 0.705438
    outer loop
      vertex 1.78542 0.739545 29.086
      vertex 1.46526 0.606929 29.4325
      vertex 1.55551 0.309409 29.4325
    endloop
  endfacet
  facet normal 0.161838 0.533451 0.830204
    outer loop
      vertex 0.309409 1.55551 29.4325
      vertex 0.229912 1.15585 29.7048
      vertex 0.450989 1.08878 29.7048
    endloop
  endfacet
  facet normal -0.161817 0.533448 0.83021
    outer loop
      vertex -0.309409 1.55551 29.4325
      vertex -0.606929 1.46526 29.4325
      vertex -0.450989 1.08878 29.7048
    endloop
  endfacet
  facet normal -0.554774 -0.0546331 0.830205
    outer loop
      vertex -1.17849 0 29.7048
      vertex -1.58598 0 29.4325
      vertex -1.55551 -0.309409 29.4325
    endloop
  endfacet
  facet normal -0.430919 0.353646 0.830207
    outer loop
      vertex -0.833319 0.833319 29.7048
      vertex -1.12146 1.12146 29.4325
      vertex -0.979879 0.654735 29.7048
    endloop
  endfacet
  facet normal -0.533448 0.161817 0.83021
    outer loop
      vertex -1.46526 0.606929 29.4325
      vertex -1.55551 0.309409 29.4325
      vertex -1.08878 0.450989 29.7048
    endloop
  endfacet
  facet normal -0.586522 0.714672 0.381099
    outer loop
      vertex -1.32912 1.98917 28.2257
      vertex -1.55903 1.55903 28.6785
      vertex -1.22492 1.83323 28.6785
    endloop
  endfacet
  facet normal -0.38233 0.0376554 0.923258
    outer loop
      vertex -0.711767 0.141579 29.8923
      vertex -1.17849 0 29.7048
      vertex -0.725711 0 29.8923
    endloop
  endfacet
  facet normal 0.0546301 -0.554776 0.830204
    outer loop
      vertex 0.229912 -1.15585 29.7048
      vertex 0 -1.17849 29.7048
      vertex 0.309409 -1.55551 29.4325
    endloop
  endfacet
  facet normal -0.884726 -0.268382 -0.381092
    outer loop
      vertex -2.21024 -0.915512 26.7743
      vertex -2.34638 -0.466724 26.7743
      vertex -2.03697 -0.843741 26.3215
    endloop
  endfacet
  facet normal -0.815371 -0.435815 -0.381097
    outer loop
      vertex -1.98917 -1.32912 26.7743
      vertex -2.03697 -0.843741 26.3215
      vertex -1.83323 -1.22492 26.3215
    endloop
  endfacet
  facet normal -0.643689 -0.528271 -0.553709
    outer loop
      vertex -1.3665 -1.3665 25.914
      vertex -1.83323 -1.22492 26.3215
      vertex -1.60684 -1.07365 25.914
    endloop
  endfacet
  facet normal -0.161817 -0.533448 -0.83021
    outer loop
      vertex -0.309409 -1.55551 25.5675
      vertex -0.606929 -1.46526 25.5675
      vertex -0.450989 -1.08878 25.2952
    endloop
  endfacet
  facet normal -0.815375 -0.435811 -0.381093
    outer loop
      vertex -1.98917 -1.32912 26.7743
      vertex -2.21024 -0.915512 26.7743
      vertex -2.03697 -0.843741 26.3215
    endloop
  endfacet
  facet normal -0.758302 -0.622321 0.194154
    outer loop
      vertex -1.69165 -1.69165 28.2257
      vertex -1.98917 -1.32912 28.2257
      vertex -1.75925 -1.75925 27.745
    endloop
  endfacet
  facet normal -0.0961551 -0.976243 0.194172
    outer loop
      vertex 0 -2.39235 28.2257
      vertex -0.466724 -2.34638 28.2257
      vertex 0 -2.48796 27.745
    endloop
  endfacet
  facet normal -0.462434 -0.865128 0.194187
    outer loop
      vertex -0.915512 -2.21024 28.2257
      vertex -1.38224 -2.06866 27.745
      vertex -0.952102 -2.29858 27.745
    endloop
  endfacet
  facet normal -0.462434 -0.865128 -0.194187
    outer loop
      vertex -0.952102 -2.29858 27.255
      vertex -1.38224 -2.06866 27.255
      vertex -0.915512 -2.21024 26.7743
    endloop
  endfacet
  facet normal -0.268382 -0.884726 -0.381092
    outer loop
      vertex -0.466724 -2.34638 26.7743
      vertex -0.915512 -2.21024 26.7743
      vertex -0.843741 -2.03697 26.3215
    endloop
  endfacet
  facet normal 0.435811 -0.815375 -0.381093
    outer loop
      vertex 0.915512 -2.21024 26.7743
      vertex 0.843741 -2.03697 26.3215
      vertex 1.32912 -1.98917 26.7743
    endloop
  endfacet
  facet normal -0.0816348 -0.828694 -0.553716
    outer loop
      vertex 0 -1.93253 25.914
      vertex -0.430136 -2.16244 26.3215
      vertex -0.377017 -1.89539 25.914
    endloop
  endfacet
  facet normal -0.187726 -0.0569471 0.980569
    outer loop
      vertex -0.22639 -0.0937729 29.988
      vertex -0.711767 -0.141579 29.8923
      vertex -0.670469 -0.277718 29.8923
    endloop
  endfacet
  facet normal -0.0924767 -0.173009 0.980569
    outer loop
      vertex -0.136138 -0.203745 29.988
      vertex -0.403183 -0.603407 29.8923
      vertex -0.0937729 -0.22639 29.988
    endloop
  endfacet
  facet normal 0.262776 -0.491634 0.830208
    outer loop
      vertex 0.654735 -0.979879 29.7048
      vertex 0.450989 -1.08878 29.7048
      vertex 0.881124 -1.3187 29.4325
    endloop
  endfacet
  facet normal 0.625079 -0.334111 0.705441
    outer loop
      vertex 1.46526 -0.606929 29.4325
      vertex 1.3187 -0.881124 29.4325
      vertex 1.60684 -1.07365 29.086
    endloop
  endfacet
  facet normal 0.0961407 -0.976242 0.194186
    outer loop
      vertex 0.466724 -2.34638 28.2257
      vertex 0 -2.48796 27.745
      vertex 0.485376 -2.44016 27.745
    endloop
  endfacet
  facet normal -0.0980062 -0.995186 0
    outer loop
      vertex -0.485376 -2.44016 27.255
      vertex 0 -2.48796 27.745
      vertex -0.485376 -2.44016 27.745
    endloop
  endfacet
  facet normal -0.0980062 -0.995186 -0
    outer loop
      vertex 0 -2.48796 27.745
      vertex -0.485376 -2.44016 27.255
      vertex 0 -2.48796 27.255
    endloop
  endfacet
  facet normal -0.586522 -0.714672 0.381099
    outer loop
      vertex -1.22492 -1.83323 28.6785
      vertex -1.55903 -1.55903 28.6785
      vertex -1.32912 -1.98917 28.2257
    endloop
  endfacet
  facet normal -0.284762 -0.938723 0.194188
    outer loop
      vertex -0.915512 -2.21024 28.2257
      vertex -0.952102 -2.29858 27.745
      vertex -0.466724 -2.34638 28.2257
    endloop
  endfacet
  facet normal -0.462413 -0.865145 -0.194162
    outer loop
      vertex -0.915512 -2.21024 26.7743
      vertex -1.38224 -2.06866 27.255
      vertex -1.32912 -1.98917 26.7743
    endloop
  endfacet
  facet normal -0.622327 -0.758294 0.194164
    outer loop
      vertex -1.32912 -1.98917 28.2257
      vertex -1.75925 -1.75925 27.745
      vertex -1.38224 -2.06866 27.745
    endloop
  endfacet
  facet normal 0.815371 -0.435815 -0.381097
    outer loop
      vertex 1.98917 -1.32912 26.7743
      vertex 1.83323 -1.22492 26.3215
      vertex 2.03697 -0.843741 26.3215
    endloop
  endfacet
  facet normal 0.865128 -0.462434 -0.194187
    outer loop
      vertex 2.29858 -0.952102 27.255
      vertex 2.06866 -1.38224 27.255
      vertex 2.21024 -0.915512 26.7743
    endloop
  endfacet
  facet normal -0.554774 0.0546331 -0.830205
    outer loop
      vertex -1.17849 0 25.2952
      vertex -1.58598 0 25.5675
      vertex -1.55551 0.309409 25.5675
    endloop
  endfacet
  facet normal -0.124325 0.151492 -0.980609
    outer loop
      vertex -0.173271 0.173271 25.012
      vertex -0.403183 0.603407 25.1076
      vertex -0.136138 0.203745 25.012
    endloop
  endfacet
  facet normal 0.435815 0.815371 0.381097
    outer loop
      vertex 1.32912 1.98917 28.2257
      vertex 0.843741 2.03697 28.6785
      vertex 1.22492 1.83323 28.6785
    endloop
  endfacet
  facet normal 0.920083 -0.0906102 -0.381099
    outer loop
      vertex 2.39235 0 26.7743
      vertex 2.16244 -0.430136 26.3215
      vertex 2.2048 0 26.3215
    endloop
  endfacet
  facet normal 0.815371 0.435815 -0.381097
    outer loop
      vertex 2.03697 0.843741 26.3215
      vertex 1.83323 1.22492 26.3215
      vertex 1.98917 1.32912 26.7743
    endloop
  endfacet
  facet normal -0.284759 0.938725 0.194185
    outer loop
      vertex -0.485376 2.44016 27.745
      vertex -0.952102 2.29858 27.745
      vertex -0.466724 2.34638 28.2257
    endloop
  endfacet
  facet normal 0.586522 0.714672 0.381099
    outer loop
      vertex 1.32912 1.98917 28.2257
      vertex 1.22492 1.83323 28.6785
      vertex 1.55903 1.55903 28.6785
    endloop
  endfacet
  facet normal -0.435811 0.815375 0.381093
    outer loop
      vertex -0.915512 2.21024 28.2257
      vertex -1.32912 1.98917 28.2257
      vertex -0.843741 2.03697 28.6785
    endloop
  endfacet
  facet normal 0.758302 0.622321 0.194154
    outer loop
      vertex 1.75925 1.75925 27.745
      vertex 1.69165 1.69165 28.2257
      vertex 1.98917 1.32912 28.2257
    endloop
  endfacet
  facet normal 0.462413 0.865145 0.194162
    outer loop
      vertex 1.38224 2.06866 27.745
      vertex 0.915512 2.21024 28.2257
      vertex 1.32912 1.98917 28.2257
    endloop
  endfacet
  facet normal 0.0906102 0.920083 -0.381099
    outer loop
      vertex 0.430136 2.16244 26.3215
      vertex 0 2.2048 26.3215
      vertex 0 2.39235 26.7743
    endloop
  endfacet
  facet normal -0.462413 0.865145 -0.194162
    outer loop
      vertex -1.32912 1.98917 26.7743
      vertex -1.38224 2.06866 27.255
      vertex -0.915512 2.21024 26.7743
    endloop
  endfacet
  facet normal 0.865128 0.462434 0.194187
    outer loop
      vertex 2.29858 0.952102 27.745
      vertex 2.06866 1.38224 27.745
      vertex 2.21024 0.915512 28.2257
    endloop
  endfacet
  facet normal 0.938725 0.284759 0.194185
    outer loop
      vertex 2.44016 0.485376 27.745
      vertex 2.29858 0.952102 27.745
      vertex 2.34638 0.466724 28.2257
    endloop
  endfacet
  facet normal 0.758294 0.622327 0.194164
    outer loop
      vertex 2.06866 1.38224 27.745
      vertex 1.75925 1.75925 27.745
      vertex 1.98917 1.32912 28.2257
    endloop
  endfacet
  facet normal 0.491628 0.26278 0.83021
    outer loop
      vertex 1.3187 0.881124 29.4325
      vertex 1.08878 0.450989 29.7048
      vertex 1.46526 0.606929 29.4325
    endloop
  endfacet
  facet normal -0.111574 0.367805 -0.923185
    outer loop
      vertex -0.277718 0.670469 25.1076
      vertex -0.450989 1.08878 25.2952
      vertex -0.141579 0.711767 25.1076
    endloop
  endfacet
  facet normal -0.382504 0.0376725 -0.923186
    outer loop
      vertex -0.725711 0 25.1076
      vertex -1.17849 0 25.2952
      vertex -0.711767 0.141579 25.1076
    endloop
  endfacet
  facet normal 0.0816116 0.828708 -0.553699
    outer loop
      vertex 0.430136 2.16244 26.3215
      vertex 0 1.93253 25.914
      vertex 0 2.2048 26.3215
    endloop
  endfacet
  facet normal 0.0816348 0.828694 -0.553716
    outer loop
      vertex 0.377017 1.89539 25.914
      vertex 0 1.93253 25.914
      vertex 0.430136 2.16244 26.3215
    endloop
  endfacet
  facet normal 0.796848 0.24173 -0.553715
    outer loop
      vertex 2.16244 0.430136 26.3215
      vertex 1.89539 0.377017 25.914
      vertex 2.03697 0.843741 26.3215
    endloop
  endfacet
  facet normal 0.367799 -0.111582 -0.923186
    outer loop
      vertex 1.08878 -0.450989 25.2952
      vertex 0.711767 -0.141579 25.1076
      vertex 1.15585 -0.229912 25.2952
    endloop
  endfacet
  facet normal -0.243832 -0.297109 -0.923186
    outer loop
      vertex -0.403183 -0.603407 25.1076
      vertex -0.654735 -0.979879 25.2952
      vertex -0.513155 -0.513155 25.1076
    endloop
  endfacet
  facet normal -0.0376659 -0.382502 -0.923187
    outer loop
      vertex 0 -1.17849 25.2952
      vertex -0.229912 -1.15585 25.2952
      vertex -0.141579 -0.711767 25.1076
    endloop
  endfacet
  facet normal 0.995186 -0.0980062 -6.744e-18
    outer loop
      vertex 2.44016 -0.485376 27.745
      vertex 2.48796 0 27.255
      vertex 2.48796 0 27.745
    endloop
  endfacet
  facet normal 0.995186 -0.0980062 -6.744e-18
    outer loop
      vertex 2.48796 0 27.255
      vertex 2.44016 -0.485376 27.745
      vertex 2.44016 -0.485376 27.255
    endloop
  endfacet
  facet normal 0.976243 0.0961551 0.194172
    outer loop
      vertex 2.48796 0 27.745
      vertex 2.34638 0.466724 28.2257
      vertex 2.39235 0 28.2257
    endloop
  endfacet
  facet normal 0.865145 0.462413 -0.194162
    outer loop
      vertex 2.21024 0.915512 26.7743
      vertex 1.98917 1.32912 26.7743
      vertex 2.06866 1.38224 27.255
    endloop
  endfacet
  facet normal 0.865128 0.462434 -0.194187
    outer loop
      vertex 2.21024 0.915512 26.7743
      vertex 2.06866 1.38224 27.255
      vertex 2.29858 0.952102 27.255
    endloop
  endfacet
  facet normal 0.976243 -0.0961551 -0.194172
    outer loop
      vertex 2.48796 0 27.255
      vertex 2.34638 -0.466724 26.7743
      vertex 2.39235 0 26.7743
    endloop
  endfacet
  facet normal 0.920083 0.0906102 -0.381099
    outer loop
      vertex 2.2048 0 26.3215
      vertex 2.16244 0.430136 26.3215
      vertex 2.39235 0 26.7743
    endloop
  endfacet
  facet normal 0.976242 -0.0961407 -0.194186
    outer loop
      vertex 2.44016 -0.485376 27.255
      vertex 2.34638 -0.466724 26.7743
      vertex 2.48796 0 27.255
    endloop
  endfacet
  facet normal -0.643689 -0.528271 0.553709
    outer loop
      vertex -1.60684 -1.07365 29.086
      vertex -1.83323 -1.22492 28.6785
      vertex -1.3665 -1.3665 29.086
    endloop
  endfacet
  facet normal -0.920083 0.0906102 0.381099
    outer loop
      vertex -2.16244 0.430136 28.6785
      vertex -2.39235 0 28.2257
      vertex -2.2048 0 28.6785
    endloop
  endfacet
  facet normal -0.796848 -0.24173 0.553715
    outer loop
      vertex -1.89539 -0.377017 29.086
      vertex -2.16244 -0.430136 28.6785
      vertex -2.03697 -0.843741 28.6785
    endloop
  endfacet
  facet normal -0.796856 -0.24172 0.553707
    outer loop
      vertex -1.89539 -0.377017 29.086
      vertex -2.03697 -0.843741 28.6785
      vertex -1.78542 -0.739545 29.086
    endloop
  endfacet
  facet normal -0.6344 0.773005 0
    outer loop
      vertex -1.38224 2.06866 27.255
      vertex -1.75925 1.75925 27.745
      vertex -1.38224 2.06866 27.745
    endloop
  endfacet
  facet normal -0.6344 0.773005 0
    outer loop
      vertex -1.75925 1.75925 27.745
      vertex -1.38224 2.06866 27.255
      vertex -1.75925 1.75925 27.255
    endloop
  endfacet
  facet normal -0.773005 0.6344 -1.08581e-17
    outer loop
      vertex -2.06866 1.38224 27.255
      vertex -1.75925 1.75925 27.745
      vertex -1.75925 1.75925 27.255
    endloop
  endfacet
  facet normal -0.773005 0.6344 -1.08581e-17
    outer loop
      vertex -1.75925 1.75925 27.745
      vertex -2.06866 1.38224 27.255
      vertex -2.06866 1.38224 27.745
    endloop
  endfacet
  facet normal -0.334108 0.625082 -0.705439
    outer loop
      vertex -0.606929 1.46526 25.5675
      vertex -1.07365 1.60684 25.914
      vertex -0.739545 1.78542 25.914
    endloop
  endfacet
  facet normal -0.430919 0.353646 -0.830207
    outer loop
      vertex -0.979879 0.654735 25.2952
      vertex -1.12146 1.12146 25.5675
      vertex -0.833319 0.833319 25.2952
    endloop
  endfacet
  facet normal -0.758302 0.622321 -0.194154
    outer loop
      vertex -1.69165 1.69165 26.7743
      vertex -1.98917 1.32912 26.7743
      vertex -1.75925 1.75925 27.255
    endloop
  endfacet
  facet normal -0.714672 0.586522 -0.381099
    outer loop
      vertex -1.83323 1.22492 26.3215
      vertex -1.98917 1.32912 26.7743
      vertex -1.55903 1.55903 26.3215
    endloop
  endfacet
  facet normal -0.622327 0.758294 -0.194164
    outer loop
      vertex -1.32912 1.98917 26.7743
      vertex -1.75925 1.75925 27.255
      vertex -1.38224 2.06866 27.255
    endloop
  endfacet
  facet normal -0.938723 0.284762 -0.194188
    outer loop
      vertex -2.21024 0.915512 26.7743
      vertex -2.34638 0.466724 26.7743
      vertex -2.29858 0.952102 27.255
    endloop
  endfacet
  facet normal -0.528271 0.643689 -0.553709
    outer loop
      vertex -1.07365 1.60684 25.914
      vertex -1.3665 1.3665 25.914
      vertex -1.22492 1.83323 26.3215
    endloop
  endfacet
  facet normal -0.815371 0.435815 -0.381097
    outer loop
      vertex -1.83323 1.22492 26.3215
      vertex -2.03697 0.843741 26.3215
      vertex -1.98917 1.32912 26.7743
    endloop
  endfacet
  facet normal -0.290285 0.95694 0
    outer loop
      vertex -0.485376 2.44016 27.255
      vertex -0.952102 2.29858 27.745
      vertex -0.485376 2.44016 27.745
    endloop
  endfacet
  facet normal -0.290285 0.95694 0
    outer loop
      vertex -0.952102 2.29858 27.745
      vertex -0.485376 2.44016 27.255
      vertex -0.952102 2.29858 27.255
    endloop
  endfacet
  facet normal -0.714674 0.586516 -0.381104
    outer loop
      vertex -1.55903 1.55903 26.3215
      vertex -1.98917 1.32912 26.7743
      vertex -1.69165 1.69165 26.7743
    endloop
  endfacet
  facet normal -0.622327 0.758294 0.194164
    outer loop
      vertex -1.38224 2.06866 27.745
      vertex -1.75925 1.75925 27.745
      vertex -1.32912 1.98917 28.2257
    endloop
  endfacet
  facet normal -0.865145 0.462413 0.194162
    outer loop
      vertex -2.06866 1.38224 27.745
      vertex -2.21024 0.915512 28.2257
      vertex -1.98917 1.32912 28.2257
    endloop
  endfacet
  facet normal -0.976242 -0.0961407 0.194186
    outer loop
      vertex -2.34638 -0.466724 28.2257
      vertex -2.48796 0 27.745
      vertex -2.44016 -0.485376 27.745
    endloop
  endfacet
  facet normal -0.95694 0.290285 1.36339e-17
    outer loop
      vertex -2.44016 0.485376 27.255
      vertex -2.29858 0.952102 27.745
      vertex -2.29858 0.952102 27.255
    endloop
  endfacet
  facet normal -0.95694 0.290285 1.36339e-17
    outer loop
      vertex -2.29858 0.952102 27.745
      vertex -2.44016 0.485376 27.255
      vertex -2.44016 0.485376 27.745
    endloop
  endfacet
  facet normal -0.796848 0.24173 0.553715
    outer loop
      vertex -2.03697 0.843741 28.6785
      vertex -2.16244 0.430136 28.6785
      vertex -1.89539 0.377017 29.086
    endloop
  endfacet
  facet normal -0.533451 -0.161838 -0.830204
    outer loop
      vertex -1.08878 -0.450989 25.2952
      vertex -1.55551 -0.309409 25.5675
      vertex -1.15585 -0.229912 25.2952
    endloop
  endfacet
  facet normal -0.547884 -0.449645 -0.705438
    outer loop
      vertex -1.3665 -1.3665 25.914
      vertex -1.60684 -1.07365 25.914
      vertex -1.12146 -1.12146 25.5675
    endloop
  endfacet
  facet normal 0.734389 -0.39253 0.553709
    outer loop
      vertex 2.03697 -0.843741 28.6785
      vertex 1.60684 -1.07365 29.086
      vertex 1.83323 -1.22492 28.6785
    endloop
  endfacet
  facet normal 0.796848 -0.24173 0.553715
    outer loop
      vertex 2.16244 -0.430136 28.6785
      vertex 1.89539 -0.377017 29.086
      vertex 2.03697 -0.843741 28.6785
    endloop
  endfacet
  facet normal 0.828708 -0.0816116 0.553699
    outer loop
      vertex 2.2048 0 28.6785
      vertex 1.93253 0 29.086
      vertex 2.16244 -0.430136 28.6785
    endloop
  endfacet
  facet normal 0.920083 0.0906102 0.381099
    outer loop
      vertex 2.39235 0 28.2257
      vertex 2.16244 0.430136 28.6785
      vertex 2.2048 0 28.6785
    endloop
  endfacet
  facet normal 0.622321 -0.758302 0.194154
    outer loop
      vertex 1.69165 -1.69165 28.2257
      vertex 1.32912 -1.98917 28.2257
      vertex 1.75925 -1.75925 27.745
    endloop
  endfacet
  facet normal 0.938723 -0.284762 0.194188
    outer loop
      vertex 2.34638 -0.466724 28.2257
      vertex 2.21024 -0.915512 28.2257
      vertex 2.29858 -0.952102 27.745
    endloop
  endfacet
  facet normal 0.24372 -0.296974 0.923259
    outer loop
      vertex 0.833319 -0.833319 29.7048
      vertex 0.513155 -0.513155 29.8923
      vertex 0.654735 -0.979879 29.7048
    endloop
  endfacet
  facet normal 0.435815 -0.815371 0.381097
    outer loop
      vertex 1.22492 -1.83323 28.6785
      vertex 0.843741 -2.03697 28.6785
      vertex 1.32912 -1.98917 28.2257
    endloop
  endfacet
  facet normal 0.0961407 -0.976242 -0.194186
    outer loop
      vertex 0.485376 -2.44016 27.255
      vertex 0 -2.48796 27.255
      vertex 0.466724 -2.34638 26.7743
    endloop
  endfacet
  facet normal 0.586516 -0.714674 -0.381104
    outer loop
      vertex 1.69165 -1.69165 26.7743
      vertex 1.32912 -1.98917 26.7743
      vertex 1.55903 -1.55903 26.3215
    endloop
  endfacet
  facet normal 0.622327 -0.758294 0.194164
    outer loop
      vertex 1.75925 -1.75925 27.745
      vertex 1.32912 -1.98917 28.2257
      vertex 1.38224 -2.06866 27.745
    endloop
  endfacet
  facet normal 0.435811 -0.815375 0.381093
    outer loop
      vertex 1.32912 -1.98917 28.2257
      vertex 0.843741 -2.03697 28.6785
      vertex 0.915512 -2.21024 28.2257
    endloop
  endfacet
  facet normal 0.758294 -0.622327 0.194164
    outer loop
      vertex 1.98917 -1.32912 28.2257
      vertex 1.75925 -1.75925 27.745
      vertex 2.06866 -1.38224 27.745
    endloop
  endfacet
  facet normal 0.865145 -0.462413 0.194162
    outer loop
      vertex 2.21024 -0.915512 28.2257
      vertex 1.98917 -1.32912 28.2257
      vertex 2.06866 -1.38224 27.745
    endloop
  endfacet
  facet normal 0.533451 0.161838 0.830204
    outer loop
      vertex 1.55551 0.309409 29.4325
      vertex 1.08878 0.450989 29.7048
      vertex 1.15585 0.229912 29.7048
    endloop
  endfacet
  facet normal 0.367632 0.111532 0.923259
    outer loop
      vertex 1.08878 0.450989 29.7048
      vertex 0.711767 0.141579 29.8923
      vertex 1.15585 0.229912 29.7048
    endloop
  endfacet
  facet normal 0.38233 0.0376554 0.923258
    outer loop
      vertex 1.17849 0 29.7048
      vertex 0.711767 0.141579 29.8923
      vertex 0.725711 0 29.8923
    endloop
  endfacet
  facet normal 0.195229 0.019228 0.980569
    outer loop
      vertex 0.711767 0.141579 29.8923
      vertex 0.245043 0 29.988
      vertex 0.725711 0 29.8923
    endloop
  endfacet
  facet normal 0.533451 -0.161838 0.830204
    outer loop
      vertex 1.15585 -0.229912 29.7048
      vertex 1.08878 -0.450989 29.7048
      vertex 1.55551 -0.309409 29.4325
    endloop
  endfacet
  facet normal 0.554776 -0.0546301 0.830204
    outer loop
      vertex 1.17849 0 29.7048
      vertex 1.15585 -0.229912 29.7048
      vertex 1.55551 -0.309409 29.4325
    endloop
  endfacet
  facet normal -0.0192309 -0.195228 0.980569
    outer loop
      vertex -0.0478048 -0.240334 29.988
      vertex -0.141579 -0.711767 29.8923
      vertex 0 -0.245043 29.988
    endloop
  endfacet
  facet normal -0.195229 -0.019228 0.980569
    outer loop
      vertex -0.245043 0 29.988
      vertex -0.725711 0 29.8923
      vertex -0.711767 -0.141579 29.8923
    endloop
  endfacet
  facet normal -0.44964 0.547885 0.70544
    outer loop
      vertex -1.07365 1.60684 29.086
      vertex -1.12146 1.12146 29.4325
      vertex -0.881124 1.3187 29.4325
    endloop
  endfacet
  facet normal -0.353646 0.430919 0.830207
    outer loop
      vertex -0.654735 0.979879 29.7048
      vertex -1.12146 1.12146 29.4325
      vertex -0.833319 0.833319 29.7048
    endloop
  endfacet
  facet normal 0.547884 0.449645 0.705438
    outer loop
      vertex 1.3665 1.3665 29.086
      vertex 1.12146 1.12146 29.4325
      vertex 1.60684 1.07365 29.086
    endloop
  endfacet
  facet normal 0.533448 0.161817 0.83021
    outer loop
      vertex 1.46526 0.606929 29.4325
      vertex 1.08878 0.450989 29.7048
      vertex 1.55551 0.309409 29.4325
    endloop
  endfacet
  facet normal 0.625079 0.334111 0.705441
    outer loop
      vertex 1.60684 1.07365 29.086
      vertex 1.3187 0.881124 29.4325
      vertex 1.46526 0.606929 29.4325
    endloop
  endfacet
  facet normal 0.449645 0.547884 0.705438
    outer loop
      vertex 1.3665 1.3665 29.086
      vertex 1.07365 1.60684 29.086
      vertex 1.12146 1.12146 29.4325
    endloop
  endfacet
  facet normal -0.0376488 0.382328 0.923259
    outer loop
      vertex 0 1.17849 29.7048
      vertex -0.229912 1.15585 29.7048
      vertex -0.141579 0.711767 29.8923
    endloop
  endfacet
  facet normal 0.0924767 0.173009 0.980569
    outer loop
      vertex 0.403183 0.603407 29.8923
      vertex 0.0937729 0.22639 29.988
      vertex 0.136138 0.203745 29.988
    endloop
  endfacet
  facet normal -0.382328 -0.0376488 0.923259
    outer loop
      vertex -0.711767 -0.141579 29.8923
      vertex -1.17849 0 29.7048
      vertex -1.15585 -0.229912 29.7048
    endloop
  endfacet
  facet normal -0.554776 -0.0546301 0.830204
    outer loop
      vertex -1.17849 0 29.7048
      vertex -1.55551 -0.309409 29.4325
      vertex -1.15585 -0.229912 29.7048
    endloop
  endfacet
  facet normal -0.338819 0.181097 0.923258
    outer loop
      vertex -0.979879 0.654735 29.7048
      vertex -1.08878 0.450989 29.7048
      vertex -0.603407 0.403183 29.8923
    endloop
  endfacet
  facet normal -0.151644 0.124452 0.980569
    outer loop
      vertex -0.513155 0.513155 29.8923
      vertex -0.603407 0.403183 29.8923
      vertex -0.173271 0.173271 29.988
    endloop
  endfacet
  facet normal -0.705348 0.0694613 0.70545
    outer loop
      vertex -1.55551 0.309409 29.4325
      vertex -1.93253 0 29.086
      vertex -1.58598 0 29.4325
    endloop
  endfacet
  facet normal -0.554774 0.0546331 0.830205
    outer loop
      vertex -1.55551 0.309409 29.4325
      vertex -1.58598 0 29.4325
      vertex -1.17849 0 29.7048
    endloop
  endfacet
  facet normal -0.161838 0.533451 0.830204
    outer loop
      vertex -0.309409 1.55551 29.4325
      vertex -0.450989 1.08878 29.7048
      vertex -0.229912 1.15585 29.7048
    endloop
  endfacet
  facet normal 0.0961407 0.976242 0.194186
    outer loop
      vertex 0.485376 2.44016 27.745
      vertex 0 2.48796 27.745
      vertex 0.466724 2.34638 28.2257
    endloop
  endfacet
  facet normal -0.296974 0.24372 0.923259
    outer loop
      vertex -0.833319 0.833319 29.7048
      vertex -0.979879 0.654735 29.7048
      vertex -0.513155 0.513155 29.8923
    endloop
  endfacet
  facet normal -0.296974 0.243721 0.923259
    outer loop
      vertex -0.513155 0.513155 29.8923
      vertex -0.979879 0.654735 29.7048
      vertex -0.603407 0.403183 29.8923
    endloop
  endfacet
  facet normal -0.976243 0.0961551 -0.194172
    outer loop
      vertex -2.39235 0 26.7743
      vertex -2.48796 0 27.255
      vertex -2.34638 0.466724 26.7743
    endloop
  endfacet
  facet normal -0.796848 -0.24173 -0.553715
    outer loop
      vertex -2.03697 -0.843741 26.3215
      vertex -2.16244 -0.430136 26.3215
      vertex -1.89539 -0.377017 25.914
    endloop
  endfacet
  facet normal -0.533448 0.161817 -0.83021
    outer loop
      vertex -1.08878 0.450989 25.2952
      vertex -1.55551 0.309409 25.5675
      vertex -1.46526 0.606929 25.5675
    endloop
  endfacet
  facet normal -0.938723 -0.284762 -0.194188
    outer loop
      vertex -2.29858 -0.952102 27.255
      vertex -2.34638 -0.466724 26.7743
      vertex -2.21024 -0.915512 26.7743
    endloop
  endfacet
  facet normal -0.734389 -0.39253 -0.553709
    outer loop
      vertex -1.83323 -1.22492 26.3215
      vertex -2.03697 -0.843741 26.3215
      vertex -1.60684 -1.07365 25.914
    endloop
  endfacet
  facet normal -0.449645 -0.547884 -0.705438
    outer loop
      vertex -1.07365 -1.60684 25.914
      vertex -1.3665 -1.3665 25.914
      vertex -1.12146 -1.12146 25.5675
    endloop
  endfacet
  facet normal -0.471407 -0.881916 0
    outer loop
      vertex -1.38224 -2.06866 27.255
      vertex -0.952102 -2.29858 27.745
      vertex -1.38224 -2.06866 27.745
    endloop
  endfacet
  facet normal -0.471407 -0.881916 -0
    outer loop
      vertex -0.952102 -2.29858 27.745
      vertex -1.38224 -2.06866 27.255
      vertex -0.952102 -2.29858 27.255
    endloop
  endfacet
  facet normal 0.0816116 -0.828708 -0.553699
    outer loop
      vertex 0.430136 -2.16244 26.3215
      vertex 0 -2.2048 26.3215
      vertex 0 -1.93253 25.914
    endloop
  endfacet
  facet normal -0.268388 -0.884726 -0.381087
    outer loop
      vertex -0.466724 -2.34638 26.7743
      vertex -0.843741 -2.03697 26.3215
      vertex -0.430136 -2.16244 26.3215
    endloop
  endfacet
  facet normal -0.0961407 -0.976242 -0.194186
    outer loop
      vertex 0 -2.48796 27.255
      vertex -0.485376 -2.44016 27.255
      vertex -0.466724 -2.34638 26.7743
    endloop
  endfacet
  facet normal -0.0961551 -0.976243 -0.194172
    outer loop
      vertex 0 -2.48796 27.255
      vertex -0.466724 -2.34638 26.7743
      vertex 0 -2.39235 26.7743
    endloop
  endfacet
  facet normal -0.24172 -0.796856 -0.553707
    outer loop
      vertex -0.377017 -1.89539 25.914
      vertex -0.843741 -2.03697 26.3215
      vertex -0.739545 -1.78542 25.914
    endloop
  endfacet
  facet normal -0.205743 -0.678253 -0.705438
    outer loop
      vertex -0.377017 -1.89539 25.914
      vertex -0.739545 -1.78542 25.914
      vertex -0.309409 -1.55551 25.5675
    endloop
  endfacet
  facet normal -0.430917 -0.353647 -0.830207
    outer loop
      vertex -1.12146 -1.12146 25.5675
      vertex -1.3187 -0.881124 25.5675
      vertex -0.979879 -0.654735 25.2952
    endloop
  endfacet
  facet normal -0.353647 -0.430917 -0.830207
    outer loop
      vertex -0.881124 -1.3187 25.5675
      vertex -1.12146 -1.12146 25.5675
      vertex -0.654735 -0.979879 25.2952
    endloop
  endfacet
  facet normal 0.124326 -0.151492 -0.980609
    outer loop
      vertex 0.403183 -0.603407 25.1076
      vertex 0.173271 -0.173271 25.012
      vertex 0.513155 -0.513155 25.1076
    endloop
  endfacet
  facet normal 0.435815 -0.815371 -0.381097
    outer loop
      vertex 1.32912 -1.98917 26.7743
      vertex 0.843741 -2.03697 26.3215
      vertex 1.22492 -1.83323 26.3215
    endloop
  endfacet
  facet normal 0.268382 -0.884726 -0.381092
    outer loop
      vertex 0.915512 -2.21024 26.7743
      vertex 0.466724 -2.34638 26.7743
      vertex 0.843741 -2.03697 26.3215
    endloop
  endfacet
  facet normal -0.151644 -0.124452 0.980569
    outer loop
      vertex -0.173271 -0.173271 29.988
      vertex -0.603407 -0.403183 29.8923
      vertex -0.513155 -0.513155 29.8923
    endloop
  endfacet
  facet normal 0.187726 0.0569471 0.980569
    outer loop
      vertex 0.670469 0.277718 29.8923
      vertex 0.22639 0.0937729 29.988
      vertex 0.711767 0.141579 29.8923
    endloop
  endfacet
  facet normal -0.334108 -0.625082 0.705439
    outer loop
      vertex -0.606929 -1.46526 29.4325
      vertex -1.07365 -1.60684 29.086
      vertex -0.739545 -1.78542 29.086
    endloop
  endfacet
  facet normal -0.678253 -0.205742 0.705438
    outer loop
      vertex -1.55551 -0.309409 29.4325
      vertex -1.78542 -0.739545 29.086
      vertex -1.46526 -0.606929 29.4325
    endloop
  endfacet
  facet normal -0.815371 -0.435815 0.381097
    outer loop
      vertex -1.83323 -1.22492 28.6785
      vertex -2.03697 -0.843741 28.6785
      vertex -1.98917 -1.32912 28.2257
    endloop
  endfacet
  facet normal -0.435811 -0.815375 0.381093
    outer loop
      vertex -0.843741 -2.03697 28.6785
      vertex -1.32912 -1.98917 28.2257
      vertex -0.915512 -2.21024 28.2257
    endloop
  endfacet
  facet normal -0.161838 -0.533451 0.830204
    outer loop
      vertex -0.229912 -1.15585 29.7048
      vertex -0.450989 -1.08878 29.7048
      vertex -0.309409 -1.55551 29.4325
    endloop
  endfacet
  facet normal -0.26278 -0.491628 0.83021
    outer loop
      vertex -0.450989 -1.08878 29.7048
      vertex -0.881124 -1.3187 29.4325
      vertex -0.606929 -1.46526 29.4325
    endloop
  endfacet
  facet normal 0.0816116 -0.828708 0.553699
    outer loop
      vertex 0 -1.93253 29.086
      vertex 0 -2.2048 28.6785
      vertex 0.430136 -2.16244 28.6785
    endloop
  endfacet
  facet normal 0.338819 -0.181097 0.923258
    outer loop
      vertex 1.08878 -0.450989 29.7048
      vertex 0.603407 -0.403183 29.8923
      vertex 0.979879 -0.654735 29.7048
    endloop
  endfacet
  facet normal 0.111524 -0.367638 0.923258
    outer loop
      vertex 0.277718 -0.670469 29.8923
      vertex 0.141579 -0.711767 29.8923
      vertex 0.450989 -1.08878 29.7048
    endloop
  endfacet
  facet normal 0.268382 -0.884726 0.381092
    outer loop
      vertex 0.843741 -2.03697 28.6785
      vertex 0.466724 -2.34638 28.2257
      vertex 0.915512 -2.21024 28.2257
    endloop
  endfacet
  facet normal 0.284762 -0.938723 0.194188
    outer loop
      vertex 0.915512 -2.21024 28.2257
      vertex 0.466724 -2.34638 28.2257
      vertex 0.952102 -2.29858 27.745
    endloop
  endfacet
  facet normal 0.268388 -0.884726 -0.381087
    outer loop
      vertex 0.466724 -2.34638 26.7743
      vertex 0.430136 -2.16244 26.3215
      vertex 0.843741 -2.03697 26.3215
    endloop
  endfacet
  facet normal 0.0961551 -0.976243 0.194172
    outer loop
      vertex 0 -2.39235 28.2257
      vertex 0 -2.48796 27.745
      vertex 0.466724 -2.34638 28.2257
    endloop
  endfacet
  facet normal -0.0961407 -0.976242 0.194186
    outer loop
      vertex -0.466724 -2.34638 28.2257
      vertex -0.485376 -2.44016 27.745
      vertex 0 -2.48796 27.745
    endloop
  endfacet
  facet normal -0.284759 -0.938725 0.194185
    outer loop
      vertex -0.466724 -2.34638 28.2257
      vertex -0.952102 -2.29858 27.745
      vertex -0.485376 -2.44016 27.745
    endloop
  endfacet
  facet normal 0.0816348 -0.828694 0.553716
    outer loop
      vertex 0.377017 -1.89539 29.086
      vertex 0 -1.93253 29.086
      vertex 0.430136 -2.16244 28.6785
    endloop
  endfacet
  facet normal -0.268382 -0.884726 0.381092
    outer loop
      vertex -0.843741 -2.03697 28.6785
      vertex -0.915512 -2.21024 28.2257
      vertex -0.466724 -2.34638 28.2257
    endloop
  endfacet
  facet normal -0.815375 -0.435811 0.381093
    outer loop
      vertex -2.03697 -0.843741 28.6785
      vertex -2.21024 -0.915512 28.2257
      vertex -1.98917 -1.32912 28.2257
    endloop
  endfacet
  facet normal -0.622321 -0.758302 0.194154
    outer loop
      vertex -1.69165 -1.69165 28.2257
      vertex -1.75925 -1.75925 27.745
      vertex -1.32912 -1.98917 28.2257
    endloop
  endfacet
  facet normal 0.714674 -0.586516 -0.381104
    outer loop
      vertex 1.69165 -1.69165 26.7743
      vertex 1.55903 -1.55903 26.3215
      vertex 1.98917 -1.32912 26.7743
    endloop
  endfacet
  facet normal 0.39253 -0.734389 -0.553709
    outer loop
      vertex 1.22492 -1.83323 26.3215
      vertex 0.843741 -2.03697 26.3215
      vertex 1.07365 -1.60684 25.914
    endloop
  endfacet
  facet normal 0.64369 -0.528268 -0.553711
    outer loop
      vertex 1.55903 -1.55903 26.3215
      vertex 1.3665 -1.3665 25.914
      vertex 1.83323 -1.22492 26.3215
    endloop
  endfacet
  facet normal 0.714672 -0.586522 -0.381099
    outer loop
      vertex 1.98917 -1.32912 26.7743
      vertex 1.55903 -1.55903 26.3215
      vertex 1.83323 -1.22492 26.3215
    endloop
  endfacet
  facet normal 0.0961407 0.976242 -0.194186
    outer loop
      vertex 0.466724 2.34638 26.7743
      vertex 0 2.48796 27.255
      vertex 0.485376 2.44016 27.255
    endloop
  endfacet
  facet normal 0.462434 0.865128 -0.194187
    outer loop
      vertex 1.38224 2.06866 27.255
      vertex 0.915512 2.21024 26.7743
      vertex 0.952102 2.29858 27.255
    endloop
  endfacet
  facet normal 0.187538 0.0568899 -0.980609
    outer loop
      vertex 0.711767 0.141579 25.1076
      vertex 0.22639 0.0937729 25.012
      vertex 0.670469 0.277718 25.1076
    endloop
  endfacet
  facet normal 0.430919 0.353646 -0.830207
    outer loop
      vertex 0.979879 0.654735 25.2952
      vertex 0.833319 0.833319 25.2952
      vertex 1.12146 1.12146 25.5675
    endloop
  endfacet
  facet normal 0.734388 0.392533 -0.553707
    outer loop
      vertex 1.78542 0.739545 25.914
      vertex 1.60684 1.07365 25.914
      vertex 2.03697 0.843741 26.3215
    endloop
  endfacet
  facet normal 0.625082 0.334108 -0.705439
    outer loop
      vertex 1.78542 0.739545 25.914
      vertex 1.46526 0.606929 25.5675
      vertex 1.60684 1.07365 25.914
    endloop
  endfacet
  facet normal -0.268388 0.884726 0.381087
    outer loop
      vertex -0.466724 2.34638 28.2257
      vertex -0.843741 2.03697 28.6785
      vertex -0.430136 2.16244 28.6785
    endloop
  endfacet
  facet normal -0.090624 0.920087 0.381088
    outer loop
      vertex 0 2.39235 28.2257
      vertex -0.466724 2.34638 28.2257
      vertex -0.430136 2.16244 28.6785
    endloop
  endfacet
  facet normal 0.290285 0.95694 -0
    outer loop
      vertex 0.952102 2.29858 27.255
      vertex 0.485376 2.44016 27.745
      vertex 0.952102 2.29858 27.745
    endloop
  endfacet
  facet normal 0.290285 0.95694 0
    outer loop
      vertex 0.485376 2.44016 27.745
      vertex 0.952102 2.29858 27.255
      vertex 0.485376 2.44016 27.255
    endloop
  endfacet
  facet normal -0.0980062 0.995186 0
    outer loop
      vertex 0 2.48796 27.255
      vertex -0.485376 2.44016 27.745
      vertex 0 2.48796 27.745
    endloop
  endfacet
  facet normal -0.0980062 0.995186 0
    outer loop
      vertex -0.485376 2.44016 27.745
      vertex 0 2.48796 27.255
      vertex -0.485376 2.44016 27.255
    endloop
  endfacet
  facet normal 0.435811 0.815375 -0.381093
    outer loop
      vertex 1.32912 1.98917 26.7743
      vertex 0.843741 2.03697 26.3215
      vertex 0.915512 2.21024 26.7743
    endloop
  endfacet
  facet normal 0.462413 0.865145 -0.194162
    outer loop
      vertex 1.32912 1.98917 26.7743
      vertex 0.915512 2.21024 26.7743
      vertex 1.38224 2.06866 27.255
    endloop
  endfacet
  facet normal 0.435815 0.815371 -0.381097
    outer loop
      vertex 1.22492 1.83323 26.3215
      vertex 0.843741 2.03697 26.3215
      vertex 1.32912 1.98917 26.7743
    endloop
  endfacet
  facet normal 0.471407 0.881916 -0
    outer loop
      vertex 1.38224 2.06866 27.255
      vertex 0.952102 2.29858 27.745
      vertex 1.38224 2.06866 27.745
    endloop
  endfacet
  facet normal 0.471407 0.881916 0
    outer loop
      vertex 0.952102 2.29858 27.745
      vertex 1.38224 2.06866 27.255
      vertex 0.952102 2.29858 27.255
    endloop
  endfacet
  facet normal 0.284759 0.938725 -0.194185
    outer loop
      vertex 0.952102 2.29858 27.255
      vertex 0.466724 2.34638 26.7743
      vertex 0.485376 2.44016 27.255
    endloop
  endfacet
  facet normal 0.284762 0.938723 -0.194188
    outer loop
      vertex 0.915512 2.21024 26.7743
      vertex 0.466724 2.34638 26.7743
      vertex 0.952102 2.29858 27.255
    endloop
  endfacet
  facet normal -0.435815 0.815371 -0.381097
    outer loop
      vertex -1.22492 1.83323 26.3215
      vertex -1.32912 1.98917 26.7743
      vertex -0.843741 2.03697 26.3215
    endloop
  endfacet
  facet normal -0.0961551 0.976243 -0.194172
    outer loop
      vertex 0 2.39235 26.7743
      vertex -0.466724 2.34638 26.7743
      vertex 0 2.48796 27.255
    endloop
  endfacet
  facet normal 0.6344 0.773005 -0
    outer loop
      vertex 1.75925 1.75925 27.255
      vertex 1.38224 2.06866 27.745
      vertex 1.75925 1.75925 27.745
    endloop
  endfacet
  facet normal 0.6344 0.773005 0
    outer loop
      vertex 1.38224 2.06866 27.745
      vertex 1.75925 1.75925 27.255
      vertex 1.38224 2.06866 27.255
    endloop
  endfacet
  facet normal 0.865145 0.462413 0.194162
    outer loop
      vertex 2.06866 1.38224 27.745
      vertex 1.98917 1.32912 28.2257
      vertex 2.21024 0.915512 28.2257
    endloop
  endfacet
  facet normal 0.884726 0.268382 0.381092
    outer loop
      vertex 2.21024 0.915512 28.2257
      vertex 2.03697 0.843741 28.6785
      vertex 2.34638 0.466724 28.2257
    endloop
  endfacet
  facet normal 0.938723 0.284762 0.194188
    outer loop
      vertex 2.29858 0.952102 27.745
      vertex 2.21024 0.915512 28.2257
      vertex 2.34638 0.466724 28.2257
    endloop
  endfacet
  facet normal 0.734389 0.39253 0.553709
    outer loop
      vertex 1.83323 1.22492 28.6785
      vertex 1.60684 1.07365 29.086
      vertex 2.03697 0.843741 28.6785
    endloop
  endfacet
  facet normal 0.714674 0.586516 0.381104
    outer loop
      vertex 1.69165 1.69165 28.2257
      vertex 1.55903 1.55903 28.6785
      vertex 1.98917 1.32912 28.2257
    endloop
  endfacet
  facet normal -0.705348 0.0694613 -0.70545
    outer loop
      vertex -1.58598 0 25.5675
      vertex -1.93253 0 25.914
      vertex -1.55551 0.309409 25.5675
    endloop
  endfacet
  facet normal -0.0192087 0.195033 -0.980609
    outer loop
      vertex 0 0.245043 25.012
      vertex -0.141579 0.711767 25.1076
      vertex 0 0.725711 25.1076
    endloop
  endfacet
  facet normal 0.161838 0.533451 -0.830204
    outer loop
      vertex 0.450989 1.08878 25.2952
      vertex 0.229912 1.15585 25.2952
      vertex 0.309409 1.55551 25.5675
    endloop
  endfacet
  facet normal 0.124326 0.151492 -0.980609
    outer loop
      vertex 0.513155 0.513155 25.1076
      vertex 0.173271 0.173271 25.012
      vertex 0.403183 0.603407 25.1076
    endloop
  endfacet
  facet normal 0.161817 0.533448 -0.83021
    outer loop
      vertex 0.450989 1.08878 25.2952
      vertex 0.309409 1.55551 25.5675
      vertex 0.606929 1.46526 25.5675
    endloop
  endfacet
  facet normal 0.39253 0.734389 -0.553709
    outer loop
      vertex 1.07365 1.60684 25.914
      vertex 0.843741 2.03697 26.3215
      vertex 1.22492 1.83323 26.3215
    endloop
  endfacet
  facet normal 0.625079 -0.334111 -0.705441
    outer loop
      vertex 1.60684 -1.07365 25.914
      vertex 1.3187 -0.881124 25.5675
      vertex 1.46526 -0.606929 25.5675
    endloop
  endfacet
  facet normal 0.172835 -0.0923838 -0.980609
    outer loop
      vertex 0.603407 -0.403183 25.1076
      vertex 0.203745 -0.136138 25.012
      vertex 0.22639 -0.0937729 25.012
    endloop
  endfacet
  facet normal 0.0192087 -0.195033 -0.980609
    outer loop
      vertex 0.141579 -0.711767 25.1076
      vertex 0 -0.725711 25.1076
      vertex 0 -0.245043 25.012
    endloop
  endfacet
  facet normal 0.0923838 -0.172835 -0.980609
    outer loop
      vertex 0.403183 -0.603407 25.1076
      vertex 0.0937729 -0.22639 25.012
      vertex 0.136138 -0.203745 25.012
    endloop
  endfacet
  facet normal 0.0192116 -0.195032 -0.980609
    outer loop
      vertex 0.141579 -0.711767 25.1076
      vertex 0 -0.245043 25.012
      vertex 0.0478048 -0.240334 25.012
    endloop
  endfacet
  facet normal 0.151492 -0.124325 -0.980609
    outer loop
      vertex 0.603407 -0.403183 25.1076
      vertex 0.173271 -0.173271 25.012
      vertex 0.203745 -0.136138 25.012
    endloop
  endfacet
  facet normal 0.995186 0.0980062 6.744e-18
    outer loop
      vertex 2.48796 0 27.745
      vertex 2.44016 0.485376 27.255
      vertex 2.44016 0.485376 27.745
    endloop
  endfacet
  facet normal 0.995186 0.0980062 6.744e-18
    outer loop
      vertex 2.44016 0.485376 27.255
      vertex 2.48796 0 27.745
      vertex 2.48796 0 27.255
    endloop
  endfacet
  facet normal 0.920087 0.090624 -0.381088
    outer loop
      vertex 2.39235 0 26.7743
      vertex 2.16244 0.430136 26.3215
      vertex 2.34638 0.466724 26.7743
    endloop
  endfacet
  facet normal 0.884726 0.268388 -0.381087
    outer loop
      vertex 2.16244 0.430136 26.3215
      vertex 2.03697 0.843741 26.3215
      vertex 2.34638 0.466724 26.7743
    endloop
  endfacet
  facet normal 0.884726 -0.268382 -0.381092
    outer loop
      vertex 2.21024 -0.915512 26.7743
      vertex 2.03697 -0.843741 26.3215
      vertex 2.34638 -0.466724 26.7743
    endloop
  endfacet
  facet normal 0.938723 -0.284762 -0.194188
    outer loop
      vertex 2.29858 -0.952102 27.255
      vertex 2.21024 -0.915512 26.7743
      vertex 2.34638 -0.466724 26.7743
    endloop
  endfacet
  facet normal -0.920083 -0.0906102 0.381099
    outer loop
      vertex -2.2048 0 28.6785
      vertex -2.39235 0 28.2257
      vertex -2.16244 -0.430136 28.6785
    endloop
  endfacet
  facet normal -0.828708 -0.0816116 0.553699
    outer loop
      vertex -1.93253 0 29.086
      vertex -2.2048 0 28.6785
      vertex -2.16244 -0.430136 28.6785
    endloop
  endfacet
  facet normal -0.714672 0.586522 0.381099
    outer loop
      vertex -1.55903 1.55903 28.6785
      vertex -1.98917 1.32912 28.2257
      vertex -1.83323 1.22492 28.6785
    endloop
  endfacet
  facet normal -0.714674 0.586516 0.381104
    outer loop
      vertex -1.69165 1.69165 28.2257
      vertex -1.98917 1.32912 28.2257
      vertex -1.55903 1.55903 28.6785
    endloop
  endfacet
  facet normal -0.26278 0.491628 -0.83021
    outer loop
      vertex -0.450989 1.08878 25.2952
      vertex -0.881124 1.3187 25.5675
      vertex -0.606929 1.46526 25.5675
    endloop
  endfacet
  facet normal -0.161817 0.533448 -0.83021
    outer loop
      vertex -0.450989 1.08878 25.2952
      vertex -0.606929 1.46526 25.5675
      vertex -0.309409 1.55551 25.5675
    endloop
  endfacet
  facet normal -0.758294 0.622327 -0.194164
    outer loop
      vertex -1.98917 1.32912 26.7743
      vertex -2.06866 1.38224 27.255
      vertex -1.75925 1.75925 27.255
    endloop
  endfacet
  facet normal -0.815375 0.435811 -0.381093
    outer loop
      vertex -2.03697 0.843741 26.3215
      vertex -2.21024 0.915512 26.7743
      vertex -1.98917 1.32912 26.7743
    endloop
  endfacet
  facet normal -0.64369 0.528268 -0.553711
    outer loop
      vertex -1.3665 1.3665 25.914
      vertex -1.83323 1.22492 26.3215
      vertex -1.55903 1.55903 26.3215
    endloop
  endfacet
  facet normal -0.734389 0.39253 -0.553709
    outer loop
      vertex -1.60684 1.07365 25.914
      vertex -2.03697 0.843741 26.3215
      vertex -1.83323 1.22492 26.3215
    endloop
  endfacet
  facet normal -0.0961407 0.976242 0.194186
    outer loop
      vertex 0 2.48796 27.745
      vertex -0.485376 2.44016 27.745
      vertex -0.466724 2.34638 28.2257
    endloop
  endfacet
  facet normal -0.865145 0.462413 -0.194162
    outer loop
      vertex -1.98917 1.32912 26.7743
      vertex -2.21024 0.915512 26.7743
      vertex -2.06866 1.38224 27.255
    endloop
  endfacet
  facet normal -0.865128 0.462434 -0.194187
    outer loop
      vertex -2.21024 0.915512 26.7743
      vertex -2.29858 0.952102 27.255
      vertex -2.06866 1.38224 27.255
    endloop
  endfacet
  facet normal -0.758294 0.622327 0.194164
    outer loop
      vertex -1.75925 1.75925 27.745
      vertex -2.06866 1.38224 27.745
      vertex -1.98917 1.32912 28.2257
    endloop
  endfacet
  facet normal -0.758302 0.622321 0.194154
    outer loop
      vertex -1.75925 1.75925 27.745
      vertex -1.98917 1.32912 28.2257
      vertex -1.69165 1.69165 28.2257
    endloop
  endfacet
  facet normal -0.471407 0.881916 0
    outer loop
      vertex -0.952102 2.29858 27.255
      vertex -1.38224 2.06866 27.745
      vertex -0.952102 2.29858 27.745
    endloop
  endfacet
  facet normal -0.471407 0.881916 0
    outer loop
      vertex -1.38224 2.06866 27.745
      vertex -0.952102 2.29858 27.255
      vertex -1.38224 2.06866 27.255
    endloop
  endfacet
  facet normal -0.622321 0.758302 -0.194154
    outer loop
      vertex -1.69165 1.69165 26.7743
      vertex -1.75925 1.75925 27.255
      vertex -1.32912 1.98917 26.7743
    endloop
  endfacet
  facet normal -0.586516 0.714674 -0.381104
    outer loop
      vertex -1.55903 1.55903 26.3215
      vertex -1.69165 1.69165 26.7743
      vertex -1.32912 1.98917 26.7743
    endloop
  endfacet
  facet normal -0.920087 -0.090624 0.381088
    outer loop
      vertex -2.16244 -0.430136 28.6785
      vertex -2.39235 0 28.2257
      vertex -2.34638 -0.466724 28.2257
    endloop
  endfacet
  facet normal -0.976243 -0.0961551 0.194172
    outer loop
      vertex -2.39235 0 28.2257
      vertex -2.48796 0 27.745
      vertex -2.34638 -0.466724 28.2257
    endloop
  endfacet
  facet normal -0.995186 0.0980062 -6.744e-18
    outer loop
      vertex -2.48796 0 27.255
      vertex -2.44016 0.485376 27.745
      vertex -2.44016 0.485376 27.255
    endloop
  endfacet
  facet normal -0.995186 0.0980062 -6.744e-18
    outer loop
      vertex -2.44016 0.485376 27.745
      vertex -2.48796 0 27.255
      vertex -2.48796 0 27.745
    endloop
  endfacet
  facet normal -0.995186 -0.0980062 6.744e-18
    outer loop
      vertex -2.44016 -0.485376 27.255
      vertex -2.48796 0 27.745
      vertex -2.48796 0 27.255
    endloop
  endfacet
  facet normal -0.995186 -0.0980062 6.744e-18
    outer loop
      vertex -2.48796 0 27.745
      vertex -2.44016 -0.485376 27.255
      vertex -2.44016 -0.485376 27.745
    endloop
  endfacet
  facet normal -0.976242 0.0961407 0.194186
    outer loop
      vertex -2.44016 0.485376 27.745
      vertex -2.48796 0 27.745
      vertex -2.34638 0.466724 28.2257
    endloop
  endfacet
  facet normal -0.976243 0.0961551 0.194172
    outer loop
      vertex -2.34638 0.466724 28.2257
      vertex -2.48796 0 27.745
      vertex -2.39235 0 28.2257
    endloop
  endfacet
  facet normal -0.881916 0.471407 1.57033e-17
    outer loop
      vertex -2.29858 0.952102 27.255
      vertex -2.06866 1.38224 27.745
      vertex -2.06866 1.38224 27.255
    endloop
  endfacet
  facet normal -0.881916 0.471407 1.57033e-17
    outer loop
      vertex -2.06866 1.38224 27.745
      vertex -2.29858 0.952102 27.255
      vertex -2.29858 0.952102 27.745
    endloop
  endfacet
  facet normal -0.195032 -0.0192116 -0.980609
    outer loop
      vertex -0.240334 -0.0478048 25.012
      vertex -0.711767 -0.141579 25.1076
      vertex -0.245043 0 25.012
    endloop
  endfacet
  facet normal -0.297109 0.243831 -0.923186
    outer loop
      vertex -0.513155 0.513155 25.1076
      vertex -0.979879 0.654735 25.2952
      vertex -0.833319 0.833319 25.2952
    endloop
  endfacet
  facet normal -0.625082 -0.334108 -0.705439
    outer loop
      vertex -1.60684 -1.07365 25.914
      vertex -1.78542 -0.739545 25.914
      vertex -1.46526 -0.606929 25.5675
    endloop
  endfacet
  facet normal -0.734388 -0.392533 -0.553707
    outer loop
      vertex -1.60684 -1.07365 25.914
      vertex -2.03697 -0.843741 26.3215
      vertex -1.78542 -0.739545 25.914
    endloop
  endfacet
  facet normal 0.938725 -0.284759 0.194185
    outer loop
      vertex 2.34638 -0.466724 28.2257
      vertex 2.29858 -0.952102 27.745
      vertex 2.44016 -0.485376 27.745
    endloop
  endfacet
  facet normal 0.828694 -0.0816348 0.553716
    outer loop
      vertex 1.93253 0 29.086
      vertex 1.89539 -0.377017 29.086
      vertex 2.16244 -0.430136 28.6785
    endloop
  endfacet
  facet normal 0.828694 0.0816348 0.553716
    outer loop
      vertex 2.16244 0.430136 28.6785
      vertex 1.89539 0.377017 29.086
      vertex 1.93253 0 29.086
    endloop
  endfacet
  facet normal 0.828708 0.0816116 0.553699
    outer loop
      vertex 2.16244 0.430136 28.6785
      vertex 1.93253 0 29.086
      vertex 2.2048 0 28.6785
    endloop
  endfacet
  facet normal 0.95694 -0.290285 1.36339e-17
    outer loop
      vertex 2.29858 -0.952102 27.745
      vertex 2.44016 -0.485376 27.255
      vertex 2.44016 -0.485376 27.745
    endloop
  endfacet
  facet normal 0.95694 -0.290285 1.36339e-17
    outer loop
      vertex 2.44016 -0.485376 27.255
      vertex 2.29858 -0.952102 27.745
      vertex 2.29858 -0.952102 27.255
    endloop
  endfacet
  facet normal 0.528271 -0.643689 0.553709
    outer loop
      vertex 1.3665 -1.3665 29.086
      vertex 1.07365 -1.60684 29.086
      vertex 1.22492 -1.83323 28.6785
    endloop
  endfacet
  facet normal 0.449645 -0.547884 0.705438
    outer loop
      vertex 1.12146 -1.12146 29.4325
      vertex 1.07365 -1.60684 29.086
      vertex 1.3665 -1.3665 29.086
    endloop
  endfacet
  facet normal 0.714674 -0.586516 0.381104
    outer loop
      vertex 1.98917 -1.32912 28.2257
      vertex 1.55903 -1.55903 28.6785
      vertex 1.69165 -1.69165 28.2257
    endloop
  endfacet
  facet normal 0.586516 -0.714674 0.381104
    outer loop
      vertex 1.55903 -1.55903 28.6785
      vertex 1.32912 -1.98917 28.2257
      vertex 1.69165 -1.69165 28.2257
    endloop
  endfacet
  facet normal 0.382328 0.0376488 0.923259
    outer loop
      vertex 1.15585 0.229912 29.7048
      vertex 0.711767 0.141579 29.8923
      vertex 1.17849 0 29.7048
    endloop
  endfacet
  facet normal 0.554776 0.0546301 0.830204
    outer loop
      vertex 1.55551 0.309409 29.4325
      vertex 1.15585 0.229912 29.7048
      vertex 1.17849 0 29.7048
    endloop
  endfacet
  facet normal 0.796856 -0.24172 0.553707
    outer loop
      vertex 1.89539 -0.377017 29.086
      vertex 1.78542 -0.739545 29.086
      vertex 2.03697 -0.843741 28.6785
    endloop
  endfacet
  facet normal 0.554774 -0.0546331 0.830205
    outer loop
      vertex 1.58598 0 29.4325
      vertex 1.17849 0 29.7048
      vertex 1.55551 -0.309409 29.4325
    endloop
  endfacet
  facet normal -0.0569451 0.187727 0.980569
    outer loop
      vertex -0.0478048 0.240334 29.988
      vertex -0.141579 0.711767 29.8923
      vertex -0.0937729 0.22639 29.988
    endloop
  endfacet
  facet normal -0.151645 -0.12445 0.980569
    outer loop
      vertex -0.203745 -0.136138 29.988
      vertex -0.603407 -0.403183 29.8923
      vertex -0.173271 -0.173271 29.988
    endloop
  endfacet
  facet normal 0.161817 0.533448 0.83021
    outer loop
      vertex 0.606929 1.46526 29.4325
      vertex 0.309409 1.55551 29.4325
      vertex 0.450989 1.08878 29.7048
    endloop
  endfacet
  facet normal -0.173009 -0.0924767 0.980569
    outer loop
      vertex -0.22639 -0.0937729 29.988
      vertex -0.603407 -0.403183 29.8923
      vertex -0.203745 -0.136138 29.988
    endloop
  endfacet
  facet normal -0.26278 0.491628 0.83021
    outer loop
      vertex -0.606929 1.46526 29.4325
      vertex -0.881124 1.3187 29.4325
      vertex -0.450989 1.08878 29.7048
    endloop
  endfacet
  facet normal -0.262776 0.491634 0.830208
    outer loop
      vertex -0.450989 1.08878 29.7048
      vertex -0.881124 1.3187 29.4325
      vertex -0.654735 0.979879 29.7048
    endloop
  endfacet
  facet normal 0.0906102 0.920083 0.381099
    outer loop
      vertex 0 2.39235 28.2257
      vertex 0 2.2048 28.6785
      vertex 0.430136 2.16244 28.6785
    endloop
  endfacet
  facet normal 0.44964 0.547885 0.70544
    outer loop
      vertex 1.07365 1.60684 29.086
      vertex 0.881124 1.3187 29.4325
      vertex 1.12146 1.12146 29.4325
    endloop
  endfacet
  facet normal 0.334111 0.625079 0.705441
    outer loop
      vertex 1.07365 1.60684 29.086
      vertex 0.606929 1.46526 29.4325
      vertex 0.881124 1.3187 29.4325
    endloop
  endfacet
  facet normal -0.367632 0.111532 0.923259
    outer loop
      vertex -1.08878 0.450989 29.7048
      vertex -1.15585 0.229912 29.7048
      vertex -0.711767 0.141579 29.8923
    endloop
  endfacet
  facet normal -0.533451 0.161838 0.830204
    outer loop
      vertex -1.08878 0.450989 29.7048
      vertex -1.55551 0.309409 29.4325
      vertex -1.15585 0.229912 29.7048
    endloop
  endfacet
  facet normal -0.0376554 0.38233 0.923258
    outer loop
      vertex 0 1.17849 29.7048
      vertex -0.141579 0.711767 29.8923
      vertex 0 0.725711 29.8923
    endloop
  endfacet
  facet normal 0.0924767 -0.173009 0.980569
    outer loop
      vertex 0.136138 -0.203745 29.988
      vertex 0.0937729 -0.22639 29.988
      vertex 0.403183 -0.603407 29.8923
    endloop
  endfacet
  facet normal -0.195228 -0.0192309 0.980569
    outer loop
      vertex -0.245043 0 29.988
      vertex -0.711767 -0.141579 29.8923
      vertex -0.240334 -0.0478048 29.988
    endloop
  endfacet
  facet normal -0.884726 0.268388 0.381087
    outer loop
      vertex -2.03697 0.843741 28.6785
      vertex -2.34638 0.466724 28.2257
      vertex -2.16244 0.430136 28.6785
    endloop
  endfacet
  facet normal -0.828694 0.0816348 0.553716
    outer loop
      vertex -1.89539 0.377017 29.086
      vertex -2.16244 0.430136 28.6785
      vertex -1.93253 0 29.086
    endloop
  endfacet
  facet normal -0.0694848 0.705357 0.705438
    outer loop
      vertex 0 1.93253 29.086
      vertex -0.377017 1.89539 29.086
      vertex -0.309409 1.55551 29.4325
    endloop
  endfacet
  facet normal -0.205742 0.678253 0.705438
    outer loop
      vertex -0.309409 1.55551 29.4325
      vertex -0.739545 1.78542 29.086
      vertex -0.606929 1.46526 29.4325
    endloop
  endfacet
  facet normal -0.24372 0.296974 0.923259
    outer loop
      vertex -0.654735 0.979879 29.7048
      vertex -0.833319 0.833319 29.7048
      vertex -0.513155 0.513155 29.8923
    endloop
  endfacet
  facet normal -0.0924752 0.17301 0.980569
    outer loop
      vertex -0.277718 0.670469 29.8923
      vertex -0.403183 0.603407 29.8923
      vertex -0.0937729 0.22639 29.988
    endloop
  endfacet
  facet normal -0.181097 0.338819 0.923258
    outer loop
      vertex -0.450989 1.08878 29.7048
      vertex -0.654735 0.979879 29.7048
      vertex -0.403183 0.603407 29.8923
    endloop
  endfacet
  facet normal -0.938725 -0.284759 -0.194185
    outer loop
      vertex -2.29858 -0.952102 27.255
      vertex -2.44016 -0.485376 27.255
      vertex -2.34638 -0.466724 26.7743
    endloop
  endfacet
  facet normal -0.884726 -0.268388 -0.381087
    outer loop
      vertex -2.03697 -0.843741 26.3215
      vertex -2.34638 -0.466724 26.7743
      vertex -2.16244 -0.430136 26.3215
    endloop
  endfacet
  facet normal -0.382502 0.0376659 -0.923187
    outer loop
      vertex -0.711767 0.141579 25.1076
      vertex -1.17849 0 25.2952
      vertex -1.15585 0.229912 25.2952
    endloop
  endfacet
  facet normal -0.976243 -0.0961551 -0.194172
    outer loop
      vertex -2.34638 -0.466724 26.7743
      vertex -2.48796 0 27.255
      vertex -2.39235 0 26.7743
    endloop
  endfacet
  facet normal -0.976242 0.0961407 -0.194186
    outer loop
      vertex -2.34638 0.466724 26.7743
      vertex -2.48796 0 27.255
      vertex -2.44016 0.485376 27.255
    endloop
  endfacet
  facet normal -0.773005 -0.6344 1.08581e-17
    outer loop
      vertex -1.75925 -1.75925 27.255
      vertex -2.06866 -1.38224 27.745
      vertex -2.06866 -1.38224 27.255
    endloop
  endfacet
  facet normal -0.773005 -0.6344 1.08581e-17
    outer loop
      vertex -2.06866 -1.38224 27.745
      vertex -1.75925 -1.75925 27.255
      vertex -1.75925 -1.75925 27.745
    endloop
  endfacet
  facet normal -0.865128 -0.462434 -0.194187
    outer loop
      vertex -2.06866 -1.38224 27.255
      vertex -2.29858 -0.952102 27.255
      vertex -2.21024 -0.915512 26.7743
    endloop
  endfacet
  facet normal -0.622321 -0.758302 -0.194154
    outer loop
      vertex -1.32912 -1.98917 26.7743
      vertex -1.75925 -1.75925 27.255
      vertex -1.69165 -1.69165 26.7743
    endloop
  endfacet
  facet normal -0.435815 -0.815371 -0.381097
    outer loop
      vertex -0.843741 -2.03697 26.3215
      vertex -1.32912 -1.98917 26.7743
      vertex -1.22492 -1.83323 26.3215
    endloop
  endfacet
  facet normal -0.290285 -0.95694 0
    outer loop
      vertex -0.952102 -2.29858 27.255
      vertex -0.485376 -2.44016 27.745
      vertex -0.952102 -2.29858 27.745
    endloop
  endfacet
  facet normal -0.290285 -0.95694 -0
    outer loop
      vertex -0.485376 -2.44016 27.745
      vertex -0.952102 -2.29858 27.255
      vertex -0.485376 -2.44016 27.255
    endloop
  endfacet
  facet normal 0.0906102 -0.920083 -0.381099
    outer loop
      vertex 0.430136 -2.16244 26.3215
      vertex 0 -2.39235 26.7743
      vertex 0 -2.2048 26.3215
    endloop
  endfacet
  facet normal 0.243831 -0.297109 -0.923186
    outer loop
      vertex 0.654735 -0.979879 25.2952
      vertex 0.513155 -0.513155 25.1076
      vertex 0.833319 -0.833319 25.2952
    endloop
  endfacet
  facet normal -0.0568899 0.187538 -0.980609
    outer loop
      vertex -0.0937729 0.22639 25.012
      vertex -0.277718 0.670469 25.1076
      vertex -0.141579 0.711767 25.1076
    endloop
  endfacet
  facet normal -0.392533 -0.734388 -0.553707
    outer loop
      vertex -0.843741 -2.03697 26.3215
      vertex -1.07365 -1.60684 25.914
      vertex -0.739545 -1.78542 25.914
    endloop
  endfacet
  facet normal -0.0694848 -0.705357 -0.705438
    outer loop
      vertex 0 -1.93253 25.914
      vertex -0.377017 -1.89539 25.914
      vertex -0.309409 -1.55551 25.5675
    endloop
  endfacet
  facet normal -0.24173 -0.796848 -0.553715
    outer loop
      vertex -0.430136 -2.16244 26.3215
      vertex -0.843741 -2.03697 26.3215
      vertex -0.377017 -1.89539 25.914
    endloop
  endfacet
  facet normal 0.151492 -0.124326 -0.980609
    outer loop
      vertex 0.513155 -0.513155 25.1076
      vertex 0.173271 -0.173271 25.012
      vertex 0.603407 -0.403183 25.1076
    endloop
  endfacet
  facet normal 0.353647 -0.430917 -0.830207
    outer loop
      vertex 0.881124 -1.3187 25.5675
      vertex 0.654735 -0.979879 25.2952
      vertex 1.12146 -1.12146 25.5675
    endloop
  endfacet
  facet normal -0.353646 -0.430919 -0.830207
    outer loop
      vertex -0.654735 -0.979879 25.2952
      vertex -1.12146 -1.12146 25.5675
      vertex -0.833319 -0.833319 25.2952
    endloop
  endfacet
  facet normal -0.353647 -0.430917 0.830207
    outer loop
      vertex -0.654735 -0.979879 29.7048
      vertex -1.12146 -1.12146 29.4325
      vertex -0.881124 -1.3187 29.4325
    endloop
  endfacet
  facet normal -0.111532 -0.367632 0.923259
    outer loop
      vertex -0.141579 -0.711767 29.8923
      vertex -0.450989 -1.08878 29.7048
      vertex -0.229912 -1.15585 29.7048
    endloop
  endfacet
  facet normal -0.0924752 -0.17301 0.980569
    outer loop
      vertex -0.0937729 -0.22639 29.988
      vertex -0.403183 -0.603407 29.8923
      vertex -0.277718 -0.670469 29.8923
    endloop
  endfacet
  facet normal 0.430917 -0.353647 0.830207
    outer loop
      vertex 1.3187 -0.881124 29.4325
      vertex 0.979879 -0.654735 29.7048
      vertex 1.12146 -1.12146 29.4325
    endloop
  endfacet
  facet normal -0.884726 -0.268388 0.381087
    outer loop
      vertex -2.16244 -0.430136 28.6785
      vertex -2.34638 -0.466724 28.2257
      vertex -2.03697 -0.843741 28.6785
    endloop
  endfacet
  facet normal -0.625082 -0.334108 0.705439
    outer loop
      vertex -1.46526 -0.606929 29.4325
      vertex -1.78542 -0.739545 29.086
      vertex -1.60684 -1.07365 29.086
    endloop
  endfacet
  facet normal -0.268388 -0.884726 0.381087
    outer loop
      vertex -0.430136 -2.16244 28.6785
      vertex -0.843741 -2.03697 28.6785
      vertex -0.466724 -2.34638 28.2257
    endloop
  endfacet
  facet normal -0.392533 -0.734388 0.553707
    outer loop
      vertex -0.739545 -1.78542 29.086
      vertex -1.07365 -1.60684 29.086
      vertex -0.843741 -2.03697 28.6785
    endloop
  endfacet
  facet normal -0.430917 -0.353647 0.830207
    outer loop
      vertex -0.979879 -0.654735 29.7048
      vertex -1.3187 -0.881124 29.4325
      vertex -1.12146 -1.12146 29.4325
    endloop
  endfacet
  facet normal -0.430919 -0.353646 0.830207
    outer loop
      vertex -0.979879 -0.654735 29.7048
      vertex -1.12146 -1.12146 29.4325
      vertex -0.833319 -0.833319 29.7048
    endloop
  endfacet
  facet normal -0.090624 -0.920087 0.381088
    outer loop
      vertex -0.430136 -2.16244 28.6785
      vertex -0.466724 -2.34638 28.2257
      vertex 0 -2.39235 28.2257
    endloop
  endfacet
  facet normal -0.435815 -0.815371 0.381097
    outer loop
      vertex -1.22492 -1.83323 28.6785
      vertex -1.32912 -1.98917 28.2257
      vertex -0.843741 -2.03697 28.6785
    endloop
  endfacet
  facet normal -0.0816348 -0.828694 0.553716
    outer loop
      vertex -0.377017 -1.89539 29.086
      vertex -0.430136 -2.16244 28.6785
      vertex 0 -1.93253 29.086
    endloop
  endfacet
  facet normal 0.0376488 -0.382328 0.923259
    outer loop
      vertex 0.141579 -0.711767 29.8923
      vertex 0 -1.17849 29.7048
      vertex 0.229912 -1.15585 29.7048
    endloop
  endfacet
  facet normal 0.181101 -0.338818 0.923258
    outer loop
      vertex 0.403183 -0.603407 29.8923
      vertex 0.277718 -0.670469 29.8923
      vertex 0.450989 -1.08878 29.7048
    endloop
  endfacet
  facet normal 0.181097 -0.338819 0.923258
    outer loop
      vertex 0.654735 -0.979879 29.7048
      vertex 0.403183 -0.603407 29.8923
      vertex 0.450989 -1.08878 29.7048
    endloop
  endfacet
  facet normal 0.491634 -0.262776 0.830208
    outer loop
      vertex 1.08878 -0.450989 29.7048
      vertex 0.979879 -0.654735 29.7048
      vertex 1.3187 -0.881124 29.4325
    endloop
  endfacet
  facet normal 0.392533 -0.734388 0.553707
    outer loop
      vertex 1.07365 -1.60684 29.086
      vertex 0.739545 -1.78542 29.086
      vertex 0.843741 -2.03697 28.6785
    endloop
  endfacet
  facet normal 0.0961551 -0.976243 -0.194172
    outer loop
      vertex 0.466724 -2.34638 26.7743
      vertex 0 -2.48796 27.255
      vertex 0 -2.39235 26.7743
    endloop
  endfacet
  facet normal 0.090624 -0.920087 -0.381088
    outer loop
      vertex 0.466724 -2.34638 26.7743
      vertex 0 -2.39235 26.7743
      vertex 0.430136 -2.16244 26.3215
    endloop
  endfacet
  facet normal 0.161838 -0.533451 0.830204
    outer loop
      vertex 0.450989 -1.08878 29.7048
      vertex 0.229912 -1.15585 29.7048
      vertex 0.309409 -1.55551 29.4325
    endloop
  endfacet
  facet normal -0.161817 -0.533448 0.83021
    outer loop
      vertex -0.450989 -1.08878 29.7048
      vertex -0.606929 -1.46526 29.4325
      vertex -0.309409 -1.55551 29.4325
    endloop
  endfacet
  facet normal -0.865145 -0.462413 0.194162
    outer loop
      vertex -1.98917 -1.32912 28.2257
      vertex -2.21024 -0.915512 28.2257
      vertex -2.06866 -1.38224 27.745
    endloop
  endfacet
  facet normal -0.758294 -0.622327 0.194164
    outer loop
      vertex -1.98917 -1.32912 28.2257
      vertex -2.06866 -1.38224 27.745
      vertex -1.75925 -1.75925 27.745
    endloop
  endfacet
  facet normal 0.773005 -0.6344 -1.08581e-17
    outer loop
      vertex 1.75925 -1.75925 27.745
      vertex 2.06866 -1.38224 27.255
      vertex 2.06866 -1.38224 27.745
    endloop
  endfacet
  facet normal 0.773005 -0.6344 -1.08581e-17
    outer loop
      vertex 2.06866 -1.38224 27.255
      vertex 1.75925 -1.75925 27.745
      vertex 1.75925 -1.75925 27.255
    endloop
  endfacet
  facet normal 0.449645 -0.547884 -0.705438
    outer loop
      vertex 1.3665 -1.3665 25.914
      vertex 1.07365 -1.60684 25.914
      vertex 1.12146 -1.12146 25.5675
    endloop
  endfacet
  facet normal 0.734389 -0.39253 -0.553709
    outer loop
      vertex 1.83323 -1.22492 26.3215
      vertex 1.60684 -1.07365 25.914
      vertex 2.03697 -0.843741 26.3215
    endloop
  endfacet
  facet normal 0.44964 -0.547885 -0.70544
    outer loop
      vertex 1.07365 -1.60684 25.914
      vertex 0.881124 -1.3187 25.5675
      vertex 1.12146 -1.12146 25.5675
    endloop
  endfacet
  facet normal 0.586522 -0.714672 -0.381099
    outer loop
      vertex 1.32912 -1.98917 26.7743
      vertex 1.22492 -1.83323 26.3215
      vertex 1.55903 -1.55903 26.3215
    endloop
  endfacet
  facet normal 0.95694 0.290285 -1.36339e-17
    outer loop
      vertex 2.44016 0.485376 27.745
      vertex 2.29858 0.952102 27.255
      vertex 2.29858 0.952102 27.745
    endloop
  endfacet
  facet normal 0.95694 0.290285 -1.36339e-17
    outer loop
      vertex 2.29858 0.952102 27.255
      vertex 2.44016 0.485376 27.745
      vertex 2.44016 0.485376 27.255
    endloop
  endfacet
  facet normal 0.938723 0.284762 -0.194188
    outer loop
      vertex 2.34638 0.466724 26.7743
      vertex 2.21024 0.915512 26.7743
      vertex 2.29858 0.952102 27.255
    endloop
  endfacet
  facet normal 0.828708 -0.0816116 -0.553699
    outer loop
      vertex 2.16244 -0.430136 26.3215
      vertex 1.93253 0 25.914
      vertex 2.2048 0 26.3215
    endloop
  endfacet
  facet normal 0.828694 0.0816348 -0.553716
    outer loop
      vertex 1.93253 0 25.914
      vertex 1.89539 0.377017 25.914
      vertex 2.16244 0.430136 26.3215
    endloop
  endfacet
  facet normal 0.643689 0.528271 -0.553709
    outer loop
      vertex 1.60684 1.07365 25.914
      vertex 1.3665 1.3665 25.914
      vertex 1.83323 1.22492 26.3215
    endloop
  endfacet
  facet normal 0.734389 0.39253 -0.553709
    outer loop
      vertex 2.03697 0.843741 26.3215
      vertex 1.60684 1.07365 25.914
      vertex 1.83323 1.22492 26.3215
    endloop
  endfacet
  facet normal -0.528268 0.64369 0.553711
    outer loop
      vertex -1.22492 1.83323 28.6785
      vertex -1.55903 1.55903 28.6785
      vertex -1.3665 1.3665 29.086
    endloop
  endfacet
  facet normal 0.24172 0.796856 0.553707
    outer loop
      vertex 0.843741 2.03697 28.6785
      vertex 0.377017 1.89539 29.086
      vertex 0.739545 1.78542 29.086
    endloop
  endfacet
  facet normal -0.284762 0.938723 0.194188
    outer loop
      vertex -0.466724 2.34638 28.2257
      vertex -0.952102 2.29858 27.745
      vertex -0.915512 2.21024 28.2257
    endloop
  endfacet
  facet normal -0.268382 0.884726 0.381092
    outer loop
      vertex -0.466724 2.34638 28.2257
      vertex -0.915512 2.21024 28.2257
      vertex -0.843741 2.03697 28.6785
    endloop
  endfacet
  facet normal 0.090624 0.920087 0.381088
    outer loop
      vertex 0.466724 2.34638 28.2257
      vertex 0 2.39235 28.2257
      vertex 0.430136 2.16244 28.6785
    endloop
  endfacet
  facet normal 0.0961551 0.976243 0.194172
    outer loop
      vertex 0 2.48796 27.745
      vertex 0 2.39235 28.2257
      vertex 0.466724 2.34638 28.2257
    endloop
  endfacet
  facet normal 0.0961551 0.976243 -0.194172
    outer loop
      vertex 0.466724 2.34638 26.7743
      vertex 0 2.39235 26.7743
      vertex 0 2.48796 27.255
    endloop
  endfacet
  facet normal -0.090624 0.920087 -0.381088
    outer loop
      vertex -0.430136 2.16244 26.3215
      vertex -0.466724 2.34638 26.7743
      vertex 0 2.39235 26.7743
    endloop
  endfacet
  facet normal 0.622327 0.758294 0.194164
    outer loop
      vertex 1.38224 2.06866 27.745
      vertex 1.32912 1.98917 28.2257
      vertex 1.75925 1.75925 27.745
    endloop
  endfacet
  facet normal 0.622321 0.758302 0.194154
    outer loop
      vertex 1.75925 1.75925 27.745
      vertex 1.32912 1.98917 28.2257
      vertex 1.69165 1.69165 28.2257
    endloop
  endfacet
  facet normal 0.586516 0.714674 -0.381104
    outer loop
      vertex 1.55903 1.55903 26.3215
      vertex 1.32912 1.98917 26.7743
      vertex 1.69165 1.69165 26.7743
    endloop
  endfacet
  facet normal 0.586522 0.714672 -0.381099
    outer loop
      vertex 1.55903 1.55903 26.3215
      vertex 1.22492 1.83323 26.3215
      vertex 1.32912 1.98917 26.7743
    endloop
  endfacet
  facet normal -0.39253 0.734389 -0.553709
    outer loop
      vertex -1.07365 1.60684 25.914
      vertex -1.22492 1.83323 26.3215
      vertex -0.843741 2.03697 26.3215
    endloop
  endfacet
  facet normal -0.284759 0.938725 -0.194185
    outer loop
      vertex -0.466724 2.34638 26.7743
      vertex -0.952102 2.29858 27.255
      vertex -0.485376 2.44016 27.255
    endloop
  endfacet
  facet normal -0.0694613 0.705348 -0.70545
    outer loop
      vertex 0 1.58598 25.5675
      vertex -0.309409 1.55551 25.5675
      vertex 0 1.93253 25.914
    endloop
  endfacet
  facet normal -0.0906102 0.920083 -0.381099
    outer loop
      vertex 0 2.2048 26.3215
      vertex -0.430136 2.16244 26.3215
      vertex 0 2.39235 26.7743
    endloop
  endfacet
  facet normal -0.392533 0.734388 -0.553707
    outer loop
      vertex -0.739545 1.78542 25.914
      vertex -1.07365 1.60684 25.914
      vertex -0.843741 2.03697 26.3215
    endloop
  endfacet
  facet normal -0.205742 0.678253 -0.705438
    outer loop
      vertex -0.606929 1.46526 25.5675
      vertex -0.739545 1.78542 25.914
      vertex -0.309409 1.55551 25.5675
    endloop
  endfacet
  facet normal 0.268388 0.884726 0.381087
    outer loop
      vertex 0.466724 2.34638 28.2257
      vertex 0.430136 2.16244 28.6785
      vertex 0.843741 2.03697 28.6785
    endloop
  endfacet
  facet normal 0.0546331 0.554774 0.830205
    outer loop
      vertex 0 1.58598 29.4325
      vertex 0 1.17849 29.7048
      vertex 0.309409 1.55551 29.4325
    endloop
  endfacet
  facet normal 0.815371 0.435815 0.381097
    outer loop
      vertex 1.98917 1.32912 28.2257
      vertex 1.83323 1.22492 28.6785
      vertex 2.03697 0.843741 28.6785
    endloop
  endfacet
  facet normal 0.528268 0.64369 0.553711
    outer loop
      vertex 1.55903 1.55903 28.6785
      vertex 1.22492 1.83323 28.6785
      vertex 1.3665 1.3665 29.086
    endloop
  endfacet
  facet normal 0.714672 0.586522 0.381099
    outer loop
      vertex 1.98917 1.32912 28.2257
      vertex 1.55903 1.55903 28.6785
      vertex 1.83323 1.22492 28.6785
    endloop
  endfacet
  facet normal 0.64369 0.528268 0.553711
    outer loop
      vertex 1.55903 1.55903 28.6785
      vertex 1.3665 1.3665 29.086
      vertex 1.83323 1.22492 28.6785
    endloop
  endfacet
  facet normal -0.243831 0.297109 -0.923186
    outer loop
      vertex -0.513155 0.513155 25.1076
      vertex -0.833319 0.833319 25.2952
      vertex -0.654735 0.979879 25.2952
    endloop
  endfacet
  facet normal -0.0923823 -0.172836 -0.980609
    outer loop
      vertex -0.277718 -0.670469 25.1076
      vertex -0.403183 -0.603407 25.1076
      vertex -0.0937729 -0.22639 25.012
    endloop
  endfacet
  facet normal 0.0376659 0.382502 -0.923187
    outer loop
      vertex 0.141579 0.711767 25.1076
      vertex 0 1.17849 25.2952
      vertex 0.229912 1.15585 25.2952
    endloop
  endfacet
  facet normal 0.0694613 0.705348 -0.70545
    outer loop
      vertex 0.309409 1.55551 25.5675
      vertex 0 1.58598 25.5675
      vertex 0 1.93253 25.914
    endloop
  endfacet
  facet normal 0.26278 0.491628 -0.83021
    outer loop
      vertex 0.881124 1.3187 25.5675
      vertex 0.450989 1.08878 25.2952
      vertex 0.606929 1.46526 25.5675
    endloop
  endfacet
  facet normal 0.528271 0.643689 -0.553709
    outer loop
      vertex 1.3665 1.3665 25.914
      vertex 1.07365 1.60684 25.914
      vertex 1.22492 1.83323 26.3215
    endloop
  endfacet
  facet normal 0.0694848 0.705357 -0.705438
    outer loop
      vertex 0.309409 1.55551 25.5675
      vertex 0 1.93253 25.914
      vertex 0.377017 1.89539 25.914
    endloop
  endfacet
  facet normal 0.44964 0.547885 -0.70544
    outer loop
      vertex 1.12146 1.12146 25.5675
      vertex 0.881124 1.3187 25.5675
      vertex 1.07365 1.60684 25.914
    endloop
  endfacet
  facet normal 0.392533 0.734388 -0.553707
    outer loop
      vertex 1.07365 1.60684 25.914
      vertex 0.739545 1.78542 25.914
      vertex 0.843741 2.03697 26.3215
    endloop
  endfacet
  facet normal 0.205742 0.678253 -0.705438
    outer loop
      vertex 0.606929 1.46526 25.5675
      vertex 0.309409 1.55551 25.5675
      vertex 0.739545 1.78542 25.914
    endloop
  endfacet
  facet normal -0.0568879 0.187538 -0.980609
    outer loop
      vertex -0.0937729 0.22639 25.012
      vertex -0.141579 0.711767 25.1076
      vertex -0.0478048 0.240334 25.012
    endloop
  endfacet
  facet normal 0.353647 0.430917 -0.830207
    outer loop
      vertex 1.12146 1.12146 25.5675
      vertex 0.654735 0.979879 25.2952
      vertex 0.881124 1.3187 25.5675
    endloop
  endfacet
  facet normal 0.353646 0.430919 -0.830207
    outer loop
      vertex 0.833319 0.833319 25.2952
      vertex 0.654735 0.979879 25.2952
      vertex 1.12146 1.12146 25.5675
    endloop
  endfacet
  facet normal 0.0192116 0.195032 -0.980609
    outer loop
      vertex 0.0478048 0.240334 25.012
      vertex 0 0.245043 25.012
      vertex 0.141579 0.711767 25.1076
    endloop
  endfacet
  facet normal -0.0568879 -0.187538 -0.980609
    outer loop
      vertex -0.0478048 -0.240334 25.012
      vertex -0.141579 -0.711767 25.1076
      vertex -0.0937729 -0.22639 25.012
    endloop
  endfacet
  facet normal 0.243832 -0.297109 -0.923186
    outer loop
      vertex 0.654735 -0.979879 25.2952
      vertex 0.403183 -0.603407 25.1076
      vertex 0.513155 -0.513155 25.1076
    endloop
  endfacet
  facet normal 0.297109 -0.243832 -0.923186
    outer loop
      vertex 0.979879 -0.654735 25.2952
      vertex 0.513155 -0.513155 25.1076
      vertex 0.603407 -0.403183 25.1076
    endloop
  endfacet
  facet normal 0.884726 -0.268382 0.381092
    outer loop
      vertex 2.34638 -0.466724 28.2257
      vertex 2.03697 -0.843741 28.6785
      vertex 2.21024 -0.915512 28.2257
    endloop
  endfacet
  facet normal 0.884726 -0.268388 0.381087
    outer loop
      vertex 2.16244 -0.430136 28.6785
      vertex 2.03697 -0.843741 28.6785
      vertex 2.34638 -0.466724 28.2257
    endloop
  endfacet
  facet normal 0.920087 -0.090624 -0.381088
    outer loop
      vertex 2.34638 -0.466724 26.7743
      vertex 2.16244 -0.430136 26.3215
      vertex 2.39235 0 26.7743
    endloop
  endfacet
  facet normal 0.884726 -0.268388 -0.381087
    outer loop
      vertex 2.34638 -0.466724 26.7743
      vertex 2.03697 -0.843741 26.3215
      vertex 2.16244 -0.430136 26.3215
    endloop
  endfacet
  facet normal 0.865145 -0.462413 -0.194162
    outer loop
      vertex 2.06866 -1.38224 27.255
      vertex 1.98917 -1.32912 26.7743
      vertex 2.21024 -0.915512 26.7743
    endloop
  endfacet
  facet normal 0.815375 -0.435811 -0.381093
    outer loop
      vertex 2.21024 -0.915512 26.7743
      vertex 1.98917 -1.32912 26.7743
      vertex 2.03697 -0.843741 26.3215
    endloop
  endfacet
  facet normal -0.815375 0.435811 0.381093
    outer loop
      vertex -1.98917 1.32912 28.2257
      vertex -2.21024 0.915512 28.2257
      vertex -2.03697 0.843741 28.6785
    endloop
  endfacet
  facet normal -0.334111 0.625079 0.705441
    outer loop
      vertex -0.606929 1.46526 29.4325
      vertex -1.07365 1.60684 29.086
      vertex -0.881124 1.3187 29.4325
    endloop
  endfacet
  facet normal -0.828708 0.0816116 0.553699
    outer loop
      vertex -2.16244 0.430136 28.6785
      vertex -2.2048 0 28.6785
      vertex -1.93253 0 29.086
    endloop
  endfacet
  facet normal -0.705357 0.0694848 0.705438
    outer loop
      vertex -1.89539 0.377017 29.086
      vertex -1.93253 0 29.086
      vertex -1.55551 0.309409 29.4325
    endloop
  endfacet
  facet normal -0.449645 0.547884 0.705438
    outer loop
      vertex -1.07365 1.60684 29.086
      vertex -1.3665 1.3665 29.086
      vertex -1.12146 1.12146 29.4325
    endloop
  endfacet
  facet normal -0.734389 0.39253 0.553709
    outer loop
      vertex -1.83323 1.22492 28.6785
      vertex -2.03697 0.843741 28.6785
      vertex -1.60684 1.07365 29.086
    endloop
  endfacet
  facet normal -0.334108 0.625082 0.705439
    outer loop
      vertex -0.739545 1.78542 29.086
      vertex -1.07365 1.60684 29.086
      vertex -0.606929 1.46526 29.4325
    endloop
  endfacet
  facet normal -0.392533 0.734388 0.553707
    outer loop
      vertex -0.843741 2.03697 28.6785
      vertex -1.07365 1.60684 29.086
      vertex -0.739545 1.78542 29.086
    endloop
  endfacet
  facet normal -0.547884 0.449645 -0.705438
    outer loop
      vertex -1.12146 1.12146 25.5675
      vertex -1.60684 1.07365 25.914
      vertex -1.3665 1.3665 25.914
    endloop
  endfacet
  facet normal -0.449645 0.547884 -0.705438
    outer loop
      vertex -1.12146 1.12146 25.5675
      vertex -1.3665 1.3665 25.914
      vertex -1.07365 1.60684 25.914
    endloop
  endfacet
  facet normal 0.0546331 0.554774 -0.830205
    outer loop
      vertex 0.309409 1.55551 25.5675
      vertex 0 1.17849 25.2952
      vertex 0 1.58598 25.5675
    endloop
  endfacet
  facet normal 0.0546301 0.554776 -0.830204
    outer loop
      vertex 0.229912 1.15585 25.2952
      vertex 0 1.17849 25.2952
      vertex 0.309409 1.55551 25.5675
    endloop
  endfacet
  facet normal -0.938725 0.284759 -0.194185
    outer loop
      vertex -2.34638 0.466724 26.7743
      vertex -2.44016 0.485376 27.255
      vertex -2.29858 0.952102 27.255
    endloop
  endfacet
  facet normal -0.920083 -0.0906102 -0.381099
    outer loop
      vertex -2.16244 -0.430136 26.3215
      vertex -2.39235 0 26.7743
      vertex -2.2048 0 26.3215
    endloop
  endfacet
  facet normal -0.491634 0.262776 -0.830208
    outer loop
      vertex -1.08878 0.450989 25.2952
      vertex -1.3187 0.881124 25.5675
      vertex -0.979879 0.654735 25.2952
    endloop
  endfacet
  facet normal -0.625082 0.334108 -0.705439
    outer loop
      vertex -1.46526 0.606929 25.5675
      vertex -1.78542 0.739545 25.914
      vertex -1.60684 1.07365 25.914
    endloop
  endfacet
  facet normal -0.491628 0.26278 -0.83021
    outer loop
      vertex -1.08878 0.450989 25.2952
      vertex -1.46526 0.606929 25.5675
      vertex -1.3187 0.881124 25.5675
    endloop
  endfacet
  facet normal -0.338973 0.181179 -0.923186
    outer loop
      vertex -0.603407 0.403183 25.1076
      vertex -1.08878 0.450989 25.2952
      vertex -0.979879 0.654735 25.2952
    endloop
  endfacet
  facet normal -0.547885 -0.44964 -0.70544
    outer loop
      vertex -1.12146 -1.12146 25.5675
      vertex -1.60684 -1.07365 25.914
      vertex -1.3187 -0.881124 25.5675
    endloop
  endfacet
  facet normal -0.625079 -0.334111 -0.705441
    outer loop
      vertex -1.3187 -0.881124 25.5675
      vertex -1.60684 -1.07365 25.914
      vertex -1.46526 -0.606929 25.5675
    endloop
  endfacet
  facet normal -0.796856 -0.24172 -0.553707
    outer loop
      vertex -1.78542 -0.739545 25.914
      vertex -2.03697 -0.843741 26.3215
      vertex -1.89539 -0.377017 25.914
    endloop
  endfacet
  facet normal -0.678253 -0.205742 -0.705438
    outer loop
      vertex -1.46526 -0.606929 25.5675
      vertex -1.78542 -0.739545 25.914
      vertex -1.55551 -0.309409 25.5675
    endloop
  endfacet
  facet normal 0.796856 0.24172 0.553707
    outer loop
      vertex 2.03697 0.843741 28.6785
      vertex 1.78542 0.739545 29.086
      vertex 1.89539 0.377017 29.086
    endloop
  endfacet
  facet normal 0.678253 0.205743 0.705438
    outer loop
      vertex 1.78542 0.739545 29.086
      vertex 1.55551 0.309409 29.4325
      vertex 1.89539 0.377017 29.086
    endloop
  endfacet
  facet normal 0.64369 -0.528268 0.553711
    outer loop
      vertex 1.83323 -1.22492 28.6785
      vertex 1.3665 -1.3665 29.086
      vertex 1.55903 -1.55903 28.6785
    endloop
  endfacet
  facet normal 0.528268 -0.64369 0.553711
    outer loop
      vertex 1.3665 -1.3665 29.086
      vertex 1.22492 -1.83323 28.6785
      vertex 1.55903 -1.55903 28.6785
    endloop
  endfacet
  facet normal 0.705348 -0.0694613 0.70545
    outer loop
      vertex 1.58598 0 29.4325
      vertex 1.55551 -0.309409 29.4325
      vertex 1.93253 0 29.086
    endloop
  endfacet
  facet normal 0.705348 0.0694613 0.70545
    outer loop
      vertex 1.93253 0 29.086
      vertex 1.55551 0.309409 29.4325
      vertex 1.58598 0 29.4325
    endloop
  endfacet
  facet normal 0.705357 -0.0694848 0.705438
    outer loop
      vertex 1.93253 0 29.086
      vertex 1.55551 -0.309409 29.4325
      vertex 1.89539 -0.377017 29.086
    endloop
  endfacet
  facet normal 0.678253 -0.205743 0.705438
    outer loop
      vertex 1.89539 -0.377017 29.086
      vertex 1.55551 -0.309409 29.4325
      vertex 1.78542 -0.739545 29.086
    endloop
  endfacet
  facet normal -0.195228 0.0192309 0.980569
    outer loop
      vertex -0.240334 0.0478048 29.988
      vertex -0.711767 0.141579 29.8923
      vertex -0.245043 0 29.988
    endloop
  endfacet
  facet normal -0.195229 0.019228 0.980569
    outer loop
      vertex -0.711767 0.141579 29.8923
      vertex -0.725711 0 29.8923
      vertex -0.245043 0 29.988
    endloop
  endfacet
  facet normal 0.338818 -0.181101 0.923258
    outer loop
      vertex 0.670469 -0.277718 29.8923
      vertex 0.603407 -0.403183 29.8923
      vertex 1.08878 -0.450989 29.7048
    endloop
  endfacet
  facet normal -0.0192309 0.195228 0.980569
    outer loop
      vertex 0 0.245043 29.988
      vertex -0.141579 0.711767 29.8923
      vertex -0.0478048 0.240334 29.988
    endloop
  endfacet
  facet normal 0.334108 0.625082 0.705439
    outer loop
      vertex 0.739545 1.78542 29.086
      vertex 0.606929 1.46526 29.4325
      vertex 1.07365 1.60684 29.086
    endloop
  endfacet
  facet normal 0.435811 0.815375 0.381093
    outer loop
      vertex 0.915512 2.21024 28.2257
      vertex 0.843741 2.03697 28.6785
      vertex 1.32912 1.98917 28.2257
    endloop
  endfacet
  facet normal 0.462434 0.865128 0.194187
    outer loop
      vertex 0.952102 2.29858 27.745
      vertex 0.915512 2.21024 28.2257
      vertex 1.38224 2.06866 27.745
    endloop
  endfacet
  facet normal 0.284759 0.938725 0.194185
    outer loop
      vertex 0.485376 2.44016 27.745
      vertex 0.466724 2.34638 28.2257
      vertex 0.952102 2.29858 27.745
    endloop
  endfacet
  facet normal 0.547885 0.44964 0.70544
    outer loop
      vertex 1.60684 1.07365 29.086
      vertex 1.12146 1.12146 29.4325
      vertex 1.3187 0.881124 29.4325
    endloop
  endfacet
  facet normal 0.430917 0.353647 0.830207
    outer loop
      vertex 1.12146 1.12146 29.4325
      vertex 0.979879 0.654735 29.7048
      vertex 1.3187 0.881124 29.4325
    endloop
  endfacet
  facet normal 0.0546301 0.554776 0.830204
    outer loop
      vertex 0.309409 1.55551 29.4325
      vertex 0 1.17849 29.7048
      vertex 0.229912 1.15585 29.7048
    endloop
  endfacet
  facet normal 0.111524 0.367638 0.923258
    outer loop
      vertex 0.450989 1.08878 29.7048
      vertex 0.141579 0.711767 29.8923
      vertex 0.277718 0.670469 29.8923
    endloop
  endfacet
  facet normal -0.338818 0.181101 0.923258
    outer loop
      vertex -0.603407 0.403183 29.8923
      vertex -1.08878 0.450989 29.7048
      vertex -0.670469 0.277718 29.8923
    endloop
  endfacet
  facet normal -0.367638 0.111524 0.923258
    outer loop
      vertex -0.670469 0.277718 29.8923
      vertex -1.08878 0.450989 29.7048
      vertex -0.711767 0.141579 29.8923
    endloop
  endfacet
  facet normal -0.554776 0.0546301 0.830204
    outer loop
      vertex -1.15585 0.229912 29.7048
      vertex -1.55551 0.309409 29.4325
      vertex -1.17849 0 29.7048
    endloop
  endfacet
  facet normal -0.382328 0.0376488 0.923259
    outer loop
      vertex -1.15585 0.229912 29.7048
      vertex -1.17849 0 29.7048
      vertex -0.711767 0.141579 29.8923
    endloop
  endfacet
  facet normal 0.0376554 0.38233 0.923258
    outer loop
      vertex 0 1.17849 29.7048
      vertex 0 0.725711 29.8923
      vertex 0.141579 0.711767 29.8923
    endloop
  endfacet
  facet normal 0.0816116 0.828708 0.553699
    outer loop
      vertex 0 2.2048 28.6785
      vertex 0 1.93253 29.086
      vertex 0.430136 2.16244 28.6785
    endloop
  endfacet
  facet normal -0.24173 0.796848 0.553715
    outer loop
      vertex -0.430136 2.16244 28.6785
      vertex -0.843741 2.03697 28.6785
      vertex -0.377017 1.89539 29.086
    endloop
  endfacet
  facet normal 0.367638 0.111524 0.923258
    outer loop
      vertex 1.08878 0.450989 29.7048
      vertex 0.670469 0.277718 29.8923
      vertex 0.711767 0.141579 29.8923
    endloop
  endfacet
  facet normal 0.205742 0.678253 0.705438
    outer loop
      vertex 0.739545 1.78542 29.086
      vertex 0.309409 1.55551 29.4325
      vertex 0.606929 1.46526 29.4325
    endloop
  endfacet
  facet normal -0.0569471 -0.187726 0.980569
    outer loop
      vertex -0.0937729 -0.22639 29.988
      vertex -0.277718 -0.670469 29.8923
      vertex -0.141579 -0.711767 29.8923
    endloop
  endfacet
  facet normal -0.243721 0.296974 0.923259
    outer loop
      vertex -0.403183 0.603407 29.8923
      vertex -0.654735 0.979879 29.7048
      vertex -0.513155 0.513155 29.8923
    endloop
  endfacet
  facet normal -0.0569471 0.187726 0.980569
    outer loop
      vertex -0.141579 0.711767 29.8923
      vertex -0.277718 0.670469 29.8923
      vertex -0.0937729 0.22639 29.988
    endloop
  endfacet
  facet normal -0.111524 0.367638 0.923258
    outer loop
      vertex -0.141579 0.711767 29.8923
      vertex -0.450989 1.08878 29.7048
      vertex -0.277718 0.670469 29.8923
    endloop
  endfacet
  facet normal -0.881916 -0.471407 -1.57033e-17
    outer loop
      vertex -2.06866 -1.38224 27.255
      vertex -2.29858 -0.952102 27.745
      vertex -2.29858 -0.952102 27.255
    endloop
  endfacet
  facet normal -0.881916 -0.471407 -1.57033e-17
    outer loop
      vertex -2.29858 -0.952102 27.745
      vertex -2.06866 -1.38224 27.255
      vertex -2.06866 -1.38224 27.745
    endloop
  endfacet
  facet normal -0.95694 -0.290285 -1.36339e-17
    outer loop
      vertex -2.29858 -0.952102 27.255
      vertex -2.44016 -0.485376 27.745
      vertex -2.44016 -0.485376 27.255
    endloop
  endfacet
  facet normal -0.95694 -0.290285 -1.36339e-17
    outer loop
      vertex -2.44016 -0.485376 27.745
      vertex -2.29858 -0.952102 27.255
      vertex -2.29858 -0.952102 27.745
    endloop
  endfacet
  facet normal -0.884726 0.268382 -0.381092
    outer loop
      vertex -2.03697 0.843741 26.3215
      vertex -2.34638 0.466724 26.7743
      vertex -2.21024 0.915512 26.7743
    endloop
  endfacet
  facet normal -0.796856 0.24172 -0.553707
    outer loop
      vertex -1.89539 0.377017 25.914
      vertex -2.03697 0.843741 26.3215
      vertex -1.78542 0.739545 25.914
    endloop
  endfacet
  facet normal -0.554774 -0.0546331 -0.830205
    outer loop
      vertex -1.55551 -0.309409 25.5675
      vertex -1.58598 0 25.5675
      vertex -1.17849 0 25.2952
    endloop
  endfacet
  facet normal -0.533448 -0.161817 -0.83021
    outer loop
      vertex -1.46526 -0.606929 25.5675
      vertex -1.55551 -0.309409 25.5675
      vertex -1.08878 -0.450989 25.2952
    endloop
  endfacet
  facet normal -0.758302 -0.622321 -0.194154
    outer loop
      vertex -1.75925 -1.75925 27.255
      vertex -1.98917 -1.32912 26.7743
      vertex -1.69165 -1.69165 26.7743
    endloop
  endfacet
  facet normal -0.758294 -0.622327 -0.194164
    outer loop
      vertex -1.75925 -1.75925 27.255
      vertex -2.06866 -1.38224 27.255
      vertex -1.98917 -1.32912 26.7743
    endloop
  endfacet
  facet normal -0.528271 -0.643689 -0.553709
    outer loop
      vertex -1.22492 -1.83323 26.3215
      vertex -1.3665 -1.3665 25.914
      vertex -1.07365 -1.60684 25.914
    endloop
  endfacet
  facet normal -0.39253 -0.734389 -0.553709
    outer loop
      vertex -0.843741 -2.03697 26.3215
      vertex -1.22492 -1.83323 26.3215
      vertex -1.07365 -1.60684 25.914
    endloop
  endfacet
  facet normal 0.334111 -0.625079 -0.705441
    outer loop
      vertex 1.07365 -1.60684 25.914
      vertex 0.606929 -1.46526 25.5675
      vertex 0.881124 -1.3187 25.5675
    endloop
  endfacet
  facet normal 0.24173 -0.796848 -0.553715
    outer loop
      vertex 0.430136 -2.16244 26.3215
      vertex 0.377017 -1.89539 25.914
      vertex 0.843741 -2.03697 26.3215
    endloop
  endfacet
  facet normal -0.205742 -0.678253 -0.705438
    outer loop
      vertex -0.309409 -1.55551 25.5675
      vertex -0.739545 -1.78542 25.914
      vertex -0.606929 -1.46526 25.5675
    endloop
  endfacet
  facet normal -0.334108 -0.625082 -0.705439
    outer loop
      vertex -0.739545 -1.78542 25.914
      vertex -1.07365 -1.60684 25.914
      vertex -0.606929 -1.46526 25.5675
    endloop
  endfacet
  facet normal -0.181179 -0.338973 -0.923186
    outer loop
      vertex -0.450989 -1.08878 25.2952
      vertex -0.654735 -0.979879 25.2952
      vertex -0.403183 -0.603407 25.1076
    endloop
  endfacet
  facet normal -0.338972 -0.181183 -0.923185
    outer loop
      vertex -0.603407 -0.403183 25.1076
      vertex -1.08878 -0.450989 25.2952
      vertex -0.670469 -0.277718 25.1076
    endloop
  endfacet
  facet normal -0.554776 -0.0546301 -0.830204
    outer loop
      vertex -1.15585 -0.229912 25.2952
      vertex -1.55551 -0.309409 25.5675
      vertex -1.17849 0 25.2952
    endloop
  endfacet
  facet normal -0.0192116 0.195032 -0.980609
    outer loop
      vertex -0.0478048 0.240334 25.012
      vertex -0.141579 0.711767 25.1076
      vertex 0 0.245043 25.012
    endloop
  endfacet
  facet normal 0.0376554 -0.38233 0.923258
    outer loop
      vertex 0 -0.725711 29.8923
      vertex 0 -1.17849 29.7048
      vertex 0.141579 -0.711767 29.8923
    endloop
  endfacet
  facet normal 0.243721 -0.296974 0.923259
    outer loop
      vertex 0.513155 -0.513155 29.8923
      vertex 0.403183 -0.603407 29.8923
      vertex 0.654735 -0.979879 29.7048
    endloop
  endfacet
  facet normal -0.173009 0.0924767 0.980569
    outer loop
      vertex -0.203745 0.136138 29.988
      vertex -0.603407 0.403183 29.8923
      vertex -0.22639 0.0937729 29.988
    endloop
  endfacet
  facet normal 0.0569471 -0.187726 0.980569
    outer loop
      vertex 0.277718 -0.670469 29.8923
      vertex 0.0937729 -0.22639 29.988
      vertex 0.141579 -0.711767 29.8923
    endloop
  endfacet
  facet normal -0.367632 -0.111532 0.923259
    outer loop
      vertex -0.711767 -0.141579 29.8923
      vertex -1.15585 -0.229912 29.7048
      vertex -1.08878 -0.450989 29.7048
    endloop
  endfacet
  facet normal -0.533451 -0.161838 0.830204
    outer loop
      vertex -1.15585 -0.229912 29.7048
      vertex -1.55551 -0.309409 29.4325
      vertex -1.08878 -0.450989 29.7048
    endloop
  endfacet
  facet normal -0.0569451 -0.187727 0.980569
    outer loop
      vertex -0.0937729 -0.22639 29.988
      vertex -0.141579 -0.711767 29.8923
      vertex -0.0478048 -0.240334 29.988
    endloop
  endfacet
  facet normal -0.734389 -0.39253 0.553709
    outer loop
      vertex -1.60684 -1.07365 29.086
      vertex -2.03697 -0.843741 28.6785
      vertex -1.83323 -1.22492 28.6785
    endloop
  endfacet
  facet normal -0.734388 -0.392533 0.553707
    outer loop
      vertex -1.78542 -0.739545 29.086
      vertex -2.03697 -0.843741 28.6785
      vertex -1.60684 -1.07365 29.086
    endloop
  endfacet
  facet normal -0.491628 -0.26278 0.83021
    outer loop
      vertex -1.08878 -0.450989 29.7048
      vertex -1.46526 -0.606929 29.4325
      vertex -1.3187 -0.881124 29.4325
    endloop
  endfacet
  facet normal -0.533448 -0.161817 0.83021
    outer loop
      vertex -1.08878 -0.450989 29.7048
      vertex -1.55551 -0.309409 29.4325
      vertex -1.46526 -0.606929 29.4325
    endloop
  endfacet
  facet normal -0.547885 -0.44964 0.70544
    outer loop
      vertex -1.3187 -0.881124 29.4325
      vertex -1.60684 -1.07365 29.086
      vertex -1.12146 -1.12146 29.4325
    endloop
  endfacet
  facet normal -0.547884 -0.449645 0.705438
    outer loop
      vertex -1.12146 -1.12146 29.4325
      vertex -1.60684 -1.07365 29.086
      vertex -1.3665 -1.3665 29.086
    endloop
  endfacet
  facet normal -0.528271 -0.643689 0.553709
    outer loop
      vertex -1.07365 -1.60684 29.086
      vertex -1.3665 -1.3665 29.086
      vertex -1.22492 -1.83323 28.6785
    endloop
  endfacet
  facet normal -0.39253 -0.734389 0.553709
    outer loop
      vertex -1.07365 -1.60684 29.086
      vertex -1.22492 -1.83323 28.6785
      vertex -0.843741 -2.03697 28.6785
    endloop
  endfacet
  facet normal 0.0694848 -0.705357 0.705438
    outer loop
      vertex 0.309409 -1.55551 29.4325
      vertex 0 -1.93253 29.086
      vertex 0.377017 -1.89539 29.086
    endloop
  endfacet
  facet normal -0.0816116 -0.828708 0.553699
    outer loop
      vertex 0 -1.93253 29.086
      vertex -0.430136 -2.16244 28.6785
      vertex 0 -2.2048 28.6785
    endloop
  endfacet
  facet normal -0.24173 -0.796848 0.553715
    outer loop
      vertex -0.377017 -1.89539 29.086
      vertex -0.843741 -2.03697 28.6785
      vertex -0.430136 -2.16244 28.6785
    endloop
  endfacet
  facet normal -0.205742 -0.678253 0.705438
    outer loop
      vertex -0.606929 -1.46526 29.4325
      vertex -0.739545 -1.78542 29.086
      vertex -0.309409 -1.55551 29.4325
    endloop
  endfacet
  facet normal -0.17301 0.0924752 0.980569
    outer loop
      vertex -0.603407 0.403183 29.8923
      vertex -0.670469 0.277718 29.8923
      vertex -0.22639 0.0937729 29.988
    endloop
  endfacet
  facet normal -0.0924767 0.173009 0.980569
    outer loop
      vertex -0.0937729 0.22639 29.988
      vertex -0.403183 0.603407 29.8923
      vertex -0.136138 0.203745 29.988
    endloop
  endfacet
  facet normal 0.124452 -0.151644 0.980569
    outer loop
      vertex 0.513155 -0.513155 29.8923
      vertex 0.173271 -0.173271 29.988
      vertex 0.403183 -0.603407 29.8923
    endloop
  endfacet
  facet normal 0.0192309 -0.195228 0.980569
    outer loop
      vertex 0.0478048 -0.240334 29.988
      vertex 0 -0.245043 29.988
      vertex 0.141579 -0.711767 29.8923
    endloop
  endfacet
  facet normal 0.734388 -0.392533 0.553707
    outer loop
      vertex 1.78542 -0.739545 29.086
      vertex 1.60684 -1.07365 29.086
      vertex 2.03697 -0.843741 28.6785
    endloop
  endfacet
  facet normal 0.678253 -0.205742 0.705438
    outer loop
      vertex 1.55551 -0.309409 29.4325
      vertex 1.46526 -0.606929 29.4325
      vertex 1.78542 -0.739545 29.086
    endloop
  endfacet
  facet normal 0.533448 -0.161817 0.83021
    outer loop
      vertex 1.55551 -0.309409 29.4325
      vertex 1.08878 -0.450989 29.7048
      vertex 1.46526 -0.606929 29.4325
    endloop
  endfacet
  facet normal 0.491628 -0.26278 0.83021
    outer loop
      vertex 1.46526 -0.606929 29.4325
      vertex 1.08878 -0.450989 29.7048
      vertex 1.3187 -0.881124 29.4325
    endloop
  endfacet
  facet normal 0.0980062 -0.995186 0
    outer loop
      vertex 0 -2.48796 27.255
      vertex 0.485376 -2.44016 27.745
      vertex 0 -2.48796 27.745
    endloop
  endfacet
  facet normal 0.0980062 -0.995186 0
    outer loop
      vertex 0.485376 -2.44016 27.745
      vertex 0 -2.48796 27.255
      vertex 0.485376 -2.44016 27.255
    endloop
  endfacet
  facet normal 0.284759 -0.938725 -0.194185
    outer loop
      vertex 0.485376 -2.44016 27.255
      vertex 0.466724 -2.34638 26.7743
      vertex 0.952102 -2.29858 27.255
    endloop
  endfacet
  facet normal 0.290285 -0.95694 0
    outer loop
      vertex 0.485376 -2.44016 27.255
      vertex 0.952102 -2.29858 27.745
      vertex 0.485376 -2.44016 27.745
    endloop
  endfacet
  facet normal 0.290285 -0.95694 0
    outer loop
      vertex 0.952102 -2.29858 27.745
      vertex 0.485376 -2.44016 27.255
      vertex 0.952102 -2.29858 27.255
    endloop
  endfacet
  facet normal 0.462434 -0.865128 -0.194187
    outer loop
      vertex 0.952102 -2.29858 27.255
      vertex 0.915512 -2.21024 26.7743
      vertex 1.38224 -2.06866 27.255
    endloop
  endfacet
  facet normal 0.284762 -0.938723 -0.194188
    outer loop
      vertex 0.952102 -2.29858 27.255
      vertex 0.466724 -2.34638 26.7743
      vertex 0.915512 -2.21024 26.7743
    endloop
  endfacet
  facet normal 0.205743 -0.678253 0.705438
    outer loop
      vertex 0.739545 -1.78542 29.086
      vertex 0.309409 -1.55551 29.4325
      vertex 0.377017 -1.89539 29.086
    endloop
  endfacet
  facet normal 0.24172 -0.796856 0.553707
    outer loop
      vertex 0.739545 -1.78542 29.086
      vertex 0.377017 -1.89539 29.086
      vertex 0.843741 -2.03697 28.6785
    endloop
  endfacet
  facet normal 0.44964 -0.547885 0.70544
    outer loop
      vertex 1.12146 -1.12146 29.4325
      vertex 0.881124 -1.3187 29.4325
      vertex 1.07365 -1.60684 29.086
    endloop
  endfacet
  facet normal 0.353647 -0.430917 0.830207
    outer loop
      vertex 1.12146 -1.12146 29.4325
      vertex 0.654735 -0.979879 29.7048
      vertex 0.881124 -1.3187 29.4325
    endloop
  endfacet
  facet normal -0.0376554 -0.38233 0.923258
    outer loop
      vertex 0 -0.725711 29.8923
      vertex -0.141579 -0.711767 29.8923
      vertex 0 -1.17849 29.7048
    endloop
  endfacet
  facet normal -0.0376488 -0.382328 0.923259
    outer loop
      vertex -0.141579 -0.711767 29.8923
      vertex -0.229912 -1.15585 29.7048
      vertex 0 -1.17849 29.7048
    endloop
  endfacet
  facet normal 0.758302 -0.622321 -0.194154
    outer loop
      vertex 1.75925 -1.75925 27.255
      vertex 1.69165 -1.69165 26.7743
      vertex 1.98917 -1.32912 26.7743
    endloop
  endfacet
  facet normal 0.758294 -0.622327 -0.194164
    outer loop
      vertex 2.06866 -1.38224 27.255
      vertex 1.75925 -1.75925 27.255
      vertex 1.98917 -1.32912 26.7743
    endloop
  endfacet
  facet normal 0.528268 -0.64369 -0.553711
    outer loop
      vertex 1.55903 -1.55903 26.3215
      vertex 1.22492 -1.83323 26.3215
      vertex 1.3665 -1.3665 25.914
    endloop
  endfacet
  facet normal 0.528271 -0.643689 -0.553709
    outer loop
      vertex 1.22492 -1.83323 26.3215
      vertex 1.07365 -1.60684 25.914
      vertex 1.3665 -1.3665 25.914
    endloop
  endfacet
  facet normal 0.64369 0.528268 -0.553711
    outer loop
      vertex 1.83323 1.22492 26.3215
      vertex 1.3665 1.3665 25.914
      vertex 1.55903 1.55903 26.3215
    endloop
  endfacet
  facet normal 0.714672 0.586522 -0.381099
    outer loop
      vertex 1.83323 1.22492 26.3215
      vertex 1.55903 1.55903 26.3215
      vertex 1.98917 1.32912 26.7743
    endloop
  endfacet
  facet normal 0.367799 0.111582 -0.923186
    outer loop
      vertex 1.15585 0.229912 25.2952
      vertex 0.711767 0.141579 25.1076
      vertex 1.08878 0.450989 25.2952
    endloop
  endfacet
  facet normal 0.338972 0.181183 -0.923185
    outer loop
      vertex 0.670469 0.277718 25.1076
      vertex 0.603407 0.403183 25.1076
      vertex 1.08878 0.450989 25.2952
    endloop
  endfacet
  facet normal 0.773005 0.6344 1.08581e-17
    outer loop
      vertex 2.06866 1.38224 27.745
      vertex 1.75925 1.75925 27.255
      vertex 1.75925 1.75925 27.745
    endloop
  endfacet
  facet normal 0.773005 0.6344 1.08581e-17
    outer loop
      vertex 1.75925 1.75925 27.255
      vertex 2.06866 1.38224 27.745
      vertex 2.06866 1.38224 27.255
    endloop
  endfacet
  facet normal 0.758294 0.622327 -0.194164
    outer loop
      vertex 1.98917 1.32912 26.7743
      vertex 1.75925 1.75925 27.255
      vertex 2.06866 1.38224 27.255
    endloop
  endfacet
  facet normal -0.462434 0.865128 -0.194187
    outer loop
      vertex -0.915512 2.21024 26.7743
      vertex -1.38224 2.06866 27.255
      vertex -0.952102 2.29858 27.255
    endloop
  endfacet
  facet normal -0.284762 0.938723 -0.194188
    outer loop
      vertex -0.915512 2.21024 26.7743
      vertex -0.952102 2.29858 27.255
      vertex -0.466724 2.34638 26.7743
    endloop
  endfacet
  facet normal -0.0816348 0.828694 -0.553716
    outer loop
      vertex -0.377017 1.89539 25.914
      vertex -0.430136 2.16244 26.3215
      vertex 0 1.93253 25.914
    endloop
  endfacet
  facet normal -0.0816116 0.828708 -0.553699
    outer loop
      vertex 0 1.93253 25.914
      vertex -0.430136 2.16244 26.3215
      vertex 0 2.2048 26.3215
    endloop
  endfacet
  facet normal -0.528268 0.64369 -0.553711
    outer loop
      vertex -1.3665 1.3665 25.914
      vertex -1.55903 1.55903 26.3215
      vertex -1.22492 1.83323 26.3215
    endloop
  endfacet
  facet normal -0.586522 0.714672 -0.381099
    outer loop
      vertex -1.22492 1.83323 26.3215
      vertex -1.55903 1.55903 26.3215
      vertex -1.32912 1.98917 26.7743
    endloop
  endfacet
  facet normal 0.0816348 0.828694 0.553716
    outer loop
      vertex 0.430136 2.16244 28.6785
      vertex 0 1.93253 29.086
      vertex 0.377017 1.89539 29.086
    endloop
  endfacet
  facet normal 0.268382 0.884726 0.381092
    outer loop
      vertex 0.915512 2.21024 28.2257
      vertex 0.466724 2.34638 28.2257
      vertex 0.843741 2.03697 28.6785
    endloop
  endfacet
  facet normal -0.353646 0.430919 -0.830207
    outer loop
      vertex -0.833319 0.833319 25.2952
      vertex -1.12146 1.12146 25.5675
      vertex -0.654735 0.979879 25.2952
    endloop
  endfacet
  facet normal -0.181179 0.338973 -0.923186
    outer loop
      vertex -0.403183 0.603407 25.1076
      vertex -0.654735 0.979879 25.2952
      vertex -0.450989 1.08878 25.2952
    endloop
  endfacet
  facet normal 0.124325 -0.151492 -0.980609
    outer loop
      vertex 0.403183 -0.603407 25.1076
      vertex 0.136138 -0.203745 25.012
      vertex 0.173271 -0.173271 25.012
    endloop
  endfacet
  facet normal -0.243832 0.297109 -0.923186
    outer loop
      vertex -0.513155 0.513155 25.1076
      vertex -0.654735 0.979879 25.2952
      vertex -0.403183 0.603407 25.1076
    endloop
  endfacet
  facet normal 0.449645 0.547884 -0.705438
    outer loop
      vertex 1.12146 1.12146 25.5675
      vertex 1.07365 1.60684 25.914
      vertex 1.3665 1.3665 25.914
    endloop
  endfacet
  facet normal 0.547884 0.449645 -0.705438
    outer loop
      vertex 1.60684 1.07365 25.914
      vertex 1.12146 1.12146 25.5675
      vertex 1.3665 1.3665 25.914
    endloop
  endfacet
  facet normal 0.334108 0.625082 -0.705439
    outer loop
      vertex 1.07365 1.60684 25.914
      vertex 0.606929 1.46526 25.5675
      vertex 0.739545 1.78542 25.914
    endloop
  endfacet
  facet normal 0.334111 0.625079 -0.705441
    outer loop
      vertex 0.881124 1.3187 25.5675
      vertex 0.606929 1.46526 25.5675
      vertex 1.07365 1.60684 25.914
    endloop
  endfacet
  facet normal -0.172835 -0.0923838 -0.980609
    outer loop
      vertex -0.203745 -0.136138 25.012
      vertex -0.603407 -0.403183 25.1076
      vertex -0.22639 -0.0937729 25.012
    endloop
  endfacet
  facet normal 0.0568899 0.187538 -0.980609
    outer loop
      vertex 0.277718 0.670469 25.1076
      vertex 0.0937729 0.22639 25.012
      vertex 0.141579 0.711767 25.1076
    endloop
  endfacet
  facet normal 0.111574 0.367805 -0.923185
    outer loop
      vertex 0.277718 0.670469 25.1076
      vertex 0.141579 0.711767 25.1076
      vertex 0.450989 1.08878 25.2952
    endloop
  endfacet
  facet normal -0.195033 0.0192087 -0.980609
    outer loop
      vertex -0.245043 0 25.012
      vertex -0.725711 0 25.1076
      vertex -0.711767 0.141579 25.1076
    endloop
  endfacet
  facet normal 0.430917 0.353647 -0.830207
    outer loop
      vertex 1.3187 0.881124 25.5675
      vertex 0.979879 0.654735 25.2952
      vertex 1.12146 1.12146 25.5675
    endloop
  endfacet
  facet normal 0.195033 0.0192087 -0.980609
    outer loop
      vertex 0.725711 0 25.1076
      vertex 0.245043 0 25.012
      vertex 0.711767 0.141579 25.1076
    endloop
  endfacet
  facet normal 0.297109 0.243831 -0.923186
    outer loop
      vertex 0.979879 0.654735 25.2952
      vertex 0.513155 0.513155 25.1076
      vertex 0.833319 0.833319 25.2952
    endloop
  endfacet
  facet normal 0.297109 0.243832 -0.923186
    outer loop
      vertex 0.603407 0.403183 25.1076
      vertex 0.513155 0.513155 25.1076
      vertex 0.979879 0.654735 25.2952
    endloop
  endfacet
  facet normal 0.181179 0.338973 -0.923186
    outer loop
      vertex 0.654735 0.979879 25.2952
      vertex 0.403183 0.603407 25.1076
      vertex 0.450989 1.08878 25.2952
    endloop
  endfacet
  facet normal 0.262776 0.491634 -0.830208
    outer loop
      vertex 0.654735 0.979879 25.2952
      vertex 0.450989 1.08878 25.2952
      vertex 0.881124 1.3187 25.5675
    endloop
  endfacet
  facet normal 0.0546301 -0.554776 -0.830204
    outer loop
      vertex 0.309409 -1.55551 25.5675
      vertex 0 -1.17849 25.2952
      vertex 0.229912 -1.15585 25.2952
    endloop
  endfacet
  facet normal -0.0192087 -0.195033 -0.980609
    outer loop
      vertex 0 -0.725711 25.1076
      vertex -0.141579 -0.711767 25.1076
      vertex 0 -0.245043 25.012
    endloop
  endfacet
  facet normal 0.0923838 0.172835 -0.980609
    outer loop
      vertex 0.136138 0.203745 25.012
      vertex 0.0937729 0.22639 25.012
      vertex 0.403183 0.603407 25.1076
    endloop
  endfacet
  facet normal 0.0192087 0.195033 -0.980609
    outer loop
      vertex 0.141579 0.711767 25.1076
      vertex 0 0.245043 25.012
      vertex 0 0.725711 25.1076
    endloop
  endfacet
  facet normal -0.111582 -0.367799 -0.923186
    outer loop
      vertex -0.229912 -1.15585 25.2952
      vertex -0.450989 -1.08878 25.2952
      vertex -0.141579 -0.711767 25.1076
    endloop
  endfacet
  facet normal -0.195033 -0.0192087 -0.980609
    outer loop
      vertex -0.711767 -0.141579 25.1076
      vertex -0.725711 0 25.1076
      vertex -0.245043 0 25.012
    endloop
  endfacet
  facet normal 0.0694613 -0.705348 -0.70545
    outer loop
      vertex 0.309409 -1.55551 25.5675
      vertex 0 -1.93253 25.914
      vertex 0 -1.58598 25.5675
    endloop
  endfacet
  facet normal 0.0694848 -0.705357 -0.705438
    outer loop
      vertex 0.377017 -1.89539 25.914
      vertex 0 -1.93253 25.914
      vertex 0.309409 -1.55551 25.5675
    endloop
  endfacet
  facet normal 0.976242 -0.0961407 0.194186
    outer loop
      vertex 2.48796 0 27.745
      vertex 2.34638 -0.466724 28.2257
      vertex 2.44016 -0.485376 27.745
    endloop
  endfacet
  facet normal 0.976243 -0.0961551 0.194172
    outer loop
      vertex 2.39235 0 28.2257
      vertex 2.34638 -0.466724 28.2257
      vertex 2.48796 0 27.745
    endloop
  endfacet
  facet normal 0.828708 0.0816116 -0.553699
    outer loop
      vertex 2.2048 0 26.3215
      vertex 1.93253 0 25.914
      vertex 2.16244 0.430136 26.3215
    endloop
  endfacet
  facet normal 0.796848 -0.24173 -0.553715
    outer loop
      vertex 2.03697 -0.843741 26.3215
      vertex 1.89539 -0.377017 25.914
      vertex 2.16244 -0.430136 26.3215
    endloop
  endfacet
  facet normal -0.528271 0.643689 0.553709
    outer loop
      vertex -1.22492 1.83323 28.6785
      vertex -1.3665 1.3665 29.086
      vertex -1.07365 1.60684 29.086
    endloop
  endfacet
  facet normal -0.39253 0.734389 0.553709
    outer loop
      vertex -0.843741 2.03697 28.6785
      vertex -1.22492 1.83323 28.6785
      vertex -1.07365 1.60684 29.086
    endloop
  endfacet
  facet normal -0.491634 0.262776 0.830208
    outer loop
      vertex -0.979879 0.654735 29.7048
      vertex -1.3187 0.881124 29.4325
      vertex -1.08878 0.450989 29.7048
    endloop
  endfacet
  facet normal -0.815371 0.435815 0.381097
    outer loop
      vertex -1.98917 1.32912 28.2257
      vertex -2.03697 0.843741 28.6785
      vertex -1.83323 1.22492 28.6785
    endloop
  endfacet
  facet normal -0.828694 -0.0816348 0.553716
    outer loop
      vertex -1.93253 0 29.086
      vertex -2.16244 -0.430136 28.6785
      vertex -1.89539 -0.377017 29.086
    endloop
  endfacet
  facet normal -0.705357 -0.0694848 0.705438
    outer loop
      vertex -1.55551 -0.309409 29.4325
      vertex -1.93253 0 29.086
      vertex -1.89539 -0.377017 29.086
    endloop
  endfacet
  facet normal -0.678253 0.205743 0.705438
    outer loop
      vertex -1.78542 0.739545 29.086
      vertex -1.89539 0.377017 29.086
      vertex -1.55551 0.309409 29.4325
    endloop
  endfacet
  facet normal -0.796856 0.24172 0.553707
    outer loop
      vertex -1.78542 0.739545 29.086
      vertex -2.03697 0.843741 28.6785
      vertex -1.89539 0.377017 29.086
    endloop
  endfacet
  facet normal -0.262776 0.491634 -0.830208
    outer loop
      vertex -0.654735 0.979879 25.2952
      vertex -0.881124 1.3187 25.5675
      vertex -0.450989 1.08878 25.2952
    endloop
  endfacet
  facet normal -0.353647 0.430917 -0.830207
    outer loop
      vertex -0.654735 0.979879 25.2952
      vertex -1.12146 1.12146 25.5675
      vertex -0.881124 1.3187 25.5675
    endloop
  endfacet
  facet normal -0.625079 0.334111 -0.705441
    outer loop
      vertex -1.46526 0.606929 25.5675
      vertex -1.60684 1.07365 25.914
      vertex -1.3187 0.881124 25.5675
    endloop
  endfacet
  facet normal -0.547885 0.44964 -0.70544
    outer loop
      vertex -1.3187 0.881124 25.5675
      vertex -1.60684 1.07365 25.914
      vertex -1.12146 1.12146 25.5675
    endloop
  endfacet
  facet normal -0.0546301 0.554776 -0.830204
    outer loop
      vertex -0.229912 1.15585 25.2952
      vertex -0.309409 1.55551 25.5675
      vertex 0 1.17849 25.2952
    endloop
  endfacet
  facet normal -0.0546331 0.554774 -0.830205
    outer loop
      vertex 0 1.17849 25.2952
      vertex -0.309409 1.55551 25.5675
      vertex 0 1.58598 25.5675
    endloop
  endfacet
  facet normal -0.920087 0.090624 -0.381088
    outer loop
      vertex -2.16244 0.430136 26.3215
      vertex -2.39235 0 26.7743
      vertex -2.34638 0.466724 26.7743
    endloop
  endfacet
  facet normal -0.884726 0.268388 -0.381087
    outer loop
      vertex -2.16244 0.430136 26.3215
      vertex -2.34638 0.466724 26.7743
      vertex -2.03697 0.843741 26.3215
    endloop
  endfacet
  facet normal -0.828708 0.0816116 -0.553699
    outer loop
      vertex -1.93253 0 25.914
      vertex -2.2048 0 26.3215
      vertex -2.16244 0.430136 26.3215
    endloop
  endfacet
  facet normal -0.920083 0.0906102 -0.381099
    outer loop
      vertex -2.2048 0 26.3215
      vertex -2.39235 0 26.7743
      vertex -2.16244 0.430136 26.3215
    endloop
  endfacet
  facet normal -0.367799 0.111582 -0.923186
    outer loop
      vertex -0.711767 0.141579 25.1076
      vertex -1.15585 0.229912 25.2952
      vertex -1.08878 0.450989 25.2952
    endloop
  endfacet
  facet normal -0.367805 0.111574 -0.923185
    outer loop
      vertex -0.711767 0.141579 25.1076
      vertex -1.08878 0.450989 25.2952
      vertex -0.670469 0.277718 25.1076
    endloop
  endfacet
  facet normal -0.187726 0.0569471 0.980569
    outer loop
      vertex -0.670469 0.277718 29.8923
      vertex -0.711767 0.141579 29.8923
      vertex -0.22639 0.0937729 29.988
    endloop
  endfacet
  facet normal -0.187727 0.0569451 0.980569
    outer loop
      vertex -0.22639 0.0937729 29.988
      vertex -0.711767 0.141579 29.8923
      vertex -0.240334 0.0478048 29.988
    endloop
  endfacet
  facet normal 0.392533 0.734388 0.553707
    outer loop
      vertex 0.843741 2.03697 28.6785
      vertex 0.739545 1.78542 29.086
      vertex 1.07365 1.60684 29.086
    endloop
  endfacet
  facet normal 0.39253 0.734389 0.553709
    outer loop
      vertex 1.22492 1.83323 28.6785
      vertex 0.843741 2.03697 28.6785
      vertex 1.07365 1.60684 29.086
    endloop
  endfacet
  facet normal 0.296974 0.243721 0.923259
    outer loop
      vertex 0.979879 0.654735 29.7048
      vertex 0.513155 0.513155 29.8923
      vertex 0.603407 0.403183 29.8923
    endloop
  endfacet
  facet normal 0.491634 0.262776 0.830208
    outer loop
      vertex 1.3187 0.881124 29.4325
      vertex 0.979879 0.654735 29.7048
      vertex 1.08878 0.450989 29.7048
    endloop
  endfacet
  facet normal 0.0192309 0.195228 0.980569
    outer loop
      vertex 0.141579 0.711767 29.8923
      vertex 0 0.245043 29.988
      vertex 0.0478048 0.240334 29.988
    endloop
  endfacet
  facet normal 0.0569451 0.187727 0.980569
    outer loop
      vertex 0.141579 0.711767 29.8923
      vertex 0.0478048 0.240334 29.988
      vertex 0.0937729 0.22639 29.988
    endloop
  endfacet
  facet normal -0.17301 -0.0924752 0.980569
    outer loop
      vertex -0.22639 -0.0937729 29.988
      vertex -0.670469 -0.277718 29.8923
      vertex -0.603407 -0.403183 29.8923
    endloop
  endfacet
  facet normal -0.0546331 0.554774 0.830205
    outer loop
      vertex 0 1.58598 29.4325
      vertex -0.309409 1.55551 29.4325
      vertex 0 1.17849 29.7048
    endloop
  endfacet
  facet normal -0.0816348 0.828694 0.553716
    outer loop
      vertex 0 1.93253 29.086
      vertex -0.430136 2.16244 28.6785
      vertex -0.377017 1.89539 29.086
    endloop
  endfacet
  facet normal 0.0694613 0.705348 0.70545
    outer loop
      vertex 0 1.93253 29.086
      vertex 0 1.58598 29.4325
      vertex 0.309409 1.55551 29.4325
    endloop
  endfacet
  facet normal 0.24173 0.796848 0.553715
    outer loop
      vertex 0.430136 2.16244 28.6785
      vertex 0.377017 1.89539 29.086
      vertex 0.843741 2.03697 28.6785
    endloop
  endfacet
  facet normal 0.0569451 -0.187727 0.980569
    outer loop
      vertex 0.0937729 -0.22639 29.988
      vertex 0.0478048 -0.240334 29.988
      vertex 0.141579 -0.711767 29.8923
    endloop
  endfacet
  facet normal 0 0 1
    outer loop
      vertex 0.240334 0.0478048 29.988
      vertex 0.240334 -0.0478048 29.988
      vertex 0.245043 0 29.988
    endloop
  endfacet
  facet normal 0 0 1
    outer loop
      vertex 0.22639 0.0937729 29.988
      vertex 0.240334 -0.0478048 29.988
      vertex 0.240334 0.0478048 29.988
    endloop
  endfacet
  facet normal 0 0 1
    outer loop
      vertex 0.22639 0.0937729 29.988
      vertex 0.22639 -0.0937729 29.988
      vertex 0.240334 -0.0478048 29.988
    endloop
  endfacet
  facet normal 0 0 1
    outer loop
      vertex 0.203745 0.136138 29.988
      vertex 0.22639 -0.0937729 29.988
      vertex 0.22639 0.0937729 29.988
    endloop
  endfacet
  facet normal 0 0 1
    outer loop
      vertex 0.203745 0.136138 29.988
      vertex 0.203745 -0.136138 29.988
      vertex 0.22639 -0.0937729 29.988
    endloop
  endfacet
  facet normal 0 0 1
    outer loop
      vertex 0.173271 0.173271 29.988
      vertex 0.203745 -0.136138 29.988
      vertex 0.203745 0.136138 29.988
    endloop
  endfacet
  facet normal 0 0 1
    outer loop
      vertex 0.173271 0.173271 29.988
      vertex 0.173271 -0.173271 29.988
      vertex 0.203745 -0.136138 29.988
    endloop
  endfacet
  facet normal 0 0 1
    outer loop
      vertex 0.136138 0.203745 29.988
      vertex 0.173271 -0.173271 29.988
      vertex 0.173271 0.173271 29.988
    endloop
  endfacet
  facet normal 0 0 1
    outer loop
      vertex 0.136138 0.203745 29.988
      vertex 0.136138 -0.203745 29.988
      vertex 0.173271 -0.173271 29.988
    endloop
  endfacet
  facet normal 0 0 1
    outer loop
      vertex 0.0937729 0.22639 29.988
      vertex 0.136138 -0.203745 29.988
      vertex 0.136138 0.203745 29.988
    endloop
  endfacet
  facet normal 0 0 1
    outer loop
      vertex 0.0937729 0.22639 29.988
      vertex 0.0937729 -0.22639 29.988
      vertex 0.136138 -0.203745 29.988
    endloop
  endfacet
  facet normal 0 0 1
    outer loop
      vertex 0.0478048 0.240334 29.988
      vertex 0.0937729 -0.22639 29.988
      vertex 0.0937729 0.22639 29.988
    endloop
  endfacet
  facet normal 0 0 1
    outer loop
      vertex 0.0478048 0.240334 29.988
      vertex 0.0478048 -0.240334 29.988
      vertex 0.0937729 -0.22639 29.988
    endloop
  endfacet
  facet normal 0 0 1
    outer loop
      vertex 0 0.245043 29.988
      vertex 0.0478048 -0.240334 29.988
      vertex 0.0478048 0.240334 29.988
    endloop
  endfacet
  facet normal 0 0 1
    outer loop
      vertex 0 0.245043 29.988
      vertex 0 -0.245043 29.988
      vertex 0.0478048 -0.240334 29.988
    endloop
  endfacet
  facet normal -0 0 1
    outer loop
      vertex -0.0478048 0.240334 29.988
      vertex 0 -0.245043 29.988
      vertex 0 0.245043 29.988
    endloop
  endfacet
  facet normal 0 0 1
    outer loop
      vertex -0.0478048 0.240334 29.988
      vertex -0.0478048 -0.240334 29.988
      vertex 0 -0.245043 29.988
    endloop
  endfacet
  facet normal -0 0 1
    outer loop
      vertex -0.0937729 0.22639 29.988
      vertex -0.0478048 -0.240334 29.988
      vertex -0.0478048 0.240334 29.988
    endloop
  endfacet
  facet normal 0 0 1
    outer loop
      vertex -0.0937729 0.22639 29.988
      vertex -0.0937729 -0.22639 29.988
      vertex -0.0478048 -0.240334 29.988
    endloop
  endfacet
  facet normal -0 0 1
    outer loop
      vertex -0.136138 0.203745 29.988
      vertex -0.0937729 -0.22639 29.988
      vertex -0.0937729 0.22639 29.988
    endloop
  endfacet
  facet normal 0 0 1
    outer loop
      vertex -0.136138 0.203745 29.988
      vertex -0.136138 -0.203745 29.988
      vertex -0.0937729 -0.22639 29.988
    endloop
  endfacet
  facet normal -0 0 1
    outer loop
      vertex -0.173271 0.173271 29.988
      vertex -0.136138 -0.203745 29.988
      vertex -0.136138 0.203745 29.988
    endloop
  endfacet
  facet normal 0 0 1
    outer loop
      vertex -0.173271 0.173271 29.988
      vertex -0.173271 -0.173271 29.988
      vertex -0.136138 -0.203745 29.988
    endloop
  endfacet
  facet normal -0 0 1
    outer loop
      vertex -0.203745 0.136138 29.988
      vertex -0.173271 -0.173271 29.988
      vertex -0.173271 0.173271 29.988
    endloop
  endfacet
  facet normal 0 0 1
    outer loop
      vertex -0.203745 0.136138 29.988
      vertex -0.203745 -0.136138 29.988
      vertex -0.173271 -0.173271 29.988
    endloop
  endfacet
  facet normal -0 0 1
    outer loop
      vertex -0.22639 0.0937729 29.988
      vertex -0.203745 -0.136138 29.988
      vertex -0.203745 0.136138 29.988
    endloop
  endfacet
  facet normal 0 0 1
    outer loop
      vertex -0.22639 0.0937729 29.988
      vertex -0.22639 -0.0937729 29.988
      vertex -0.203745 -0.136138 29.988
    endloop
  endfacet
  facet normal -0 0 1
    outer loop
      vertex -0.240334 0.0478048 29.988
      vertex -0.22639 -0.0937729 29.988
      vertex -0.22639 0.0937729 29.988
    endloop
  endfacet
  facet normal 0 0 1
    outer loop
      vertex -0.240334 0.0478048 29.988
      vertex -0.240334 -0.0478048 29.988
      vertex -0.22639 -0.0937729 29.988
    endloop
  endfacet
  facet normal 0 -0 1
    outer loop
      vertex -0.240334 -0.0478048 29.988
      vertex -0.240334 0.0478048 29.988
      vertex -0.245043 0 29.988
    endloop
  endfacet
  facet normal -0.938723 -0.284762 0.194188
    outer loop
      vertex -2.21024 -0.915512 28.2257
      vertex -2.34638 -0.466724 28.2257
      vertex -2.29858 -0.952102 27.745
    endloop
  endfacet
  facet normal -0.938725 -0.284759 0.194185
    outer loop
      vertex -2.34638 -0.466724 28.2257
      vertex -2.44016 -0.485376 27.745
      vertex -2.29858 -0.952102 27.745
    endloop
  endfacet
  facet normal -0.705357 0.0694848 -0.705438
    outer loop
      vertex -1.55551 0.309409 25.5675
      vertex -1.93253 0 25.914
      vertex -1.89539 0.377017 25.914
    endloop
  endfacet
  facet normal -0.678253 0.205743 -0.705438
    outer loop
      vertex -1.55551 0.309409 25.5675
      vertex -1.89539 0.377017 25.914
      vertex -1.78542 0.739545 25.914
    endloop
  endfacet
  facet normal -0.678253 -0.205743 -0.705438
    outer loop
      vertex -1.78542 -0.739545 25.914
      vertex -1.89539 -0.377017 25.914
      vertex -1.55551 -0.309409 25.5675
    endloop
  endfacet
  facet normal -0.705357 -0.0694848 -0.705438
    outer loop
      vertex -1.89539 -0.377017 25.914
      vertex -1.93253 0 25.914
      vertex -1.55551 -0.309409 25.5675
    endloop
  endfacet
  facet normal -0.64369 -0.528268 -0.553711
    outer loop
      vertex -1.55903 -1.55903 26.3215
      vertex -1.83323 -1.22492 26.3215
      vertex -1.3665 -1.3665 25.914
    endloop
  endfacet
  facet normal -0.714672 -0.586522 -0.381099
    outer loop
      vertex -1.55903 -1.55903 26.3215
      vertex -1.98917 -1.32912 26.7743
      vertex -1.83323 -1.22492 26.3215
    endloop
  endfacet
  facet normal -0.714674 -0.586516 -0.381104
    outer loop
      vertex -1.69165 -1.69165 26.7743
      vertex -1.98917 -1.32912 26.7743
      vertex -1.55903 -1.55903 26.3215
    endloop
  endfacet
  facet normal -0.586516 -0.714674 -0.381104
    outer loop
      vertex -1.32912 -1.98917 26.7743
      vertex -1.69165 -1.69165 26.7743
      vertex -1.55903 -1.55903 26.3215
    endloop
  endfacet
  facet normal 0.161817 -0.533448 -0.83021
    outer loop
      vertex 0.606929 -1.46526 25.5675
      vertex 0.309409 -1.55551 25.5675
      vertex 0.450989 -1.08878 25.2952
    endloop
  endfacet
  facet normal 0.0816348 -0.828694 -0.553716
    outer loop
      vertex 0.430136 -2.16244 26.3215
      vertex 0 -1.93253 25.914
      vertex 0.377017 -1.89539 25.914
    endloop
  endfacet
  facet normal -0.26278 -0.491628 -0.83021
    outer loop
      vertex -0.606929 -1.46526 25.5675
      vertex -0.881124 -1.3187 25.5675
      vertex -0.450989 -1.08878 25.2952
    endloop
  endfacet
  facet normal -0.334111 -0.625079 -0.705441
    outer loop
      vertex -0.606929 -1.46526 25.5675
      vertex -1.07365 -1.60684 25.914
      vertex -0.881124 -1.3187 25.5675
    endloop
  endfacet
  facet normal -0.430919 -0.353646 -0.830207
    outer loop
      vertex -0.833319 -0.833319 25.2952
      vertex -1.12146 -1.12146 25.5675
      vertex -0.979879 -0.654735 25.2952
    endloop
  endfacet
  facet normal -0.243831 -0.297109 -0.923186
    outer loop
      vertex -0.654735 -0.979879 25.2952
      vertex -0.833319 -0.833319 25.2952
      vertex -0.513155 -0.513155 25.1076
    endloop
  endfacet
  facet normal -0.0923823 0.172836 -0.980609
    outer loop
      vertex -0.0937729 0.22639 25.012
      vertex -0.403183 0.603407 25.1076
      vertex -0.277718 0.670469 25.1076
    endloop
  endfacet
  facet normal -0.181183 -0.338972 -0.923185
    outer loop
      vertex -0.277718 -0.670469 25.1076
      vertex -0.450989 -1.08878 25.2952
      vertex -0.403183 -0.603407 25.1076
    endloop
  endfacet
  facet normal -0.124325 -0.151492 -0.980609
    outer loop
      vertex -0.136138 -0.203745 25.012
      vertex -0.403183 -0.603407 25.1076
      vertex -0.173271 -0.173271 25.012
    endloop
  endfacet
  facet normal -0.367805 -0.111574 -0.923185
    outer loop
      vertex -0.670469 -0.277718 25.1076
      vertex -1.08878 -0.450989 25.2952
      vertex -0.711767 -0.141579 25.1076
    endloop
  endfacet
  facet normal -0.124452 -0.151644 0.980569
    outer loop
      vertex -0.173271 -0.173271 29.988
      vertex -0.513155 -0.513155 29.8923
      vertex -0.403183 -0.603407 29.8923
    endloop
  endfacet
  facet normal -0.367638 -0.111524 0.923258
    outer loop
      vertex -0.711767 -0.141579 29.8923
      vertex -1.08878 -0.450989 29.7048
      vertex -0.670469 -0.277718 29.8923
    endloop
  endfacet
  facet normal 0.17301 -0.0924752 0.980569
    outer loop
      vertex 0.670469 -0.277718 29.8923
      vertex 0.22639 -0.0937729 29.988
      vertex 0.603407 -0.403183 29.8923
    endloop
  endfacet
  facet normal 0.187727 -0.0569451 0.980569
    outer loop
      vertex 0.240334 -0.0478048 29.988
      vertex 0.22639 -0.0937729 29.988
      vertex 0.711767 -0.141579 29.8923
    endloop
  endfacet
  facet normal 0.195228 -0.0192309 0.980569
    outer loop
      vertex 0.245043 0 29.988
      vertex 0.240334 -0.0478048 29.988
      vertex 0.711767 -0.141579 29.8923
    endloop
  endfacet
  facet normal -0.714672 -0.586522 0.381099
    outer loop
      vertex -1.83323 -1.22492 28.6785
      vertex -1.98917 -1.32912 28.2257
      vertex -1.55903 -1.55903 28.6785
    endloop
  endfacet
  facet normal -0.64369 -0.528268 0.553711
    outer loop
      vertex -1.3665 -1.3665 29.086
      vertex -1.83323 -1.22492 28.6785
      vertex -1.55903 -1.55903 28.6785
    endloop
  endfacet
  facet normal -0.181097 -0.338819 0.923258
    outer loop
      vertex -0.403183 -0.603407 29.8923
      vertex -0.654735 -0.979879 29.7048
      vertex -0.450989 -1.08878 29.7048
    endloop
  endfacet
  facet normal -0.243721 -0.296974 0.923259
    outer loop
      vertex -0.513155 -0.513155 29.8923
      vertex -0.654735 -0.979879 29.7048
      vertex -0.403183 -0.603407 29.8923
    endloop
  endfacet
  facet normal -0.44964 -0.547885 0.70544
    outer loop
      vertex -0.881124 -1.3187 29.4325
      vertex -1.12146 -1.12146 29.4325
      vertex -1.07365 -1.60684 29.086
    endloop
  endfacet
  facet normal -0.449645 -0.547884 0.705438
    outer loop
      vertex -1.12146 -1.12146 29.4325
      vertex -1.3665 -1.3665 29.086
      vertex -1.07365 -1.60684 29.086
    endloop
  endfacet
  facet normal 0.0546331 -0.554774 0.830205
    outer loop
      vertex 0 -1.17849 29.7048
      vertex 0 -1.58598 29.4325
      vertex 0.309409 -1.55551 29.4325
    endloop
  endfacet
  facet normal -0.0546301 -0.554776 0.830204
    outer loop
      vertex -0.229912 -1.15585 29.7048
      vertex -0.309409 -1.55551 29.4325
      vertex 0 -1.17849 29.7048
    endloop
  endfacet
  facet normal -0.12445 0.151645 0.980569
    outer loop
      vertex -0.136138 0.203745 29.988
      vertex -0.403183 0.603407 29.8923
      vertex -0.173271 0.173271 29.988
    endloop
  endfacet
  facet normal 0.353646 -0.430919 0.830207
    outer loop
      vertex 0.833319 -0.833319 29.7048
      vertex 0.654735 -0.979879 29.7048
      vertex 1.12146 -1.12146 29.4325
    endloop
  endfacet
  facet normal 0.430919 -0.353646 0.830207
    outer loop
      vertex 0.979879 -0.654735 29.7048
      vertex 0.833319 -0.833319 29.7048
      vertex 1.12146 -1.12146 29.4325
    endloop
  endfacet
  facet normal 0.173009 -0.0924767 0.980569
    outer loop
      vertex 0.22639 -0.0937729 29.988
      vertex 0.203745 -0.136138 29.988
      vertex 0.603407 -0.403183 29.8923
    endloop
  endfacet
  facet normal 0.151645 -0.12445 0.980569
    outer loop
      vertex 0.203745 -0.136138 29.988
      vertex 0.173271 -0.173271 29.988
      vertex 0.603407 -0.403183 29.8923
    endloop
  endfacet
  facet normal 0.205742 -0.678253 0.705438
    outer loop
      vertex 0.606929 -1.46526 29.4325
      vertex 0.309409 -1.55551 29.4325
      vertex 0.739545 -1.78542 29.086
    endloop
  endfacet
  facet normal 0.334108 -0.625082 0.705439
    outer loop
      vertex 1.07365 -1.60684 29.086
      vertex 0.606929 -1.46526 29.4325
      vertex 0.739545 -1.78542 29.086
    endloop
  endfacet
  facet normal 0.019228 -0.195229 0.980569
    outer loop
      vertex 0 -0.245043 29.988
      vertex 0 -0.725711 29.8923
      vertex 0.141579 -0.711767 29.8923
    endloop
  endfacet
  facet normal -0.019228 -0.195229 0.980569
    outer loop
      vertex 0 -0.245043 29.988
      vertex -0.141579 -0.711767 29.8923
      vertex 0 -0.725711 29.8923
    endloop
  endfacet
  facet normal 0.392533 -0.734388 -0.553707
    outer loop
      vertex 0.843741 -2.03697 26.3215
      vertex 0.739545 -1.78542 25.914
      vertex 1.07365 -1.60684 25.914
    endloop
  endfacet
  facet normal 0.24172 -0.796856 -0.553707
    outer loop
      vertex 0.843741 -2.03697 26.3215
      vertex 0.377017 -1.89539 25.914
      vertex 0.739545 -1.78542 25.914
    endloop
  endfacet
  facet normal 0.547884 -0.449645 -0.705438
    outer loop
      vertex 1.3665 -1.3665 25.914
      vertex 1.12146 -1.12146 25.5675
      vertex 1.60684 -1.07365 25.914
    endloop
  endfacet
  facet normal 0.643689 -0.528271 -0.553709
    outer loop
      vertex 1.83323 -1.22492 26.3215
      vertex 1.3665 -1.3665 25.914
      vertex 1.60684 -1.07365 25.914
    endloop
  endfacet
  facet normal 0.884726 0.268382 -0.381092
    outer loop
      vertex 2.34638 0.466724 26.7743
      vertex 2.03697 0.843741 26.3215
      vertex 2.21024 0.915512 26.7743
    endloop
  endfacet
  facet normal 0.815375 0.435811 -0.381093
    outer loop
      vertex 2.03697 0.843741 26.3215
      vertex 1.98917 1.32912 26.7743
      vertex 2.21024 0.915512 26.7743
    endloop
  endfacet
  facet normal 0.338973 -0.181179 -0.923186
    outer loop
      vertex 0.979879 -0.654735 25.2952
      vertex 0.603407 -0.403183 25.1076
      vertex 1.08878 -0.450989 25.2952
    endloop
  endfacet
  facet normal 0.678253 -0.205742 -0.705438
    outer loop
      vertex 1.78542 -0.739545 25.914
      vertex 1.46526 -0.606929 25.5675
      vertex 1.55551 -0.309409 25.5675
    endloop
  endfacet
  facet normal 0.187538 -0.0568879 -0.980609
    outer loop
      vertex 0.711767 -0.141579 25.1076
      vertex 0.22639 -0.0937729 25.012
      vertex 0.240334 -0.0478048 25.012
    endloop
  endfacet
  facet normal 0.195032 -0.0192116 -0.980609
    outer loop
      vertex 0.711767 -0.141579 25.1076
      vertex 0.240334 -0.0478048 25.012
      vertex 0.245043 0 25.012
    endloop
  endfacet
  facet normal 0.24173 0.796848 -0.553715
    outer loop
      vertex 0.843741 2.03697 26.3215
      vertex 0.377017 1.89539 25.914
      vertex 0.430136 2.16244 26.3215
    endloop
  endfacet
  facet normal 0.24172 0.796856 -0.553707
    outer loop
      vertex 0.739545 1.78542 25.914
      vertex 0.377017 1.89539 25.914
      vertex 0.843741 2.03697 26.3215
    endloop
  endfacet
  facet normal -0.0694848 0.705357 -0.705438
    outer loop
      vertex -0.309409 1.55551 25.5675
      vertex -0.377017 1.89539 25.914
      vertex 0 1.93253 25.914
    endloop
  endfacet
  facet normal -0.205743 0.678253 -0.705438
    outer loop
      vertex -0.309409 1.55551 25.5675
      vertex -0.739545 1.78542 25.914
      vertex -0.377017 1.89539 25.914
    endloop
  endfacet
  facet normal -0.24172 0.796856 -0.553707
    outer loop
      vertex -0.739545 1.78542 25.914
      vertex -0.843741 2.03697 26.3215
      vertex -0.377017 1.89539 25.914
    endloop
  endfacet
  facet normal -0.24173 0.796848 -0.553715
    outer loop
      vertex -0.377017 1.89539 25.914
      vertex -0.843741 2.03697 26.3215
      vertex -0.430136 2.16244 26.3215
    endloop
  endfacet
  facet normal -0.124326 0.151492 -0.980609
    outer loop
      vertex -0.173271 0.173271 25.012
      vertex -0.513155 0.513155 25.1076
      vertex -0.403183 0.603407 25.1076
    endloop
  endfacet
  facet normal -0.151492 0.124326 -0.980609
    outer loop
      vertex -0.173271 0.173271 25.012
      vertex -0.603407 0.403183 25.1076
      vertex -0.513155 0.513155 25.1076
    endloop
  endfacet
  facet normal -0.181183 0.338972 -0.923185
    outer loop
      vertex -0.403183 0.603407 25.1076
      vertex -0.450989 1.08878 25.2952
      vertex -0.277718 0.670469 25.1076
    endloop
  endfacet
  facet normal 0.0568879 0.187538 -0.980609
    outer loop
      vertex 0.0937729 0.22639 25.012
      vertex 0.0478048 0.240334 25.012
      vertex 0.141579 0.711767 25.1076
    endloop
  endfacet
  facet normal -0.187538 0.0568899 -0.980609
    outer loop
      vertex -0.22639 0.0937729 25.012
      vertex -0.711767 0.141579 25.1076
      vertex -0.670469 0.277718 25.1076
    endloop
  endfacet
  facet normal 0.181183 0.338972 -0.923185
    outer loop
      vertex 0.403183 0.603407 25.1076
      vertex 0.277718 0.670469 25.1076
      vertex 0.450989 1.08878 25.2952
    endloop
  endfacet
  facet normal 0.0923823 0.172836 -0.980609
    outer loop
      vertex 0.403183 0.603407 25.1076
      vertex 0.0937729 0.22639 25.012
      vertex 0.277718 0.670469 25.1076
    endloop
  endfacet
  facet normal 0.124325 0.151492 -0.980609
    outer loop
      vertex 0.173271 0.173271 25.012
      vertex 0.136138 0.203745 25.012
      vertex 0.403183 0.603407 25.1076
    endloop
  endfacet
  facet normal -0.0923838 0.172835 -0.980609
    outer loop
      vertex -0.136138 0.203745 25.012
      vertex -0.403183 0.603407 25.1076
      vertex -0.0937729 0.22639 25.012
    endloop
  endfacet
  facet normal 0.172836 0.0923823 -0.980609
    outer loop
      vertex 0.670469 0.277718 25.1076
      vertex 0.22639 0.0937729 25.012
      vertex 0.603407 0.403183 25.1076
    endloop
  endfacet
  facet normal 0.367805 0.111574 -0.923185
    outer loop
      vertex 0.711767 0.141579 25.1076
      vertex 0.670469 0.277718 25.1076
      vertex 1.08878 0.450989 25.2952
    endloop
  endfacet
  facet normal 0.382502 -0.0376659 -0.923187
    outer loop
      vertex 1.15585 -0.229912 25.2952
      vertex 0.711767 -0.141579 25.1076
      vertex 1.17849 0 25.2952
    endloop
  endfacet
  facet normal 0.705348 0.0694613 -0.70545
    outer loop
      vertex 1.58598 0 25.5675
      vertex 1.55551 0.309409 25.5675
      vertex 1.93253 0 25.914
    endloop
  endfacet
  facet normal 0.338973 0.181179 -0.923186
    outer loop
      vertex 1.08878 0.450989 25.2952
      vertex 0.603407 0.403183 25.1076
      vertex 0.979879 0.654735 25.2952
    endloop
  endfacet
  facet normal 0.151492 0.124326 -0.980609
    outer loop
      vertex 0.603407 0.403183 25.1076
      vertex 0.173271 0.173271 25.012
      vertex 0.513155 0.513155 25.1076
    endloop
  endfacet
  facet normal 0.243832 0.297109 -0.923186
    outer loop
      vertex 0.513155 0.513155 25.1076
      vertex 0.403183 0.603407 25.1076
      vertex 0.654735 0.979879 25.2952
    endloop
  endfacet
  facet normal 0.243831 0.297109 -0.923186
    outer loop
      vertex 0.833319 0.833319 25.2952
      vertex 0.513155 0.513155 25.1076
      vertex 0.654735 0.979879 25.2952
    endloop
  endfacet
  facet normal -0.0546301 -0.554776 -0.830204
    outer loop
      vertex 0 -1.17849 25.2952
      vertex -0.309409 -1.55551 25.5675
      vertex -0.229912 -1.15585 25.2952
    endloop
  endfacet
  facet normal -0.161838 -0.533451 -0.830204
    outer loop
      vertex -0.309409 -1.55551 25.5675
      vertex -0.450989 -1.08878 25.2952
      vertex -0.229912 -1.15585 25.2952
    endloop
  endfacet
  facet normal 0.0568879 -0.187538 -0.980609
    outer loop
      vertex 0.141579 -0.711767 25.1076
      vertex 0.0478048 -0.240334 25.012
      vertex 0.0937729 -0.22639 25.012
    endloop
  endfacet
  facet normal 0.111574 -0.367805 -0.923185
    outer loop
      vertex 0.450989 -1.08878 25.2952
      vertex 0.141579 -0.711767 25.1076
      vertex 0.277718 -0.670469 25.1076
    endloop
  endfacet
  facet normal 0.0376659 -0.382502 -0.923187
    outer loop
      vertex 0.229912 -1.15585 25.2952
      vertex 0 -1.17849 25.2952
      vertex 0.141579 -0.711767 25.1076
    endloop
  endfacet
  facet normal 0.181183 -0.338972 -0.923185
    outer loop
      vertex 0.450989 -1.08878 25.2952
      vertex 0.277718 -0.670469 25.1076
      vertex 0.403183 -0.603407 25.1076
    endloop
  endfacet
  facet normal 0.678253 -0.205743 -0.705438
    outer loop
      vertex 1.78542 -0.739545 25.914
      vertex 1.55551 -0.309409 25.5675
      vertex 1.89539 -0.377017 25.914
    endloop
  endfacet
  facet normal 0.796856 -0.24172 -0.553707
    outer loop
      vertex 2.03697 -0.843741 26.3215
      vertex 1.78542 -0.739545 25.914
      vertex 1.89539 -0.377017 25.914
    endloop
  endfacet
  facet normal -0.678253 0.205742 0.705438
    outer loop
      vertex -1.46526 0.606929 29.4325
      vertex -1.78542 0.739545 29.086
      vertex -1.55551 0.309409 29.4325
    endloop
  endfacet
  facet normal -0.64369 0.528268 0.553711
    outer loop
      vertex -1.55903 1.55903 28.6785
      vertex -1.83323 1.22492 28.6785
      vertex -1.3665 1.3665 29.086
    endloop
  endfacet
  facet normal -0.430917 0.353647 0.830207
    outer loop
      vertex -1.12146 1.12146 29.4325
      vertex -1.3187 0.881124 29.4325
      vertex -0.979879 0.654735 29.7048
    endloop
  endfacet
  facet normal -0.625079 0.334111 0.705441
    outer loop
      vertex -1.3187 0.881124 29.4325
      vertex -1.60684 1.07365 29.086
      vertex -1.46526 0.606929 29.4325
    endloop
  endfacet
  facet normal -0.625082 0.334108 0.705439
    outer loop
      vertex -1.60684 1.07365 29.086
      vertex -1.78542 0.739545 29.086
      vertex -1.46526 0.606929 29.4325
    endloop
  endfacet
  facet normal -0.734388 0.392533 0.553707
    outer loop
      vertex -1.60684 1.07365 29.086
      vertex -2.03697 0.843741 28.6785
      vertex -1.78542 0.739545 29.086
    endloop
  endfacet
  facet normal -0.0376659 0.382502 -0.923187
    outer loop
      vertex -0.141579 0.711767 25.1076
      vertex -0.229912 1.15585 25.2952
      vertex 0 1.17849 25.2952
    endloop
  endfacet
  facet normal -0.111582 0.367799 -0.923186
    outer loop
      vertex -0.141579 0.711767 25.1076
      vertex -0.450989 1.08878 25.2952
      vertex -0.229912 1.15585 25.2952
    endloop
  endfacet
  facet normal -0.796848 0.24173 -0.553715
    outer loop
      vertex -1.89539 0.377017 25.914
      vertex -2.16244 0.430136 26.3215
      vertex -2.03697 0.843741 26.3215
    endloop
  endfacet
  facet normal -0.828694 0.0816348 -0.553716
    outer loop
      vertex -1.93253 0 25.914
      vertex -2.16244 0.430136 26.3215
      vertex -1.89539 0.377017 25.914
    endloop
  endfacet
  facet normal -0.151492 -0.124326 -0.980609
    outer loop
      vertex -0.513155 -0.513155 25.1076
      vertex -0.603407 -0.403183 25.1076
      vertex -0.173271 -0.173271 25.012
    endloop
  endfacet
  facet normal 0.151492 0.124325 -0.980609
    outer loop
      vertex 0.203745 0.136138 25.012
      vertex 0.173271 0.173271 25.012
      vertex 0.603407 0.403183 25.1076
    endloop
  endfacet
  facet normal -0.554776 0.0546301 -0.830204
    outer loop
      vertex -1.17849 0 25.2952
      vertex -1.55551 0.309409 25.5675
      vertex -1.15585 0.229912 25.2952
    endloop
  endfacet
  facet normal -0.533451 0.161838 -0.830204
    outer loop
      vertex -1.15585 0.229912 25.2952
      vertex -1.55551 0.309409 25.5675
      vertex -1.08878 0.450989 25.2952
    endloop
  endfacet
  facet normal 0.151644 0.124452 0.980569
    outer loop
      vertex 0.513155 0.513155 29.8923
      vertex 0.173271 0.173271 29.988
      vertex 0.603407 0.403183 29.8923
    endloop
  endfacet
  facet normal 0.353647 0.430917 0.830207
    outer loop
      vertex 0.881124 1.3187 29.4325
      vertex 0.654735 0.979879 29.7048
      vertex 1.12146 1.12146 29.4325
    endloop
  endfacet
  facet normal 0.338819 0.181097 0.923258
    outer loop
      vertex 0.979879 0.654735 29.7048
      vertex 0.603407 0.403183 29.8923
      vertex 1.08878 0.450989 29.7048
    endloop
  endfacet
  facet normal 0.124452 0.151644 0.980569
    outer loop
      vertex 0.403183 0.603407 29.8923
      vertex 0.173271 0.173271 29.988
      vertex 0.513155 0.513155 29.8923
    endloop
  endfacet
  facet normal -0.019228 0.195229 0.980569
    outer loop
      vertex 0 0.725711 29.8923
      vertex -0.141579 0.711767 29.8923
      vertex 0 0.245043 29.988
    endloop
  endfacet
  facet normal 0.019228 0.195229 0.980569
    outer loop
      vertex 0 0.725711 29.8923
      vertex 0 0.245043 29.988
      vertex 0.141579 0.711767 29.8923
    endloop
  endfacet
  facet normal 0.0694848 0.705357 0.705438
    outer loop
      vertex 0.377017 1.89539 29.086
      vertex 0 1.93253 29.086
      vertex 0.309409 1.55551 29.4325
    endloop
  endfacet
  facet normal 0.205743 0.678253 0.705438
    outer loop
      vertex 0.377017 1.89539 29.086
      vertex 0.309409 1.55551 29.4325
      vertex 0.739545 1.78542 29.086
    endloop
  endfacet
  facet normal -0.0906102 0.920083 0.381099
    outer loop
      vertex 0 2.39235 28.2257
      vertex -0.430136 2.16244 28.6785
      vertex 0 2.2048 28.6785
    endloop
  endfacet
  facet normal -0.0816116 0.828708 0.553699
    outer loop
      vertex 0 2.2048 28.6785
      vertex -0.430136 2.16244 28.6785
      vertex 0 1.93253 29.086
    endloop
  endfacet
  facet normal -0.187727 -0.0569451 0.980569
    outer loop
      vertex -0.240334 -0.0478048 29.988
      vertex -0.711767 -0.141579 29.8923
      vertex -0.22639 -0.0937729 29.988
    endloop
  endfacet
  facet normal -0.382502 -0.0376659 -0.923187
    outer loop
      vertex -1.15585 -0.229912 25.2952
      vertex -1.17849 0 25.2952
      vertex -0.711767 -0.141579 25.1076
    endloop
  endfacet
  facet normal -0.367799 -0.111582 -0.923186
    outer loop
      vertex -1.08878 -0.450989 25.2952
      vertex -1.15585 -0.229912 25.2952
      vertex -0.711767 -0.141579 25.1076
    endloop
  endfacet
  facet normal -0.297109 -0.243831 -0.923186
    outer loop
      vertex -0.833319 -0.833319 25.2952
      vertex -0.979879 -0.654735 25.2952
      vertex -0.513155 -0.513155 25.1076
    endloop
  endfacet
  facet normal -0.297109 -0.243832 -0.923186
    outer loop
      vertex -0.513155 -0.513155 25.1076
      vertex -0.979879 -0.654735 25.2952
      vertex -0.603407 -0.403183 25.1076
    endloop
  endfacet
  facet normal -0.124326 -0.151492 -0.980609
    outer loop
      vertex -0.403183 -0.603407 25.1076
      vertex -0.513155 -0.513155 25.1076
      vertex -0.173271 -0.173271 25.012
    endloop
  endfacet
  facet normal -0.187538 -0.0568899 -0.980609
    outer loop
      vertex -0.670469 -0.277718 25.1076
      vertex -0.711767 -0.141579 25.1076
      vertex -0.22639 -0.0937729 25.012
    endloop
  endfacet
  facet normal -0.172836 -0.0923823 -0.980609
    outer loop
      vertex -0.603407 -0.403183 25.1076
      vertex -0.670469 -0.277718 25.1076
      vertex -0.22639 -0.0937729 25.012
    endloop
  endfacet
  facet normal -0.181101 -0.338818 0.923258
    outer loop
      vertex -0.403183 -0.603407 29.8923
      vertex -0.450989 -1.08878 29.7048
      vertex -0.277718 -0.670469 29.8923
    endloop
  endfacet
  facet normal -0.111524 -0.367638 0.923258
    outer loop
      vertex -0.277718 -0.670469 29.8923
      vertex -0.450989 -1.08878 29.7048
      vertex -0.141579 -0.711767 29.8923
    endloop
  endfacet
  facet normal -0.338819 -0.181097 0.923258
    outer loop
      vertex -0.603407 -0.403183 29.8923
      vertex -1.08878 -0.450989 29.7048
      vertex -0.979879 -0.654735 29.7048
    endloop
  endfacet
  facet normal -0.491634 -0.262776 0.830208
    outer loop
      vertex -1.08878 -0.450989 29.7048
      vertex -1.3187 -0.881124 29.4325
      vertex -0.979879 -0.654735 29.7048
    endloop
  endfacet
  facet normal -0.12445 -0.151645 0.980569
    outer loop
      vertex -0.173271 -0.173271 29.988
      vertex -0.403183 -0.603407 29.8923
      vertex -0.136138 -0.203745 29.988
    endloop
  endfacet
  facet normal -0.205743 -0.678253 0.705438
    outer loop
      vertex -0.309409 -1.55551 29.4325
      vertex -0.739545 -1.78542 29.086
      vertex -0.377017 -1.89539 29.086
    endloop
  endfacet
  facet normal -0.24172 -0.796856 0.553707
    outer loop
      vertex -0.739545 -1.78542 29.086
      vertex -0.843741 -2.03697 28.6785
      vertex -0.377017 -1.89539 29.086
    endloop
  endfacet
  facet normal 0.547884 -0.449645 0.705438
    outer loop
      vertex 1.60684 -1.07365 29.086
      vertex 1.12146 -1.12146 29.4325
      vertex 1.3665 -1.3665 29.086
    endloop
  endfacet
  facet normal 0.547885 -0.44964 0.70544
    outer loop
      vertex 1.3187 -0.881124 29.4325
      vertex 1.12146 -1.12146 29.4325
      vertex 1.60684 -1.07365 29.086
    endloop
  endfacet
  facet normal 0.296974 -0.243721 0.923259
    outer loop
      vertex 0.603407 -0.403183 29.8923
      vertex 0.513155 -0.513155 29.8923
      vertex 0.979879 -0.654735 29.7048
    endloop
  endfacet
  facet normal 0.151644 -0.124452 0.980569
    outer loop
      vertex 0.603407 -0.403183 29.8923
      vertex 0.173271 -0.173271 29.988
      vertex 0.513155 -0.513155 29.8923
    endloop
  endfacet
  facet normal 0.367638 -0.111524 0.923258
    outer loop
      vertex 0.711767 -0.141579 29.8923
      vertex 0.670469 -0.277718 29.8923
      vertex 1.08878 -0.450989 29.7048
    endloop
  endfacet
  facet normal 0.187726 -0.0569471 0.980569
    outer loop
      vertex 0.711767 -0.141579 29.8923
      vertex 0.22639 -0.0937729 29.988
      vertex 0.670469 -0.277718 29.8923
    endloop
  endfacet
  facet normal 0.26278 -0.491628 0.83021
    outer loop
      vertex 0.881124 -1.3187 29.4325
      vertex 0.450989 -1.08878 29.7048
      vertex 0.606929 -1.46526 29.4325
    endloop
  endfacet
  facet normal 0.161817 -0.533448 0.83021
    outer loop
      vertex 0.450989 -1.08878 29.7048
      vertex 0.309409 -1.55551 29.4325
      vertex 0.606929 -1.46526 29.4325
    endloop
  endfacet
  facet normal 0.554776 -0.0546301 -0.830204
    outer loop
      vertex 1.55551 -0.309409 25.5675
      vertex 1.15585 -0.229912 25.2952
      vertex 1.17849 0 25.2952
    endloop
  endfacet
  facet normal 0.491628 0.26278 -0.83021
    outer loop
      vertex 1.46526 0.606929 25.5675
      vertex 1.08878 0.450989 25.2952
      vertex 1.3187 0.881124 25.5675
    endloop
  endfacet
  facet normal 0.382502 0.0376659 -0.923187
    outer loop
      vertex 1.17849 0 25.2952
      vertex 0.711767 0.141579 25.1076
      vertex 1.15585 0.229912 25.2952
    endloop
  endfacet
  facet normal 0.382504 0.0376725 -0.923186
    outer loop
      vertex 0.725711 0 25.1076
      vertex 0.711767 0.141579 25.1076
      vertex 1.17849 0 25.2952
    endloop
  endfacet
  facet normal 0.187538 -0.0568899 -0.980609
    outer loop
      vertex 0.670469 -0.277718 25.1076
      vertex 0.22639 -0.0937729 25.012
      vertex 0.711767 -0.141579 25.1076
    endloop
  endfacet
  facet normal 0.367805 -0.111574 -0.923185
    outer loop
      vertex 1.08878 -0.450989 25.2952
      vertex 0.670469 -0.277718 25.1076
      vertex 0.711767 -0.141579 25.1076
    endloop
  endfacet
  facet normal -0.435811 0.815375 -0.381093
    outer loop
      vertex -0.843741 2.03697 26.3215
      vertex -1.32912 1.98917 26.7743
      vertex -0.915512 2.21024 26.7743
    endloop
  endfacet
  facet normal -0.268382 0.884726 -0.381092
    outer loop
      vertex -0.843741 2.03697 26.3215
      vertex -0.915512 2.21024 26.7743
      vertex -0.466724 2.34638 26.7743
    endloop
  endfacet
  facet normal -0.151492 -0.124325 -0.980609
    outer loop
      vertex -0.173271 -0.173271 25.012
      vertex -0.603407 -0.403183 25.1076
      vertex -0.203745 -0.136138 25.012
    endloop
  endfacet
  facet normal -0.0376725 0.382504 -0.923186
    outer loop
      vertex 0 0.725711 25.1076
      vertex -0.141579 0.711767 25.1076
      vertex 0 1.17849 25.2952
    endloop
  endfacet
  facet normal 0.0376725 0.382504 -0.923186
    outer loop
      vertex 0.141579 0.711767 25.1076
      vertex 0 0.725711 25.1076
      vertex 0 1.17849 25.2952
    endloop
  endfacet
  facet normal 0 0 -1
    outer loop
      vertex 0.240334 -0.0478048 25.012
      vertex 0.240334 0.0478048 25.012
      vertex 0.245043 0 25.012
    endloop
  endfacet
  facet normal 0 0 -1
    outer loop
      vertex 0.22639 -0.0937729 25.012
      vertex 0.240334 0.0478048 25.012
      vertex 0.240334 -0.0478048 25.012
    endloop
  endfacet
  facet normal 0 0 -1
    outer loop
      vertex 0.22639 -0.0937729 25.012
      vertex 0.22639 0.0937729 25.012
      vertex 0.240334 0.0478048 25.012
    endloop
  endfacet
  facet normal 0 0 -1
    outer loop
      vertex 0.203745 -0.136138 25.012
      vertex 0.22639 0.0937729 25.012
      vertex 0.22639 -0.0937729 25.012
    endloop
  endfacet
  facet normal 0 0 -1
    outer loop
      vertex 0.203745 -0.136138 25.012
      vertex 0.203745 0.136138 25.012
      vertex 0.22639 0.0937729 25.012
    endloop
  endfacet
  facet normal 0 0 -1
    outer loop
      vertex 0.173271 -0.173271 25.012
      vertex 0.203745 0.136138 25.012
      vertex 0.203745 -0.136138 25.012
    endloop
  endfacet
  facet normal 0 0 -1
    outer loop
      vertex 0.173271 -0.173271 25.012
      vertex 0.173271 0.173271 25.012
      vertex 0.203745 0.136138 25.012
    endloop
  endfacet
  facet normal 0 0 -1
    outer loop
      vertex 0.136138 -0.203745 25.012
      vertex 0.173271 0.173271 25.012
      vertex 0.173271 -0.173271 25.012
    endloop
  endfacet
  facet normal 0 0 -1
    outer loop
      vertex 0.136138 -0.203745 25.012
      vertex 0.136138 0.203745 25.012
      vertex 0.173271 0.173271 25.012
    endloop
  endfacet
  facet normal 0 0 -1
    outer loop
      vertex 0.0937729 -0.22639 25.012
      vertex 0.136138 0.203745 25.012
      vertex 0.136138 -0.203745 25.012
    endloop
  endfacet
  facet normal 0 0 -1
    outer loop
      vertex 0.0937729 -0.22639 25.012
      vertex 0.0937729 0.22639 25.012
      vertex 0.136138 0.203745 25.012
    endloop
  endfacet
  facet normal 0 0 -1
    outer loop
      vertex 0.0478048 -0.240334 25.012
      vertex 0.0937729 0.22639 25.012
      vertex 0.0937729 -0.22639 25.012
    endloop
  endfacet
  facet normal 0 0 -1
    outer loop
      vertex 0.0478048 -0.240334 25.012
      vertex 0.0478048 0.240334 25.012
      vertex 0.0937729 0.22639 25.012
    endloop
  endfacet
  facet normal 0 0 -1
    outer loop
      vertex 0 -0.245043 25.012
      vertex 0.0478048 0.240334 25.012
      vertex 0.0478048 -0.240334 25.012
    endloop
  endfacet
  facet normal 0 0 -1
    outer loop
      vertex 0 -0.245043 25.012
      vertex 0 0.245043 25.012
      vertex 0.0478048 0.240334 25.012
    endloop
  endfacet
  facet normal 0 0 -1
    outer loop
      vertex -0.0478048 -0.240334 25.012
      vertex 0 0.245043 25.012
      vertex 0 -0.245043 25.012
    endloop
  endfacet
  facet normal 0 0 -1
    outer loop
      vertex -0.0478048 -0.240334 25.012
      vertex -0.0478048 0.240334 25.012
      vertex 0 0.245043 25.012
    endloop
  endfacet
  facet normal 0 0 -1
    outer loop
      vertex -0.0937729 -0.22639 25.012
      vertex -0.0478048 0.240334 25.012
      vertex -0.0478048 -0.240334 25.012
    endloop
  endfacet
  facet normal 0 0 -1
    outer loop
      vertex -0.0937729 -0.22639 25.012
      vertex -0.0937729 0.22639 25.012
      vertex -0.0478048 0.240334 25.012
    endloop
  endfacet
  facet normal 0 0 -1
    outer loop
      vertex -0.136138 -0.203745 25.012
      vertex -0.0937729 0.22639 25.012
      vertex -0.0937729 -0.22639 25.012
    endloop
  endfacet
  facet normal 0 0 -1
    outer loop
      vertex -0.136138 -0.203745 25.012
      vertex -0.136138 0.203745 25.012
      vertex -0.0937729 0.22639 25.012
    endloop
  endfacet
  facet normal 0 0 -1
    outer loop
      vertex -0.173271 -0.173271 25.012
      vertex -0.136138 0.203745 25.012
      vertex -0.136138 -0.203745 25.012
    endloop
  endfacet
  facet normal 0 0 -1
    outer loop
      vertex -0.173271 -0.173271 25.012
      vertex -0.173271 0.173271 25.012
      vertex -0.136138 0.203745 25.012
    endloop
  endfacet
  facet normal 0 0 -1
    outer loop
      vertex -0.203745 -0.136138 25.012
      vertex -0.173271 0.173271 25.012
      vertex -0.173271 -0.173271 25.012
    endloop
  endfacet
  facet normal 0 0 -1
    outer loop
      vertex -0.203745 -0.136138 25.012
      vertex -0.203745 0.136138 25.012
      vertex -0.173271 0.173271 25.012
    endloop
  endfacet
  facet normal 0 0 -1
    outer loop
      vertex -0.22639 -0.0937729 25.012
      vertex -0.203745 0.136138 25.012
      vertex -0.203745 -0.136138 25.012
    endloop
  endfacet
  facet normal 0 0 -1
    outer loop
      vertex -0.22639 -0.0937729 25.012
      vertex -0.22639 0.0937729 25.012
      vertex -0.203745 0.136138 25.012
    endloop
  endfacet
  facet normal 0 0 -1
    outer loop
      vertex -0.240334 -0.0478048 25.012
      vertex -0.22639 0.0937729 25.012
      vertex -0.22639 -0.0937729 25.012
    endloop
  endfacet
  facet normal 0 0 -1
    outer loop
      vertex -0.240334 -0.0478048 25.012
      vertex -0.240334 0.0478048 25.012
      vertex -0.22639 0.0937729 25.012
    endloop
  endfacet
  facet normal 0 -0 -1
    outer loop
      vertex -0.240334 0.0478048 25.012
      vertex -0.240334 -0.0478048 25.012
      vertex -0.245043 0 25.012
    endloop
  endfacet
  facet normal 0.172835 0.0923838 -0.980609
    outer loop
      vertex 0.22639 0.0937729 25.012
      vertex 0.203745 0.136138 25.012
      vertex 0.603407 0.403183 25.1076
    endloop
  endfacet
  facet normal 0.554776 0.0546301 -0.830204
    outer loop
      vertex 1.17849 0 25.2952
      vertex 1.15585 0.229912 25.2952
      vertex 1.55551 0.309409 25.5675
    endloop
  endfacet
  facet normal 0.678253 0.205742 -0.705438
    outer loop
      vertex 1.55551 0.309409 25.5675
      vertex 1.46526 0.606929 25.5675
      vertex 1.78542 0.739545 25.914
    endloop
  endfacet
  facet normal -0.111574 -0.367805 -0.923185
    outer loop
      vertex -0.141579 -0.711767 25.1076
      vertex -0.450989 -1.08878 25.2952
      vertex -0.277718 -0.670469 25.1076
    endloop
  endfacet
  facet normal -0.0568899 -0.187538 -0.980609
    outer loop
      vertex -0.141579 -0.711767 25.1076
      vertex -0.277718 -0.670469 25.1076
      vertex -0.0937729 -0.22639 25.012
    endloop
  endfacet
  facet normal 0.262776 -0.491634 -0.830208
    outer loop
      vertex 0.881124 -1.3187 25.5675
      vertex 0.450989 -1.08878 25.2952
      vertex 0.654735 -0.979879 25.2952
    endloop
  endfacet
  facet normal 0.181179 -0.338973 -0.923186
    outer loop
      vertex 0.450989 -1.08878 25.2952
      vertex 0.403183 -0.603407 25.1076
      vertex 0.654735 -0.979879 25.2952
    endloop
  endfacet
  facet normal 0.26278 -0.491628 -0.83021
    outer loop
      vertex 0.606929 -1.46526 25.5675
      vertex 0.450989 -1.08878 25.2952
      vertex 0.881124 -1.3187 25.5675
    endloop
  endfacet
  facet normal 0.205743 -0.678253 -0.705438
    outer loop
      vertex 0.377017 -1.89539 25.914
      vertex 0.309409 -1.55551 25.5675
      vertex 0.739545 -1.78542 25.914
    endloop
  endfacet
  facet normal 0.0568899 -0.187538 -0.980609
    outer loop
      vertex 0.141579 -0.711767 25.1076
      vertex 0.0937729 -0.22639 25.012
      vertex 0.277718 -0.670469 25.1076
    endloop
  endfacet
  facet normal 0.0923823 -0.172836 -0.980609
    outer loop
      vertex 0.277718 -0.670469 25.1076
      vertex 0.0937729 -0.22639 25.012
      vertex 0.403183 -0.603407 25.1076
    endloop
  endfacet
  facet normal -0.547884 0.449645 0.705438
    outer loop
      vertex -1.3665 1.3665 29.086
      vertex -1.60684 1.07365 29.086
      vertex -1.12146 1.12146 29.4325
    endloop
  endfacet
  facet normal -0.643689 0.528271 0.553709
    outer loop
      vertex -1.3665 1.3665 29.086
      vertex -1.83323 1.22492 28.6785
      vertex -1.60684 1.07365 29.086
    endloop
  endfacet
  facet normal -0.338972 0.181183 -0.923185
    outer loop
      vertex -0.670469 0.277718 25.1076
      vertex -1.08878 0.450989 25.2952
      vertex -0.603407 0.403183 25.1076
    endloop
  endfacet
  facet normal -0.172836 0.0923823 -0.980609
    outer loop
      vertex -0.22639 0.0937729 25.012
      vertex -0.670469 0.277718 25.1076
      vertex -0.603407 0.403183 25.1076
    endloop
  endfacet
  facet normal -0.0192116 -0.195032 -0.980609
    outer loop
      vertex 0 -0.245043 25.012
      vertex -0.141579 -0.711767 25.1076
      vertex -0.0478048 -0.240334 25.012
    endloop
  endfacet
  facet normal 0.181101 0.338818 0.923258
    outer loop
      vertex 0.450989 1.08878 29.7048
      vertex 0.277718 0.670469 29.8923
      vertex 0.403183 0.603407 29.8923
    endloop
  endfacet
  facet normal 0.181097 0.338819 0.923258
    outer loop
      vertex 0.450989 1.08878 29.7048
      vertex 0.403183 0.603407 29.8923
      vertex 0.654735 0.979879 29.7048
    endloop
  endfacet
  facet normal 0.151645 0.12445 0.980569
    outer loop
      vertex 0.603407 0.403183 29.8923
      vertex 0.173271 0.173271 29.988
      vertex 0.203745 0.136138 29.988
    endloop
  endfacet
  facet normal 0.173009 0.0924767 0.980569
    outer loop
      vertex 0.603407 0.403183 29.8923
      vertex 0.203745 0.136138 29.988
      vertex 0.22639 0.0937729 29.988
    endloop
  endfacet
  facet normal -0.187538 -0.0568879 -0.980609
    outer loop
      vertex -0.22639 -0.0937729 25.012
      vertex -0.711767 -0.141579 25.1076
      vertex -0.240334 -0.0478048 25.012
    endloop
  endfacet
  facet normal -0.353646 -0.430919 0.830207
    outer loop
      vertex -0.833319 -0.833319 29.7048
      vertex -1.12146 -1.12146 29.4325
      vertex -0.654735 -0.979879 29.7048
    endloop
  endfacet
  facet normal -0.296974 -0.243721 0.923259
    outer loop
      vertex -0.603407 -0.403183 29.8923
      vertex -0.979879 -0.654735 29.7048
      vertex -0.513155 -0.513155 29.8923
    endloop
  endfacet
  facet normal 0.0694613 -0.705348 0.70545
    outer loop
      vertex 0 -1.58598 29.4325
      vertex 0 -1.93253 29.086
      vertex 0.309409 -1.55551 29.4325
    endloop
  endfacet
  facet normal -0.0694848 -0.705357 0.705438
    outer loop
      vertex -0.309409 -1.55551 29.4325
      vertex -0.377017 -1.89539 29.086
      vertex 0 -1.93253 29.086
    endloop
  endfacet
  facet normal 0.828694 -0.0816348 -0.553716
    outer loop
      vertex 2.16244 -0.430136 26.3215
      vertex 1.89539 -0.377017 25.914
      vertex 1.93253 0 25.914
    endloop
  endfacet
  facet normal 0.705357 -0.0694848 -0.705438
    outer loop
      vertex 1.89539 -0.377017 25.914
      vertex 1.55551 -0.309409 25.5675
      vertex 1.93253 0 25.914
    endloop
  endfacet
  facet normal 0.430917 -0.353647 -0.830207
    outer loop
      vertex 1.12146 -1.12146 25.5675
      vertex 0.979879 -0.654735 25.2952
      vertex 1.3187 -0.881124 25.5675
    endloop
  endfacet
  facet normal 0.533448 -0.161817 -0.83021
    outer loop
      vertex 1.46526 -0.606929 25.5675
      vertex 1.08878 -0.450989 25.2952
      vertex 1.55551 -0.309409 25.5675
    endloop
  endfacet
  facet normal 0.705357 0.0694848 -0.705438
    outer loop
      vertex 1.93253 0 25.914
      vertex 1.55551 0.309409 25.5675
      vertex 1.89539 0.377017 25.914
    endloop
  endfacet
  facet normal 0.678253 0.205743 -0.705438
    outer loop
      vertex 1.89539 0.377017 25.914
      vertex 1.55551 0.309409 25.5675
      vertex 1.78542 0.739545 25.914
    endloop
  endfacet
  facet normal 0.187538 0.0568879 -0.980609
    outer loop
      vertex 0.240334 0.0478048 25.012
      vertex 0.22639 0.0937729 25.012
      vertex 0.711767 0.141579 25.1076
    endloop
  endfacet
  facet normal 0.195032 0.0192116 -0.980609
    outer loop
      vertex 0.245043 0 25.012
      vertex 0.240334 0.0478048 25.012
      vertex 0.711767 0.141579 25.1076
    endloop
  endfacet
  facet normal -0.0923838 -0.172835 -0.980609
    outer loop
      vertex -0.0937729 -0.22639 25.012
      vertex -0.403183 -0.603407 25.1076
      vertex -0.136138 -0.203745 25.012
    endloop
  endfacet
  facet normal 0.0376725 -0.382504 -0.923186
    outer loop
      vertex 0.141579 -0.711767 25.1076
      vertex 0 -1.17849 25.2952
      vertex 0 -0.725711 25.1076
    endloop
  endfacet
  facet normal -0.0376725 -0.382504 -0.923186
    outer loop
      vertex 0 -1.17849 25.2952
      vertex -0.141579 -0.711767 25.1076
      vertex 0 -0.725711 25.1076
    endloop
  endfacet
  facet normal 0.547885 -0.44964 -0.70544
    outer loop
      vertex 1.60684 -1.07365 25.914
      vertex 1.12146 -1.12146 25.5675
      vertex 1.3187 -0.881124 25.5675
    endloop
  endfacet
  facet normal 0.297109 -0.243831 -0.923186
    outer loop
      vertex 0.833319 -0.833319 25.2952
      vertex 0.513155 -0.513155 25.1076
      vertex 0.979879 -0.654735 25.2952
    endloop
  endfacet
  facet normal -0.0546331 -0.554774 -0.830205
    outer loop
      vertex 0 -1.58598 25.5675
      vertex -0.309409 -1.55551 25.5675
      vertex 0 -1.17849 25.2952
    endloop
  endfacet
  facet normal 0.0546331 -0.554774 -0.830205
    outer loop
      vertex 0.309409 -1.55551 25.5675
      vertex 0 -1.58598 25.5675
      vertex 0 -1.17849 25.2952
    endloop
  endfacet
  facet normal 0.111582 -0.367799 -0.923186
    outer loop
      vertex 0.229912 -1.15585 25.2952
      vertex 0.141579 -0.711767 25.1076
      vertex 0.450989 -1.08878 25.2952
    endloop
  endfacet
  facet normal 0.161838 -0.533451 -0.830204
    outer loop
      vertex 0.309409 -1.55551 25.5675
      vertex 0.229912 -1.15585 25.2952
      vertex 0.450989 -1.08878 25.2952
    endloop
  endfacet
  facet normal 0.334108 -0.625082 -0.705439
    outer loop
      vertex 0.739545 -1.78542 25.914
      vertex 0.606929 -1.46526 25.5675
      vertex 1.07365 -1.60684 25.914
    endloop
  endfacet
  facet normal 0.205742 -0.678253 -0.705438
    outer loop
      vertex 0.739545 -1.78542 25.914
      vertex 0.309409 -1.55551 25.5675
      vertex 0.606929 -1.46526 25.5675
    endloop
  endfacet
  facet normal -0.195032 0.0192116 -0.980609
    outer loop
      vertex -0.245043 0 25.012
      vertex -0.711767 0.141579 25.1076
      vertex -0.240334 0.0478048 25.012
    endloop
  endfacet
  facet normal -0.187538 0.0568879 -0.980609
    outer loop
      vertex -0.240334 0.0478048 25.012
      vertex -0.711767 0.141579 25.1076
      vertex -0.22639 0.0937729 25.012
    endloop
  endfacet
  facet normal 0.0376488 0.382328 0.923259
    outer loop
      vertex 0.229912 1.15585 29.7048
      vertex 0 1.17849 29.7048
      vertex 0.141579 0.711767 29.8923
    endloop
  endfacet
  facet normal 0.111532 0.367632 0.923259
    outer loop
      vertex 0.229912 1.15585 29.7048
      vertex 0.141579 0.711767 29.8923
      vertex 0.450989 1.08878 29.7048
    endloop
  endfacet
  facet normal 0.0569471 0.187726 0.980569
    outer loop
      vertex 0.141579 0.711767 29.8923
      vertex 0.0937729 0.22639 29.988
      vertex 0.277718 0.670469 29.8923
    endloop
  endfacet
  facet normal 0.0924752 0.17301 0.980569
    outer loop
      vertex 0.277718 0.670469 29.8923
      vertex 0.0937729 0.22639 29.988
      vertex 0.403183 0.603407 29.8923
    endloop
  endfacet
  facet normal 0.338818 0.181101 0.923258
    outer loop
      vertex 1.08878 0.450989 29.7048
      vertex 0.603407 0.403183 29.8923
      vertex 0.670469 0.277718 29.8923
    endloop
  endfacet
  facet normal 0.17301 0.0924752 0.980569
    outer loop
      vertex 0.603407 0.403183 29.8923
      vertex 0.22639 0.0937729 29.988
      vertex 0.670469 0.277718 29.8923
    endloop
  endfacet
  facet normal 0.430919 0.353646 0.830207
    outer loop
      vertex 1.12146 1.12146 29.4325
      vertex 0.833319 0.833319 29.7048
      vertex 0.979879 0.654735 29.7048
    endloop
  endfacet
  facet normal 0.353646 0.430919 0.830207
    outer loop
      vertex 1.12146 1.12146 29.4325
      vertex 0.654735 0.979879 29.7048
      vertex 0.833319 0.833319 29.7048
    endloop
  endfacet
  facet normal -0.24372 -0.296974 0.923259
    outer loop
      vertex -0.513155 -0.513155 29.8923
      vertex -0.833319 -0.833319 29.7048
      vertex -0.654735 -0.979879 29.7048
    endloop
  endfacet
  facet normal -0.296974 -0.24372 0.923259
    outer loop
      vertex -0.513155 -0.513155 29.8923
      vertex -0.979879 -0.654735 29.7048
      vertex -0.833319 -0.833319 29.7048
    endloop
  endfacet
  facet normal -0.0546331 -0.554774 0.830205
    outer loop
      vertex 0 -1.17849 29.7048
      vertex -0.309409 -1.55551 29.4325
      vertex 0 -1.58598 29.4325
    endloop
  endfacet
  facet normal -0.0694613 -0.705348 0.70545
    outer loop
      vertex 0 -1.58598 29.4325
      vertex -0.309409 -1.55551 29.4325
      vertex 0 -1.93253 29.086
    endloop
  endfacet
  facet normal 0.554774 0.0546331 -0.830205
    outer loop
      vertex 1.58598 0 25.5675
      vertex 1.17849 0 25.2952
      vertex 1.55551 0.309409 25.5675
    endloop
  endfacet
  facet normal 0.705348 -0.0694613 -0.70545
    outer loop
      vertex 1.93253 0 25.914
      vertex 1.55551 -0.309409 25.5675
      vertex 1.58598 0 25.5675
    endloop
  endfacet
  facet normal 0.491634 -0.262776 -0.830208
    outer loop
      vertex 1.3187 -0.881124 25.5675
      vertex 0.979879 -0.654735 25.2952
      vertex 1.08878 -0.450989 25.2952
    endloop
  endfacet
  facet normal 0.491628 -0.26278 -0.83021
    outer loop
      vertex 1.3187 -0.881124 25.5675
      vertex 1.08878 -0.450989 25.2952
      vertex 1.46526 -0.606929 25.5675
    endloop
  endfacet
  facet normal 0.382504 -0.0376725 -0.923186
    outer loop
      vertex 1.17849 0 25.2952
      vertex 0.711767 -0.141579 25.1076
      vertex 0.725711 0 25.1076
    endloop
  endfacet
  facet normal 0.195033 -0.0192087 -0.980609
    outer loop
      vertex 0.711767 -0.141579 25.1076
      vertex 0.245043 0 25.012
      vertex 0.725711 0 25.1076
    endloop
  endfacet
  facet normal 0.430919 -0.353646 -0.830207
    outer loop
      vertex 1.12146 -1.12146 25.5675
      vertex 0.833319 -0.833319 25.2952
      vertex 0.979879 -0.654735 25.2952
    endloop
  endfacet
  facet normal 0.353646 -0.430919 -0.830207
    outer loop
      vertex 1.12146 -1.12146 25.5675
      vertex 0.654735 -0.979879 25.2952
      vertex 0.833319 -0.833319 25.2952
    endloop
  endfacet
  facet normal 0.296974 0.24372 0.923259
    outer loop
      vertex 0.833319 0.833319 29.7048
      vertex 0.513155 0.513155 29.8923
      vertex 0.979879 0.654735 29.7048
    endloop
  endfacet
  facet normal 0.24372 0.296974 0.923259
    outer loop
      vertex 0.654735 0.979879 29.7048
      vertex 0.513155 0.513155 29.8923
      vertex 0.833319 0.833319 29.7048
    endloop
  endfacet
  facet normal 0.533451 0.161838 -0.830204
    outer loop
      vertex 1.15585 0.229912 25.2952
      vertex 1.08878 0.450989 25.2952
      vertex 1.55551 0.309409 25.5675
    endloop
  endfacet
  facet normal 0.533448 0.161817 -0.83021
    outer loop
      vertex 1.55551 0.309409 25.5675
      vertex 1.08878 0.450989 25.2952
      vertex 1.46526 0.606929 25.5675
    endloop
  endfacet
  facet normal 1 -0 0
    outer loop
      vertex 36.8 0.25 52.8
      vertex 36.8 2.25 2.2
      vertex 36.8 2.25 52.8
    endloop
  endfacet
  facet normal 1 0 0
    outer loop
      vertex 36.8 2.25 2.2
      vertex 36.8 0.25 52.8
      vertex 36.8 0.25 2.2
    endloop
  endfacet
  facet normal -0 0 1
    outer loop
      vertex -36.8 2.25 52.8
      vertex 36.8 0.25 52.8
      vertex 36.8 2.25 52.8
    endloop
  endfacet
  facet normal 0 0 1
    outer loop
      vertex 36.8 0.25 52.8
      vertex -36.8 2.25 52.8
      vertex -36.8 0.25 52.8
    endloop
  endfacet
  facet normal 0 0 -1
    outer loop
      vertex -36.8 0.25 2.2
      vertex 36.8 2.25 2.2
      vertex 36.8 0.25 2.2
    endloop
  endfacet
  facet normal -0 0 -1
    outer loop
      vertex 36.8 2.25 2.2
      vertex -36.8 0.25 2.2
      vertex -36.8 2.25 2.2
    endloop
  endfacet
  facet normal -1 0 0
    outer loop
      vertex -36.8 0.25 2.2
      vertex -36.8 2.25 52.8
      vertex -36.8 2.25 2.2
    endloop
  endfacet
  facet normal -1 -0 0
    outer loop
      vertex -36.8 2.25 52.8
      vertex -36.8 0.25 2.2
      vertex -36.8 0.25 52.8
    endloop
  endfacet
  facet normal 0 1 0
    outer loop
      vertex 36.8 2.25 52.8
      vertex 34.8 2.25 50.8
      vertex -36.8 2.25 52.8
    endloop
  endfacet
  facet normal 0 1 0
    outer loop
      vertex 36.8 2.25 52.8
      vertex 34.8 2.25 4.2
      vertex 34.8 2.25 50.8
    endloop
  endfacet
  facet normal 0 1 0
    outer loop
      vertex 34.8 2.25 4.2
      vertex 36.8 2.25 2.2
      vertex -34.8 2.25 4.2
    endloop
  endfacet
  facet normal 0 1 -0
    outer loop
      vertex 36.8 2.25 2.2
      vertex 34.8 2.25 4.2
      vertex 36.8 2.25 52.8
    endloop
  endfacet
  facet normal 0 1 -0
    outer loop
      vertex -34.8 2.25 50.8
      vertex -36.8 2.25 52.8
      vertex 34.8 2.25 50.8
    endloop
  endfacet
  facet normal 0 1 -0
    outer loop
      vertex -34.8 2.25 4.2
      vertex -36.8 2.25 52.8
      vertex -34.8 2.25 50.8
    endloop
  endfacet
  facet normal 0 1 0
    outer loop
      vertex -34.8 2.25 4.2
      vertex -36.8 2.25 2.2
      vertex -36.8 2.25 52.8
    endloop
  endfacet
  facet normal 0 1 0
    outer loop
      vertex -36.8 2.25 2.2
      vertex -34.8 2.25 4.2
      vertex 36.8 2.25 2.2
    endloop
  endfacet
  facet normal 0 -1 0
    outer loop
      vertex -36.8 0.25 52.8
      vertex -34.8 0.25 50.8
      vertex 36.8 0.25 52.8
    endloop
  endfacet
  facet normal 0 -1 0
    outer loop
      vertex -36.8 0.25 52.8
      vertex -34.8 0.25 4.2
      vertex -34.8 0.25 50.8
    endloop
  endfacet
  facet normal 0 -1 -0
    outer loop
      vertex -34.8 0.25 4.2
      vertex -36.8 0.25 2.2
      vertex 34.8 0.25 4.2
    endloop
  endfacet
  facet normal 0 -1 0
    outer loop
      vertex -36.8 0.25 2.2
      vertex -34.8 0.25 4.2
      vertex -36.8 0.25 52.8
    endloop
  endfacet
  facet normal 0 -1 0
    outer loop
      vertex 34.8 0.25 50.8
      vertex 36.8 0.25 52.8
      vertex -34.8 0.25 50.8
    endloop
  endfacet
  facet normal 0 -1 0
    outer loop
      vertex 34.8 0.25 4.2
      vertex 36.8 0.25 52.8
      vertex 34.8 0.25 50.8
    endloop
  endfacet
  facet normal 0 -1 0
    outer loop
      vertex 34.8 0.25 4.2
      vertex 36.8 0.25 2.2
      vertex 36.8 0.25 52.8
    endloop
  endfacet
  facet normal 0 -1 0
    outer loop
      vertex 36.8 0.25 2.2
      vertex 34.8 0.25 4.2
      vertex -36.8 0.25 2.2
    endloop
  endfacet
  facet normal -1 0 0
    outer loop
      vertex 34.8 0.25 4.2
      vertex 34.8 2.25 50.8
      vertex 34.8 2.25 4.2
    endloop
  endfacet
  facet normal -1 -0 0
    outer loop
      vertex 34.8 2.25 50.8
      vertex 34.8 0.25 4.2
      vertex 34.8 0.25 50.8
    endloop
  endfacet
  facet normal 0 0 -1
    outer loop
      vertex -34.8 0.25 50.8
      vertex 34.8 2.25 50.8
      vertex 34.8 0.25 50.8
    endloop
  endfacet
  facet normal -0 0 -1
    outer loop
      vertex 34.8 2.25 50.8
      vertex -34.8 0.25 50.8
      vertex -34.8 2.25 50.8
    endloop
  endfacet
  facet normal -0 0 1
    outer loop
      vertex -34.8 2.25 4.2
      vertex 34.8 0.25 4.2
      vertex 34.8 2.25 4.2
    endloop
  endfacet
  facet normal 0 0 1
    outer loop
      vertex 34.8 0.25 4.2
      vertex -34.8 2.25 4.2
      vertex -34.8 0.25 4.2
    endloop
  endfacet
  facet normal 1 -0 0
    outer loop
      vertex -34.8 0.25 50.8
      vertex -34.8 2.25 4.2
      vertex -34.8 2.25 50.8
    endloop
  endfacet
  facet normal 1 0 0
    outer loop
      vertex -34.8 2.25 4.2
      vertex -34.8 0.25 50.8
      vertex -34.8 0.25 4.2
    endloop
  endfacet
endsolid OpenSCAD_Model
