solid OpenSCAD_Model
  facet normal -0.111552 0.367717 0.923223
    outer loop
      vertex -0.275894 1.38702 3.89576
      vertex -0.541186 1.30654 3.89576
      vertex -0.169895 0.85412 4.12082
    endloop
  endfacet
  facet normal -0.0923904 -0.17285 0.980605
    outer loop
      vertex -0.163365 -0.244494 4.23555
      vertex -0.333261 -0.804564 4.12082
      vertex -0.112528 -0.271667 4.23555
    endloop
  endfacet
  facet normal 0.976243 0.0961406 0.194182
    outer loop
      vertex 2.92819 0.582452 1.54405
      vertex 2.87082 0 2.12085
      vertex 2.98555 0 1.54405
    endloop
  endfacet
  facet normal -0.382416 -0.0376602 0.923223
    outer loop
      vertex -0.870853 0 4.12082
      vertex -1.41419 0 3.89576
      vertex -1.38702 -0.275894 3.89576
    endloop
  endfacet
  facet normal -0.533423 -0.161809 0.830228
    outer loop
      vertex -1.38702 -0.275894 3.89576
      vertex -1.86661 -0.371291 3.56903
      vertex -1.75831 -0.728315 3.56903
    endloop
  endfacet
  facet normal 0.533423 -0.161809 0.830228
    outer loop
      vertex 1.86661 -0.371291 3.56903
      vertex 1.38702 -0.275894 3.89576
      vertex 1.75831 -0.728315 3.56903
    endloop
  endfacet
  facet normal 0.262764 0.491604 -0.830229
    outer loop
      vertex 0.785682 1.17586 -1.39576
      vertex 0.728315 1.75831 -1.06903
      vertex 1.05735 1.58244 -1.06903
    endloop
  endfacet
  facet normal 0.533414 -0.161819 0.830231
    outer loop
      vertex 1.38702 -0.275894 3.89576
      vertex 1.30654 -0.541186 3.89576
      vertex 1.75831 -0.728315 3.56903
    endloop
  endfacet
  facet normal -0.241722 0.796845 -0.553723
    outer loop
      vertex -0.45242 2.27447 -0.653179
      vertex -1.01249 2.44437 -0.164189
      vertex -0.516163 2.59493 -0.164189
    endloop
  endfacet
  facet normal 0.0816074 0.828698 0.553714
    outer loop
      vertex 0 2.64576 2.66419
      vertex 0 2.31903 3.15318
      vertex 0.516163 2.59493 2.66419
    endloop
  endfacet
  facet normal -0.0923908 0.17285 -0.980605
    outer loop
      vertex -0.163365 0.244494 -1.73555
      vertex -0.48382 0.724088 -1.62082
      vertex -0.333261 0.804564 -1.62082
    endloop
  endfacet
  facet normal -0.241726 0.796841 0.553727
    outer loop
      vertex -0.45242 2.27447 3.15318
      vertex -1.01249 2.44437 2.66419
      vertex -0.887454 2.1425 3.15318
    endloop
  endfacet
  facet normal 0.881924 0.471392 5.84191e-18
    outer loop
      vertex 2.75829 1.14252 1.54405
      vertex 2.4824 1.65868 0.955948
      vertex 2.4824 1.65868 1.54405
    endloop
  endfacet
  facet normal 0.881924 0.471392 5.84191e-18
    outer loop
      vertex 2.4824 1.65868 0.955948
      vertex 2.75829 1.14252 1.54405
      vertex 2.75829 1.14252 0.955948
    endloop
  endfacet
  facet normal 0.828698 0.0816074 0.553714
    outer loop
      vertex 2.59493 0.516163 2.66419
      vertex 2.31903 0 3.15318
      vertex 2.64576 0 2.66419
    endloop
  endfacet
  facet normal -0.714676 -0.586511 0.381107
    outer loop
      vertex -1.87084 -1.87084 2.66419
      vertex -2.19987 -1.46991 2.66419
      vertex -2.02998 -2.02998 2.12085
    endloop
  endfacet
  facet normal 0.938722 0.284767 0.194189
    outer loop
      vertex 2.92819 0.582452 1.54405
      vertex 2.75829 1.14252 1.54405
      vertex 2.81566 0.560069 2.12085
    endloop
  endfacet
  facet normal 0.586509 -0.714679 0.381104
    outer loop
      vertex 2.02998 -2.02998 2.12085
      vertex 1.46991 -2.19987 2.66419
      vertex 1.59494 -2.387 2.12085
    endloop
  endfacet
  facet normal -0.449677 0.547919 -0.70539
    outer loop
      vertex -1.05735 1.58244 -1.06903
      vertex -1.34575 1.34575 -1.06903
      vertex -1.28838 1.9282 -0.653179
    endloop
  endfacet
  facet normal 0.0816199 -0.828691 -0.553723
    outer loop
      vertex 0.516163 -2.59493 -0.164189
      vertex 0 -2.31903 -0.653179
      vertex 0.45242 -2.27447 -0.653179
    endloop
  endfacet
  facet normal -0.491604 0.262756 -0.830231
    outer loop
      vertex -1.30654 0.541186 -1.39576
      vertex -1.75831 0.728315 -1.06903
      vertex -1.17586 0.785682 -1.39576
    endloop
  endfacet
  facet normal 0.161819 0.533414 -0.830231
    outer loop
      vertex 0.541186 1.30654 -1.39576
      vertex 0.275894 1.38702 -1.39576
      vertex 0.728315 1.75831 -1.06903
    endloop
  endfacet
  facet normal 0.533423 -0.161809 -0.830228
    outer loop
      vertex 1.75831 -0.728315 -1.06903
      vertex 1.38702 -0.275894 -1.39576
      vertex 1.86661 -0.371291 -1.06903
    endloop
  endfacet
  facet normal -0.205754 -0.678291 -0.705398
    outer loop
      vertex -0.45242 -2.27447 -0.653179
      vertex -0.728315 -1.75831 -1.06903
      vertex -0.371291 -1.86661 -1.06903
    endloop
  endfacet
  facet normal 0.284767 -0.938722 -0.194189
    outer loop
      vertex 1.14252 -2.75829 0.955948
      vertex 0.560069 -2.81566 0.379146
      vertex 1.09861 -2.65229 0.379146
    endloop
  endfacet
  facet normal -0.037664 -0.382414 0.923223
    outer loop
      vertex -0.169895 -0.85412 4.12082
      vertex -0.275894 -1.38702 3.89576
      vertex 0 -0.870853 4.12082
    endloop
  endfacet
  facet normal -0.976241 -0.0961479 -0.194189
    outer loop
      vertex -2.81566 -0.560069 0.379146
      vertex -2.92819 -0.582452 0.955948
      vertex -2.87082 0 0.379146
    endloop
  endfacet
  facet normal 0.268386 0.88472 0.381102
    outer loop
      vertex 0.560069 2.81566 2.12085
      vertex 0.516163 2.59493 2.66419
      vertex 1.09861 2.65229 2.12085
    endloop
  endfacet
  facet normal 0.17285 0.0923908 0.980605
    outer loop
      vertex 0.724088 0.48382 4.12082
      vertex 0.244494 0.163365 4.23555
      vertex 0.804564 0.333261 4.12082
    endloop
  endfacet
  facet normal -0.884724 -0.268379 -0.381099
    outer loop
      vertex -2.44437 -1.01249 -0.164189
      vertex -2.65229 -1.09861 0.379146
      vertex -2.59493 -0.516163 -0.164189
    endloop
  endfacet
  facet normal -0.284767 -0.938721 0.19419
    outer loop
      vertex -1.09861 -2.65229 2.12085
      vertex -1.14252 -2.75829 1.54405
      vertex -0.560069 -2.81566 2.12085
    endloop
  endfacet
  facet normal 0.0906063 -0.920079 0.381111
    outer loop
      vertex 0 -2.64576 2.66419
      vertex 0 -2.87082 2.12085
      vertex 0.516163 -2.59493 2.66419
    endloop
  endfacet
  facet normal 0.81537 0.435818 0.381096
    outer loop
      vertex 2.65229 1.09861 2.12085
      vertex 2.387 1.59494 2.12085
      vertex 2.44437 1.01249 2.66419
    endloop
  endfacet
  facet normal 0.865136 0.462418 -0.19419
    outer loop
      vertex 2.65229 1.09861 0.379146
      vertex 2.387 1.59494 0.379146
      vertex 2.75829 1.14252 0.955948
    endloop
  endfacet
  facet normal 0.554742 -0.0546309 0.830227
    outer loop
      vertex 1.41419 0 3.89576
      vertex 1.38702 -0.275894 3.89576
      vertex 1.86661 -0.371291 3.56903
    endloop
  endfacet
  facet normal 0.462418 -0.865136 -0.19419
    outer loop
      vertex 1.14252 -2.75829 0.955948
      vertex 1.09861 -2.65229 0.379146
      vertex 1.59494 -2.387 0.379146
    endloop
  endfacet
  facet normal -0.643688 0.528256 -0.553725
    outer loop
      vertex -1.6398 1.6398 -0.653179
      vertex -1.9282 1.28838 -0.653179
      vertex -1.87084 1.87084 -0.164189
    endloop
  endfacet
  facet normal -0.92008 -0.0906167 -0.381105
    outer loop
      vertex -2.81566 -0.560069 0.379146
      vertex -2.87082 0 0.379146
      vertex -2.59493 -0.516163 -0.164189
    endloop
  endfacet
  facet normal 0.643688 0.528256 -0.553725
    outer loop
      vertex 1.9282 1.28838 -0.653179
      vertex 1.6398 1.6398 -0.653179
      vertex 1.87084 1.87084 -0.164189
    endloop
  endfacet
  facet normal -0.938721 -0.284767 0.19419
    outer loop
      vertex -2.65229 -1.09861 2.12085
      vertex -2.81566 -0.560069 2.12085
      vertex -2.75829 -1.14252 1.54405
    endloop
  endfacet
  facet normal 0.0906167 0.92008 -0.381105
    outer loop
      vertex 0.516163 2.59493 -0.164189
      vertex 0 2.87082 0.379146
      vertex 0.560069 2.81566 0.379146
    endloop
  endfacet
  facet normal 0.205764 0.678292 0.705394
    outer loop
      vertex 0.887454 2.1425 3.15318
      vertex 0.45242 2.27447 3.15318
      vertex 0.728315 1.75831 3.56903
    endloop
  endfacet
  facet normal 0.815369 -0.435818 -0.381099
    outer loop
      vertex 2.65229 -1.09861 0.379146
      vertex 2.387 -1.59494 0.379146
      vertex 2.44437 -1.01249 -0.164189
    endloop
  endfacet
  facet normal 0.392532 -0.734375 -0.553726
    outer loop
      vertex 1.01249 -2.44437 -0.164189
      vertex 0.887454 -2.1425 -0.653179
      vertex 1.28838 -1.9282 -0.653179
    endloop
  endfacet
  facet normal -0.124335 -0.151505 0.980605
    outer loop
      vertex -0.163365 -0.244494 4.23555
      vertex -0.615787 -0.615787 4.12082
      vertex -0.48382 -0.724088 4.12082
    endloop
  endfacet
  facet normal 0.625119 0.334134 0.705394
    outer loop
      vertex 1.9282 1.28838 3.15318
      vertex 1.75831 0.728315 3.56903
      vertex 2.1425 0.887454 3.15318
    endloop
  endfacet
  facet normal 0.430888 0.353631 0.830229
    outer loop
      vertex 1.34575 1.34575 3.56903
      vertex 0.999983 0.999983 3.89576
      vertex 1.17586 0.785682 3.89576
    endloop
  endfacet
  facet normal 0.187553 0.0568931 0.980605
    outer loop
      vertex 0.804564 0.333261 4.12082
      vertex 0.271667 0.112528 4.23555
      vertex 0.85412 0.169895 4.12082
    endloop
  endfacet
  facet normal -0.533414 -0.161819 0.830231
    outer loop
      vertex -1.38702 -0.275894 3.89576
      vertex -1.75831 -0.728315 3.56903
      vertex -1.30654 -0.541186 3.89576
    endloop
  endfacet
  facet normal -0.625124 -0.33413 0.705391
    outer loop
      vertex -1.75831 -0.728315 3.56903
      vertex -1.9282 -1.28838 3.15318
      vertex -1.58244 -1.05735 3.56903
    endloop
  endfacet
  facet normal -0.865135 -0.462419 0.194189
    outer loop
      vertex -2.387 -1.59494 2.12085
      vertex -2.75829 -1.14252 1.54405
      vertex -2.4824 -1.65868 1.54405
    endloop
  endfacet
  facet normal -0.622328 -0.758292 0.194168
    outer loop
      vertex -2.02998 -2.02998 2.12085
      vertex -2.1111 -2.1111 1.54405
      vertex -1.65868 -2.4824 1.54405
    endloop
  endfacet
  facet normal -0.528256 -0.643688 -0.553725
    outer loop
      vertex -1.28838 -1.9282 -0.653179
      vertex -1.87084 -1.87084 -0.164189
      vertex -1.6398 -1.6398 -0.653179
    endloop
  endfacet
  facet normal -0.678291 0.205753 0.705399
    outer loop
      vertex -1.75831 0.728315 3.56903
      vertex -2.27447 0.45242 3.15318
      vertex -1.86661 0.371291 3.56903
    endloop
  endfacet
  facet normal -0.0980061 -0.995186 0
    outer loop
      vertex -0.582452 -2.92819 0.955948
      vertex 0 -2.98555 1.54405
      vertex -0.582452 -2.92819 1.54405
    endloop
  endfacet
  facet normal -0.0980061 -0.995186 -0
    outer loop
      vertex 0 -2.98555 1.54405
      vertex -0.582452 -2.92819 0.955948
      vertex 0 -2.98555 0.955948
    endloop
  endfacet
  facet normal 0.35363 -0.430889 -0.830229
    outer loop
      vertex 1.05735 -1.58244 -1.06903
      vertex 0.785682 -1.17586 -1.39576
      vertex 1.34575 -1.34575 -1.06903
    endloop
  endfacet
  facet normal -0.297039 -0.24378 -0.923222
    outer loop
      vertex -0.999983 -0.999983 -1.39576
      vertex -1.17586 -0.785682 -1.39576
      vertex -0.615787 -0.615787 -1.62082
    endloop
  endfacet
  facet normal 0.462419 -0.865135 -0.194189
    outer loop
      vertex 1.65868 -2.4824 0.955948
      vertex 1.14252 -2.75829 0.955948
      vertex 1.59494 -2.387 0.379146
    endloop
  endfacet
  facet normal 0.284767 -0.938722 -0.194188
    outer loop
      vertex 0.582452 -2.92819 0.955948
      vertex 0.560069 -2.81566 0.379146
      vertex 1.14252 -2.75829 0.955948
    endloop
  endfacet
  facet normal -0.241722 -0.796845 -0.553723
    outer loop
      vertex -0.516163 -2.59493 -0.164189
      vertex -1.01249 -2.44437 -0.164189
      vertex -0.45242 -2.27447 -0.653179
    endloop
  endfacet
  facet normal 0.58651 0.714675 -0.38111
    outer loop
      vertex 1.87084 1.87084 -0.164189
      vertex 1.46991 2.19987 -0.164189
      vertex 2.02998 2.02998 0.379146
    endloop
  endfacet
  facet normal 0.734374 0.392538 0.553723
    outer loop
      vertex 2.19987 1.46991 2.66419
      vertex 1.9282 1.28838 3.15318
      vertex 2.44437 1.01249 2.66419
    endloop
  endfacet
  facet normal 0.0980061 0.995186 -0
    outer loop
      vertex 0.582452 2.92819 0.955948
      vertex 0 2.98555 1.54405
      vertex 0.582452 2.92819 1.54405
    endloop
  endfacet
  facet normal 0.0980061 0.995186 0
    outer loop
      vertex 0 2.98555 1.54405
      vertex 0.582452 2.92819 0.955948
      vertex 0 2.98555 0.955948
    endloop
  endfacet
  facet normal 0.290293 0.956938 -0
    outer loop
      vertex 1.14252 2.75829 0.955948
      vertex 0.582452 2.92819 1.54405
      vertex 1.14252 2.75829 1.54405
    endloop
  endfacet
  facet normal 0.290293 0.956938 0
    outer loop
      vertex 0.582452 2.92819 1.54405
      vertex 1.14252 2.75829 0.955948
      vertex 0.582452 2.92819 0.955948
    endloop
  endfacet
  facet normal -0.586509 0.714679 0.381104
    outer loop
      vertex -1.59494 2.387 2.12085
      vertex -2.02998 2.02998 2.12085
      vertex -1.46991 2.19987 2.66419
    endloop
  endfacet
  facet normal 0.625119 -0.334134 0.705394
    outer loop
      vertex 2.1425 -0.887454 3.15318
      vertex 1.75831 -0.728315 3.56903
      vertex 1.9282 -1.28838 3.15318
    endloop
  endfacet
  facet normal 0.796845 -0.241722 -0.553723
    outer loop
      vertex 2.44437 -1.01249 -0.164189
      vertex 2.27447 -0.45242 -0.653179
      vertex 2.59493 -0.516163 -0.164189
    endloop
  endfacet
  facet normal 0.976243 -0.0961406 -0.194182
    outer loop
      vertex 2.92819 -0.582452 0.955948
      vertex 2.87082 0 0.379146
      vertex 2.98555 0 0.955948
    endloop
  endfacet
  facet normal 0.976243 0.0961406 -0.194182
    outer loop
      vertex 2.98555 0 0.955948
      vertex 2.87082 0 0.379146
      vertex 2.92819 0.582452 0.955948
    endloop
  endfacet
  facet normal 0.995186 -0.0980061 6.79428e-18
    outer loop
      vertex 2.92819 -0.582452 1.54405
      vertex 2.98555 0 0.955948
      vertex 2.98555 0 1.54405
    endloop
  endfacet
  facet normal 0.995186 -0.0980061 6.79428e-18
    outer loop
      vertex 2.98555 0 0.955948
      vertex 2.92819 -0.582452 1.54405
      vertex 2.92819 -0.582452 0.955948
    endloop
  endfacet
  facet normal -0.284767 -0.938722 -0.194188
    outer loop
      vertex -0.582452 -2.92819 0.955948
      vertex -1.14252 -2.75829 0.955948
      vertex -0.560069 -2.81566 0.379146
    endloop
  endfacet
  facet normal -0.976241 0.0961479 0.194189
    outer loop
      vertex -2.81566 0.560069 2.12085
      vertex -2.92819 0.582452 1.54405
      vertex -2.87082 0 2.12085
    endloop
  endfacet
  facet normal 0.241722 0.796845 0.553723
    outer loop
      vertex 0.516163 2.59493 2.66419
      vertex 0.45242 2.27447 3.15318
      vertex 1.01249 2.44437 2.66419
    endloop
  endfacet
  facet normal -0.622309 0.758303 0.194189
    outer loop
      vertex -1.65868 2.4824 1.54405
      vertex -2.02998 2.02998 2.12085
      vertex -1.59494 2.387 2.12085
    endloop
  endfacet
  facet normal -0.24378 0.297039 0.923222
    outer loop
      vertex -0.785682 1.17586 3.89576
      vertex -0.999983 0.999983 3.89576
      vertex -0.615787 0.615787 4.12082
    endloop
  endfacet
  facet normal 0.0376602 0.382416 0.923223
    outer loop
      vertex 0 1.41419 3.89576
      vertex 0 0.870853 4.12082
      vertex 0.275894 1.38702 3.89576
    endloop
  endfacet
  facet normal -0.205754 0.678291 -0.705398
    outer loop
      vertex -0.371291 1.86661 -1.06903
      vertex -0.728315 1.75831 -1.06903
      vertex -0.45242 2.27447 -0.653179
    endloop
  endfacet
  facet normal -0.865135 0.462419 -0.194189
    outer loop
      vertex -2.387 1.59494 0.379146
      vertex -2.75829 1.14252 0.955948
      vertex -2.4824 1.65868 0.955948
    endloop
  endfacet
  facet normal -0.62512 0.334134 -0.705393
    outer loop
      vertex -1.75831 0.728315 -1.06903
      vertex -2.1425 0.887454 -0.653179
      vertex -1.9282 1.28838 -0.653179
    endloop
  endfacet
  facet normal -0.734375 -0.392532 -0.553726
    outer loop
      vertex -1.9282 -1.28838 -0.653179
      vertex -2.44437 -1.01249 -0.164189
      vertex -2.1425 -0.887454 -0.653179
    endloop
  endfacet
  facet normal -0.297039 0.24378 -0.923222
    outer loop
      vertex -0.615787 0.615787 -1.62082
      vertex -1.17586 0.785682 -1.39576
      vertex -0.999983 0.999983 -1.39576
    endloop
  endfacet
  facet normal 0.533423 0.161809 -0.830228
    outer loop
      vertex 1.86661 0.371291 -1.06903
      vertex 1.38702 0.275894 -1.39576
      vertex 1.75831 0.728315 -1.06903
    endloop
  endfacet
  facet normal 0.976241 -0.0961479 0.194189
    outer loop
      vertex 2.87082 0 2.12085
      vertex 2.81566 -0.560069 2.12085
      vertex 2.92819 -0.582452 1.54405
    endloop
  endfacet
  facet normal 0.920079 -0.0906063 0.381111
    outer loop
      vertex 2.64576 0 2.66419
      vertex 2.59493 -0.516163 2.66419
      vertex 2.87082 0 2.12085
    endloop
  endfacet
  facet normal 0.462419 -0.865135 0.194189
    outer loop
      vertex 1.59494 -2.387 2.12085
      vertex 1.14252 -2.75829 1.54405
      vertex 1.65868 -2.4824 1.54405
    endloop
  endfacet
  facet normal 0.622309 -0.758303 0.194189
    outer loop
      vertex 2.02998 -2.02998 2.12085
      vertex 1.59494 -2.387 2.12085
      vertex 1.65868 -2.4824 1.54405
    endloop
  endfacet
  facet normal 0.187553 0.0568967 0.980605
    outer loop
      vertex 0.85412 0.169895 4.12082
      vertex 0.271667 0.112528 4.23555
      vertex 0.288401 0.0573664 4.23555
    endloop
  endfacet
  facet normal 0.195049 0.0192104 0.980605
    outer loop
      vertex 0.85412 0.169895 4.12082
      vertex 0.288401 0.0573664 4.23555
      vertex 0.294051 0 4.23555
    endloop
  endfacet
  facet normal 0.815361 0.435827 0.381106
    outer loop
      vertex 2.387 1.59494 2.12085
      vertex 2.19987 1.46991 2.66419
      vertex 2.44437 1.01249 2.66419
    endloop
  endfacet
  facet normal -0.462419 0.865135 0.194189
    outer loop
      vertex -1.14252 2.75829 1.54405
      vertex -1.65868 2.4824 1.54405
      vertex -1.59494 2.387 2.12085
    endloop
  endfacet
  facet normal -0.367721 -0.111546 0.923222
    outer loop
      vertex -0.85412 -0.169895 4.12082
      vertex -1.30654 -0.541186 3.89576
      vertex -0.804564 -0.333261 4.12082
    endloop
  endfacet
  facet normal -0.382414 -0.037664 0.923223
    outer loop
      vertex -0.870853 0 4.12082
      vertex -1.38702 -0.275894 3.89576
      vertex -0.85412 -0.169895 4.12082
    endloop
  endfacet
  facet normal 0.17285 0.0923904 0.980605
    outer loop
      vertex 0.804564 0.333261 4.12082
      vertex 0.244494 0.163365 4.23555
      vertex 0.271667 0.112528 4.23555
    endloop
  endfacet
  facet normal -0.547918 -0.449677 0.705391
    outer loop
      vertex -1.58244 -1.05735 3.56903
      vertex -1.9282 -1.28838 3.15318
      vertex -1.34575 -1.34575 3.56903
    endloop
  endfacet
  facet normal -0.0192104 0.195049 0.980605
    outer loop
      vertex 0 0.294051 4.23555
      vertex -0.169895 0.85412 4.12082
      vertex -0.0573664 0.288401 4.23555
    endloop
  endfacet
  facet normal -0.64369 -0.528255 0.553724
    outer loop
      vertex -1.9282 -1.28838 3.15318
      vertex -2.19987 -1.46991 2.66419
      vertex -1.87084 -1.87084 2.66419
    endloop
  endfacet
  facet normal -0.678291 -0.205753 0.705399
    outer loop
      vertex -1.86661 -0.371291 3.56903
      vertex -2.27447 -0.45242 3.15318
      vertex -1.75831 -0.728315 3.56903
    endloop
  endfacet
  facet normal -0.533414 -0.161819 -0.830231
    outer loop
      vertex -1.30654 -0.541186 -1.39576
      vertex -1.75831 -0.728315 -1.06903
      vertex -1.38702 -0.275894 -1.39576
    endloop
  endfacet
  facet normal -0.491604 0.262764 -0.830229
    outer loop
      vertex -1.17586 0.785682 -1.39576
      vertex -1.75831 0.728315 -1.06903
      vertex -1.58244 1.05735 -1.06903
    endloop
  endfacet
  facet normal 0.241722 -0.796845 -0.553723
    outer loop
      vertex 0.516163 -2.59493 -0.164189
      vertex 0.45242 -2.27447 -0.653179
      vertex 1.01249 -2.44437 -0.164189
    endloop
  endfacet
  facet normal 0.334131 -0.625125 -0.70539
    outer loop
      vertex 1.28838 -1.9282 -0.653179
      vertex 0.728315 -1.75831 -1.06903
      vertex 1.05735 -1.58244 -1.06903
    endloop
  endfacet
  facet normal -0.268386 -0.88472 0.381102
    outer loop
      vertex -0.516163 -2.59493 2.66419
      vertex -1.09861 -2.65229 2.12085
      vertex -0.560069 -2.81566 2.12085
    endloop
  endfacet
  facet normal 0.462418 -0.865136 0.194191
    outer loop
      vertex 1.59494 -2.387 2.12085
      vertex 1.09861 -2.65229 2.12085
      vertex 1.14252 -2.75829 1.54405
    endloop
  endfacet
  facet normal -0.284767 -0.938722 0.194189
    outer loop
      vertex -0.560069 -2.81566 2.12085
      vertex -1.14252 -2.75829 1.54405
      vertex -0.582452 -2.92819 1.54405
    endloop
  endfacet
  facet normal -0.714679 -0.586509 0.381104
    outer loop
      vertex -2.19987 -1.46991 2.66419
      vertex -2.387 -1.59494 2.12085
      vertex -2.02998 -2.02998 2.12085
    endloop
  endfacet
  facet normal 0.268385 -0.884719 -0.381105
    outer loop
      vertex 0.560069 -2.81566 0.379146
      vertex 0.516163 -2.59493 -0.164189
      vertex 1.09861 -2.65229 0.379146
    endloop
  endfacet
  facet normal -0.0961406 -0.976243 0.194182
    outer loop
      vertex 0 -2.87082 2.12085
      vertex -0.582452 -2.92819 1.54405
      vertex 0 -2.98555 1.54405
    endloop
  endfacet
  facet normal 0.920077 0.0906061 -0.381114
    outer loop
      vertex 2.64576 0 -0.164189
      vertex 2.59493 0.516163 -0.164189
      vertex 2.87082 0 0.379146
    endloop
  endfacet
  facet normal 0.865135 0.462419 0.194189
    outer loop
      vertex 2.4824 1.65868 1.54405
      vertex 2.387 1.59494 2.12085
      vertex 2.75829 1.14252 1.54405
    endloop
  endfacet
  facet normal 0.796845 0.241722 -0.553723
    outer loop
      vertex 2.59493 0.516163 -0.164189
      vertex 2.27447 0.45242 -0.653179
      vertex 2.44437 1.01249 -0.164189
    endloop
  endfacet
  facet normal 0.392532 0.734375 -0.553726
    outer loop
      vertex 1.28838 1.9282 -0.653179
      vertex 0.887454 2.1425 -0.653179
      vertex 1.01249 2.44437 -0.164189
    endloop
  endfacet
  facet normal 0.435826 0.81536 -0.381109
    outer loop
      vertex 1.46991 2.19987 -0.164189
      vertex 1.01249 2.44437 -0.164189
      vertex 1.59494 2.387 0.379146
    endloop
  endfacet
  facet normal -0.0961479 0.976241 0.194189
    outer loop
      vertex 0 2.87082 2.12085
      vertex -0.582452 2.92819 1.54405
      vertex -0.560069 2.81566 2.12085
    endloop
  endfacet
  facet normal -0.0961479 0.976241 -0.194189
    outer loop
      vertex -0.560069 2.81566 0.379146
      vertex -0.582452 2.92819 0.955948
      vertex 0 2.87082 0.379146
    endloop
  endfacet
  facet normal 0.0961479 0.976241 -0.194189
    outer loop
      vertex 0.560069 2.81566 0.379146
      vertex 0 2.87082 0.379146
      vertex 0.582452 2.92819 0.955948
    endloop
  endfacet
  facet normal 0.714679 0.586509 0.381104
    outer loop
      vertex 2.387 1.59494 2.12085
      vertex 2.02998 2.02998 2.12085
      vertex 2.19987 1.46991 2.66419
    endloop
  endfacet
  facet normal 0.884719 0.268385 -0.381105
    outer loop
      vertex 2.81566 0.560069 0.379146
      vertex 2.59493 0.516163 -0.164189
      vertex 2.65229 1.09861 0.379146
    endloop
  endfacet
  facet normal 0.111552 0.367717 -0.923223
    outer loop
      vertex 0.541186 1.30654 -1.39576
      vertex 0.169895 0.85412 -1.62082
      vertex 0.275894 1.38702 -1.39576
    endloop
  endfacet
  facet normal 0.58651 -0.714675 -0.38111
    outer loop
      vertex 2.02998 -2.02998 0.379146
      vertex 1.46991 -2.19987 -0.164189
      vertex 1.87084 -1.87084 -0.164189
    endloop
  endfacet
  facet normal -0.195049 0.0192104 -0.980605
    outer loop
      vertex -0.294051 0 -1.73555
      vertex -0.85412 0.169895 -1.62082
      vertex -0.288401 0.0573664 -1.73555
    endloop
  endfacet
  facet normal 0.976241 -0.0961479 -0.194189
    outer loop
      vertex 2.92819 -0.582452 0.955948
      vertex 2.81566 -0.560069 0.379146
      vertex 2.87082 0 0.379146
    endloop
  endfacet
  facet normal 0.435818 -0.815369 -0.381099
    outer loop
      vertex 1.09861 -2.65229 0.379146
      vertex 1.01249 -2.44437 -0.164189
      vertex 1.59494 -2.387 0.379146
    endloop
  endfacet
  facet normal -0.554737 -0.0546384 -0.83023
    outer loop
      vertex -1.86661 -0.371291 -1.06903
      vertex -1.90318 0 -1.06903
      vertex -1.41419 0 -1.39576
    endloop
  endfacet
  facet normal -0.714675 -0.58651 -0.38111
    outer loop
      vertex -2.02998 -2.02998 0.379146
      vertex -2.19987 -1.46991 -0.164189
      vertex -1.87084 -1.87084 -0.164189
    endloop
  endfacet
  facet normal -0.367721 -0.111546 -0.923222
    outer loop
      vertex -0.804564 -0.333261 -1.62082
      vertex -1.30654 -0.541186 -1.39576
      vertex -0.85412 -0.169895 -1.62082
    endloop
  endfacet
  facet normal -0.58651 -0.714675 -0.38111
    outer loop
      vertex -1.46991 -2.19987 -0.164189
      vertex -2.02998 -2.02998 0.379146
      vertex -1.87084 -1.87084 -0.164189
    endloop
  endfacet
  facet normal -0.758292 -0.622328 -0.194167
    outer loop
      vertex -2.1111 -2.1111 0.955948
      vertex -2.4824 -1.65868 0.955948
      vertex -2.02998 -2.02998 0.379146
    endloop
  endfacet
  facet normal -0.956938 -0.290293 -1.10246e-17
    outer loop
      vertex -2.75829 -1.14252 0.955948
      vertex -2.92819 -0.582452 1.54405
      vertex -2.92819 -0.582452 0.955948
    endloop
  endfacet
  facet normal -0.956938 -0.290293 -1.10246e-17
    outer loop
      vertex -2.92819 -0.582452 1.54405
      vertex -2.75829 -1.14252 0.955948
      vertex -2.75829 -1.14252 1.54405
    endloop
  endfacet
  facet normal -0.865135 0.462419 0.194189
    outer loop
      vertex -2.4824 1.65868 1.54405
      vertex -2.75829 1.14252 1.54405
      vertex -2.387 1.59494 2.12085
    endloop
  endfacet
  facet normal -0.435818 0.81537 0.381096
    outer loop
      vertex -1.09861 2.65229 2.12085
      vertex -1.59494 2.387 2.12085
      vertex -1.01249 2.44437 2.66419
    endloop
  endfacet
  facet normal 0 0 -1
    outer loop
      vertex 0.288401 -0.0573664 -1.73555
      vertex 0.288401 0.0573664 -1.73555
      vertex 0.294051 0 -1.73555
    endloop
  endfacet
  facet normal 0 0 -1
    outer loop
      vertex 0.271667 -0.112528 -1.73555
      vertex 0.288401 0.0573664 -1.73555
      vertex 0.288401 -0.0573664 -1.73555
    endloop
  endfacet
  facet normal 0 0 -1
    outer loop
      vertex 0.271667 -0.112528 -1.73555
      vertex 0.271667 0.112528 -1.73555
      vertex 0.288401 0.0573664 -1.73555
    endloop
  endfacet
  facet normal 0 0 -1
    outer loop
      vertex 0.244494 -0.163365 -1.73555
      vertex 0.271667 0.112528 -1.73555
      vertex 0.271667 -0.112528 -1.73555
    endloop
  endfacet
  facet normal 0 0 -1
    outer loop
      vertex 0.244494 -0.163365 -1.73555
      vertex 0.244494 0.163365 -1.73555
      vertex 0.271667 0.112528 -1.73555
    endloop
  endfacet
  facet normal 0 0 -1
    outer loop
      vertex 0.207925 -0.207925 -1.73555
      vertex 0.244494 0.163365 -1.73555
      vertex 0.244494 -0.163365 -1.73555
    endloop
  endfacet
  facet normal 0 0 -1
    outer loop
      vertex 0.207925 -0.207925 -1.73555
      vertex 0.207925 0.207925 -1.73555
      vertex 0.244494 0.163365 -1.73555
    endloop
  endfacet
  facet normal 0 0 -1
    outer loop
      vertex 0.163365 -0.244494 -1.73555
      vertex 0.207925 0.207925 -1.73555
      vertex 0.207925 -0.207925 -1.73555
    endloop
  endfacet
  facet normal 0 0 -1
    outer loop
      vertex 0.163365 -0.244494 -1.73555
      vertex 0.163365 0.244494 -1.73555
      vertex 0.207925 0.207925 -1.73555
    endloop
  endfacet
  facet normal 0 0 -1
    outer loop
      vertex 0.112528 -0.271667 -1.73555
      vertex 0.163365 0.244494 -1.73555
      vertex 0.163365 -0.244494 -1.73555
    endloop
  endfacet
  facet normal 0 0 -1
    outer loop
      vertex 0.112528 -0.271667 -1.73555
      vertex 0.112528 0.271667 -1.73555
      vertex 0.163365 0.244494 -1.73555
    endloop
  endfacet
  facet normal 0 0 -1
    outer loop
      vertex 0.0573664 -0.288401 -1.73555
      vertex 0.112528 0.271667 -1.73555
      vertex 0.112528 -0.271667 -1.73555
    endloop
  endfacet
  facet normal 0 0 -1
    outer loop
      vertex 0.0573664 -0.288401 -1.73555
      vertex 0.0573664 0.288401 -1.73555
      vertex 0.112528 0.271667 -1.73555
    endloop
  endfacet
  facet normal 0 0 -1
    outer loop
      vertex 0 -0.294051 -1.73555
      vertex 0.0573664 0.288401 -1.73555
      vertex 0.0573664 -0.288401 -1.73555
    endloop
  endfacet
  facet normal 0 0 -1
    outer loop
      vertex 0 -0.294051 -1.73555
      vertex 0 0.294051 -1.73555
      vertex 0.0573664 0.288401 -1.73555
    endloop
  endfacet
  facet normal 0 0 -1
    outer loop
      vertex -0.0573664 -0.288401 -1.73555
      vertex 0 0.294051 -1.73555
      vertex 0 -0.294051 -1.73555
    endloop
  endfacet
  facet normal 0 0 -1
    outer loop
      vertex -0.0573664 -0.288401 -1.73555
      vertex -0.0573664 0.288401 -1.73555
      vertex 0 0.294051 -1.73555
    endloop
  endfacet
  facet normal 0 0 -1
    outer loop
      vertex -0.112528 -0.271667 -1.73555
      vertex -0.0573664 0.288401 -1.73555
      vertex -0.0573664 -0.288401 -1.73555
    endloop
  endfacet
  facet normal 0 0 -1
    outer loop
      vertex -0.112528 -0.271667 -1.73555
      vertex -0.112528 0.271667 -1.73555
      vertex -0.0573664 0.288401 -1.73555
    endloop
  endfacet
  facet normal 0 0 -1
    outer loop
      vertex -0.163365 -0.244494 -1.73555
      vertex -0.112528 0.271667 -1.73555
      vertex -0.112528 -0.271667 -1.73555
    endloop
  endfacet
  facet normal 0 0 -1
    outer loop
      vertex -0.163365 -0.244494 -1.73555
      vertex -0.163365 0.244494 -1.73555
      vertex -0.112528 0.271667 -1.73555
    endloop
  endfacet
  facet normal 0 0 -1
    outer loop
      vertex -0.207925 -0.207925 -1.73555
      vertex -0.163365 0.244494 -1.73555
      vertex -0.163365 -0.244494 -1.73555
    endloop
  endfacet
  facet normal 0 0 -1
    outer loop
      vertex -0.207925 -0.207925 -1.73555
      vertex -0.207925 0.207925 -1.73555
      vertex -0.163365 0.244494 -1.73555
    endloop
  endfacet
  facet normal 0 0 -1
    outer loop
      vertex -0.244494 -0.163365 -1.73555
      vertex -0.207925 0.207925 -1.73555
      vertex -0.207925 -0.207925 -1.73555
    endloop
  endfacet
  facet normal 0 0 -1
    outer loop
      vertex -0.244494 -0.163365 -1.73555
      vertex -0.244494 0.163365 -1.73555
      vertex -0.207925 0.207925 -1.73555
    endloop
  endfacet
  facet normal 0 0 -1
    outer loop
      vertex -0.271667 -0.112528 -1.73555
      vertex -0.244494 0.163365 -1.73555
      vertex -0.244494 -0.163365 -1.73555
    endloop
  endfacet
  facet normal 0 0 -1
    outer loop
      vertex -0.271667 -0.112528 -1.73555
      vertex -0.271667 0.112528 -1.73555
      vertex -0.244494 0.163365 -1.73555
    endloop
  endfacet
  facet normal 0 0 -1
    outer loop
      vertex -0.288401 -0.0573664 -1.73555
      vertex -0.271667 0.112528 -1.73555
      vertex -0.271667 -0.112528 -1.73555
    endloop
  endfacet
  facet normal 0 0 -1
    outer loop
      vertex -0.288401 -0.0573664 -1.73555
      vertex -0.288401 0.0573664 -1.73555
      vertex -0.271667 0.112528 -1.73555
    endloop
  endfacet
  facet normal 0 -0 -1
    outer loop
      vertex -0.288401 0.0573664 -1.73555
      vertex -0.288401 -0.0573664 -1.73555
      vertex -0.294051 0 -1.73555
    endloop
  endfacet
  facet normal -0.0694765 0.705398 -0.705398
    outer loop
      vertex -0.371291 1.86661 -1.06903
      vertex -0.45242 2.27447 -0.653179
      vertex 0 2.31903 -0.653179
    endloop
  endfacet
  facet normal -0.976243 0.0961406 -0.194182
    outer loop
      vertex -2.87082 0 0.379146
      vertex -2.98555 0 0.955948
      vertex -2.92819 0.582452 0.955948
    endloop
  endfacet
  facet normal -0.622309 0.758303 -0.194188
    outer loop
      vertex -1.59494 2.387 0.379146
      vertex -2.02998 2.02998 0.379146
      vertex -1.65868 2.4824 0.955948
    endloop
  endfacet
  facet normal -0.33413 0.625124 0.705391
    outer loop
      vertex -0.728315 1.75831 3.56903
      vertex -1.28838 1.9282 3.15318
      vertex -1.05735 1.58244 3.56903
    endloop
  endfacet
  facet normal -0.462418 0.865136 0.194191
    outer loop
      vertex -1.14252 2.75829 1.54405
      vertex -1.59494 2.387 2.12085
      vertex -1.09861 2.65229 2.12085
    endloop
  endfacet
  facet normal -0.938722 0.284767 0.194189
    outer loop
      vertex -2.75829 1.14252 1.54405
      vertex -2.92819 0.582452 1.54405
      vertex -2.81566 0.560069 2.12085
    endloop
  endfacet
  facet normal -0.920077 -0.0906061 -0.381114
    outer loop
      vertex -2.59493 -0.516163 -0.164189
      vertex -2.87082 0 0.379146
      vertex -2.64576 0 -0.164189
    endloop
  endfacet
  facet normal -0.796841 0.241726 -0.553727
    outer loop
      vertex -2.27447 0.45242 -0.653179
      vertex -2.44437 1.01249 -0.164189
      vertex -2.1425 0.887454 -0.653179
    endloop
  endfacet
  facet normal -0.920077 0.0906061 -0.381114
    outer loop
      vertex -2.64576 0 -0.164189
      vertex -2.87082 0 0.379146
      vertex -2.59493 0.516163 -0.164189
    endloop
  endfacet
  facet normal -0.334131 0.625125 -0.70539
    outer loop
      vertex -1.05735 1.58244 -1.06903
      vertex -1.28838 1.9282 -0.653179
      vertex -0.728315 1.75831 -1.06903
    endloop
  endfacet
  facet normal 0.195049 -0.0192104 -0.980605
    outer loop
      vertex 0.85412 -0.169895 -1.62082
      vertex 0.288401 -0.0573664 -1.73555
      vertex 0.294051 0 -1.73555
    endloop
  endfacet
  facet normal 0.865135 -0.462419 0.194189
    outer loop
      vertex 2.75829 -1.14252 1.54405
      vertex 2.387 -1.59494 2.12085
      vertex 2.4824 -1.65868 1.54405
    endloop
  endfacet
  facet normal 0.828691 0.0816199 -0.553723
    outer loop
      vertex 2.31903 0 -0.653179
      vertex 2.27447 0.45242 -0.653179
      vertex 2.59493 0.516163 -0.164189
    endloop
  endfacet
  facet normal 0.678291 0.205753 0.705399
    outer loop
      vertex 2.27447 0.45242 3.15318
      vertex 1.75831 0.728315 3.56903
      vertex 1.86661 0.371291 3.56903
    endloop
  endfacet
  facet normal 0.796841 0.241726 0.553727
    outer loop
      vertex 2.44437 1.01249 2.66419
      vertex 2.1425 0.887454 3.15318
      vertex 2.27447 0.45242 3.15318
    endloop
  endfacet
  facet normal 0.88472 0.268386 0.381102
    outer loop
      vertex 2.65229 1.09861 2.12085
      vertex 2.59493 0.516163 2.66419
      vertex 2.81566 0.560069 2.12085
    endloop
  endfacet
  facet normal 0.554737 -0.0546384 0.83023
    outer loop
      vertex 1.90318 0 3.56903
      vertex 1.41419 0 3.89576
      vertex 1.86661 -0.371291 3.56903
    endloop
  endfacet
  facet normal 0.714676 -0.586511 0.381107
    outer loop
      vertex 2.19987 -1.46991 2.66419
      vertex 1.87084 -1.87084 2.66419
      vertex 2.02998 -2.02998 2.12085
    endloop
  endfacet
  facet normal 0.88472 -0.268386 0.381102
    outer loop
      vertex 2.81566 -0.560069 2.12085
      vertex 2.59493 -0.516163 2.66419
      vertex 2.65229 -1.09861 2.12085
    endloop
  endfacet
  facet normal 0.865136 -0.462418 0.194191
    outer loop
      vertex 2.65229 -1.09861 2.12085
      vertex 2.387 -1.59494 2.12085
      vertex 2.75829 -1.14252 1.54405
    endloop
  endfacet
  facet normal 0.528256 -0.643688 0.553725
    outer loop
      vertex 1.6398 -1.6398 3.15318
      vertex 1.28838 -1.9282 3.15318
      vertex 1.87084 -1.87084 2.66419
    endloop
  endfacet
  facet normal 0.0906168 -0.920081 0.381102
    outer loop
      vertex 0.516163 -2.59493 2.66419
      vertex 0 -2.87082 2.12085
      vertex 0.560069 -2.81566 2.12085
    endloop
  endfacet
  facet normal 0.195049 -0.0192105 0.980605
    outer loop
      vertex 0.870853 0 4.12082
      vertex 0.294051 0 4.23555
      vertex 0.85412 -0.169895 4.12082
    endloop
  endfacet
  facet normal 0.382414 -0.037664 0.923223
    outer loop
      vertex 0.870853 0 4.12082
      vertex 0.85412 -0.169895 4.12082
      vertex 1.38702 -0.275894 3.89576
    endloop
  endfacet
  facet normal 0.382416 -0.0376602 0.923223
    outer loop
      vertex 1.41419 0 3.89576
      vertex 0.870853 0 4.12082
      vertex 1.38702 -0.275894 3.89576
    endloop
  endfacet
  facet normal 0.554737 0.0546384 0.83023
    outer loop
      vertex 1.86661 0.371291 3.56903
      vertex 1.41419 0 3.89576
      vertex 1.90318 0 3.56903
    endloop
  endfacet
  facet normal -0.367721 0.111546 0.923222
    outer loop
      vertex -0.804564 0.333261 4.12082
      vertex -1.30654 0.541186 3.89576
      vertex -0.85412 0.169895 4.12082
    endloop
  endfacet
  facet normal 0.528256 0.643688 0.553725
    outer loop
      vertex 1.87084 1.87084 2.66419
      vertex 1.28838 1.9282 3.15318
      vertex 1.6398 1.6398 3.15318
    endloop
  endfacet
  facet normal -0.554737 -0.0546384 0.83023
    outer loop
      vertex -1.41419 0 3.89576
      vertex -1.90318 0 3.56903
      vertex -1.86661 -0.371291 3.56903
    endloop
  endfacet
  facet normal -0.554742 0.0546309 0.830227
    outer loop
      vertex -1.38702 0.275894 3.89576
      vertex -1.86661 0.371291 3.56903
      vertex -1.41419 0 3.89576
    endloop
  endfacet
  facet normal -0.734374 0.392538 0.553723
    outer loop
      vertex -2.19987 1.46991 2.66419
      vertex -2.44437 1.01249 2.66419
      vertex -1.9282 1.28838 3.15318
    endloop
  endfacet
  facet normal -0.881924 0.471392 -5.84191e-18
    outer loop
      vertex -2.75829 1.14252 0.955948
      vertex -2.4824 1.65868 1.54405
      vertex -2.4824 1.65868 0.955948
    endloop
  endfacet
  facet normal -0.881924 0.471392 -5.84191e-18
    outer loop
      vertex -2.4824 1.65868 1.54405
      vertex -2.75829 1.14252 0.955948
      vertex -2.75829 1.14252 1.54405
    endloop
  endfacet
  facet normal 0.0568967 -0.187553 0.980605
    outer loop
      vertex 0.112528 -0.271667 4.23555
      vertex 0.0573664 -0.288401 4.23555
      vertex 0.169895 -0.85412 4.12082
    endloop
  endfacet
  facet normal -0.161809 0.533423 0.830228
    outer loop
      vertex -0.371291 1.86661 3.56903
      vertex -0.728315 1.75831 3.56903
      vertex -0.275894 1.38702 3.89576
    endloop
  endfacet
  facet normal -0.195049 -0.0192104 0.980605
    outer loop
      vertex -0.294051 0 4.23555
      vertex -0.85412 -0.169895 4.12082
      vertex -0.288401 -0.0573664 4.23555
    endloop
  endfacet
  facet normal 0.151505 0.124335 0.980605
    outer loop
      vertex 0.615787 0.615787 4.12082
      vertex 0.207925 0.207925 4.23555
      vertex 0.244494 0.163365 4.23555
    endloop
  endfacet
  facet normal -0.262764 -0.491604 0.830229
    outer loop
      vertex -0.785682 -1.17586 3.89576
      vertex -1.05735 -1.58244 3.56903
      vertex -0.728315 -1.75831 3.56903
    endloop
  endfacet
  facet normal 0.528255 -0.64369 0.553724
    outer loop
      vertex 1.87084 -1.87084 2.66419
      vertex 1.28838 -1.9282 3.15318
      vertex 1.46991 -2.19987 2.66419
    endloop
  endfacet
  facet normal 0.430889 -0.35363 0.830229
    outer loop
      vertex 1.58244 -1.05735 3.56903
      vertex 1.17586 -0.785682 3.89576
      vertex 1.34575 -1.34575 3.56903
    endloop
  endfacet
  facet normal 0.161819 -0.533414 0.830231
    outer loop
      vertex 0.541186 -1.30654 3.89576
      vertex 0.275894 -1.38702 3.89576
      vertex 0.728315 -1.75831 3.56903
    endloop
  endfacet
  facet normal -0.26838 -0.884725 0.381096
    outer loop
      vertex -1.01249 -2.44437 2.66419
      vertex -1.09861 -2.65229 2.12085
      vertex -0.516163 -2.59493 2.66419
    endloop
  endfacet
  facet normal -0.241726 -0.796841 0.553727
    outer loop
      vertex -0.887454 -2.1425 3.15318
      vertex -1.01249 -2.44437 2.66419
      vertex -0.45242 -2.27447 3.15318
    endloop
  endfacet
  facet normal -0.815361 0.435827 0.381106
    outer loop
      vertex -2.387 1.59494 2.12085
      vertex -2.44437 1.01249 2.66419
      vertex -2.19987 1.46991 2.66419
    endloop
  endfacet
  facet normal -0.865136 -0.462418 0.194191
    outer loop
      vertex -2.65229 -1.09861 2.12085
      vertex -2.75829 -1.14252 1.54405
      vertex -2.387 -1.59494 2.12085
    endloop
  endfacet
  facet normal -0.195049 -0.0192104 -0.980605
    outer loop
      vertex -0.288401 -0.0573664 -1.73555
      vertex -0.85412 -0.169895 -1.62082
      vertex -0.294051 0 -1.73555
    endloop
  endfacet
  facet normal -0.111546 -0.367721 -0.923222
    outer loop
      vertex -0.169895 -0.85412 -1.62082
      vertex -0.541186 -1.30654 -1.39576
      vertex -0.333261 -0.804564 -1.62082
    endloop
  endfacet
  facet normal 0.268379 -0.884724 -0.381099
    outer loop
      vertex 1.09861 -2.65229 0.379146
      vertex 0.516163 -2.59493 -0.164189
      vertex 1.01249 -2.44437 -0.164189
    endloop
  endfacet
  facet normal 0.205754 -0.678291 -0.705398
    outer loop
      vertex 0.45242 -2.27447 -0.653179
      vertex 0.371291 -1.86661 -1.06903
      vertex 0.728315 -1.75831 -1.06903
    endloop
  endfacet
  facet normal 0.0961479 -0.976241 -0.194189
    outer loop
      vertex 0.582452 -2.92819 0.955948
      vertex 0 -2.87082 0.379146
      vertex 0.560069 -2.81566 0.379146
    endloop
  endfacet
  facet normal -0.0961406 -0.976243 -0.194182
    outer loop
      vertex 0 -2.98555 0.955948
      vertex -0.582452 -2.92819 0.955948
      vertex 0 -2.87082 0.379146
    endloop
  endfacet
  facet normal 0.392538 -0.734374 -0.553723
    outer loop
      vertex 1.46991 -2.19987 -0.164189
      vertex 1.01249 -2.44437 -0.164189
      vertex 1.28838 -1.9282 -0.653179
    endloop
  endfacet
  facet normal 0.241726 -0.796841 -0.553727
    outer loop
      vertex 1.01249 -2.44437 -0.164189
      vertex 0.45242 -2.27447 -0.653179
      vertex 0.887454 -2.1425 -0.653179
    endloop
  endfacet
  facet normal -0.0816199 -0.828691 -0.553723
    outer loop
      vertex 0 -2.31903 -0.653179
      vertex -0.516163 -2.59493 -0.164189
      vertex -0.45242 -2.27447 -0.653179
    endloop
  endfacet
  facet normal 0.0961479 -0.976241 0.194189
    outer loop
      vertex 0.560069 -2.81566 2.12085
      vertex 0 -2.87082 2.12085
      vertex 0.582452 -2.92819 1.54405
    endloop
  endfacet
  facet normal -0.0961479 -0.976241 -0.194189
    outer loop
      vertex 0 -2.87082 0.379146
      vertex -0.582452 -2.92819 0.955948
      vertex -0.560069 -2.81566 0.379146
    endloop
  endfacet
  facet normal 0.284767 -0.938722 0.194189
    outer loop
      vertex 1.14252 -2.75829 1.54405
      vertex 0.560069 -2.81566 2.12085
      vertex 0.582452 -2.92819 1.54405
    endloop
  endfacet
  facet normal 0.81536 -0.435826 -0.381109
    outer loop
      vertex 2.387 -1.59494 0.379146
      vertex 2.19987 -1.46991 -0.164189
      vertex 2.44437 -1.01249 -0.164189
    endloop
  endfacet
  facet normal 0.705399 -0.0694777 -0.705397
    outer loop
      vertex 2.31903 0 -0.653179
      vertex 1.86661 -0.371291 -1.06903
      vertex 1.90318 0 -1.06903
    endloop
  endfacet
  facet normal 0.956938 -0.290293 1.10246e-17
    outer loop
      vertex 2.75829 -1.14252 1.54405
      vertex 2.92819 -0.582452 0.955948
      vertex 2.92819 -0.582452 1.54405
    endloop
  endfacet
  facet normal 0.956938 -0.290293 1.10246e-17
    outer loop
      vertex 2.92819 -0.582452 0.955948
      vertex 2.75829 -1.14252 1.54405
      vertex 2.75829 -1.14252 0.955948
    endloop
  endfacet
  facet normal 0.865135 0.462419 -0.194189
    outer loop
      vertex 2.75829 1.14252 0.955948
      vertex 2.387 1.59494 0.379146
      vertex 2.4824 1.65868 0.955948
    endloop
  endfacet
  facet normal 0.956938 0.290293 -1.10246e-17
    outer loop
      vertex 2.92819 0.582452 1.54405
      vertex 2.75829 1.14252 0.955948
      vertex 2.75829 1.14252 1.54405
    endloop
  endfacet
  facet normal 0.956938 0.290293 -1.10246e-17
    outer loop
      vertex 2.75829 1.14252 0.955948
      vertex 2.92819 0.582452 1.54405
      vertex 2.92819 0.582452 0.955948
    endloop
  endfacet
  facet normal 0.435818 0.81537 0.381096
    outer loop
      vertex 1.09861 2.65229 2.12085
      vertex 1.01249 2.44437 2.66419
      vertex 1.59494 2.387 2.12085
    endloop
  endfacet
  facet normal 0.435818 0.815369 -0.381099
    outer loop
      vertex 1.59494 2.387 0.379146
      vertex 1.01249 2.44437 -0.164189
      vertex 1.09861 2.65229 0.379146
    endloop
  endfacet
  facet normal -0.0961406 0.976243 0.194182
    outer loop
      vertex 0 2.98555 1.54405
      vertex -0.582452 2.92819 1.54405
      vertex 0 2.87082 2.12085
    endloop
  endfacet
  facet normal -0.161819 0.533414 0.830231
    outer loop
      vertex -0.275894 1.38702 3.89576
      vertex -0.728315 1.75831 3.56903
      vertex -0.541186 1.30654 3.89576
    endloop
  endfacet
  facet normal 0.334134 0.625119 0.705394
    outer loop
      vertex 0.887454 2.1425 3.15318
      vertex 0.728315 1.75831 3.56903
      vertex 1.28838 1.9282 3.15318
    endloop
  endfacet
  facet normal -0.268379 0.884724 -0.381099
    outer loop
      vertex -1.01249 2.44437 -0.164189
      vertex -1.09861 2.65229 0.379146
      vertex -0.516163 2.59493 -0.164189
    endloop
  endfacet
  facet normal -0.462419 0.865135 -0.194189
    outer loop
      vertex -1.59494 2.387 0.379146
      vertex -1.65868 2.4824 0.955948
      vertex -1.14252 2.75829 0.955948
    endloop
  endfacet
  facet normal 0.884725 0.26838 0.381096
    outer loop
      vertex 2.65229 1.09861 2.12085
      vertex 2.44437 1.01249 2.66419
      vertex 2.59493 0.516163 2.66419
    endloop
  endfacet
  facet normal 0.796845 0.241722 0.553723
    outer loop
      vertex 2.44437 1.01249 2.66419
      vertex 2.27447 0.45242 3.15318
      vertex 2.59493 0.516163 2.66419
    endloop
  endfacet
  facet normal 0.622309 0.758303 0.194189
    outer loop
      vertex 1.65868 2.4824 1.54405
      vertex 1.59494 2.387 2.12085
      vertex 2.02998 2.02998 2.12085
    endloop
  endfacet
  facet normal -0.0906063 0.920079 0.381111
    outer loop
      vertex 0 2.87082 2.12085
      vertex -0.516163 2.59493 2.66419
      vertex 0 2.64576 2.66419
    endloop
  endfacet
  facet normal 0.796841 0.241726 -0.553727
    outer loop
      vertex 2.27447 0.45242 -0.653179
      vertex 2.1425 0.887454 -0.653179
      vertex 2.44437 1.01249 -0.164189
    endloop
  endfacet
  facet normal 0.35363 0.430889 -0.830229
    outer loop
      vertex 1.34575 1.34575 -1.06903
      vertex 0.785682 1.17586 -1.39576
      vertex 1.05735 1.58244 -1.06903
    endloop
  endfacet
  facet normal 0.241722 0.796845 -0.553723
    outer loop
      vertex 1.01249 2.44437 -0.164189
      vertex 0.45242 2.27447 -0.653179
      vertex 0.516163 2.59493 -0.164189
    endloop
  endfacet
  facet normal 0.334134 0.62512 -0.705393
    outer loop
      vertex 1.28838 1.9282 -0.653179
      vertex 0.728315 1.75831 -1.06903
      vertex 0.887454 2.1425 -0.653179
    endloop
  endfacet
  facet normal 0.491604 0.262756 -0.830231
    outer loop
      vertex 1.30654 0.541186 -1.39576
      vertex 1.17586 0.785682 -1.39576
      vertex 1.75831 0.728315 -1.06903
    endloop
  endfacet
  facet normal 0.554737 -0.0546384 -0.83023
    outer loop
      vertex 1.86661 -0.371291 -1.06903
      vertex 1.41419 0 -1.39576
      vertex 1.90318 0 -1.06903
    endloop
  endfacet
  facet normal 0.758303 0.622309 -0.194188
    outer loop
      vertex 2.387 1.59494 0.379146
      vertex 2.02998 2.02998 0.379146
      vertex 2.4824 1.65868 0.955948
    endloop
  endfacet
  facet normal 0.92008 -0.0906167 -0.381105
    outer loop
      vertex 2.81566 -0.560069 0.379146
      vertex 2.59493 -0.516163 -0.164189
      vertex 2.87082 0 0.379146
    endloop
  endfacet
  facet normal 0.734374 -0.392538 -0.553723
    outer loop
      vertex 2.19987 -1.46991 -0.164189
      vertex 1.9282 -1.28838 -0.653179
      vertex 2.44437 -1.01249 -0.164189
    endloop
  endfacet
  facet normal 0.705398 -0.0694765 -0.705398
    outer loop
      vertex 2.27447 -0.45242 -0.653179
      vertex 1.86661 -0.371291 -1.06903
      vertex 2.31903 0 -0.653179
    endloop
  endfacet
  facet normal 0.976241 0.0961479 -0.194189
    outer loop
      vertex 2.87082 0 0.379146
      vertex 2.81566 0.560069 0.379146
      vertex 2.92819 0.582452 0.955948
    endloop
  endfacet
  facet normal 0.92008 0.0906167 -0.381105
    outer loop
      vertex 2.87082 0 0.379146
      vertex 2.59493 0.516163 -0.164189
      vertex 2.81566 0.560069 0.379146
    endloop
  endfacet
  facet normal 0.881924 -0.471392 -5.84191e-18
    outer loop
      vertex 2.4824 -1.65868 1.54405
      vertex 2.75829 -1.14252 0.955948
      vertex 2.75829 -1.14252 1.54405
    endloop
  endfacet
  facet normal 0.881924 -0.471392 -5.84191e-18
    outer loop
      vertex 2.75829 -1.14252 0.955948
      vertex 2.4824 -1.65868 1.54405
      vertex 2.4824 -1.65868 0.955948
    endloop
  endfacet
  facet normal 0.622309 -0.758303 -0.194188
    outer loop
      vertex 1.65868 -2.4824 0.955948
      vertex 1.59494 -2.387 0.379146
      vertex 2.02998 -2.02998 0.379146
    endloop
  endfacet
  facet normal -0.382414 0.037664 -0.923223
    outer loop
      vertex -0.870853 0 -1.62082
      vertex -1.38702 0.275894 -1.39576
      vertex -0.85412 0.169895 -1.62082
    endloop
  endfacet
  facet normal -0.430889 0.35363 -0.830229
    outer loop
      vertex -1.17586 0.785682 -1.39576
      vertex -1.58244 1.05735 -1.06903
      vertex -1.34575 1.34575 -1.06903
    endloop
  endfacet
  facet normal -0.705398 -0.0694765 -0.705398
    outer loop
      vertex -2.27447 -0.45242 -0.653179
      vertex -2.31903 0 -0.653179
      vertex -1.86661 -0.371291 -1.06903
    endloop
  endfacet
  facet normal -0.678291 -0.205754 -0.705398
    outer loop
      vertex -1.75831 -0.728315 -1.06903
      vertex -2.27447 -0.45242 -0.653179
      vertex -1.86661 -0.371291 -1.06903
    endloop
  endfacet
  facet normal -0.528255 -0.64369 -0.553724
    outer loop
      vertex -1.46991 -2.19987 -0.164189
      vertex -1.87084 -1.87084 -0.164189
      vertex -1.28838 -1.9282 -0.653179
    endloop
  endfacet
  facet normal -0.64369 -0.528255 -0.553724
    outer loop
      vertex -1.87084 -1.87084 -0.164189
      vertex -2.19987 -1.46991 -0.164189
      vertex -1.9282 -1.28838 -0.653179
    endloop
  endfacet
  facet normal -0.622328 -0.758292 -0.194167
    outer loop
      vertex -1.65868 -2.4824 0.955948
      vertex -2.1111 -2.1111 0.955948
      vertex -2.02998 -2.02998 0.379146
    endloop
  endfacet
  facet normal -0.586508 -0.714679 -0.381107
    outer loop
      vertex -1.59494 -2.387 0.379146
      vertex -2.02998 -2.02998 0.379146
      vertex -1.46991 -2.19987 -0.164189
    endloop
  endfacet
  facet normal -0.734374 -0.392538 -0.553723
    outer loop
      vertex -2.19987 -1.46991 -0.164189
      vertex -2.44437 -1.01249 -0.164189
      vertex -1.9282 -1.28838 -0.653179
    endloop
  endfacet
  facet normal -0.547922 -0.449663 -0.705397
    outer loop
      vertex -1.6398 -1.6398 -0.653179
      vertex -1.9282 -1.28838 -0.653179
      vertex -1.34575 -1.34575 -1.06903
    endloop
  endfacet
  facet normal -0.938722 0.284767 -0.194188
    outer loop
      vertex -2.81566 0.560069 0.379146
      vertex -2.92819 0.582452 0.955948
      vertex -2.75829 1.14252 0.955948
    endloop
  endfacet
  facet normal -0.881924 -0.471392 5.84191e-18
    outer loop
      vertex -2.4824 -1.65868 0.955948
      vertex -2.75829 -1.14252 1.54405
      vertex -2.75829 -1.14252 0.955948
    endloop
  endfacet
  facet normal -0.881924 -0.471392 5.84191e-18
    outer loop
      vertex -2.75829 -1.14252 1.54405
      vertex -2.4824 -1.65868 0.955948
      vertex -2.4824 -1.65868 1.54405
    endloop
  endfacet
  facet normal -0.938722 -0.284767 0.194189
    outer loop
      vertex -2.81566 -0.560069 2.12085
      vertex -2.92819 -0.582452 1.54405
      vertex -2.75829 -1.14252 1.54405
    endloop
  endfacet
  facet normal -0.449677 -0.547918 0.705391
    outer loop
      vertex -1.05735 -1.58244 3.56903
      vertex -1.34575 -1.34575 3.56903
      vertex -1.28838 -1.9282 3.15318
    endloop
  endfacet
  facet normal -0.758303 0.622309 0.194189
    outer loop
      vertex -2.02998 2.02998 2.12085
      vertex -2.4824 1.65868 1.54405
      vertex -2.387 1.59494 2.12085
    endloop
  endfacet
  facet normal 0.0816199 0.828691 -0.553723
    outer loop
      vertex 0.45242 2.27447 -0.653179
      vertex 0 2.31903 -0.653179
      vertex 0.516163 2.59493 -0.164189
    endloop
  endfacet
  facet normal -0.0694777 0.705399 -0.705397
    outer loop
      vertex 0 1.90318 -1.06903
      vertex -0.371291 1.86661 -1.06903
      vertex 0 2.31903 -0.653179
    endloop
  endfacet
  facet normal -0.956938 0.290293 1.10246e-17
    outer loop
      vertex -2.92819 0.582452 0.955948
      vertex -2.75829 1.14252 1.54405
      vertex -2.75829 1.14252 0.955948
    endloop
  endfacet
  facet normal -0.956938 0.290293 1.10246e-17
    outer loop
      vertex -2.75829 1.14252 1.54405
      vertex -2.92819 0.582452 0.955948
      vertex -2.92819 0.582452 1.54405
    endloop
  endfacet
  facet normal -0.268385 0.884719 -0.381105
    outer loop
      vertex -0.516163 2.59493 -0.164189
      vertex -1.09861 2.65229 0.379146
      vertex -0.560069 2.81566 0.379146
    endloop
  endfacet
  facet normal -0.815369 0.435818 -0.381099
    outer loop
      vertex -2.44437 1.01249 -0.164189
      vertex -2.65229 1.09861 0.379146
      vertex -2.387 1.59494 0.379146
    endloop
  endfacet
  facet normal -0.290293 0.956938 0
    outer loop
      vertex -0.582452 2.92819 0.955948
      vertex -1.14252 2.75829 1.54405
      vertex -0.582452 2.92819 1.54405
    endloop
  endfacet
  facet normal -0.290293 0.956938 0
    outer loop
      vertex -1.14252 2.75829 1.54405
      vertex -0.582452 2.92819 0.955948
      vertex -1.14252 2.75829 0.955948
    endloop
  endfacet
  facet normal -0.622328 0.758292 -0.194167
    outer loop
      vertex -2.02998 2.02998 0.379146
      vertex -2.1111 2.1111 0.955948
      vertex -1.65868 2.4824 0.955948
    endloop
  endfacet
  facet normal -0.471392 0.881924 0
    outer loop
      vertex -1.14252 2.75829 0.955948
      vertex -1.65868 2.4824 1.54405
      vertex -1.14252 2.75829 1.54405
    endloop
  endfacet
  facet normal -0.471392 0.881924 0
    outer loop
      vertex -1.65868 2.4824 1.54405
      vertex -1.14252 2.75829 0.955948
      vertex -1.65868 2.4824 0.955948
    endloop
  endfacet
  facet normal -0.758303 0.622309 -0.194188
    outer loop
      vertex -2.387 1.59494 0.379146
      vertex -2.4824 1.65868 0.955948
      vertex -2.02998 2.02998 0.379146
    endloop
  endfacet
  facet normal -0.88472 0.268386 0.381102
    outer loop
      vertex -2.65229 1.09861 2.12085
      vertex -2.81566 0.560069 2.12085
      vertex -2.59493 0.516163 2.66419
    endloop
  endfacet
  facet normal -0.920081 0.0906168 0.381102
    outer loop
      vertex -2.81566 0.560069 2.12085
      vertex -2.87082 0 2.12085
      vertex -2.59493 0.516163 2.66419
    endloop
  endfacet
  facet normal -0.554742 -0.0546309 -0.830227
    outer loop
      vertex -1.38702 -0.275894 -1.39576
      vertex -1.86661 -0.371291 -1.06903
      vertex -1.41419 0 -1.39576
    endloop
  endfacet
  facet normal -0.884719 0.268385 -0.381105
    outer loop
      vertex -2.59493 0.516163 -0.164189
      vertex -2.81566 0.560069 0.379146
      vertex -2.65229 1.09861 0.379146
    endloop
  endfacet
  facet normal -0.865136 0.462418 -0.19419
    outer loop
      vertex -2.65229 1.09861 0.379146
      vertex -2.75829 1.14252 0.955948
      vertex -2.387 1.59494 0.379146
    endloop
  endfacet
  facet normal -0.714679 0.586508 -0.381107
    outer loop
      vertex -2.19987 1.46991 -0.164189
      vertex -2.387 1.59494 0.379146
      vertex -2.02998 2.02998 0.379146
    endloop
  endfacet
  facet normal -0.367717 -0.111552 -0.923223
    outer loop
      vertex -1.30654 -0.541186 -1.39576
      vertex -1.38702 -0.275894 -1.39576
      vertex -0.85412 -0.169895 -1.62082
    endloop
  endfacet
  facet normal -0.625125 -0.334131 -0.70539
    outer loop
      vertex -1.58244 -1.05735 -1.06903
      vertex -1.9282 -1.28838 -0.653179
      vertex -1.75831 -0.728315 -1.06903
    endloop
  endfacet
  facet normal 0.353631 -0.430888 -0.830229
    outer loop
      vertex 1.34575 -1.34575 -1.06903
      vertex 0.785682 -1.17586 -1.39576
      vertex 0.999983 -0.999983 -1.39576
    endloop
  endfacet
  facet normal -0.195049 -0.0192105 -0.980605
    outer loop
      vertex -0.85412 -0.169895 -1.62082
      vertex -0.870853 0 -1.62082
      vertex -0.294051 0 -1.73555
    endloop
  endfacet
  facet normal 0.920081 0.0906168 0.381102
    outer loop
      vertex 2.81566 0.560069 2.12085
      vertex 2.59493 0.516163 2.66419
      vertex 2.87082 0 2.12085
    endloop
  endfacet
  facet normal 0.976241 0.0961479 0.194189
    outer loop
      vertex 2.92819 0.582452 1.54405
      vertex 2.81566 0.560069 2.12085
      vertex 2.87082 0 2.12085
    endloop
  endfacet
  facet normal 0.705398 0.0694776 0.705398
    outer loop
      vertex 2.31903 0 3.15318
      vertex 1.86661 0.371291 3.56903
      vertex 1.90318 0 3.56903
    endloop
  endfacet
  facet normal 0.828691 -0.0816199 0.553723
    outer loop
      vertex 2.31903 0 3.15318
      vertex 2.27447 -0.45242 3.15318
      vertex 2.59493 -0.516163 2.66419
    endloop
  endfacet
  facet normal 0.734375 0.392532 0.553726
    outer loop
      vertex 2.44437 1.01249 2.66419
      vertex 1.9282 1.28838 3.15318
      vertex 2.1425 0.887454 3.15318
    endloop
  endfacet
  facet normal 0.678292 0.205764 0.705394
    outer loop
      vertex 2.1425 0.887454 3.15318
      vertex 1.75831 0.728315 3.56903
      vertex 2.27447 0.45242 3.15318
    endloop
  endfacet
  facet normal 0.547918 -0.449677 0.705391
    outer loop
      vertex 1.58244 -1.05735 3.56903
      vertex 1.34575 -1.34575 3.56903
      vertex 1.9282 -1.28838 3.15318
    endloop
  endfacet
  facet normal 0.643688 -0.528256 0.553725
    outer loop
      vertex 1.9282 -1.28838 3.15318
      vertex 1.6398 -1.6398 3.15318
      vertex 1.87084 -1.87084 2.66419
    endloop
  endfacet
  facet normal 0.758292 -0.622328 -0.194167
    outer loop
      vertex 2.1111 -2.1111 0.955948
      vertex 2.02998 -2.02998 0.379146
      vertex 2.4824 -1.65868 0.955948
    endloop
  endfacet
  facet normal 0.622328 -0.758292 0.194168
    outer loop
      vertex 2.02998 -2.02998 2.12085
      vertex 1.65868 -2.4824 1.54405
      vertex 2.1111 -2.1111 1.54405
    endloop
  endfacet
  facet normal 0.758303 -0.622309 0.194189
    outer loop
      vertex 2.387 -1.59494 2.12085
      vertex 2.02998 -2.02998 2.12085
      vertex 2.4824 -1.65868 1.54405
    endloop
  endfacet
  facet normal 0.734374 -0.392538 0.553723
    outer loop
      vertex 2.44437 -1.01249 2.66419
      vertex 1.9282 -1.28838 3.15318
      vertex 2.19987 -1.46991 2.66419
    endloop
  endfacet
  facet normal 0.920081 -0.0906168 0.381102
    outer loop
      vertex 2.87082 0 2.12085
      vertex 2.59493 -0.516163 2.66419
      vertex 2.81566 -0.560069 2.12085
    endloop
  endfacet
  facet normal 0.26838 -0.884725 0.381096
    outer loop
      vertex 1.01249 -2.44437 2.66419
      vertex 0.516163 -2.59493 2.66419
      vertex 1.09861 -2.65229 2.12085
    endloop
  endfacet
  facet normal 0.241726 -0.796841 0.553727
    outer loop
      vertex 0.887454 -2.1425 3.15318
      vertex 0.45242 -2.27447 3.15318
      vertex 1.01249 -2.44437 2.66419
    endloop
  endfacet
  facet normal 0.533423 0.161809 0.830228
    outer loop
      vertex 1.75831 0.728315 3.56903
      vertex 1.38702 0.275894 3.89576
      vertex 1.86661 0.371291 3.56903
    endloop
  endfacet
  facet normal 0.533414 0.161819 0.830231
    outer loop
      vertex 1.75831 0.728315 3.56903
      vertex 1.30654 0.541186 3.89576
      vertex 1.38702 0.275894 3.89576
    endloop
  endfacet
  facet normal 0.367717 0.111552 0.923223
    outer loop
      vertex 1.30654 0.541186 3.89576
      vertex 0.85412 0.169895 4.12082
      vertex 1.38702 0.275894 3.89576
    endloop
  endfacet
  facet normal 0.195049 0.0192105 0.980605
    outer loop
      vertex 0.85412 0.169895 4.12082
      vertex 0.294051 0 4.23555
      vertex 0.870853 0 4.12082
    endloop
  endfacet
  facet normal 0.367717 -0.111552 0.923223
    outer loop
      vertex 1.38702 -0.275894 3.89576
      vertex 0.85412 -0.169895 4.12082
      vertex 1.30654 -0.541186 3.89576
    endloop
  endfacet
  facet normal 0.338896 -0.181136 0.923222
    outer loop
      vertex 1.30654 -0.541186 3.89576
      vertex 0.804564 -0.333261 4.12082
      vertex 1.17586 -0.785682 3.89576
    endloop
  endfacet
  facet normal 0.705398 -0.0694776 0.705398
    outer loop
      vertex 1.90318 0 3.56903
      vertex 1.86661 -0.371291 3.56903
      vertex 2.31903 0 3.15318
    endloop
  endfacet
  facet normal 0.705398 -0.0694764 0.705399
    outer loop
      vertex 2.31903 0 3.15318
      vertex 1.86661 -0.371291 3.56903
      vertex 2.27447 -0.45242 3.15318
    endloop
  endfacet
  facet normal -0.205753 0.678291 0.705399
    outer loop
      vertex -0.45242 2.27447 3.15318
      vertex -0.728315 1.75831 3.56903
      vertex -0.371291 1.86661 3.56903
    endloop
  endfacet
  facet normal 0.297039 0.24378 0.923222
    outer loop
      vertex 0.999983 0.999983 3.89576
      vertex 0.615787 0.615787 4.12082
      vertex 1.17586 0.785682 3.89576
    endloop
  endfacet
  facet normal -0.037664 0.382414 0.923223
    outer loop
      vertex 0 0.870853 4.12082
      vertex -0.275894 1.38702 3.89576
      vertex -0.169895 0.85412 4.12082
    endloop
  endfacet
  facet normal 0.367721 0.111546 0.923222
    outer loop
      vertex 1.30654 0.541186 3.89576
      vertex 0.804564 0.333261 4.12082
      vertex 0.85412 0.169895 4.12082
    endloop
  endfacet
  facet normal -0.554742 -0.0546309 0.830227
    outer loop
      vertex -1.41419 0 3.89576
      vertex -1.86661 -0.371291 3.56903
      vertex -1.38702 -0.275894 3.89576
    endloop
  endfacet
  facet normal -0.0192105 0.195049 0.980605
    outer loop
      vertex 0 0.870853 4.12082
      vertex -0.169895 0.85412 4.12082
      vertex 0 0.294051 4.23555
    endloop
  endfacet
  facet normal -0.151505 0.124335 0.980605
    outer loop
      vertex -0.207925 0.207925 4.23555
      vertex -0.615787 0.615787 4.12082
      vertex -0.244494 0.163365 4.23555
    endloop
  endfacet
  facet normal -0.705398 0.0694776 0.705398
    outer loop
      vertex -1.86661 0.371291 3.56903
      vertex -2.31903 0 3.15318
      vertex -1.90318 0 3.56903
    endloop
  endfacet
  facet normal -0.554737 0.0546384 0.83023
    outer loop
      vertex -1.86661 0.371291 3.56903
      vertex -1.90318 0 3.56903
      vertex -1.41419 0 3.89576
    endloop
  endfacet
  facet normal -0.0694764 0.705398 0.705399
    outer loop
      vertex 0 2.31903 3.15318
      vertex -0.45242 2.27447 3.15318
      vertex -0.371291 1.86661 3.56903
    endloop
  endfacet
  facet normal -0.0816199 0.828691 0.553723
    outer loop
      vertex 0 2.31903 3.15318
      vertex -0.516163 2.59493 2.66419
      vertex -0.45242 2.27447 3.15318
    endloop
  endfacet
  facet normal -0.17285 0.0923908 0.980605
    outer loop
      vertex -0.724088 0.48382 4.12082
      vertex -0.804564 0.333261 4.12082
      vertex -0.244494 0.163365 4.23555
    endloop
  endfacet
  facet normal 0.33889 -0.181142 0.923223
    outer loop
      vertex 0.804564 -0.333261 4.12082
      vertex 0.724088 -0.48382 4.12082
      vertex 1.17586 -0.785682 3.89576
    endloop
  endfacet
  facet normal -0.262764 0.491604 0.830229
    outer loop
      vertex -0.728315 1.75831 3.56903
      vertex -1.05735 1.58244 3.56903
      vertex -0.785682 1.17586 3.89576
    endloop
  endfacet
  facet normal -0.392532 0.734375 0.553726
    outer loop
      vertex -1.01249 2.44437 2.66419
      vertex -1.28838 1.9282 3.15318
      vertex -0.887454 2.1425 3.15318
    endloop
  endfacet
  facet normal 0.547921 -0.449663 0.705398
    outer loop
      vertex 1.9282 -1.28838 3.15318
      vertex 1.34575 -1.34575 3.56903
      vertex 1.6398 -1.6398 3.15318
    endloop
  endfacet
  facet normal 0.491604 -0.262764 0.830229
    outer loop
      vertex 1.75831 -0.728315 3.56903
      vertex 1.17586 -0.785682 3.89576
      vertex 1.58244 -1.05735 3.56903
    endloop
  endfacet
  facet normal -0.161819 -0.533414 0.830231
    outer loop
      vertex -0.541186 -1.30654 3.89576
      vertex -0.728315 -1.75831 3.56903
      vertex -0.275894 -1.38702 3.89576
    endloop
  endfacet
  facet normal 0.0816199 -0.828691 0.553723
    outer loop
      vertex 0.45242 -2.27447 3.15318
      vertex 0 -2.31903 3.15318
      vertex 0.516163 -2.59493 2.66419
    endloop
  endfacet
  facet normal -0.297042 -0.243772 0.923223
    outer loop
      vertex -0.724088 -0.48382 4.12082
      vertex -1.17586 -0.785682 3.89576
      vertex -0.615787 -0.615787 4.12082
    endloop
  endfacet
  facet normal -0.195049 -0.0192105 0.980605
    outer loop
      vertex -0.294051 0 4.23555
      vertex -0.870853 0 4.12082
      vertex -0.85412 -0.169895 4.12082
    endloop
  endfacet
  facet normal -0.643688 -0.528256 0.553725
    outer loop
      vertex -1.6398 -1.6398 3.15318
      vertex -1.9282 -1.28838 3.15318
      vertex -1.87084 -1.87084 2.66419
    endloop
  endfacet
  facet normal -0.678292 -0.205764 0.705394
    outer loop
      vertex -1.75831 -0.728315 3.56903
      vertex -2.27447 -0.45242 3.15318
      vertex -2.1425 -0.887454 3.15318
    endloop
  endfacet
  facet normal -0.392532 -0.734375 0.553726
    outer loop
      vertex -0.887454 -2.1425 3.15318
      vertex -1.28838 -1.9282 3.15318
      vertex -1.01249 -2.44437 2.66419
    endloop
  endfacet
  facet normal -0.0906168 -0.920081 0.381102
    outer loop
      vertex -0.516163 -2.59493 2.66419
      vertex -0.560069 -2.81566 2.12085
      vertex 0 -2.87082 2.12085
    endloop
  endfacet
  facet normal 0.205764 -0.678292 0.705394
    outer loop
      vertex 0.728315 -1.75831 3.56903
      vertex 0.45242 -2.27447 3.15318
      vertex 0.887454 -2.1425 3.15318
    endloop
  endfacet
  facet normal 0.161809 -0.533423 0.830228
    outer loop
      vertex 0.728315 -1.75831 3.56903
      vertex 0.275894 -1.38702 3.89576
      vertex 0.371291 -1.86661 3.56903
    endloop
  endfacet
  facet normal -0.0816074 -0.828698 0.553714
    outer loop
      vertex 0 -2.31903 3.15318
      vertex -0.516163 -2.59493 2.66419
      vertex 0 -2.64576 2.66419
    endloop
  endfacet
  facet normal 0.392538 -0.734374 0.553723
    outer loop
      vertex 1.28838 -1.9282 3.15318
      vertex 1.01249 -2.44437 2.66419
      vertex 1.46991 -2.19987 2.66419
    endloop
  endfacet
  facet normal -0.586511 -0.714676 0.381107
    outer loop
      vertex -1.87084 -1.87084 2.66419
      vertex -2.02998 -2.02998 2.12085
      vertex -1.46991 -2.19987 2.66419
    endloop
  endfacet
  facet normal -0.758303 -0.622309 0.194189
    outer loop
      vertex -2.387 -1.59494 2.12085
      vertex -2.4824 -1.65868 1.54405
      vertex -2.02998 -2.02998 2.12085
    endloop
  endfacet
  facet normal -0.435818 -0.81537 0.381096
    outer loop
      vertex -1.01249 -2.44437 2.66419
      vertex -1.59494 -2.387 2.12085
      vertex -1.09861 -2.65229 2.12085
    endloop
  endfacet
  facet normal -0.705398 -0.0694776 0.705398
    outer loop
      vertex -1.90318 0 3.56903
      vertex -2.31903 0 3.15318
      vertex -1.86661 -0.371291 3.56903
    endloop
  endfacet
  facet normal -0.705398 0.0694764 0.705399
    outer loop
      vertex -2.27447 0.45242 3.15318
      vertex -2.31903 0 3.15318
      vertex -1.86661 0.371291 3.56903
    endloop
  endfacet
  facet normal -0.884725 -0.26838 0.381096
    outer loop
      vertex -2.59493 -0.516163 2.66419
      vertex -2.65229 -1.09861 2.12085
      vertex -2.44437 -1.01249 2.66419
    endloop
  endfacet
  facet normal -0.796841 -0.241726 0.553727
    outer loop
      vertex -2.27447 -0.45242 3.15318
      vertex -2.44437 -1.01249 2.66419
      vertex -2.1425 -0.887454 3.15318
    endloop
  endfacet
  facet normal -0.161819 -0.533414 -0.830231
    outer loop
      vertex -0.275894 -1.38702 -1.39576
      vertex -0.728315 -1.75831 -1.06903
      vertex -0.541186 -1.30654 -1.39576
    endloop
  endfacet
  facet normal 0.0923908 -0.17285 -0.980605
    outer loop
      vertex 0.333261 -0.804564 -1.62082
      vertex 0.163365 -0.244494 -1.73555
      vertex 0.48382 -0.724088 -1.62082
    endloop
  endfacet
  facet normal -0.241726 -0.796841 -0.553727
    outer loop
      vertex -0.45242 -2.27447 -0.653179
      vertex -1.01249 -2.44437 -0.164189
      vertex -0.887454 -2.1425 -0.653179
    endloop
  endfacet
  facet normal -0.0694765 -0.705398 -0.705398
    outer loop
      vertex 0 -2.31903 -0.653179
      vertex -0.45242 -2.27447 -0.653179
      vertex -0.371291 -1.86661 -1.06903
    endloop
  endfacet
  facet normal -0.462418 -0.865136 -0.19419
    outer loop
      vertex -1.14252 -2.75829 0.955948
      vertex -1.59494 -2.387 0.379146
      vertex -1.09861 -2.65229 0.379146
    endloop
  endfacet
  facet normal -0.284767 -0.938722 -0.194189
    outer loop
      vertex -0.560069 -2.81566 0.379146
      vertex -1.14252 -2.75829 0.955948
      vertex -1.09861 -2.65229 0.379146
    endloop
  endfacet
  facet normal 0.205764 -0.678293 -0.705393
    outer loop
      vertex 0.887454 -2.1425 -0.653179
      vertex 0.45242 -2.27447 -0.653179
      vertex 0.728315 -1.75831 -1.06903
    endloop
  endfacet
  facet normal 0.161809 -0.533423 -0.830228
    outer loop
      vertex 0.371291 -1.86661 -1.06903
      vertex 0.275894 -1.38702 -1.39576
      vertex 0.728315 -1.75831 -1.06903
    endloop
  endfacet
  facet normal 0.0980061 -0.995186 0
    outer loop
      vertex 0 -2.98555 0.955948
      vertex 0.582452 -2.92819 1.54405
      vertex 0 -2.98555 1.54405
    endloop
  endfacet
  facet normal 0.0980061 -0.995186 0
    outer loop
      vertex 0.582452 -2.92819 1.54405
      vertex 0 -2.98555 0.955948
      vertex 0.582452 -2.92819 0.955948
    endloop
  endfacet
  facet normal 0.0961406 -0.976243 0.194182
    outer loop
      vertex 0 -2.87082 2.12085
      vertex 0 -2.98555 1.54405
      vertex 0.582452 -2.92819 1.54405
    endloop
  endfacet
  facet normal 0.471392 -0.881924 0
    outer loop
      vertex 1.14252 -2.75829 0.955948
      vertex 1.65868 -2.4824 1.54405
      vertex 1.14252 -2.75829 1.54405
    endloop
  endfacet
  facet normal 0.471392 -0.881924 0
    outer loop
      vertex 1.65868 -2.4824 1.54405
      vertex 1.14252 -2.75829 0.955948
      vertex 1.65868 -2.4824 0.955948
    endloop
  endfacet
  facet normal 0.995186 0.0980061 -6.79428e-18
    outer loop
      vertex 2.98555 0 1.54405
      vertex 2.92819 0.582452 0.955948
      vertex 2.92819 0.582452 1.54405
    endloop
  endfacet
  facet normal 0.995186 0.0980061 -6.79428e-18
    outer loop
      vertex 2.92819 0.582452 0.955948
      vertex 2.98555 0 1.54405
      vertex 2.98555 0 0.955948
    endloop
  endfacet
  facet normal 0.268379 0.884724 -0.381099
    outer loop
      vertex 1.01249 2.44437 -0.164189
      vertex 0.516163 2.59493 -0.164189
      vertex 1.09861 2.65229 0.379146
    endloop
  endfacet
  facet normal 0.773003 0.634402 -1.66831e-17
    outer loop
      vertex 2.4824 1.65868 1.54405
      vertex 2.1111 2.1111 0.955948
      vertex 2.1111 2.1111 1.54405
    endloop
  endfacet
  facet normal 0.773003 0.634402 -1.66831e-17
    outer loop
      vertex 2.1111 2.1111 0.955948
      vertex 2.4824 1.65868 1.54405
      vertex 2.4824 1.65868 0.955948
    endloop
  endfacet
  facet normal -0.26838 0.884725 0.381096
    outer loop
      vertex -0.516163 2.59493 2.66419
      vertex -1.09861 2.65229 2.12085
      vertex -1.01249 2.44437 2.66419
    endloop
  endfacet
  facet normal -0.284767 0.938721 0.19419
    outer loop
      vertex -0.560069 2.81566 2.12085
      vertex -1.14252 2.75829 1.54405
      vertex -1.09861 2.65229 2.12085
    endloop
  endfacet
  facet normal 0.435827 0.815361 0.381106
    outer loop
      vertex 1.59494 2.387 2.12085
      vertex 1.01249 2.44437 2.66419
      vertex 1.46991 2.19987 2.66419
    endloop
  endfacet
  facet normal -0.0980061 0.995186 0
    outer loop
      vertex 0 2.98555 0.955948
      vertex -0.582452 2.92819 1.54405
      vertex 0 2.98555 1.54405
    endloop
  endfacet
  facet normal -0.0980061 0.995186 0
    outer loop
      vertex -0.582452 2.92819 1.54405
      vertex 0 2.98555 0.955948
      vertex -0.582452 2.92819 0.955948
    endloop
  endfacet
  facet normal 0.471392 0.881924 -0
    outer loop
      vertex 1.65868 2.4824 0.955948
      vertex 1.14252 2.75829 1.54405
      vertex 1.65868 2.4824 1.54405
    endloop
  endfacet
  facet normal 0.471392 0.881924 0
    outer loop
      vertex 1.14252 2.75829 1.54405
      vertex 1.65868 2.4824 0.955948
      vertex 1.14252 2.75829 0.955948
    endloop
  endfacet
  facet normal 0.622328 0.758292 -0.194167
    outer loop
      vertex 2.02998 2.02998 0.379146
      vertex 1.65868 2.4824 0.955948
      vertex 2.1111 2.1111 0.955948
    endloop
  endfacet
  facet normal 0.462419 0.865135 -0.194189
    outer loop
      vertex 1.59494 2.387 0.379146
      vertex 1.14252 2.75829 0.955948
      vertex 1.65868 2.4824 0.955948
    endloop
  endfacet
  facet normal 0.268385 0.884719 -0.381105
    outer loop
      vertex 1.09861 2.65229 0.379146
      vertex 0.516163 2.59493 -0.164189
      vertex 0.560069 2.81566 0.379146
    endloop
  endfacet
  facet normal -0.462418 0.865136 -0.19419
    outer loop
      vertex -1.09861 2.65229 0.379146
      vertex -1.59494 2.387 0.379146
      vertex -1.14252 2.75829 0.955948
    endloop
  endfacet
  facet normal -0.0906167 0.92008 -0.381105
    outer loop
      vertex -0.516163 2.59493 -0.164189
      vertex -0.560069 2.81566 0.379146
      vertex 0 2.87082 0.379146
    endloop
  endfacet
  facet normal 0.622328 0.758292 0.194168
    outer loop
      vertex 2.1111 2.1111 1.54405
      vertex 1.65868 2.4824 1.54405
      vertex 2.02998 2.02998 2.12085
    endloop
  endfacet
  facet normal 0.758303 0.622309 0.194189
    outer loop
      vertex 2.4824 1.65868 1.54405
      vertex 2.02998 2.02998 2.12085
      vertex 2.387 1.59494 2.12085
    endloop
  endfacet
  facet normal 0.64369 0.528255 0.553724
    outer loop
      vertex 2.19987 1.46991 2.66419
      vertex 1.87084 1.87084 2.66419
      vertex 1.9282 1.28838 3.15318
    endloop
  endfacet
  facet normal 0.714676 0.586511 0.381107
    outer loop
      vertex 2.02998 2.02998 2.12085
      vertex 1.87084 1.87084 2.66419
      vertex 2.19987 1.46991 2.66419
    endloop
  endfacet
  facet normal -0.0376602 0.382416 -0.923223
    outer loop
      vertex 0 0.870853 -1.62082
      vertex -0.275894 1.38702 -1.39576
      vertex 0 1.41419 -1.39576
    endloop
  endfacet
  facet normal -0.161819 0.533414 -0.830231
    outer loop
      vertex -0.541186 1.30654 -1.39576
      vertex -0.728315 1.75831 -1.06903
      vertex -0.275894 1.38702 -1.39576
    endloop
  endfacet
  facet normal 0.241726 0.796841 -0.553727
    outer loop
      vertex 0.887454 2.1425 -0.653179
      vertex 0.45242 2.27447 -0.653179
      vertex 1.01249 2.44437 -0.164189
    endloop
  endfacet
  facet normal 0.392538 0.734374 -0.553723
    outer loop
      vertex 1.28838 1.9282 -0.653179
      vertex 1.01249 2.44437 -0.164189
      vertex 1.46991 2.19987 -0.164189
    endloop
  endfacet
  facet normal 0.678291 0.205754 -0.705398
    outer loop
      vertex 1.86661 0.371291 -1.06903
      vertex 1.75831 0.728315 -1.06903
      vertex 2.27447 0.45242 -0.653179
    endloop
  endfacet
  facet normal 0.334134 -0.62512 -0.705393
    outer loop
      vertex 0.887454 -2.1425 -0.653179
      vertex 0.728315 -1.75831 -1.06903
      vertex 1.28838 -1.9282 -0.653179
    endloop
  endfacet
  facet normal 0.195049 0.0192105 -0.980605
    outer loop
      vertex 0.870853 0 -1.62082
      vertex 0.294051 0 -1.73555
      vertex 0.85412 0.169895 -1.62082
    endloop
  endfacet
  facet normal 0.81536 0.435826 -0.381109
    outer loop
      vertex 2.44437 1.01249 -0.164189
      vertex 2.19987 1.46991 -0.164189
      vertex 2.387 1.59494 0.379146
    endloop
  endfacet
  facet normal 0.554742 -0.0546309 -0.830227
    outer loop
      vertex 1.86661 -0.371291 -1.06903
      vertex 1.38702 -0.275894 -1.39576
      vertex 1.41419 0 -1.39576
    endloop
  endfacet
  facet normal 0.449663 0.547922 -0.705397
    outer loop
      vertex 1.34575 1.34575 -1.06903
      vertex 1.28838 1.9282 -0.653179
      vertex 1.6398 1.6398 -0.653179
    endloop
  endfacet
  facet normal 0.714675 0.58651 -0.38111
    outer loop
      vertex 2.19987 1.46991 -0.164189
      vertex 1.87084 1.87084 -0.164189
      vertex 2.02998 2.02998 0.379146
    endloop
  endfacet
  facet normal 0.297039 -0.24378 -0.923222
    outer loop
      vertex 0.999983 -0.999983 -1.39576
      vertex 0.615787 -0.615787 -1.62082
      vertex 1.17586 -0.785682 -1.39576
    endloop
  endfacet
  facet normal 0.528256 -0.643688 -0.553725
    outer loop
      vertex 1.87084 -1.87084 -0.164189
      vertex 1.28838 -1.9282 -0.653179
      vertex 1.6398 -1.6398 -0.653179
    endloop
  endfacet
  facet normal 0.884719 -0.268385 -0.381105
    outer loop
      vertex 2.65229 -1.09861 0.379146
      vertex 2.59493 -0.516163 -0.164189
      vertex 2.81566 -0.560069 0.379146
    endloop
  endfacet
  facet normal 0.625125 -0.334131 -0.70539
    outer loop
      vertex 1.9282 -1.28838 -0.653179
      vertex 1.58244 -1.05735 -1.06903
      vertex 1.75831 -0.728315 -1.06903
    endloop
  endfacet
  facet normal 0.938722 0.284767 -0.194189
    outer loop
      vertex 2.81566 0.560069 0.379146
      vertex 2.65229 1.09861 0.379146
      vertex 2.75829 1.14252 0.955948
    endloop
  endfacet
  facet normal 0.938722 0.284767 -0.194188
    outer loop
      vertex 2.81566 0.560069 0.379146
      vertex 2.75829 1.14252 0.955948
      vertex 2.92819 0.582452 0.955948
    endloop
  endfacet
  facet normal -0.625125 0.334131 -0.70539
    outer loop
      vertex -1.75831 0.728315 -1.06903
      vertex -1.9282 1.28838 -0.653179
      vertex -1.58244 1.05735 -1.06903
    endloop
  endfacet
  facet normal -0.554742 0.0546309 -0.830227
    outer loop
      vertex -1.41419 0 -1.39576
      vertex -1.86661 0.371291 -1.06903
      vertex -1.38702 0.275894 -1.39576
    endloop
  endfacet
  facet normal -0.338896 0.181136 -0.923222
    outer loop
      vertex -0.804564 0.333261 -1.62082
      vertex -1.30654 0.541186 -1.39576
      vertex -1.17586 0.785682 -1.39576
    endloop
  endfacet
  facet normal 0.17285 0.0923904 -0.980605
    outer loop
      vertex 0.271667 0.112528 -1.73555
      vertex 0.244494 0.163365 -1.73555
      vertex 0.804564 0.333261 -1.62082
    endloop
  endfacet
  facet normal -0.62512 -0.334134 -0.705393
    outer loop
      vertex -1.9282 -1.28838 -0.653179
      vertex -2.1425 -0.887454 -0.653179
      vertex -1.75831 -0.728315 -1.06903
    endloop
  endfacet
  facet normal -0.828698 -0.0816074 -0.553714
    outer loop
      vertex -2.59493 -0.516163 -0.164189
      vertex -2.64576 0 -0.164189
      vertex -2.31903 0 -0.653179
    endloop
  endfacet
  facet normal -0.976243 -0.0961406 -0.194182
    outer loop
      vertex -2.92819 -0.582452 0.955948
      vertex -2.98555 0 0.955948
      vertex -2.87082 0 0.379146
    endloop
  endfacet
  facet normal -0.796845 -0.241722 -0.553723
    outer loop
      vertex -2.44437 -1.01249 -0.164189
      vertex -2.59493 -0.516163 -0.164189
      vertex -2.27447 -0.45242 -0.653179
    endloop
  endfacet
  facet normal -0.35363 -0.430889 -0.830229
    outer loop
      vertex -1.05735 -1.58244 -1.06903
      vertex -1.34575 -1.34575 -1.06903
      vertex -0.785682 -1.17586 -1.39576
    endloop
  endfacet
  facet normal -0.205764 -0.678293 -0.705393
    outer loop
      vertex -0.45242 -2.27447 -0.653179
      vertex -0.887454 -2.1425 -0.653179
      vertex -0.728315 -1.75831 -1.06903
    endloop
  endfacet
  facet normal -0.161809 -0.533423 -0.830228
    outer loop
      vertex -0.371291 -1.86661 -1.06903
      vertex -0.728315 -1.75831 -1.06903
      vertex -0.275894 -1.38702 -1.39576
    endloop
  endfacet
  facet normal -0.111552 -0.367717 -0.923223
    outer loop
      vertex -0.275894 -1.38702 -1.39576
      vertex -0.541186 -1.30654 -1.39576
      vertex -0.169895 -0.85412 -1.62082
    endloop
  endfacet
  facet normal -0.392538 -0.734374 -0.553723
    outer loop
      vertex -1.01249 -2.44437 -0.164189
      vertex -1.46991 -2.19987 -0.164189
      vertex -1.28838 -1.9282 -0.653179
    endloop
  endfacet
  facet normal -0.392532 -0.734375 -0.553726
    outer loop
      vertex -1.01249 -2.44437 -0.164189
      vertex -1.28838 -1.9282 -0.653179
      vertex -0.887454 -2.1425 -0.653179
    endloop
  endfacet
  facet normal -0.643688 -0.528256 -0.553725
    outer loop
      vertex -1.87084 -1.87084 -0.164189
      vertex -1.9282 -1.28838 -0.653179
      vertex -1.6398 -1.6398 -0.653179
    endloop
  endfacet
  facet normal -0.449663 -0.547922 -0.705397
    outer loop
      vertex -1.28838 -1.9282 -0.653179
      vertex -1.6398 -1.6398 -0.653179
      vertex -1.34575 -1.34575 -1.06903
    endloop
  endfacet
  facet normal -0.81536 -0.435826 -0.381109
    outer loop
      vertex -2.387 -1.59494 0.379146
      vertex -2.44437 -1.01249 -0.164189
      vertex -2.19987 -1.46991 -0.164189
    endloop
  endfacet
  facet normal -0.714679 -0.586508 -0.381107
    outer loop
      vertex -2.02998 -2.02998 0.379146
      vertex -2.387 -1.59494 0.379146
      vertex -2.19987 -1.46991 -0.164189
    endloop
  endfacet
  facet normal -0.938722 -0.284767 -0.194188
    outer loop
      vertex -2.75829 -1.14252 0.955948
      vertex -2.92819 -0.582452 0.955948
      vertex -2.81566 -0.560069 0.379146
    endloop
  endfacet
  facet normal -0.995186 0.0980061 6.79428e-18
    outer loop
      vertex -2.98555 0 0.955948
      vertex -2.92819 0.582452 1.54405
      vertex -2.92819 0.582452 0.955948
    endloop
  endfacet
  facet normal -0.995186 0.0980061 6.79428e-18
    outer loop
      vertex -2.92819 0.582452 1.54405
      vertex -2.98555 0 0.955948
      vertex -2.98555 0 1.54405
    endloop
  endfacet
  facet normal -0.634402 -0.773003 0
    outer loop
      vertex -2.1111 -2.1111 0.955948
      vertex -1.65868 -2.4824 1.54405
      vertex -2.1111 -2.1111 1.54405
    endloop
  endfacet
  facet normal -0.634402 -0.773003 -0
    outer loop
      vertex -1.65868 -2.4824 1.54405
      vertex -2.1111 -2.1111 0.955948
      vertex -1.65868 -2.4824 0.955948
    endloop
  endfacet
  facet normal -0.734374 -0.392538 0.553723
    outer loop
      vertex -1.9282 -1.28838 3.15318
      vertex -2.44437 -1.01249 2.66419
      vertex -2.19987 -1.46991 2.66419
    endloop
  endfacet
  facet normal -0.392538 -0.734374 0.553723
    outer loop
      vertex -1.28838 -1.9282 3.15318
      vertex -1.46991 -2.19987 2.66419
      vertex -1.01249 -2.44437 2.66419
    endloop
  endfacet
  facet normal -0.828691 0.0816199 0.553723
    outer loop
      vertex -2.27447 0.45242 3.15318
      vertex -2.59493 0.516163 2.66419
      vertex -2.31903 0 3.15318
    endloop
  endfacet
  facet normal -0.353631 0.430888 0.830229
    outer loop
      vertex -0.785682 1.17586 3.89576
      vertex -1.34575 1.34575 3.56903
      vertex -0.999983 0.999983 3.89576
    endloop
  endfacet
  facet normal -0.161809 0.533423 -0.830228
    outer loop
      vertex -0.275894 1.38702 -1.39576
      vertex -0.728315 1.75831 -1.06903
      vertex -0.371291 1.86661 -1.06903
    endloop
  endfacet
  facet normal -0.0546309 0.554742 -0.830227
    outer loop
      vertex -0.275894 1.38702 -1.39576
      vertex -0.371291 1.86661 -1.06903
      vertex 0 1.41419 -1.39576
    endloop
  endfacet
  facet normal -0.430888 0.353631 -0.830229
    outer loop
      vertex -1.17586 0.785682 -1.39576
      vertex -1.34575 1.34575 -1.06903
      vertex -0.999983 0.999983 -1.39576
    endloop
  endfacet
  facet normal -0.533414 0.161819 -0.830231
    outer loop
      vertex -1.38702 0.275894 -1.39576
      vertex -1.75831 0.728315 -1.06903
      vertex -1.30654 0.541186 -1.39576
    endloop
  endfacet
  facet normal -0.284767 0.938722 0.194189
    outer loop
      vertex -0.582452 2.92819 1.54405
      vertex -1.14252 2.75829 1.54405
      vertex -0.560069 2.81566 2.12085
    endloop
  endfacet
  facet normal -0.773003 0.634402 1.66831e-17
    outer loop
      vertex -2.4824 1.65868 0.955948
      vertex -2.1111 2.1111 1.54405
      vertex -2.1111 2.1111 0.955948
    endloop
  endfacet
  facet normal -0.773003 0.634402 1.66831e-17
    outer loop
      vertex -2.1111 2.1111 1.54405
      vertex -2.4824 1.65868 0.955948
      vertex -2.4824 1.65868 1.54405
    endloop
  endfacet
  facet normal -0.758292 0.622328 -0.194167
    outer loop
      vertex -2.02998 2.02998 0.379146
      vertex -2.4824 1.65868 0.955948
      vertex -2.1111 2.1111 0.955948
    endloop
  endfacet
  facet normal -0.758292 0.622328 0.194168
    outer loop
      vertex -2.1111 2.1111 1.54405
      vertex -2.4824 1.65868 1.54405
      vertex -2.02998 2.02998 2.12085
    endloop
  endfacet
  facet normal -0.622328 0.758292 0.194168
    outer loop
      vertex -1.65868 2.4824 1.54405
      vertex -2.1111 2.1111 1.54405
      vertex -2.02998 2.02998 2.12085
    endloop
  endfacet
  facet normal -0.634402 0.773003 0
    outer loop
      vertex -1.65868 2.4824 0.955948
      vertex -2.1111 2.1111 1.54405
      vertex -1.65868 2.4824 1.54405
    endloop
  endfacet
  facet normal -0.634402 0.773003 0
    outer loop
      vertex -2.1111 2.1111 1.54405
      vertex -1.65868 2.4824 0.955948
      vertex -2.1111 2.1111 0.955948
    endloop
  endfacet
  facet normal -0.392532 0.734375 -0.553726
    outer loop
      vertex -0.887454 2.1425 -0.653179
      vertex -1.28838 1.9282 -0.653179
      vertex -1.01249 2.44437 -0.164189
    endloop
  endfacet
  facet normal -0.64369 0.528255 -0.553724
    outer loop
      vertex -1.9282 1.28838 -0.653179
      vertex -2.19987 1.46991 -0.164189
      vertex -1.87084 1.87084 -0.164189
    endloop
  endfacet
  facet normal -0.81537 0.435818 0.381096
    outer loop
      vertex -2.387 1.59494 2.12085
      vertex -2.65229 1.09861 2.12085
      vertex -2.44437 1.01249 2.66419
    endloop
  endfacet
  facet normal -0.884725 0.26838 0.381096
    outer loop
      vertex -2.44437 1.01249 2.66419
      vertex -2.65229 1.09861 2.12085
      vertex -2.59493 0.516163 2.66419
    endloop
  endfacet
  facet normal -0.995186 -0.0980061 -6.79428e-18
    outer loop
      vertex -2.92819 -0.582452 0.955948
      vertex -2.98555 0 1.54405
      vertex -2.98555 0 0.955948
    endloop
  endfacet
  facet normal -0.995186 -0.0980061 -6.79428e-18
    outer loop
      vertex -2.98555 0 1.54405
      vertex -2.92819 -0.582452 0.955948
      vertex -2.92819 -0.582452 1.54405
    endloop
  endfacet
  facet normal -0.884724 0.268379 -0.381099
    outer loop
      vertex -2.59493 0.516163 -0.164189
      vertex -2.65229 1.09861 0.379146
      vertex -2.44437 1.01249 -0.164189
    endloop
  endfacet
  facet normal -0.705398 0.0694765 -0.705398
    outer loop
      vertex -1.86661 0.371291 -1.06903
      vertex -2.31903 0 -0.653179
      vertex -2.27447 0.45242 -0.653179
    endloop
  endfacet
  facet normal -0.714675 0.58651 -0.38111
    outer loop
      vertex -1.87084 1.87084 -0.164189
      vertex -2.19987 1.46991 -0.164189
      vertex -2.02998 2.02998 0.379146
    endloop
  endfacet
  facet normal -0.734375 0.392532 -0.553726
    outer loop
      vertex -2.1425 0.887454 -0.653179
      vertex -2.44437 1.01249 -0.164189
      vertex -1.9282 1.28838 -0.653179
    endloop
  endfacet
  facet normal -0.382414 -0.037664 -0.923223
    outer loop
      vertex -0.85412 -0.169895 -1.62082
      vertex -1.38702 -0.275894 -1.39576
      vertex -0.870853 0 -1.62082
    endloop
  endfacet
  facet normal -0.533423 -0.161809 -0.830228
    outer loop
      vertex -1.75831 -0.728315 -1.06903
      vertex -1.86661 -0.371291 -1.06903
      vertex -1.38702 -0.275894 -1.39576
    endloop
  endfacet
  facet normal -0.0192105 -0.195049 -0.980605
    outer loop
      vertex 0 -0.870853 -1.62082
      vertex -0.169895 -0.85412 -1.62082
      vertex 0 -0.294051 -1.73555
    endloop
  endfacet
  facet normal -0.338896 -0.181136 -0.923222
    outer loop
      vertex -1.17586 -0.785682 -1.39576
      vertex -1.30654 -0.541186 -1.39576
      vertex -0.804564 -0.333261 -1.62082
    endloop
  endfacet
  facet normal -0.17285 0.0923908 -0.980605
    outer loop
      vertex -0.244494 0.163365 -1.73555
      vertex -0.804564 0.333261 -1.62082
      vertex -0.724088 0.48382 -1.62082
    endloop
  endfacet
  facet normal 0.367721 -0.111546 -0.923222
    outer loop
      vertex 1.30654 -0.541186 -1.39576
      vertex 0.804564 -0.333261 -1.62082
      vertex 0.85412 -0.169895 -1.62082
    endloop
  endfacet
  facet normal 0.938721 0.284767 0.19419
    outer loop
      vertex 2.75829 1.14252 1.54405
      vertex 2.65229 1.09861 2.12085
      vertex 2.81566 0.560069 2.12085
    endloop
  endfacet
  facet normal 0.865136 0.462418 0.194191
    outer loop
      vertex 2.75829 1.14252 1.54405
      vertex 2.387 1.59494 2.12085
      vertex 2.65229 1.09861 2.12085
    endloop
  endfacet
  facet normal 0.828698 -0.0816074 0.553714
    outer loop
      vertex 2.64576 0 2.66419
      vertex 2.31903 0 3.15318
      vertex 2.59493 -0.516163 2.66419
    endloop
  endfacet
  facet normal 0.920079 0.0906063 0.381111
    outer loop
      vertex 2.87082 0 2.12085
      vertex 2.59493 0.516163 2.66419
      vertex 2.64576 0 2.66419
    endloop
  endfacet
  facet normal 0.151505 0.124335 0.980605
    outer loop
      vertex 0.615787 0.615787 4.12082
      vertex 0.244494 0.163365 4.23555
      vertex 0.724088 0.48382 4.12082
    endloop
  endfacet
  facet normal 0.382414 0.037664 0.923223
    outer loop
      vertex 1.38702 0.275894 3.89576
      vertex 0.85412 0.169895 4.12082
      vertex 0.870853 0 4.12082
    endloop
  endfacet
  facet normal 0.435826 -0.81536 -0.381109
    outer loop
      vertex 1.59494 -2.387 0.379146
      vertex 1.01249 -2.44437 -0.164189
      vertex 1.46991 -2.19987 -0.164189
    endloop
  endfacet
  facet normal 0.865135 -0.462419 -0.194189
    outer loop
      vertex 2.4824 -1.65868 0.955948
      vertex 2.387 -1.59494 0.379146
      vertex 2.75829 -1.14252 0.955948
    endloop
  endfacet
  facet normal 0.64369 -0.528255 0.553724
    outer loop
      vertex 1.9282 -1.28838 3.15318
      vertex 1.87084 -1.87084 2.66419
      vertex 2.19987 -1.46991 2.66419
    endloop
  endfacet
  facet normal 0.678292 -0.205764 0.705394
    outer loop
      vertex 2.27447 -0.45242 3.15318
      vertex 1.75831 -0.728315 3.56903
      vertex 2.1425 -0.887454 3.15318
    endloop
  endfacet
  facet normal 0.491604 -0.262756 0.830231
    outer loop
      vertex 1.30654 -0.541186 3.89576
      vertex 1.17586 -0.785682 3.89576
      vertex 1.75831 -0.728315 3.56903
    endloop
  endfacet
  facet normal 0.586511 -0.714676 0.381107
    outer loop
      vertex 1.87084 -1.87084 2.66419
      vertex 1.46991 -2.19987 2.66419
      vertex 2.02998 -2.02998 2.12085
    endloop
  endfacet
  facet normal 0.815361 -0.435827 0.381106
    outer loop
      vertex 2.44437 -1.01249 2.66419
      vertex 2.19987 -1.46991 2.66419
      vertex 2.387 -1.59494 2.12085
    endloop
  endfacet
  facet normal 0.714679 -0.586509 0.381104
    outer loop
      vertex 2.19987 -1.46991 2.66419
      vertex 2.02998 -2.02998 2.12085
      vertex 2.387 -1.59494 2.12085
    endloop
  endfacet
  facet normal 0.938722 -0.284767 0.194189
    outer loop
      vertex 2.81566 -0.560069 2.12085
      vertex 2.75829 -1.14252 1.54405
      vertex 2.92819 -0.582452 1.54405
    endloop
  endfacet
  facet normal 0.938721 -0.284767 0.19419
    outer loop
      vertex 2.81566 -0.560069 2.12085
      vertex 2.65229 -1.09861 2.12085
      vertex 2.75829 -1.14252 1.54405
    endloop
  endfacet
  facet normal 0.268386 -0.88472 0.381102
    outer loop
      vertex 1.09861 -2.65229 2.12085
      vertex 0.516163 -2.59493 2.66419
      vertex 0.560069 -2.81566 2.12085
    endloop
  endfacet
  facet normal 0.284767 -0.938721 0.19419
    outer loop
      vertex 1.09861 -2.65229 2.12085
      vertex 0.560069 -2.81566 2.12085
      vertex 1.14252 -2.75829 1.54405
    endloop
  endfacet
  facet normal 0.382416 0.0376602 0.923223
    outer loop
      vertex 1.38702 0.275894 3.89576
      vertex 0.870853 0 4.12082
      vertex 1.41419 0 3.89576
    endloop
  endfacet
  facet normal 0.554742 0.0546309 0.830227
    outer loop
      vertex 1.86661 0.371291 3.56903
      vertex 1.38702 0.275894 3.89576
      vertex 1.41419 0 3.89576
    endloop
  endfacet
  facet normal 0.828691 0.0816199 0.553723
    outer loop
      vertex 2.59493 0.516163 2.66419
      vertex 2.27447 0.45242 3.15318
      vertex 2.31903 0 3.15318
    endloop
  endfacet
  facet normal 0.705398 0.0694764 0.705399
    outer loop
      vertex 2.27447 0.45242 3.15318
      vertex 1.86661 0.371291 3.56903
      vertex 2.31903 0 3.15318
    endloop
  endfacet
  facet normal 0.0906168 0.920081 0.381102
    outer loop
      vertex 0.560069 2.81566 2.12085
      vertex 0 2.87082 2.12085
      vertex 0.516163 2.59493 2.66419
    endloop
  endfacet
  facet normal 0.462418 0.865136 -0.19419
    outer loop
      vertex 1.59494 2.387 0.379146
      vertex 1.09861 2.65229 0.379146
      vertex 1.14252 2.75829 0.955948
    endloop
  endfacet
  facet normal -0.17285 0.0923904 0.980605
    outer loop
      vertex -0.244494 0.163365 4.23555
      vertex -0.804564 0.333261 4.12082
      vertex -0.271667 0.112528 4.23555
    endloop
  endfacet
  facet normal -0.491604 0.262764 0.830229
    outer loop
      vertex -1.58244 1.05735 3.56903
      vertex -1.75831 0.728315 3.56903
      vertex -1.17586 0.785682 3.89576
    endloop
  endfacet
  facet normal -0.382414 0.037664 0.923223
    outer loop
      vertex -0.85412 0.169895 4.12082
      vertex -1.38702 0.275894 3.89576
      vertex -0.870853 0 4.12082
    endloop
  endfacet
  facet normal -0.382416 0.0376602 0.923223
    outer loop
      vertex -1.38702 0.275894 3.89576
      vertex -1.41419 0 3.89576
      vertex -0.870853 0 4.12082
    endloop
  endfacet
  facet normal 0.124335 -0.151505 0.980605
    outer loop
      vertex 0.207925 -0.207925 4.23555
      vertex 0.163365 -0.244494 4.23555
      vertex 0.615787 -0.615787 4.12082
    endloop
  endfacet
  facet normal -0.828698 0.0816074 0.553714
    outer loop
      vertex -2.59493 0.516163 2.66419
      vertex -2.64576 0 2.66419
      vertex -2.31903 0 3.15318
    endloop
  endfacet
  facet normal -0.828698 -0.0816074 0.553714
    outer loop
      vertex -2.31903 0 3.15318
      vertex -2.64576 0 2.66419
      vertex -2.59493 -0.516163 2.66419
    endloop
  endfacet
  facet normal -0.0376602 0.382416 0.923223
    outer loop
      vertex 0 1.41419 3.89576
      vertex -0.275894 1.38702 3.89576
      vertex 0 0.870853 4.12082
    endloop
  endfacet
  facet normal 0.124335 -0.151505 0.980605
    outer loop
      vertex 0.615787 -0.615787 4.12082
      vertex 0.163365 -0.244494 4.23555
      vertex 0.48382 -0.724088 4.12082
    endloop
  endfacet
  facet normal 0.338896 0.181136 0.923222
    outer loop
      vertex 1.17586 0.785682 3.89576
      vertex 0.804564 0.333261 4.12082
      vertex 1.30654 0.541186 3.89576
    endloop
  endfacet
  facet normal 0.491604 0.262764 0.830229
    outer loop
      vertex 1.58244 1.05735 3.56903
      vertex 1.17586 0.785682 3.89576
      vertex 1.75831 0.728315 3.56903
    endloop
  endfacet
  facet normal 0.262764 0.491604 0.830229
    outer loop
      vertex 1.05735 1.58244 3.56903
      vertex 0.728315 1.75831 3.56903
      vertex 0.785682 1.17586 3.89576
    endloop
  endfacet
  facet normal -0.195049 0.0192105 0.980605
    outer loop
      vertex -0.85412 0.169895 4.12082
      vertex -0.870853 0 4.12082
      vertex -0.294051 0 4.23555
    endloop
  endfacet
  facet normal -0.111546 0.367721 0.923222
    outer loop
      vertex -0.169895 0.85412 4.12082
      vertex -0.541186 1.30654 3.89576
      vertex -0.333261 0.804564 4.12082
    endloop
  endfacet
  facet normal -0.297039 0.24378 0.923222
    outer loop
      vertex -0.999983 0.999983 3.89576
      vertex -1.17586 0.785682 3.89576
      vertex -0.615787 0.615787 4.12082
    endloop
  endfacet
  facet normal -0.262756 0.491604 0.830231
    outer loop
      vertex -0.728315 1.75831 3.56903
      vertex -0.785682 1.17586 3.89576
      vertex -0.541186 1.30654 3.89576
    endloop
  endfacet
  facet normal -0.181136 0.338896 0.923222
    outer loop
      vertex -0.541186 1.30654 3.89576
      vertex -0.785682 1.17586 3.89576
      vertex -0.333261 0.804564 4.12082
    endloop
  endfacet
  facet normal -0.367717 -0.111552 0.923223
    outer loop
      vertex -0.85412 -0.169895 4.12082
      vertex -1.38702 -0.275894 3.89576
      vertex -1.30654 -0.541186 3.89576
    endloop
  endfacet
  facet normal 0.037664 -0.382414 0.923223
    outer loop
      vertex 0.169895 -0.85412 4.12082
      vertex 0 -0.870853 4.12082
      vertex 0.275894 -1.38702 3.89576
    endloop
  endfacet
  facet normal 0.0546384 -0.554737 0.83023
    outer loop
      vertex 0 -1.41419 3.89576
      vertex 0 -1.90318 3.56903
      vertex 0.371291 -1.86661 3.56903
    endloop
  endfacet
  facet normal -0.0546384 -0.554737 0.83023
    outer loop
      vertex 0 -1.41419 3.89576
      vertex -0.371291 -1.86661 3.56903
      vertex 0 -1.90318 3.56903
    endloop
  endfacet
  facet normal -0.491604 -0.262756 0.830231
    outer loop
      vertex -1.30654 -0.541186 3.89576
      vertex -1.75831 -0.728315 3.56903
      vertex -1.17586 -0.785682 3.89576
    endloop
  endfacet
  facet normal -0.430889 -0.35363 0.830229
    outer loop
      vertex -1.17586 -0.785682 3.89576
      vertex -1.58244 -1.05735 3.56903
      vertex -1.34575 -1.34575 3.56903
    endloop
  endfacet
  facet normal -0.187553 0.0568931 0.980605
    outer loop
      vertex -0.804564 0.333261 4.12082
      vertex -0.85412 0.169895 4.12082
      vertex -0.271667 0.112528 4.23555
    endloop
  endfacet
  facet normal 0.111546 -0.367721 0.923222
    outer loop
      vertex 0.333261 -0.804564 4.12082
      vertex 0.169895 -0.85412 4.12082
      vertex 0.541186 -1.30654 3.89576
    endloop
  endfacet
  facet normal 0.262756 -0.491604 0.830231
    outer loop
      vertex 0.785682 -1.17586 3.89576
      vertex 0.541186 -1.30654 3.89576
      vertex 0.728315 -1.75831 3.56903
    endloop
  endfacet
  facet normal 0.367721 -0.111546 0.923222
    outer loop
      vertex 0.85412 -0.169895 4.12082
      vertex 0.804564 -0.333261 4.12082
      vertex 1.30654 -0.541186 3.89576
    endloop
  endfacet
  facet normal 0.124335 0.151505 0.980605
    outer loop
      vertex 0.48382 0.724088 4.12082
      vertex 0.163365 0.244494 4.23555
      vertex 0.615787 0.615787 4.12082
    endloop
  endfacet
  facet normal -0.758292 -0.622328 0.194168
    outer loop
      vertex -2.02998 -2.02998 2.12085
      vertex -2.4824 -1.65868 1.54405
      vertex -2.1111 -2.1111 1.54405
    endloop
  endfacet
  facet normal -0.449663 -0.547921 0.705398
    outer loop
      vertex -1.34575 -1.34575 3.56903
      vertex -1.6398 -1.6398 3.15318
      vertex -1.28838 -1.9282 3.15318
    endloop
  endfacet
  facet normal -0.547921 -0.449663 0.705398
    outer loop
      vertex -1.34575 -1.34575 3.56903
      vertex -1.9282 -1.28838 3.15318
      vertex -1.6398 -1.6398 3.15318
    endloop
  endfacet
  facet normal -0.33413 -0.625124 0.705391
    outer loop
      vertex -1.05735 -1.58244 3.56903
      vertex -1.28838 -1.9282 3.15318
      vertex -0.728315 -1.75831 3.56903
    endloop
  endfacet
  facet normal 0.0816074 -0.828698 0.553714
    outer loop
      vertex 0 -2.31903 3.15318
      vertex 0 -2.64576 2.66419
      vertex 0.516163 -2.59493 2.66419
    endloop
  endfacet
  facet normal -0.0906063 -0.920079 0.381111
    outer loop
      vertex 0 -2.64576 2.66419
      vertex -0.516163 -2.59493 2.66419
      vertex 0 -2.87082 2.12085
    endloop
  endfacet
  facet normal -0.462418 -0.865136 0.194191
    outer loop
      vertex -1.09861 -2.65229 2.12085
      vertex -1.59494 -2.387 2.12085
      vertex -1.14252 -2.75829 1.54405
    endloop
  endfacet
  facet normal -0.0961479 -0.976241 0.194189
    outer loop
      vertex -0.560069 -2.81566 2.12085
      vertex -0.582452 -2.92819 1.54405
      vertex 0 -2.87082 2.12085
    endloop
  endfacet
  facet normal 0.334134 -0.625119 0.705394
    outer loop
      vertex 1.28838 -1.9282 3.15318
      vertex 0.728315 -1.75831 3.56903
      vertex 0.887454 -2.1425 3.15318
    endloop
  endfacet
  facet normal 0.392532 -0.734375 0.553726
    outer loop
      vertex 1.28838 -1.9282 3.15318
      vertex 0.887454 -2.1425 3.15318
      vertex 1.01249 -2.44437 2.66419
    endloop
  endfacet
  facet normal 0.435818 -0.81537 0.381096
    outer loop
      vertex 1.59494 -2.387 2.12085
      vertex 1.01249 -2.44437 2.66419
      vertex 1.09861 -2.65229 2.12085
    endloop
  endfacet
  facet normal 0.435827 -0.815361 0.381106
    outer loop
      vertex 1.46991 -2.19987 2.66419
      vertex 1.01249 -2.44437 2.66419
      vertex 1.59494 -2.387 2.12085
    endloop
  endfacet
  facet normal -0.462419 -0.865135 0.194189
    outer loop
      vertex -1.59494 -2.387 2.12085
      vertex -1.65868 -2.4824 1.54405
      vertex -1.14252 -2.75829 1.54405
    endloop
  endfacet
  facet normal -0.471392 -0.881924 0
    outer loop
      vertex -1.65868 -2.4824 0.955948
      vertex -1.14252 -2.75829 1.54405
      vertex -1.65868 -2.4824 1.54405
    endloop
  endfacet
  facet normal -0.471392 -0.881924 -0
    outer loop
      vertex -1.14252 -2.75829 1.54405
      vertex -1.65868 -2.4824 0.955948
      vertex -1.14252 -2.75829 0.955948
    endloop
  endfacet
  facet normal -0.622309 -0.758303 -0.194188
    outer loop
      vertex -1.65868 -2.4824 0.955948
      vertex -2.02998 -2.02998 0.379146
      vertex -1.59494 -2.387 0.379146
    endloop
  endfacet
  facet normal -0.462419 -0.865135 -0.194189
    outer loop
      vertex -1.14252 -2.75829 0.955948
      vertex -1.65868 -2.4824 0.955948
      vertex -1.59494 -2.387 0.379146
    endloop
  endfacet
  facet normal -0.920079 0.0906063 0.381111
    outer loop
      vertex -2.59493 0.516163 2.66419
      vertex -2.87082 0 2.12085
      vertex -2.64576 0 2.66419
    endloop
  endfacet
  facet normal -0.88472 -0.268386 0.381102
    outer loop
      vertex -2.59493 -0.516163 2.66419
      vertex -2.81566 -0.560069 2.12085
      vertex -2.65229 -1.09861 2.12085
    endloop
  endfacet
  facet normal -0.625119 -0.334134 0.705394
    outer loop
      vertex -1.75831 -0.728315 3.56903
      vertex -2.1425 -0.887454 3.15318
      vertex -1.9282 -1.28838 3.15318
    endloop
  endfacet
  facet normal -0.796845 -0.241722 0.553723
    outer loop
      vertex -2.27447 -0.45242 3.15318
      vertex -2.59493 -0.516163 2.66419
      vertex -2.44437 -1.01249 2.66419
    endloop
  endfacet
  facet normal 0.0694765 -0.705398 -0.705398
    outer loop
      vertex 0.45242 -2.27447 -0.653179
      vertex 0 -2.31903 -0.653179
      vertex 0.371291 -1.86661 -1.06903
    endloop
  endfacet
  facet normal 0.0546384 -0.554737 -0.83023
    outer loop
      vertex 0.371291 -1.86661 -1.06903
      vertex 0 -1.90318 -1.06903
      vertex 0 -1.41419 -1.39576
    endloop
  endfacet
  facet normal 0.0816074 -0.828698 -0.553714
    outer loop
      vertex 0.516163 -2.59493 -0.164189
      vertex 0 -2.64576 -0.164189
      vertex 0 -2.31903 -0.653179
    endloop
  endfacet
  facet normal 0.0961406 -0.976243 -0.194182
    outer loop
      vertex 0.582452 -2.92819 0.955948
      vertex 0 -2.98555 0.955948
      vertex 0 -2.87082 0.379146
    endloop
  endfacet
  facet normal -0.290293 -0.956938 0
    outer loop
      vertex -1.14252 -2.75829 0.955948
      vertex -0.582452 -2.92819 1.54405
      vertex -1.14252 -2.75829 1.54405
    endloop
  endfacet
  facet normal -0.290293 -0.956938 -0
    outer loop
      vertex -0.582452 -2.92819 1.54405
      vertex -1.14252 -2.75829 0.955948
      vertex -0.582452 -2.92819 0.955948
    endloop
  endfacet
  facet normal 0.547919 -0.449677 -0.70539
    outer loop
      vertex 1.9282 -1.28838 -0.653179
      vertex 1.34575 -1.34575 -1.06903
      vertex 1.58244 -1.05735 -1.06903
    endloop
  endfacet
  facet normal 0.528255 -0.64369 -0.553724
    outer loop
      vertex 1.46991 -2.19987 -0.164189
      vertex 1.28838 -1.9282 -0.653179
      vertex 1.87084 -1.87084 -0.164189
    endloop
  endfacet
  facet normal 0.290293 -0.956938 0
    outer loop
      vertex 0.582452 -2.92819 0.955948
      vertex 1.14252 -2.75829 1.54405
      vertex 0.582452 -2.92819 1.54405
    endloop
  endfacet
  facet normal 0.290293 -0.956938 0
    outer loop
      vertex 1.14252 -2.75829 1.54405
      vertex 0.582452 -2.92819 0.955948
      vertex 1.14252 -2.75829 0.955948
    endloop
  endfacet
  facet normal -0.268386 0.88472 0.381102
    outer loop
      vertex -0.560069 2.81566 2.12085
      vertex -1.09861 2.65229 2.12085
      vertex -0.516163 2.59493 2.66419
    endloop
  endfacet
  facet normal -0.0906168 0.920081 0.381102
    outer loop
      vertex 0 2.87082 2.12085
      vertex -0.560069 2.81566 2.12085
      vertex -0.516163 2.59493 2.66419
    endloop
  endfacet
  facet normal -0.586511 0.714676 0.381107
    outer loop
      vertex -1.46991 2.19987 2.66419
      vertex -2.02998 2.02998 2.12085
      vertex -1.87084 1.87084 2.66419
    endloop
  endfacet
  facet normal -0.334134 0.625119 0.705394
    outer loop
      vertex -0.887454 2.1425 3.15318
      vertex -1.28838 1.9282 3.15318
      vertex -0.728315 1.75831 3.56903
    endloop
  endfacet
  facet normal 0.0961406 0.976243 0.194182
    outer loop
      vertex 0 2.98555 1.54405
      vertex 0 2.87082 2.12085
      vertex 0.582452 2.92819 1.54405
    endloop
  endfacet
  facet normal 0.0961406 0.976243 -0.194182
    outer loop
      vertex 0.582452 2.92819 0.955948
      vertex 0 2.87082 0.379146
      vertex 0 2.98555 0.955948
    endloop
  endfacet
  facet normal -0.0961406 0.976243 -0.194182
    outer loop
      vertex 0 2.87082 0.379146
      vertex -0.582452 2.92819 0.955948
      vertex 0 2.98555 0.955948
    endloop
  endfacet
  facet normal 0.622309 0.758303 -0.194188
    outer loop
      vertex 2.02998 2.02998 0.379146
      vertex 1.59494 2.387 0.379146
      vertex 1.65868 2.4824 0.955948
    endloop
  endfacet
  facet normal 0.586508 0.714679 -0.381107
    outer loop
      vertex 2.02998 2.02998 0.379146
      vertex 1.46991 2.19987 -0.164189
      vertex 1.59494 2.387 0.379146
    endloop
  endfacet
  facet normal 0.284767 0.938722 -0.194189
    outer loop
      vertex 1.09861 2.65229 0.379146
      vertex 0.560069 2.81566 0.379146
      vertex 1.14252 2.75829 0.955948
    endloop
  endfacet
  facet normal 0.284767 0.938722 -0.194188
    outer loop
      vertex 1.14252 2.75829 0.955948
      vertex 0.560069 2.81566 0.379146
      vertex 0.582452 2.92819 0.955948
    endloop
  endfacet
  facet normal 0.462419 0.865135 0.194189
    outer loop
      vertex 1.65868 2.4824 1.54405
      vertex 1.14252 2.75829 1.54405
      vertex 1.59494 2.387 2.12085
    endloop
  endfacet
  facet normal -0.284767 0.938722 -0.194189
    outer loop
      vertex -1.09861 2.65229 0.379146
      vertex -1.14252 2.75829 0.955948
      vertex -0.560069 2.81566 0.379146
    endloop
  endfacet
  facet normal -0.284767 0.938722 -0.194188
    outer loop
      vertex -0.560069 2.81566 0.379146
      vertex -1.14252 2.75829 0.955948
      vertex -0.582452 2.92819 0.955948
    endloop
  endfacet
  facet normal -0.0906061 0.920077 -0.381114
    outer loop
      vertex 0 2.64576 -0.164189
      vertex -0.516163 2.59493 -0.164189
      vertex 0 2.87082 0.379146
    endloop
  endfacet
  facet normal 0.0906061 0.920077 -0.381114
    outer loop
      vertex 0.516163 2.59493 -0.164189
      vertex 0 2.64576 -0.164189
      vertex 0 2.87082 0.379146
    endloop
  endfacet
  facet normal -0.205764 0.678293 -0.705393
    outer loop
      vertex -0.728315 1.75831 -1.06903
      vertex -0.887454 2.1425 -0.653179
      vertex -0.45242 2.27447 -0.653179
    endloop
  endfacet
  facet normal -0.262764 0.491604 -0.830229
    outer loop
      vertex -0.785682 1.17586 -1.39576
      vertex -1.05735 1.58244 -1.06903
      vertex -0.728315 1.75831 -1.06903
    endloop
  endfacet
  facet normal 0.26838 0.884725 0.381096
    outer loop
      vertex 1.09861 2.65229 2.12085
      vertex 0.516163 2.59493 2.66419
      vertex 1.01249 2.44437 2.66419
    endloop
  endfacet
  facet normal 0.643688 0.528256 0.553725
    outer loop
      vertex 1.87084 1.87084 2.66419
      vertex 1.6398 1.6398 3.15318
      vertex 1.9282 1.28838 3.15318
    endloop
  endfacet
  facet normal 0.0546384 0.554737 -0.83023
    outer loop
      vertex 0.371291 1.86661 -1.06903
      vertex 0 1.41419 -1.39576
      vertex 0 1.90318 -1.06903
    endloop
  endfacet
  facet normal -0.0546384 0.554737 -0.83023
    outer loop
      vertex 0 1.41419 -1.39576
      vertex -0.371291 1.86661 -1.06903
      vertex 0 1.90318 -1.06903
    endloop
  endfacet
  facet normal 0.0546309 0.554742 -0.830227
    outer loop
      vertex 0.275894 1.38702 -1.39576
      vertex 0 1.41419 -1.39576
      vertex 0.371291 1.86661 -1.06903
    endloop
  endfacet
  facet normal 0.205764 0.678293 -0.705393
    outer loop
      vertex 0.728315 1.75831 -1.06903
      vertex 0.45242 2.27447 -0.653179
      vertex 0.887454 2.1425 -0.653179
    endloop
  endfacet
  facet normal 0.338896 0.181136 -0.923222
    outer loop
      vertex 1.30654 0.541186 -1.39576
      vertex 0.804564 0.333261 -1.62082
      vertex 1.17586 0.785682 -1.39576
    endloop
  endfacet
  facet normal 0.33889 0.181142 -0.923223
    outer loop
      vertex 0.804564 0.333261 -1.62082
      vertex 0.724088 0.48382 -1.62082
      vertex 1.17586 0.785682 -1.39576
    endloop
  endfacet
  facet normal 0.161809 0.533423 -0.830228
    outer loop
      vertex 0.728315 1.75831 -1.06903
      vertex 0.275894 1.38702 -1.39576
      vertex 0.371291 1.86661 -1.06903
    endloop
  endfacet
  facet normal 0.0694777 0.705399 -0.705397
    outer loop
      vertex 0.371291 1.86661 -1.06903
      vertex 0 1.90318 -1.06903
      vertex 0 2.31903 -0.653179
    endloop
  endfacet
  facet normal 0.297039 0.24378 -0.923222
    outer loop
      vertex 1.17586 0.785682 -1.39576
      vertex 0.615787 0.615787 -1.62082
      vertex 0.999983 0.999983 -1.39576
    endloop
  endfacet
  facet normal 0.353631 0.430888 -0.830229
    outer loop
      vertex 0.999983 0.999983 -1.39576
      vertex 0.785682 1.17586 -1.39576
      vertex 1.34575 1.34575 -1.06903
    endloop
  endfacet
  facet normal 0.17285 -0.0923904 -0.980605
    outer loop
      vertex 0.804564 -0.333261 -1.62082
      vertex 0.244494 -0.163365 -1.73555
      vertex 0.271667 -0.112528 -1.73555
    endloop
  endfacet
  facet normal 0.181142 0.33889 -0.923223
    outer loop
      vertex 0.48382 0.724088 -1.62082
      vertex 0.333261 0.804564 -1.62082
      vertex 0.785682 1.17586 -1.39576
    endloop
  endfacet
  facet normal -0.0192104 0.195049 -0.980605
    outer loop
      vertex -0.0573664 0.288401 -1.73555
      vertex -0.169895 0.85412 -1.62082
      vertex 0 0.294051 -1.73555
    endloop
  endfacet
  facet normal 0.678291 -0.205754 -0.705398
    outer loop
      vertex 2.27447 -0.45242 -0.653179
      vertex 1.75831 -0.728315 -1.06903
      vertex 1.86661 -0.371291 -1.06903
    endloop
  endfacet
  facet normal 0.547922 -0.449663 -0.705397
    outer loop
      vertex 1.6398 -1.6398 -0.653179
      vertex 1.34575 -1.34575 -1.06903
      vertex 1.9282 -1.28838 -0.653179
    endloop
  endfacet
  facet normal 0.430889 -0.35363 -0.830229
    outer loop
      vertex 1.34575 -1.34575 -1.06903
      vertex 1.17586 -0.785682 -1.39576
      vertex 1.58244 -1.05735 -1.06903
    endloop
  endfacet
  facet normal 0.705399 0.0694777 -0.705397
    outer loop
      vertex 1.90318 0 -1.06903
      vertex 1.86661 0.371291 -1.06903
      vertex 2.31903 0 -0.653179
    endloop
  endfacet
  facet normal 0.705398 0.0694765 -0.705398
    outer loop
      vertex 2.31903 0 -0.653179
      vertex 1.86661 0.371291 -1.06903
      vertex 2.27447 0.45242 -0.653179
    endloop
  endfacet
  facet normal 0.430889 0.35363 -0.830229
    outer loop
      vertex 1.58244 1.05735 -1.06903
      vertex 1.17586 0.785682 -1.39576
      vertex 1.34575 1.34575 -1.06903
    endloop
  endfacet
  facet normal 0.491604 0.262764 -0.830229
    outer loop
      vertex 1.75831 0.728315 -1.06903
      vertex 1.17586 0.785682 -1.39576
      vertex 1.58244 1.05735 -1.06903
    endloop
  endfacet
  facet normal 0.449677 0.547919 -0.70539
    outer loop
      vertex 1.34575 1.34575 -1.06903
      vertex 1.05735 1.58244 -1.06903
      vertex 1.28838 1.9282 -0.653179
    endloop
  endfacet
  facet normal 0.528255 0.64369 -0.553724
    outer loop
      vertex 1.87084 1.87084 -0.164189
      vertex 1.28838 1.9282 -0.653179
      vertex 1.46991 2.19987 -0.164189
    endloop
  endfacet
  facet normal 0.734374 0.392538 -0.553723
    outer loop
      vertex 2.44437 1.01249 -0.164189
      vertex 1.9282 1.28838 -0.653179
      vertex 2.19987 1.46991 -0.164189
    endloop
  endfacet
  facet normal 0.714679 0.586508 -0.381107
    outer loop
      vertex 2.19987 1.46991 -0.164189
      vertex 2.02998 2.02998 0.379146
      vertex 2.387 1.59494 0.379146
    endloop
  endfacet
  facet normal 0.815369 0.435818 -0.381099
    outer loop
      vertex 2.44437 1.01249 -0.164189
      vertex 2.387 1.59494 0.379146
      vertex 2.65229 1.09861 0.379146
    endloop
  endfacet
  facet normal 0.884724 0.268379 -0.381099
    outer loop
      vertex 2.59493 0.516163 -0.164189
      vertex 2.44437 1.01249 -0.164189
      vertex 2.65229 1.09861 0.379146
    endloop
  endfacet
  facet normal 0.884724 -0.268379 -0.381099
    outer loop
      vertex 2.65229 -1.09861 0.379146
      vertex 2.44437 -1.01249 -0.164189
      vertex 2.59493 -0.516163 -0.164189
    endloop
  endfacet
  facet normal 0.865136 -0.462418 -0.19419
    outer loop
      vertex 2.75829 -1.14252 0.955948
      vertex 2.387 -1.59494 0.379146
      vertex 2.65229 -1.09861 0.379146
    endloop
  endfacet
  facet normal 0.938722 -0.284767 -0.194188
    outer loop
      vertex 2.92819 -0.582452 0.955948
      vertex 2.75829 -1.14252 0.955948
      vertex 2.81566 -0.560069 0.379146
    endloop
  endfacet
  facet normal 0.938722 -0.284767 -0.194189
    outer loop
      vertex 2.75829 -1.14252 0.955948
      vertex 2.65229 -1.09861 0.379146
      vertex 2.81566 -0.560069 0.379146
    endloop
  endfacet
  facet normal -0.547919 0.449677 -0.70539
    outer loop
      vertex -1.58244 1.05735 -1.06903
      vertex -1.9282 1.28838 -0.653179
      vertex -1.34575 1.34575 -1.06903
    endloop
  endfacet
  facet normal -0.547922 0.449663 -0.705397
    outer loop
      vertex -1.34575 1.34575 -1.06903
      vertex -1.9282 1.28838 -0.653179
      vertex -1.6398 1.6398 -0.653179
    endloop
  endfacet
  facet normal -0.705399 0.0694777 -0.705397
    outer loop
      vertex -1.90318 0 -1.06903
      vertex -2.31903 0 -0.653179
      vertex -1.86661 0.371291 -1.06903
    endloop
  endfacet
  facet normal -0.678293 0.205764 -0.705393
    outer loop
      vertex -1.75831 0.728315 -1.06903
      vertex -2.27447 0.45242 -0.653179
      vertex -2.1425 0.887454 -0.653179
    endloop
  endfacet
  facet normal -0.33889 0.181142 -0.923223
    outer loop
      vertex -0.804564 0.333261 -1.62082
      vertex -1.17586 0.785682 -1.39576
      vertex -0.724088 0.48382 -1.62082
    endloop
  endfacet
  facet normal -0.297042 0.243772 -0.923223
    outer loop
      vertex -0.724088 0.48382 -1.62082
      vertex -1.17586 0.785682 -1.39576
      vertex -0.615787 0.615787 -1.62082
    endloop
  endfacet
  facet normal -0.187553 0.0568931 -0.980605
    outer loop
      vertex -0.271667 0.112528 -1.73555
      vertex -0.85412 0.169895 -1.62082
      vertex -0.804564 0.333261 -1.62082
    endloop
  endfacet
  facet normal -0.828691 -0.0816199 -0.553723
    outer loop
      vertex -2.27447 -0.45242 -0.653179
      vertex -2.59493 -0.516163 -0.164189
      vertex -2.31903 0 -0.653179
    endloop
  endfacet
  facet normal -0.705399 -0.0694777 -0.705397
    outer loop
      vertex -1.86661 -0.371291 -1.06903
      vertex -2.31903 0 -0.653179
      vertex -1.90318 0 -1.06903
    endloop
  endfacet
  facet normal -0.24378 -0.297039 -0.923222
    outer loop
      vertex -0.785682 -1.17586 -1.39576
      vertex -0.999983 -0.999983 -1.39576
      vertex -0.615787 -0.615787 -1.62082
    endloop
  endfacet
  facet normal -0.547919 -0.449677 -0.70539
    outer loop
      vertex -1.34575 -1.34575 -1.06903
      vertex -1.9282 -1.28838 -0.653179
      vertex -1.58244 -1.05735 -1.06903
    endloop
  endfacet
  facet normal -0.815369 -0.435818 -0.381099
    outer loop
      vertex -2.387 -1.59494 0.379146
      vertex -2.65229 -1.09861 0.379146
      vertex -2.44437 -1.01249 -0.164189
    endloop
  endfacet
  facet normal -0.865136 -0.462418 -0.19419
    outer loop
      vertex -2.387 -1.59494 0.379146
      vertex -2.75829 -1.14252 0.955948
      vertex -2.65229 -1.09861 0.379146
    endloop
  endfacet
  facet normal -0.262764 -0.491604 -0.830229
    outer loop
      vertex -0.728315 -1.75831 -1.06903
      vertex -1.05735 -1.58244 -1.06903
      vertex -0.785682 -1.17586 -1.39576
    endloop
  endfacet
  facet normal 0.0192105 -0.195049 -0.980605
    outer loop
      vertex 0.169895 -0.85412 -1.62082
      vertex 0 -0.870853 -1.62082
      vertex 0 -0.294051 -1.73555
    endloop
  endfacet
  facet normal -0.430889 -0.35363 -0.830229
    outer loop
      vertex -1.34575 -1.34575 -1.06903
      vertex -1.58244 -1.05735 -1.06903
      vertex -1.17586 -0.785682 -1.39576
    endloop
  endfacet
  facet normal -0.491604 -0.262764 -0.830229
    outer loop
      vertex -1.58244 -1.05735 -1.06903
      vertex -1.75831 -0.728315 -1.06903
      vertex -1.17586 -0.785682 -1.39576
    endloop
  endfacet
  facet normal -0.0546384 -0.554737 -0.83023
    outer loop
      vertex 0 -1.90318 -1.06903
      vertex -0.371291 -1.86661 -1.06903
      vertex 0 -1.41419 -1.39576
    endloop
  endfacet
  facet normal 0.0546309 -0.554742 -0.830227
    outer loop
      vertex 0.371291 -1.86661 -1.06903
      vertex 0 -1.41419 -1.39576
      vertex 0.275894 -1.38702 -1.39576
    endloop
  endfacet
  facet normal -0.334134 -0.62512 -0.705393
    outer loop
      vertex -0.887454 -2.1425 -0.653179
      vertex -1.28838 -1.9282 -0.653179
      vertex -0.728315 -1.75831 -1.06903
    endloop
  endfacet
  facet normal -0.0906167 -0.92008 -0.381105
    outer loop
      vertex 0 -2.87082 0.379146
      vertex -0.560069 -2.81566 0.379146
      vertex -0.516163 -2.59493 -0.164189
    endloop
  endfacet
  facet normal -0.268385 -0.884719 -0.381105
    outer loop
      vertex -0.560069 -2.81566 0.379146
      vertex -1.09861 -2.65229 0.379146
      vertex -0.516163 -2.59493 -0.164189
    endloop
  endfacet
  facet normal -0.435826 -0.81536 -0.381109
    outer loop
      vertex -1.01249 -2.44437 -0.164189
      vertex -1.59494 -2.387 0.379146
      vertex -1.46991 -2.19987 -0.164189
    endloop
  endfacet
  facet normal -0.865135 -0.462419 -0.194189
    outer loop
      vertex -2.4824 -1.65868 0.955948
      vertex -2.75829 -1.14252 0.955948
      vertex -2.387 -1.59494 0.379146
    endloop
  endfacet
  facet normal -0.758303 -0.622309 -0.194188
    outer loop
      vertex -2.02998 -2.02998 0.379146
      vertex -2.4824 -1.65868 0.955948
      vertex -2.387 -1.59494 0.379146
    endloop
  endfacet
  facet normal -0.796845 0.241722 -0.553723
    outer loop
      vertex -2.27447 0.45242 -0.653179
      vertex -2.59493 0.516163 -0.164189
      vertex -2.44437 1.01249 -0.164189
    endloop
  endfacet
  facet normal -0.938722 0.284767 -0.194189
    outer loop
      vertex -2.65229 1.09861 0.379146
      vertex -2.81566 0.560069 0.379146
      vertex -2.75829 1.14252 0.955948
    endloop
  endfacet
  facet normal -0.734375 -0.392532 0.553726
    outer loop
      vertex -2.1425 -0.887454 3.15318
      vertex -2.44437 -1.01249 2.66419
      vertex -1.9282 -1.28838 3.15318
    endloop
  endfacet
  facet normal -0.920079 -0.0906063 0.381111
    outer loop
      vertex -2.64576 0 2.66419
      vertex -2.87082 0 2.12085
      vertex -2.59493 -0.516163 2.66419
    endloop
  endfacet
  facet normal -0.773003 -0.634402 -1.66831e-17
    outer loop
      vertex -2.1111 -2.1111 0.955948
      vertex -2.4824 -1.65868 1.54405
      vertex -2.4824 -1.65868 0.955948
    endloop
  endfacet
  facet normal -0.773003 -0.634402 -1.66831e-17
    outer loop
      vertex -2.4824 -1.65868 1.54405
      vertex -2.1111 -2.1111 0.955948
      vertex -2.1111 -2.1111 1.54405
    endloop
  endfacet
  facet normal -0.491604 0.262756 0.830231
    outer loop
      vertex -1.17586 0.785682 3.89576
      vertex -1.75831 0.728315 3.56903
      vertex -1.30654 0.541186 3.89576
    endloop
  endfacet
  facet normal -0.734375 0.392532 0.553726
    outer loop
      vertex -1.9282 1.28838 3.15318
      vertex -2.44437 1.01249 2.66419
      vertex -2.1425 0.887454 3.15318
    endloop
  endfacet
  facet normal -0.547918 0.449677 0.705391
    outer loop
      vertex -1.34575 1.34575 3.56903
      vertex -1.9282 1.28838 3.15318
      vertex -1.58244 1.05735 3.56903
    endloop
  endfacet
  facet normal -0.528256 0.643688 0.553725
    outer loop
      vertex -1.28838 1.9282 3.15318
      vertex -1.87084 1.87084 2.66419
      vertex -1.6398 1.6398 3.15318
    endloop
  endfacet
  facet normal -0.625124 0.33413 0.705391
    outer loop
      vertex -1.58244 1.05735 3.56903
      vertex -1.9282 1.28838 3.15318
      vertex -1.75831 0.728315 3.56903
    endloop
  endfacet
  facet normal -0.796845 0.241722 0.553723
    outer loop
      vertex -2.44437 1.01249 2.66419
      vertex -2.59493 0.516163 2.66419
      vertex -2.27447 0.45242 3.15318
    endloop
  endfacet
  facet normal -0.353631 0.430888 -0.830229
    outer loop
      vertex -0.999983 0.999983 -1.39576
      vertex -1.34575 1.34575 -1.06903
      vertex -0.785682 1.17586 -1.39576
    endloop
  endfacet
  facet normal -0.24378 0.297039 -0.923222
    outer loop
      vertex -0.615787 0.615787 -1.62082
      vertex -0.999983 0.999983 -1.39576
      vertex -0.785682 1.17586 -1.39576
    endloop
  endfacet
  facet normal -0.037664 0.382414 -0.923223
    outer loop
      vertex -0.169895 0.85412 -1.62082
      vertex -0.275894 1.38702 -1.39576
      vertex 0 0.870853 -1.62082
    endloop
  endfacet
  facet normal -0.181136 -0.338896 -0.923222
    outer loop
      vertex -0.541186 -1.30654 -1.39576
      vertex -0.785682 -1.17586 -1.39576
      vertex -0.333261 -0.804564 -1.62082
    endloop
  endfacet
  facet normal -0.938721 0.284767 0.19419
    outer loop
      vertex -2.75829 1.14252 1.54405
      vertex -2.81566 0.560069 2.12085
      vertex -2.65229 1.09861 2.12085
    endloop
  endfacet
  facet normal -0.865136 0.462418 0.194191
    outer loop
      vertex -2.387 1.59494 2.12085
      vertex -2.75829 1.14252 1.54405
      vertex -2.65229 1.09861 2.12085
    endloop
  endfacet
  facet normal -0.625119 0.334134 0.705394
    outer loop
      vertex -1.9282 1.28838 3.15318
      vertex -2.1425 0.887454 3.15318
      vertex -1.75831 0.728315 3.56903
    endloop
  endfacet
  facet normal -0.64369 0.528255 0.553724
    outer loop
      vertex -1.87084 1.87084 2.66419
      vertex -2.19987 1.46991 2.66419
      vertex -1.9282 1.28838 3.15318
    endloop
  endfacet
  facet normal -0.828691 0.0816199 -0.553723
    outer loop
      vertex -2.31903 0 -0.653179
      vertex -2.59493 0.516163 -0.164189
      vertex -2.27447 0.45242 -0.653179
    endloop
  endfacet
  facet normal -0.828698 0.0816074 -0.553714
    outer loop
      vertex -2.31903 0 -0.653179
      vertex -2.64576 0 -0.164189
      vertex -2.59493 0.516163 -0.164189
    endloop
  endfacet
  facet normal -0.734374 0.392538 -0.553723
    outer loop
      vertex -1.9282 1.28838 -0.653179
      vertex -2.44437 1.01249 -0.164189
      vertex -2.19987 1.46991 -0.164189
    endloop
  endfacet
  facet normal -0.81536 0.435826 -0.381109
    outer loop
      vertex -2.19987 1.46991 -0.164189
      vertex -2.44437 1.01249 -0.164189
      vertex -2.387 1.59494 0.379146
    endloop
  endfacet
  facet normal -0.187553 -0.0568931 -0.980605
    outer loop
      vertex -0.804564 -0.333261 -1.62082
      vertex -0.85412 -0.169895 -1.62082
      vertex -0.271667 -0.112528 -1.73555
    endloop
  endfacet
  facet normal -0.0192104 -0.195049 -0.980605
    outer loop
      vertex 0 -0.294051 -1.73555
      vertex -0.169895 -0.85412 -1.62082
      vertex -0.0573664 -0.288401 -1.73555
    endloop
  endfacet
  facet normal -0.181136 0.338896 -0.923222
    outer loop
      vertex -0.333261 0.804564 -1.62082
      vertex -0.785682 1.17586 -1.39576
      vertex -0.541186 1.30654 -1.39576
    endloop
  endfacet
  facet normal -0.17285 -0.0923904 -0.980605
    outer loop
      vertex -0.244494 -0.163365 -1.73555
      vertex -0.804564 -0.333261 -1.62082
      vertex -0.271667 -0.112528 -1.73555
    endloop
  endfacet
  facet normal -0.262756 0.491604 -0.830231
    outer loop
      vertex -0.541186 1.30654 -1.39576
      vertex -0.785682 1.17586 -1.39576
      vertex -0.728315 1.75831 -1.06903
    endloop
  endfacet
  facet normal 0.24378 0.297039 -0.923222
    outer loop
      vertex 0.999983 0.999983 -1.39576
      vertex 0.615787 0.615787 -1.62082
      vertex 0.785682 1.17586 -1.39576
    endloop
  endfacet
  facet normal -0.187553 0.0568967 -0.980605
    outer loop
      vertex -0.288401 0.0573664 -1.73555
      vertex -0.85412 0.169895 -1.62082
      vertex -0.271667 0.112528 -1.73555
    endloop
  endfacet
  facet normal 0.491604 0.262756 0.830231
    outer loop
      vertex 1.75831 0.728315 3.56903
      vertex 1.17586 0.785682 3.89576
      vertex 1.30654 0.541186 3.89576
    endloop
  endfacet
  facet normal 0.625124 0.33413 0.705391
    outer loop
      vertex 1.9282 1.28838 3.15318
      vertex 1.58244 1.05735 3.56903
      vertex 1.75831 0.728315 3.56903
    endloop
  endfacet
  facet normal 0.586508 -0.714679 -0.381107
    outer loop
      vertex 1.59494 -2.387 0.379146
      vertex 1.46991 -2.19987 -0.164189
      vertex 2.02998 -2.02998 0.379146
    endloop
  endfacet
  facet normal 0.714675 -0.58651 -0.38111
    outer loop
      vertex 2.02998 -2.02998 0.379146
      vertex 1.87084 -1.87084 -0.164189
      vertex 2.19987 -1.46991 -0.164189
    endloop
  endfacet
  facet normal 0.734375 -0.392532 0.553726
    outer loop
      vertex 2.1425 -0.887454 3.15318
      vertex 1.9282 -1.28838 3.15318
      vertex 2.44437 -1.01249 2.66419
    endloop
  endfacet
  facet normal 0.678291 -0.205753 0.705399
    outer loop
      vertex 1.86661 -0.371291 3.56903
      vertex 1.75831 -0.728315 3.56903
      vertex 2.27447 -0.45242 3.15318
    endloop
  endfacet
  facet normal 0.625124 -0.33413 0.705391
    outer loop
      vertex 1.75831 -0.728315 3.56903
      vertex 1.58244 -1.05735 3.56903
      vertex 1.9282 -1.28838 3.15318
    endloop
  endfacet
  facet normal 0.35363 -0.430889 0.830229
    outer loop
      vertex 1.34575 -1.34575 3.56903
      vertex 0.785682 -1.17586 3.89576
      vertex 1.05735 -1.58244 3.56903
    endloop
  endfacet
  facet normal 0.81537 -0.435818 0.381096
    outer loop
      vertex 2.44437 -1.01249 2.66419
      vertex 2.387 -1.59494 2.12085
      vertex 2.65229 -1.09861 2.12085
    endloop
  endfacet
  facet normal 0.884725 -0.26838 0.381096
    outer loop
      vertex 2.59493 -0.516163 2.66419
      vertex 2.44437 -1.01249 2.66419
      vertex 2.65229 -1.09861 2.12085
    endloop
  endfacet
  facet normal 0.976243 -0.0961406 0.194182
    outer loop
      vertex 2.98555 0 1.54405
      vertex 2.87082 0 2.12085
      vertex 2.92819 -0.582452 1.54405
    endloop
  endfacet
  facet normal 0.796841 -0.241726 0.553727
    outer loop
      vertex 2.27447 -0.45242 3.15318
      vertex 2.1425 -0.887454 3.15318
      vertex 2.44437 -1.01249 2.66419
    endloop
  endfacet
  facet normal 0.796845 -0.241722 0.553723
    outer loop
      vertex 2.59493 -0.516163 2.66419
      vertex 2.27447 -0.45242 3.15318
      vertex 2.44437 -1.01249 2.66419
    endloop
  endfacet
  facet normal 0.528255 0.64369 0.553724
    outer loop
      vertex 1.46991 2.19987 2.66419
      vertex 1.28838 1.9282 3.15318
      vertex 1.87084 1.87084 2.66419
    endloop
  endfacet
  facet normal 0.0906063 0.920079 0.381111
    outer loop
      vertex 0 2.87082 2.12085
      vertex 0 2.64576 2.66419
      vertex 0.516163 2.59493 2.66419
    endloop
  endfacet
  facet normal -0.241722 0.796845 0.553723
    outer loop
      vertex -0.516163 2.59493 2.66419
      vertex -1.01249 2.44437 2.66419
      vertex -0.45242 2.27447 3.15318
    endloop
  endfacet
  facet normal -0.0816074 0.828698 0.553714
    outer loop
      vertex 0 2.64576 2.66419
      vertex -0.516163 2.59493 2.66419
      vertex 0 2.31903 3.15318
    endloop
  endfacet
  facet normal 0.284767 0.938722 0.194189
    outer loop
      vertex 0.582452 2.92819 1.54405
      vertex 0.560069 2.81566 2.12085
      vertex 1.14252 2.75829 1.54405
    endloop
  endfacet
  facet normal 0.0961479 0.976241 0.194189
    outer loop
      vertex 0.582452 2.92819 1.54405
      vertex 0 2.87082 2.12085
      vertex 0.560069 2.81566 2.12085
    endloop
  endfacet
  facet normal -0.367717 0.111552 0.923223
    outer loop
      vertex -1.30654 0.541186 3.89576
      vertex -1.38702 0.275894 3.89576
      vertex -0.85412 0.169895 4.12082
    endloop
  endfacet
  facet normal -0.124335 0.151505 0.980605
    outer loop
      vertex -0.163365 0.244494 4.23555
      vertex -0.615787 0.615787 4.12082
      vertex -0.207925 0.207925 4.23555
    endloop
  endfacet
  facet normal 0.037664 0.382414 0.923223
    outer loop
      vertex 0.275894 1.38702 3.89576
      vertex 0 0.870853 4.12082
      vertex 0.169895 0.85412 4.12082
    endloop
  endfacet
  facet normal 0.35363 0.430889 0.830229
    outer loop
      vertex 1.05735 1.58244 3.56903
      vertex 0.785682 1.17586 3.89576
      vertex 1.34575 1.34575 3.56903
    endloop
  endfacet
  facet normal 0.0923904 -0.17285 0.980605
    outer loop
      vertex 0.163365 -0.244494 4.23555
      vertex 0.112528 -0.271667 4.23555
      vertex 0.333261 -0.804564 4.12082
    endloop
  endfacet
  facet normal 0.0568931 -0.187553 0.980605
    outer loop
      vertex 0.333261 -0.804564 4.12082
      vertex 0.112528 -0.271667 4.23555
      vertex 0.169895 -0.85412 4.12082
    endloop
  endfacet
  facet normal -0.187553 0.0568967 0.980605
    outer loop
      vertex -0.271667 0.112528 4.23555
      vertex -0.85412 0.169895 4.12082
      vertex -0.288401 0.0573664 4.23555
    endloop
  endfacet
  facet normal 0.0923908 0.17285 0.980605
    outer loop
      vertex 0.333261 0.804564 4.12082
      vertex 0.163365 0.244494 4.23555
      vertex 0.48382 0.724088 4.12082
    endloop
  endfacet
  facet normal 0.161819 0.533414 0.830231
    outer loop
      vertex 0.728315 1.75831 3.56903
      vertex 0.275894 1.38702 3.89576
      vertex 0.541186 1.30654 3.89576
    endloop
  endfacet
  facet normal 0.262756 0.491604 0.830231
    outer loop
      vertex 0.728315 1.75831 3.56903
      vertex 0.541186 1.30654 3.89576
      vertex 0.785682 1.17586 3.89576
    endloop
  endfacet
  facet normal -0.0568967 0.187553 0.980605
    outer loop
      vertex -0.0573664 0.288401 4.23555
      vertex -0.169895 0.85412 4.12082
      vertex -0.112528 0.271667 4.23555
    endloop
  endfacet
  facet normal -0.187553 -0.0568967 0.980605
    outer loop
      vertex -0.288401 -0.0573664 4.23555
      vertex -0.85412 -0.169895 4.12082
      vertex -0.271667 -0.112528 4.23555
    endloop
  endfacet
  facet normal -0.187553 -0.0568931 0.980605
    outer loop
      vertex -0.271667 -0.112528 4.23555
      vertex -0.85412 -0.169895 4.12082
      vertex -0.804564 -0.333261 4.12082
    endloop
  endfacet
  facet normal -0.151505 0.124335 0.980605
    outer loop
      vertex -0.615787 0.615787 4.12082
      vertex -0.724088 0.48382 4.12082
      vertex -0.244494 0.163365 4.23555
    endloop
  endfacet
  facet normal -0.338896 0.181136 0.923222
    outer loop
      vertex -1.17586 0.785682 3.89576
      vertex -1.30654 0.541186 3.89576
      vertex -0.804564 0.333261 4.12082
    endloop
  endfacet
  facet normal 0.151505 -0.124335 0.980605
    outer loop
      vertex 0.724088 -0.48382 4.12082
      vertex 0.244494 -0.163365 4.23555
      vertex 0.615787 -0.615787 4.12082
    endloop
  endfacet
  facet normal -0.151505 -0.124335 0.980605
    outer loop
      vertex -0.244494 -0.163365 4.23555
      vertex -0.615787 -0.615787 4.12082
      vertex -0.207925 -0.207925 4.23555
    endloop
  endfacet
  facet normal -0.35363 0.430889 0.830229
    outer loop
      vertex -1.05735 1.58244 3.56903
      vertex -1.34575 1.34575 3.56903
      vertex -0.785682 1.17586 3.89576
    endloop
  endfacet
  facet normal -0.449677 0.547918 0.705391
    outer loop
      vertex -1.28838 1.9282 3.15318
      vertex -1.34575 1.34575 3.56903
      vertex -1.05735 1.58244 3.56903
    endloop
  endfacet
  facet normal -0.243772 -0.297042 0.923223
    outer loop
      vertex -0.615787 -0.615787 4.12082
      vertex -0.785682 -1.17586 3.89576
      vertex -0.48382 -0.724088 4.12082
    endloop
  endfacet
  facet normal -0.161809 -0.533423 0.830228
    outer loop
      vertex -0.275894 -1.38702 3.89576
      vertex -0.728315 -1.75831 3.56903
      vertex -0.371291 -1.86661 3.56903
    endloop
  endfacet
  facet normal 0.124335 0.151505 0.980605
    outer loop
      vertex 0.615787 0.615787 4.12082
      vertex 0.163365 0.244494 4.23555
      vertex 0.207925 0.207925 4.23555
    endloop
  endfacet
  facet normal -0.0568931 -0.187553 0.980605
    outer loop
      vertex -0.112528 -0.271667 4.23555
      vertex -0.333261 -0.804564 4.12082
      vertex -0.169895 -0.85412 4.12082
    endloop
  endfacet
  facet normal -0.17285 -0.0923904 0.980605
    outer loop
      vertex -0.271667 -0.112528 4.23555
      vertex -0.804564 -0.333261 4.12082
      vertex -0.244494 -0.163365 4.23555
    endloop
  endfacet
  facet normal 0.17285 -0.0923904 0.980605
    outer loop
      vertex 0.271667 -0.112528 4.23555
      vertex 0.244494 -0.163365 4.23555
      vertex 0.804564 -0.333261 4.12082
    endloop
  endfacet
  facet normal -0.24378 -0.297039 0.923222
    outer loop
      vertex -0.615787 -0.615787 4.12082
      vertex -0.999983 -0.999983 3.89576
      vertex -0.785682 -1.17586 3.89576
    endloop
  endfacet
  facet normal -0.338896 -0.181136 0.923222
    outer loop
      vertex -0.804564 -0.333261 4.12082
      vertex -1.30654 -0.541186 3.89576
      vertex -1.17586 -0.785682 3.89576
    endloop
  endfacet
  facet normal -0.205764 -0.678292 0.705394
    outer loop
      vertex -0.728315 -1.75831 3.56903
      vertex -0.887454 -2.1425 3.15318
      vertex -0.45242 -2.27447 3.15318
    endloop
  endfacet
  facet normal 0.0546309 -0.554742 0.830227
    outer loop
      vertex 0.275894 -1.38702 3.89576
      vertex 0 -1.41419 3.89576
      vertex 0.371291 -1.86661 3.56903
    endloop
  endfacet
  facet normal 0.243772 -0.297042 0.923223
    outer loop
      vertex 0.615787 -0.615787 4.12082
      vertex 0.48382 -0.724088 4.12082
      vertex 0.785682 -1.17586 3.89576
    endloop
  endfacet
  facet normal 0.181136 -0.338896 0.923222
    outer loop
      vertex 0.785682 -1.17586 3.89576
      vertex 0.333261 -0.804564 4.12082
      vertex 0.541186 -1.30654 3.89576
    endloop
  endfacet
  facet normal 0.111552 -0.367717 0.923223
    outer loop
      vertex 0.541186 -1.30654 3.89576
      vertex 0.169895 -0.85412 4.12082
      vertex 0.275894 -1.38702 3.89576
    endloop
  endfacet
  facet normal 0.262764 -0.491604 0.830229
    outer loop
      vertex 0.785682 -1.17586 3.89576
      vertex 0.728315 -1.75831 3.56903
      vertex 1.05735 -1.58244 3.56903
    endloop
  endfacet
  facet normal 0.449663 -0.547921 0.705398
    outer loop
      vertex 1.34575 -1.34575 3.56903
      vertex 1.28838 -1.9282 3.15318
      vertex 1.6398 -1.6398 3.15318
    endloop
  endfacet
  facet normal 0.430888 -0.353631 0.830229
    outer loop
      vertex 1.17586 -0.785682 3.89576
      vertex 0.999983 -0.999983 3.89576
      vertex 1.34575 -1.34575 3.56903
    endloop
  endfacet
  facet normal 0.297039 -0.24378 0.923222
    outer loop
      vertex 1.17586 -0.785682 3.89576
      vertex 0.615787 -0.615787 4.12082
      vertex 0.999983 -0.999983 3.89576
    endloop
  endfacet
  facet normal 0.187553 -0.0568931 0.980605
    outer loop
      vertex 0.85412 -0.169895 4.12082
      vertex 0.271667 -0.112528 4.23555
      vertex 0.804564 -0.333261 4.12082
    endloop
  endfacet
  facet normal 0.17285 -0.0923908 0.980605
    outer loop
      vertex 0.804564 -0.333261 4.12082
      vertex 0.244494 -0.163365 4.23555
      vertex 0.724088 -0.48382 4.12082
    endloop
  endfacet
  facet normal -0.435827 -0.815361 0.381106
    outer loop
      vertex -1.46991 -2.19987 2.66419
      vertex -1.59494 -2.387 2.12085
      vertex -1.01249 -2.44437 2.66419
    endloop
  endfacet
  facet normal -0.334134 -0.625119 0.705394
    outer loop
      vertex -0.728315 -1.75831 3.56903
      vertex -1.28838 -1.9282 3.15318
      vertex -0.887454 -2.1425 3.15318
    endloop
  endfacet
  facet normal 0.241722 -0.796845 0.553723
    outer loop
      vertex 1.01249 -2.44437 2.66419
      vertex 0.45242 -2.27447 3.15318
      vertex 0.516163 -2.59493 2.66419
    endloop
  endfacet
  facet normal 0.0694776 -0.705398 0.705398
    outer loop
      vertex 0 -1.90318 3.56903
      vertex 0 -2.31903 3.15318
      vertex 0.371291 -1.86661 3.56903
    endloop
  endfacet
  facet normal -0.976243 0.0961406 0.194182
    outer loop
      vertex -2.92819 0.582452 1.54405
      vertex -2.98555 0 1.54405
      vertex -2.87082 0 2.12085
    endloop
  endfacet
  facet normal -0.976243 -0.0961406 0.194182
    outer loop
      vertex -2.87082 0 2.12085
      vertex -2.98555 0 1.54405
      vertex -2.92819 -0.582452 1.54405
    endloop
  endfacet
  facet normal -0.828691 -0.0816199 0.553723
    outer loop
      vertex -2.31903 0 3.15318
      vertex -2.59493 -0.516163 2.66419
      vertex -2.27447 -0.45242 3.15318
    endloop
  endfacet
  facet normal -0.705398 -0.0694764 0.705399
    outer loop
      vertex -1.86661 -0.371291 3.56903
      vertex -2.31903 0 3.15318
      vertex -2.27447 -0.45242 3.15318
    endloop
  endfacet
  facet normal 0.0906061 -0.920077 -0.381114
    outer loop
      vertex 0.516163 -2.59493 -0.164189
      vertex 0 -2.87082 0.379146
      vertex 0 -2.64576 -0.164189
    endloop
  endfacet
  facet normal 0.0906167 -0.92008 -0.381105
    outer loop
      vertex 0.560069 -2.81566 0.379146
      vertex 0 -2.87082 0.379146
      vertex 0.516163 -2.59493 -0.164189
    endloop
  endfacet
  facet normal 0.758292 0.622328 0.194168
    outer loop
      vertex 2.1111 2.1111 1.54405
      vertex 2.02998 2.02998 2.12085
      vertex 2.4824 1.65868 1.54405
    endloop
  endfacet
  facet normal 0.758292 0.622328 -0.194167
    outer loop
      vertex 2.4824 1.65868 0.955948
      vertex 2.02998 2.02998 0.379146
      vertex 2.1111 2.1111 0.955948
    endloop
  endfacet
  facet normal -0.58651 0.714675 -0.38111
    outer loop
      vertex -1.87084 1.87084 -0.164189
      vertex -2.02998 2.02998 0.379146
      vertex -1.46991 2.19987 -0.164189
    endloop
  endfacet
  facet normal -0.392538 0.734374 -0.553723
    outer loop
      vertex -1.28838 1.9282 -0.653179
      vertex -1.46991 2.19987 -0.164189
      vertex -1.01249 2.44437 -0.164189
    endloop
  endfacet
  facet normal -0.0816074 0.828698 -0.553714
    outer loop
      vertex 0 2.31903 -0.653179
      vertex -0.516163 2.59493 -0.164189
      vertex 0 2.64576 -0.164189
    endloop
  endfacet
  facet normal 0.0816074 0.828698 -0.553714
    outer loop
      vertex 0.516163 2.59493 -0.164189
      vertex 0 2.31903 -0.653179
      vertex 0 2.64576 -0.164189
    endloop
  endfacet
  facet normal -0.586508 0.714679 -0.381107
    outer loop
      vertex -1.46991 2.19987 -0.164189
      vertex -2.02998 2.02998 0.379146
      vertex -1.59494 2.387 0.379146
    endloop
  endfacet
  facet normal -0.241726 0.796841 -0.553727
    outer loop
      vertex -0.887454 2.1425 -0.653179
      vertex -1.01249 2.44437 -0.164189
      vertex -0.45242 2.27447 -0.653179
    endloop
  endfacet
  facet normal 0.586511 0.714676 0.381107
    outer loop
      vertex 2.02998 2.02998 2.12085
      vertex 1.46991 2.19987 2.66419
      vertex 1.87084 1.87084 2.66419
    endloop
  endfacet
  facet normal 0.586509 0.714679 0.381104
    outer loop
      vertex 1.59494 2.387 2.12085
      vertex 1.46991 2.19987 2.66419
      vertex 2.02998 2.02998 2.12085
    endloop
  endfacet
  facet normal 0.449663 0.547921 0.705398
    outer loop
      vertex 1.6398 1.6398 3.15318
      vertex 1.28838 1.9282 3.15318
      vertex 1.34575 1.34575 3.56903
    endloop
  endfacet
  facet normal 0.547921 0.449663 0.705398
    outer loop
      vertex 1.6398 1.6398 3.15318
      vertex 1.34575 1.34575 3.56903
      vertex 1.9282 1.28838 3.15318
    endloop
  endfacet
  facet normal 0.334131 0.625125 -0.70539
    outer loop
      vertex 1.05735 1.58244 -1.06903
      vertex 0.728315 1.75831 -1.06903
      vertex 1.28838 1.9282 -0.653179
    endloop
  endfacet
  facet normal 0.528256 0.643688 -0.553725
    outer loop
      vertex 1.6398 1.6398 -0.653179
      vertex 1.28838 1.9282 -0.653179
      vertex 1.87084 1.87084 -0.164189
    endloop
  endfacet
  facet normal 0.547922 0.449663 -0.705397
    outer loop
      vertex 1.9282 1.28838 -0.653179
      vertex 1.34575 1.34575 -1.06903
      vertex 1.6398 1.6398 -0.653179
    endloop
  endfacet
  facet normal 0.262756 0.491604 -0.830231
    outer loop
      vertex 0.785682 1.17586 -1.39576
      vertex 0.541186 1.30654 -1.39576
      vertex 0.728315 1.75831 -1.06903
    endloop
  endfacet
  facet normal 0.554742 0.0546309 -0.830227
    outer loop
      vertex 1.41419 0 -1.39576
      vertex 1.38702 0.275894 -1.39576
      vertex 1.86661 0.371291 -1.06903
    endloop
  endfacet
  facet normal 0.382416 -0.0376602 -0.923223
    outer loop
      vertex 1.38702 -0.275894 -1.39576
      vertex 0.870853 0 -1.62082
      vertex 1.41419 0 -1.39576
    endloop
  endfacet
  facet normal 0.491604 -0.262756 -0.830231
    outer loop
      vertex 1.75831 -0.728315 -1.06903
      vertex 1.17586 -0.785682 -1.39576
      vertex 1.30654 -0.541186 -1.39576
    endloop
  endfacet
  facet normal 0.554737 0.0546384 -0.83023
    outer loop
      vertex 1.90318 0 -1.06903
      vertex 1.41419 0 -1.39576
      vertex 1.86661 0.371291 -1.06903
    endloop
  endfacet
  facet normal 0.491604 -0.262764 -0.830229
    outer loop
      vertex 1.58244 -1.05735 -1.06903
      vertex 1.17586 -0.785682 -1.39576
      vertex 1.75831 -0.728315 -1.06903
    endloop
  endfacet
  facet normal 0.533414 -0.161819 -0.830231
    outer loop
      vertex 1.75831 -0.728315 -1.06903
      vertex 1.30654 -0.541186 -1.39576
      vertex 1.38702 -0.275894 -1.39576
    endloop
  endfacet
  facet normal 0.449663 -0.547922 -0.705397
    outer loop
      vertex 1.6398 -1.6398 -0.653179
      vertex 1.28838 -1.9282 -0.653179
      vertex 1.34575 -1.34575 -1.06903
    endloop
  endfacet
  facet normal 0.449677 -0.547919 -0.70539
    outer loop
      vertex 1.28838 -1.9282 -0.653179
      vertex 1.05735 -1.58244 -1.06903
      vertex 1.34575 -1.34575 -1.06903
    endloop
  endfacet
  facet normal 0.161819 -0.533414 -0.830231
    outer loop
      vertex 0.728315 -1.75831 -1.06903
      vertex 0.275894 -1.38702 -1.39576
      vertex 0.541186 -1.30654 -1.39576
    endloop
  endfacet
  facet normal 0.262764 -0.491604 -0.830229
    outer loop
      vertex 1.05735 -1.58244 -1.06903
      vertex 0.728315 -1.75831 -1.06903
      vertex 0.785682 -1.17586 -1.39576
    endloop
  endfacet
  facet normal 0.111552 -0.367717 -0.923223
    outer loop
      vertex 0.275894 -1.38702 -1.39576
      vertex 0.169895 -0.85412 -1.62082
      vertex 0.541186 -1.30654 -1.39576
    endloop
  endfacet
  facet normal 0.111546 -0.367721 -0.923222
    outer loop
      vertex 0.541186 -1.30654 -1.39576
      vertex 0.169895 -0.85412 -1.62082
      vertex 0.333261 -0.804564 -1.62082
    endloop
  endfacet
  facet normal 0.828698 0.0816074 -0.553714
    outer loop
      vertex 2.64576 0 -0.164189
      vertex 2.31903 0 -0.653179
      vertex 2.59493 0.516163 -0.164189
    endloop
  endfacet
  facet normal 0.828691 -0.0816199 -0.553723
    outer loop
      vertex 2.59493 -0.516163 -0.164189
      vertex 2.27447 -0.45242 -0.653179
      vertex 2.31903 0 -0.653179
    endloop
  endfacet
  facet normal 0.151505 0.124335 -0.980605
    outer loop
      vertex 0.724088 0.48382 -1.62082
      vertex 0.244494 0.163365 -1.73555
      vertex 0.615787 0.615787 -1.62082
    endloop
  endfacet
  facet normal 0.430888 0.353631 -0.830229
    outer loop
      vertex 1.17586 0.785682 -1.39576
      vertex 0.999983 0.999983 -1.39576
      vertex 1.34575 1.34575 -1.06903
    endloop
  endfacet
  facet normal 0.678293 0.205764 -0.705393
    outer loop
      vertex 2.27447 0.45242 -0.653179
      vertex 1.75831 0.728315 -1.06903
      vertex 2.1425 0.887454 -0.653179
    endloop
  endfacet
  facet normal 0.62512 0.334134 -0.705393
    outer loop
      vertex 2.1425 0.887454 -0.653179
      vertex 1.75831 0.728315 -1.06903
      vertex 1.9282 1.28838 -0.653179
    endloop
  endfacet
  facet normal -0.35363 0.430889 -0.830229
    outer loop
      vertex -0.785682 1.17586 -1.39576
      vertex -1.34575 1.34575 -1.06903
      vertex -1.05735 1.58244 -1.06903
    endloop
  endfacet
  facet normal -0.449663 0.547922 -0.705397
    outer loop
      vertex -1.34575 1.34575 -1.06903
      vertex -1.6398 1.6398 -0.653179
      vertex -1.28838 1.9282 -0.653179
    endloop
  endfacet
  facet normal 0.0376602 -0.382416 -0.923223
    outer loop
      vertex 0.275894 -1.38702 -1.39576
      vertex 0 -1.41419 -1.39576
      vertex 0 -0.870853 -1.62082
    endloop
  endfacet
  facet normal -0.554737 0.0546384 -0.83023
    outer loop
      vertex -1.41419 0 -1.39576
      vertex -1.90318 0 -1.06903
      vertex -1.86661 0.371291 -1.06903
    endloop
  endfacet
  facet normal -0.382416 -0.0376602 -0.923223
    outer loop
      vertex -1.38702 -0.275894 -1.39576
      vertex -1.41419 0 -1.39576
      vertex -0.870853 0 -1.62082
    endloop
  endfacet
  facet normal -0.382416 0.0376602 -0.923223
    outer loop
      vertex -0.870853 0 -1.62082
      vertex -1.41419 0 -1.39576
      vertex -1.38702 0.275894 -1.39576
    endloop
  endfacet
  facet normal -0.678293 -0.205764 -0.705393
    outer loop
      vertex -2.1425 -0.887454 -0.653179
      vertex -2.27447 -0.45242 -0.653179
      vertex -1.75831 -0.728315 -1.06903
    endloop
  endfacet
  facet normal -0.796841 -0.241726 -0.553727
    outer loop
      vertex -2.1425 -0.887454 -0.653179
      vertex -2.44437 -1.01249 -0.164189
      vertex -2.27447 -0.45242 -0.653179
    endloop
  endfacet
  facet normal -0.491604 -0.262756 -0.830231
    outer loop
      vertex -1.17586 -0.785682 -1.39576
      vertex -1.75831 -0.728315 -1.06903
      vertex -1.30654 -0.541186 -1.39576
    endloop
  endfacet
  facet normal 0.0923904 -0.17285 -0.980605
    outer loop
      vertex 0.333261 -0.804564 -1.62082
      vertex 0.112528 -0.271667 -1.73555
      vertex 0.163365 -0.244494 -1.73555
    endloop
  endfacet
  facet normal -0.124335 0.151505 -0.980605
    outer loop
      vertex -0.207925 0.207925 -1.73555
      vertex -0.615787 0.615787 -1.62082
      vertex -0.163365 0.244494 -1.73555
    endloop
  endfacet
  facet normal -0.151505 0.124335 -0.980605
    outer loop
      vertex -0.244494 0.163365 -1.73555
      vertex -0.615787 0.615787 -1.62082
      vertex -0.207925 0.207925 -1.73555
    endloop
  endfacet
  facet normal 0.0192104 -0.195049 -0.980605
    outer loop
      vertex 0.169895 -0.85412 -1.62082
      vertex 0 -0.294051 -1.73555
      vertex 0.0573664 -0.288401 -1.73555
    endloop
  endfacet
  facet normal 0.0192105 0.195049 -0.980605
    outer loop
      vertex 0.169895 0.85412 -1.62082
      vertex 0 0.294051 -1.73555
      vertex 0 0.870853 -1.62082
    endloop
  endfacet
  facet normal -0.262756 -0.491604 -0.830231
    outer loop
      vertex -0.728315 -1.75831 -1.06903
      vertex -0.785682 -1.17586 -1.39576
      vertex -0.541186 -1.30654 -1.39576
    endloop
  endfacet
  facet normal -0.243772 -0.297042 -0.923223
    outer loop
      vertex -0.48382 -0.724088 -1.62082
      vertex -0.785682 -1.17586 -1.39576
      vertex -0.615787 -0.615787 -1.62082
    endloop
  endfacet
  facet normal 0.0694777 -0.705399 -0.705397
    outer loop
      vertex 0.371291 -1.86661 -1.06903
      vertex 0 -2.31903 -0.653179
      vertex 0 -1.90318 -1.06903
    endloop
  endfacet
  facet normal -0.0694777 -0.705399 -0.705397
    outer loop
      vertex 0 -2.31903 -0.653179
      vertex -0.371291 -1.86661 -1.06903
      vertex 0 -1.90318 -1.06903
    endloop
  endfacet
  facet normal -0.334131 -0.625125 -0.70539
    outer loop
      vertex -0.728315 -1.75831 -1.06903
      vertex -1.28838 -1.9282 -0.653179
      vertex -1.05735 -1.58244 -1.06903
    endloop
  endfacet
  facet normal -0.449677 -0.547919 -0.70539
    outer loop
      vertex -1.28838 -1.9282 -0.653179
      vertex -1.34575 -1.34575 -1.06903
      vertex -1.05735 -1.58244 -1.06903
    endloop
  endfacet
  facet normal -0.0816074 -0.828698 -0.553714
    outer loop
      vertex 0 -2.64576 -0.164189
      vertex -0.516163 -2.59493 -0.164189
      vertex 0 -2.31903 -0.653179
    endloop
  endfacet
  facet normal -0.0906061 -0.920077 -0.381114
    outer loop
      vertex 0 -2.87082 0.379146
      vertex -0.516163 -2.59493 -0.164189
      vertex 0 -2.64576 -0.164189
    endloop
  endfacet
  facet normal -0.435818 -0.815369 -0.381099
    outer loop
      vertex -1.09861 -2.65229 0.379146
      vertex -1.59494 -2.387 0.379146
      vertex -1.01249 -2.44437 -0.164189
    endloop
  endfacet
  facet normal -0.268379 -0.884724 -0.381099
    outer loop
      vertex -0.516163 -2.59493 -0.164189
      vertex -1.09861 -2.65229 0.379146
      vertex -1.01249 -2.44437 -0.164189
    endloop
  endfacet
  facet normal -0.884719 -0.268385 -0.381105
    outer loop
      vertex -2.65229 -1.09861 0.379146
      vertex -2.81566 -0.560069 0.379146
      vertex -2.59493 -0.516163 -0.164189
    endloop
  endfacet
  facet normal -0.938722 -0.284767 -0.194189
    outer loop
      vertex -2.75829 -1.14252 0.955948
      vertex -2.81566 -0.560069 0.379146
      vertex -2.65229 -1.09861 0.379146
    endloop
  endfacet
  facet normal -0.92008 0.0906167 -0.381105
    outer loop
      vertex -2.59493 0.516163 -0.164189
      vertex -2.87082 0 0.379146
      vertex -2.81566 0.560069 0.379146
    endloop
  endfacet
  facet normal -0.976241 0.0961479 -0.194189
    outer loop
      vertex -2.87082 0 0.379146
      vertex -2.92819 0.582452 0.955948
      vertex -2.81566 0.560069 0.379146
    endloop
  endfacet
  facet normal -0.920081 -0.0906168 0.381102
    outer loop
      vertex -2.59493 -0.516163 2.66419
      vertex -2.87082 0 2.12085
      vertex -2.81566 -0.560069 2.12085
    endloop
  endfacet
  facet normal -0.976241 -0.0961479 0.194189
    outer loop
      vertex -2.87082 0 2.12085
      vertex -2.92819 -0.582452 1.54405
      vertex -2.81566 -0.560069 2.12085
    endloop
  endfacet
  facet normal -0.81537 -0.435818 0.381096
    outer loop
      vertex -2.44437 -1.01249 2.66419
      vertex -2.65229 -1.09861 2.12085
      vertex -2.387 -1.59494 2.12085
    endloop
  endfacet
  facet normal -0.815361 -0.435827 0.381106
    outer loop
      vertex -2.19987 -1.46991 2.66419
      vertex -2.44437 -1.01249 2.66419
      vertex -2.387 -1.59494 2.12085
    endloop
  endfacet
  facet normal -0.622309 -0.758303 0.194189
    outer loop
      vertex -1.59494 -2.387 2.12085
      vertex -2.02998 -2.02998 2.12085
      vertex -1.65868 -2.4824 1.54405
    endloop
  endfacet
  facet normal -0.586509 -0.714679 0.381104
    outer loop
      vertex -1.46991 -2.19987 2.66419
      vertex -2.02998 -2.02998 2.12085
      vertex -1.59494 -2.387 2.12085
    endloop
  endfacet
  facet normal -0.533423 0.161809 0.830228
    outer loop
      vertex -1.75831 0.728315 3.56903
      vertex -1.86661 0.371291 3.56903
      vertex -1.38702 0.275894 3.89576
    endloop
  endfacet
  facet normal -0.533414 0.161819 0.830231
    outer loop
      vertex -1.30654 0.541186 3.89576
      vertex -1.75831 0.728315 3.56903
      vertex -1.38702 0.275894 3.89576
    endloop
  endfacet
  facet normal -0.392538 0.734374 0.553723
    outer loop
      vertex -1.01249 2.44437 2.66419
      vertex -1.46991 2.19987 2.66419
      vertex -1.28838 1.9282 3.15318
    endloop
  endfacet
  facet normal -0.435827 0.815361 0.381106
    outer loop
      vertex -1.01249 2.44437 2.66419
      vertex -1.59494 2.387 2.12085
      vertex -1.46991 2.19987 2.66419
    endloop
  endfacet
  facet normal -0.796841 0.241726 0.553727
    outer loop
      vertex -2.1425 0.887454 3.15318
      vertex -2.44437 1.01249 2.66419
      vertex -2.27447 0.45242 3.15318
    endloop
  endfacet
  facet normal -0.678292 0.205764 0.705394
    outer loop
      vertex -2.1425 0.887454 3.15318
      vertex -2.27447 0.45242 3.15318
      vertex -1.75831 0.728315 3.56903
    endloop
  endfacet
  facet normal -0.195049 0.0192105 -0.980605
    outer loop
      vertex -0.294051 0 -1.73555
      vertex -0.870853 0 -1.62082
      vertex -0.85412 0.169895 -1.62082
    endloop
  endfacet
  facet normal 0.297042 0.243772 -0.923223
    outer loop
      vertex 0.724088 0.48382 -1.62082
      vertex 0.615787 0.615787 -1.62082
      vertex 1.17586 0.785682 -1.39576
    endloop
  endfacet
  facet normal -0.17285 0.0923904 -0.980605
    outer loop
      vertex -0.271667 0.112528 -1.73555
      vertex -0.804564 0.333261 -1.62082
      vertex -0.244494 0.163365 -1.73555
    endloop
  endfacet
  facet normal -0.151505 0.124335 -0.980605
    outer loop
      vertex -0.244494 0.163365 -1.73555
      vertex -0.724088 0.48382 -1.62082
      vertex -0.615787 0.615787 -1.62082
    endloop
  endfacet
  facet normal 0.0568931 -0.187553 -0.980605
    outer loop
      vertex 0.169895 -0.85412 -1.62082
      vertex 0.112528 -0.271667 -1.73555
      vertex 0.333261 -0.804564 -1.62082
    endloop
  endfacet
  facet normal -0.124335 0.151505 -0.980605
    outer loop
      vertex -0.163365 0.244494 -1.73555
      vertex -0.615787 0.615787 -1.62082
      vertex -0.48382 0.724088 -1.62082
    endloop
  endfacet
  facet normal 0.0376602 0.382416 -0.923223
    outer loop
      vertex 0.275894 1.38702 -1.39576
      vertex 0 0.870853 -1.62082
      vertex 0 1.41419 -1.39576
    endloop
  endfacet
  facet normal 0.037664 0.382414 -0.923223
    outer loop
      vertex 0.169895 0.85412 -1.62082
      vertex 0 0.870853 -1.62082
      vertex 0.275894 1.38702 -1.39576
    endloop
  endfacet
  facet normal -0.151505 -0.124335 -0.980605
    outer loop
      vertex -0.207925 -0.207925 -1.73555
      vertex -0.615787 -0.615787 -1.62082
      vertex -0.244494 -0.163365 -1.73555
    endloop
  endfacet
  facet normal 0.0923904 0.17285 -0.980605
    outer loop
      vertex 0.163365 0.244494 -1.73555
      vertex 0.112528 0.271667 -1.73555
      vertex 0.333261 0.804564 -1.62082
    endloop
  endfacet
  facet normal 0.0568931 0.187553 -0.980605
    outer loop
      vertex 0.333261 0.804564 -1.62082
      vertex 0.112528 0.271667 -1.73555
      vertex 0.169895 0.85412 -1.62082
    endloop
  endfacet
  facet normal 0.17285 0.0923908 -0.980605
    outer loop
      vertex 0.804564 0.333261 -1.62082
      vertex 0.244494 0.163365 -1.73555
      vertex 0.724088 0.48382 -1.62082
    endloop
  endfacet
  facet normal 0.449677 0.547918 0.705391
    outer loop
      vertex 1.28838 1.9282 3.15318
      vertex 1.05735 1.58244 3.56903
      vertex 1.34575 1.34575 3.56903
    endloop
  endfacet
  facet normal 0.33413 0.625124 0.705391
    outer loop
      vertex 1.28838 1.9282 3.15318
      vertex 0.728315 1.75831 3.56903
      vertex 1.05735 1.58244 3.56903
    endloop
  endfacet
  facet normal 0.297042 0.243772 0.923223
    outer loop
      vertex 1.17586 0.785682 3.89576
      vertex 0.615787 0.615787 4.12082
      vertex 0.724088 0.48382 4.12082
    endloop
  endfacet
  facet normal 0.33889 0.181142 0.923223
    outer loop
      vertex 1.17586 0.785682 3.89576
      vertex 0.724088 0.48382 4.12082
      vertex 0.804564 0.333261 4.12082
    endloop
  endfacet
  facet normal 0.714679 -0.586508 -0.381107
    outer loop
      vertex 2.387 -1.59494 0.379146
      vertex 2.02998 -2.02998 0.379146
      vertex 2.19987 -1.46991 -0.164189
    endloop
  endfacet
  facet normal 0.622328 -0.758292 -0.194167
    outer loop
      vertex 2.1111 -2.1111 0.955948
      vertex 1.65868 -2.4824 0.955948
      vertex 2.02998 -2.02998 0.379146
    endloop
  endfacet
  facet normal 0.758292 -0.622328 0.194168
    outer loop
      vertex 2.4824 -1.65868 1.54405
      vertex 2.02998 -2.02998 2.12085
      vertex 2.1111 -2.1111 1.54405
    endloop
  endfacet
  facet normal 0.643688 -0.528256 -0.553725
    outer loop
      vertex 1.87084 -1.87084 -0.164189
      vertex 1.6398 -1.6398 -0.653179
      vertex 1.9282 -1.28838 -0.653179
    endloop
  endfacet
  facet normal 0.64369 -0.528255 -0.553724
    outer loop
      vertex 2.19987 -1.46991 -0.164189
      vertex 1.87084 -1.87084 -0.164189
      vertex 1.9282 -1.28838 -0.653179
    endloop
  endfacet
  facet normal 0.161809 0.533423 0.830228
    outer loop
      vertex 0.371291 1.86661 3.56903
      vertex 0.275894 1.38702 3.89576
      vertex 0.728315 1.75831 3.56903
    endloop
  endfacet
  facet normal 0.205753 0.678291 0.705399
    outer loop
      vertex 0.45242 2.27447 3.15318
      vertex 0.371291 1.86661 3.56903
      vertex 0.728315 1.75831 3.56903
    endloop
  endfacet
  facet normal -0.0923904 0.17285 0.980605
    outer loop
      vertex -0.112528 0.271667 4.23555
      vertex -0.333261 0.804564 4.12082
      vertex -0.163365 0.244494 4.23555
    endloop
  endfacet
  facet normal 0.0192105 0.195049 0.980605
    outer loop
      vertex 0 0.870853 4.12082
      vertex 0 0.294051 4.23555
      vertex 0.169895 0.85412 4.12082
    endloop
  endfacet
  facet normal 0.0192104 0.195049 0.980605
    outer loop
      vertex 0.169895 0.85412 4.12082
      vertex 0 0.294051 4.23555
      vertex 0.0573664 0.288401 4.23555
    endloop
  endfacet
  facet normal -0.0568931 0.187553 0.980605
    outer loop
      vertex -0.169895 0.85412 4.12082
      vertex -0.333261 0.804564 4.12082
      vertex -0.112528 0.271667 4.23555
    endloop
  endfacet
  facet normal -0.297042 0.243772 0.923223
    outer loop
      vertex -0.615787 0.615787 4.12082
      vertex -1.17586 0.785682 3.89576
      vertex -0.724088 0.48382 4.12082
    endloop
  endfacet
  facet normal -0.33889 0.181142 0.923223
    outer loop
      vertex -0.724088 0.48382 4.12082
      vertex -1.17586 0.785682 3.89576
      vertex -0.804564 0.333261 4.12082
    endloop
  endfacet
  facet normal -0.0923908 0.17285 0.980605
    outer loop
      vertex -0.333261 0.804564 4.12082
      vertex -0.48382 0.724088 4.12082
      vertex -0.163365 0.244494 4.23555
    endloop
  endfacet
  facet normal -0.181142 0.33889 0.923223
    outer loop
      vertex -0.333261 0.804564 4.12082
      vertex -0.785682 1.17586 3.89576
      vertex -0.48382 0.724088 4.12082
    endloop
  endfacet
  facet normal 0.0192104 -0.195049 0.980605
    outer loop
      vertex 0.0573664 -0.288401 4.23555
      vertex 0 -0.294051 4.23555
      vertex 0.169895 -0.85412 4.12082
    endloop
  endfacet
  facet normal -0.430889 0.35363 0.830229
    outer loop
      vertex -1.34575 1.34575 3.56903
      vertex -1.58244 1.05735 3.56903
      vertex -1.17586 0.785682 3.89576
    endloop
  endfacet
  facet normal -0.430888 0.353631 0.830229
    outer loop
      vertex -0.999983 0.999983 3.89576
      vertex -1.34575 1.34575 3.56903
      vertex -1.17586 0.785682 3.89576
    endloop
  endfacet
  facet normal 0.0376602 -0.382416 0.923223
    outer loop
      vertex 0 -0.870853 4.12082
      vertex 0 -1.41419 3.89576
      vertex 0.275894 -1.38702 3.89576
    endloop
  endfacet
  facet normal -0.0376602 -0.382416 0.923223
    outer loop
      vertex 0 -0.870853 4.12082
      vertex -0.275894 -1.38702 3.89576
      vertex 0 -1.41419 3.89576
    endloop
  endfacet
  facet normal -0.262756 -0.491604 0.830231
    outer loop
      vertex -0.541186 -1.30654 3.89576
      vertex -0.785682 -1.17586 3.89576
      vertex -0.728315 -1.75831 3.56903
    endloop
  endfacet
  facet normal -0.111552 -0.367717 0.923223
    outer loop
      vertex -0.169895 -0.85412 4.12082
      vertex -0.541186 -1.30654 3.89576
      vertex -0.275894 -1.38702 3.89576
    endloop
  endfacet
  facet normal 0.181136 0.338896 0.923222
    outer loop
      vertex 0.541186 1.30654 3.89576
      vertex 0.333261 0.804564 4.12082
      vertex 0.785682 1.17586 3.89576
    endloop
  endfacet
  facet normal 0.0568967 0.187553 0.980605
    outer loop
      vertex 0.169895 0.85412 4.12082
      vertex 0.0573664 0.288401 4.23555
      vertex 0.112528 0.271667 4.23555
    endloop
  endfacet
  facet normal -0.181136 -0.338896 0.923222
    outer loop
      vertex -0.333261 -0.804564 4.12082
      vertex -0.785682 -1.17586 3.89576
      vertex -0.541186 -1.30654 3.89576
    endloop
  endfacet
  facet normal -0.111546 -0.367721 0.923222
    outer loop
      vertex -0.333261 -0.804564 4.12082
      vertex -0.541186 -1.30654 3.89576
      vertex -0.169895 -0.85412 4.12082
    endloop
  endfacet
  facet normal -0.491604 -0.262764 0.830229
    outer loop
      vertex -1.17586 -0.785682 3.89576
      vertex -1.75831 -0.728315 3.56903
      vertex -1.58244 -1.05735 3.56903
    endloop
  endfacet
  facet normal -0.430888 -0.353631 0.830229
    outer loop
      vertex -1.17586 -0.785682 3.89576
      vertex -1.34575 -1.34575 3.56903
      vertex -0.999983 -0.999983 3.89576
    endloop
  endfacet
  facet normal -0.35363 -0.430889 0.830229
    outer loop
      vertex -0.785682 -1.17586 3.89576
      vertex -1.34575 -1.34575 3.56903
      vertex -1.05735 -1.58244 3.56903
    endloop
  endfacet
  facet normal -0.353631 -0.430888 0.830229
    outer loop
      vertex -0.999983 -0.999983 3.89576
      vertex -1.34575 -1.34575 3.56903
      vertex -0.785682 -1.17586 3.89576
    endloop
  endfacet
  facet normal -0.0694764 -0.705398 0.705399
    outer loop
      vertex -0.371291 -1.86661 3.56903
      vertex -0.45242 -2.27447 3.15318
      vertex 0 -2.31903 3.15318
    endloop
  endfacet
  facet normal -0.0546309 -0.554742 0.830227
    outer loop
      vertex -0.275894 -1.38702 3.89576
      vertex -0.371291 -1.86661 3.56903
      vertex 0 -1.41419 3.89576
    endloop
  endfacet
  facet normal -0.195049 0.0192104 0.980605
    outer loop
      vertex -0.288401 0.0573664 4.23555
      vertex -0.85412 0.169895 4.12082
      vertex -0.294051 0 4.23555
    endloop
  endfacet
  facet normal 0.181142 -0.33889 0.923223
    outer loop
      vertex 0.48382 -0.724088 4.12082
      vertex 0.333261 -0.804564 4.12082
      vertex 0.785682 -1.17586 3.89576
    endloop
  endfacet
  facet normal 0.33413 -0.625124 0.705391
    outer loop
      vertex 1.05735 -1.58244 3.56903
      vertex 0.728315 -1.75831 3.56903
      vertex 1.28838 -1.9282 3.15318
    endloop
  endfacet
  facet normal 0.449677 -0.547918 0.705391
    outer loop
      vertex 1.34575 -1.34575 3.56903
      vertex 1.05735 -1.58244 3.56903
      vertex 1.28838 -1.9282 3.15318
    endloop
  endfacet
  facet normal 0.24378 -0.297039 0.923222
    outer loop
      vertex 0.999983 -0.999983 3.89576
      vertex 0.615787 -0.615787 4.12082
      vertex 0.785682 -1.17586 3.89576
    endloop
  endfacet
  facet normal 0.353631 -0.430888 0.830229
    outer loop
      vertex 0.999983 -0.999983 3.89576
      vertex 0.785682 -1.17586 3.89576
      vertex 1.34575 -1.34575 3.56903
    endloop
  endfacet
  facet normal 0.297042 -0.243772 0.923223
    outer loop
      vertex 0.724088 -0.48382 4.12082
      vertex 0.615787 -0.615787 4.12082
      vertex 1.17586 -0.785682 3.89576
    endloop
  endfacet
  facet normal 0.187553 -0.0568967 0.980605
    outer loop
      vertex 0.288401 -0.0573664 4.23555
      vertex 0.271667 -0.112528 4.23555
      vertex 0.85412 -0.169895 4.12082
    endloop
  endfacet
  facet normal 0.195049 -0.0192104 0.980605
    outer loop
      vertex 0.294051 0 4.23555
      vertex 0.288401 -0.0573664 4.23555
      vertex 0.85412 -0.169895 4.12082
    endloop
  endfacet
  facet normal -0.528256 -0.643688 0.553725
    outer loop
      vertex -1.6398 -1.6398 3.15318
      vertex -1.87084 -1.87084 2.66419
      vertex -1.28838 -1.9282 3.15318
    endloop
  endfacet
  facet normal -0.528255 -0.64369 0.553724
    outer loop
      vertex -1.28838 -1.9282 3.15318
      vertex -1.87084 -1.87084 2.66419
      vertex -1.46991 -2.19987 2.66419
    endloop
  endfacet
  facet normal 0.205753 -0.678291 0.705399
    outer loop
      vertex 0.728315 -1.75831 3.56903
      vertex 0.371291 -1.86661 3.56903
      vertex 0.45242 -2.27447 3.15318
    endloop
  endfacet
  facet normal 0.0694764 -0.705398 0.705399
    outer loop
      vertex 0.371291 -1.86661 3.56903
      vertex 0 -2.31903 3.15318
      vertex 0.45242 -2.27447 3.15318
    endloop
  endfacet
  facet normal 0.634402 0.773003 -0
    outer loop
      vertex 2.1111 2.1111 0.955948
      vertex 1.65868 2.4824 1.54405
      vertex 2.1111 2.1111 1.54405
    endloop
  endfacet
  facet normal 0.634402 0.773003 0
    outer loop
      vertex 1.65868 2.4824 1.54405
      vertex 2.1111 2.1111 0.955948
      vertex 1.65868 2.4824 0.955948
    endloop
  endfacet
  facet normal 0.205754 0.678291 -0.705398
    outer loop
      vertex 0.728315 1.75831 -1.06903
      vertex 0.371291 1.86661 -1.06903
      vertex 0.45242 2.27447 -0.653179
    endloop
  endfacet
  facet normal 0.0694765 0.705398 -0.705398
    outer loop
      vertex 0.371291 1.86661 -1.06903
      vertex 0 2.31903 -0.653179
      vertex 0.45242 2.27447 -0.653179
    endloop
  endfacet
  facet normal -0.334134 0.62512 -0.705393
    outer loop
      vertex -0.728315 1.75831 -1.06903
      vertex -1.28838 1.9282 -0.653179
      vertex -0.887454 2.1425 -0.653179
    endloop
  endfacet
  facet normal -0.0816199 0.828691 -0.553723
    outer loop
      vertex -0.45242 2.27447 -0.653179
      vertex -0.516163 2.59493 -0.164189
      vertex 0 2.31903 -0.653179
    endloop
  endfacet
  facet normal -0.435826 0.81536 -0.381109
    outer loop
      vertex -1.46991 2.19987 -0.164189
      vertex -1.59494 2.387 0.379146
      vertex -1.01249 2.44437 -0.164189
    endloop
  endfacet
  facet normal -0.435818 0.815369 -0.381099
    outer loop
      vertex -1.01249 2.44437 -0.164189
      vertex -1.59494 2.387 0.379146
      vertex -1.09861 2.65229 0.379146
    endloop
  endfacet
  facet normal -0.528256 0.643688 -0.553725
    outer loop
      vertex -1.6398 1.6398 -0.653179
      vertex -1.87084 1.87084 -0.164189
      vertex -1.28838 1.9282 -0.653179
    endloop
  endfacet
  facet normal -0.528255 0.64369 -0.553724
    outer loop
      vertex -1.28838 1.9282 -0.653179
      vertex -1.87084 1.87084 -0.164189
      vertex -1.46991 2.19987 -0.164189
    endloop
  endfacet
  facet normal 0.462418 0.865136 0.194191
    outer loop
      vertex 1.14252 2.75829 1.54405
      vertex 1.09861 2.65229 2.12085
      vertex 1.59494 2.387 2.12085
    endloop
  endfacet
  facet normal 0.284767 0.938721 0.19419
    outer loop
      vertex 1.14252 2.75829 1.54405
      vertex 0.560069 2.81566 2.12085
      vertex 1.09861 2.65229 2.12085
    endloop
  endfacet
  facet normal 0.64369 0.528255 -0.553724
    outer loop
      vertex 1.9282 1.28838 -0.653179
      vertex 1.87084 1.87084 -0.164189
      vertex 2.19987 1.46991 -0.164189
    endloop
  endfacet
  facet normal 0.734375 0.392532 -0.553726
    outer loop
      vertex 2.1425 0.887454 -0.653179
      vertex 1.9282 1.28838 -0.653179
      vertex 2.44437 1.01249 -0.164189
    endloop
  endfacet
  facet normal 0.382416 0.0376602 -0.923223
    outer loop
      vertex 1.41419 0 -1.39576
      vertex 0.870853 0 -1.62082
      vertex 1.38702 0.275894 -1.39576
    endloop
  endfacet
  facet normal 0.382414 0.037664 -0.923223
    outer loop
      vertex 0.870853 0 -1.62082
      vertex 0.85412 0.169895 -1.62082
      vertex 1.38702 0.275894 -1.39576
    endloop
  endfacet
  facet normal 0.678293 -0.205764 -0.705393
    outer loop
      vertex 2.1425 -0.887454 -0.653179
      vertex 1.75831 -0.728315 -1.06903
      vertex 2.27447 -0.45242 -0.653179
    endloop
  endfacet
  facet normal 0.796841 -0.241726 -0.553727
    outer loop
      vertex 2.44437 -1.01249 -0.164189
      vertex 2.1425 -0.887454 -0.653179
      vertex 2.27447 -0.45242 -0.653179
    endloop
  endfacet
  facet normal 0.338896 -0.181136 -0.923222
    outer loop
      vertex 1.17586 -0.785682 -1.39576
      vertex 0.804564 -0.333261 -1.62082
      vertex 1.30654 -0.541186 -1.39576
    endloop
  endfacet
  facet normal 0.367717 -0.111552 -0.923223
    outer loop
      vertex 1.30654 -0.541186 -1.39576
      vertex 0.85412 -0.169895 -1.62082
      vertex 1.38702 -0.275894 -1.39576
    endloop
  endfacet
  facet normal 0.181136 -0.338896 -0.923222
    outer loop
      vertex 0.541186 -1.30654 -1.39576
      vertex 0.333261 -0.804564 -1.62082
      vertex 0.785682 -1.17586 -1.39576
    endloop
  endfacet
  facet normal 0.262756 -0.491604 -0.830231
    outer loop
      vertex 0.728315 -1.75831 -1.06903
      vertex 0.541186 -1.30654 -1.39576
      vertex 0.785682 -1.17586 -1.39576
    endloop
  endfacet
  facet normal 0.187553 -0.0568931 -0.980605
    outer loop
      vertex 0.804564 -0.333261 -1.62082
      vertex 0.271667 -0.112528 -1.73555
      vertex 0.85412 -0.169895 -1.62082
    endloop
  endfacet
  facet normal 0.430888 -0.353631 -0.830229
    outer loop
      vertex 1.34575 -1.34575 -1.06903
      vertex 0.999983 -0.999983 -1.39576
      vertex 1.17586 -0.785682 -1.39576
    endloop
  endfacet
  facet normal 0.920077 -0.0906061 -0.381114
    outer loop
      vertex 2.87082 0 0.379146
      vertex 2.59493 -0.516163 -0.164189
      vertex 2.64576 0 -0.164189
    endloop
  endfacet
  facet normal 0.828698 -0.0816074 -0.553714
    outer loop
      vertex 2.59493 -0.516163 -0.164189
      vertex 2.31903 0 -0.653179
      vertex 2.64576 0 -0.164189
    endloop
  endfacet
  facet normal 0.533414 0.161819 -0.830231
    outer loop
      vertex 1.38702 0.275894 -1.39576
      vertex 1.30654 0.541186 -1.39576
      vertex 1.75831 0.728315 -1.06903
    endloop
  endfacet
  facet normal 0.367717 0.111552 -0.923223
    outer loop
      vertex 1.38702 0.275894 -1.39576
      vertex 0.85412 0.169895 -1.62082
      vertex 1.30654 0.541186 -1.39576
    endloop
  endfacet
  facet normal -0.678291 0.205754 -0.705398
    outer loop
      vertex -1.86661 0.371291 -1.06903
      vertex -2.27447 0.45242 -0.653179
      vertex -1.75831 0.728315 -1.06903
    endloop
  endfacet
  facet normal -0.533423 0.161809 -0.830228
    outer loop
      vertex -1.38702 0.275894 -1.39576
      vertex -1.86661 0.371291 -1.06903
      vertex -1.75831 0.728315 -1.06903
    endloop
  endfacet
  facet normal -0.367721 0.111546 -0.923222
    outer loop
      vertex -0.85412 0.169895 -1.62082
      vertex -1.30654 0.541186 -1.39576
      vertex -0.804564 0.333261 -1.62082
    endloop
  endfacet
  facet normal -0.367717 0.111552 -0.923223
    outer loop
      vertex -0.85412 0.169895 -1.62082
      vertex -1.38702 0.275894 -1.39576
      vertex -1.30654 0.541186 -1.39576
    endloop
  endfacet
  facet normal -0.353631 -0.430888 -0.830229
    outer loop
      vertex -0.785682 -1.17586 -1.39576
      vertex -1.34575 -1.34575 -1.06903
      vertex -0.999983 -0.999983 -1.39576
    endloop
  endfacet
  facet normal -0.430888 -0.353631 -0.830229
    outer loop
      vertex -0.999983 -0.999983 -1.39576
      vertex -1.34575 -1.34575 -1.06903
      vertex -1.17586 -0.785682 -1.39576
    endloop
  endfacet
  facet normal 0.187553 -0.0568967 -0.980605
    outer loop
      vertex 0.85412 -0.169895 -1.62082
      vertex 0.271667 -0.112528 -1.73555
      vertex 0.288401 -0.0573664 -1.73555
    endloop
  endfacet
  facet normal -0.0568967 0.187553 -0.980605
    outer loop
      vertex -0.112528 0.271667 -1.73555
      vertex -0.169895 0.85412 -1.62082
      vertex -0.0573664 0.288401 -1.73555
    endloop
  endfacet
  facet normal -0.33889 -0.181142 -0.923223
    outer loop
      vertex -0.724088 -0.48382 -1.62082
      vertex -1.17586 -0.785682 -1.39576
      vertex -0.804564 -0.333261 -1.62082
    endloop
  endfacet
  facet normal -0.17285 -0.0923908 -0.980605
    outer loop
      vertex -0.724088 -0.48382 -1.62082
      vertex -0.804564 -0.333261 -1.62082
      vertex -0.244494 -0.163365 -1.73555
    endloop
  endfacet
  facet normal 0.0568967 -0.187553 -0.980605
    outer loop
      vertex 0.169895 -0.85412 -1.62082
      vertex 0.0573664 -0.288401 -1.73555
      vertex 0.112528 -0.271667 -1.73555
    endloop
  endfacet
  facet normal -0.187553 -0.0568967 -0.980605
    outer loop
      vertex -0.271667 -0.112528 -1.73555
      vertex -0.85412 -0.169895 -1.62082
      vertex -0.288401 -0.0573664 -1.73555
    endloop
  endfacet
  facet normal -0.0546309 -0.554742 -0.830227
    outer loop
      vertex 0 -1.41419 -1.39576
      vertex -0.371291 -1.86661 -1.06903
      vertex -0.275894 -1.38702 -1.39576
    endloop
  endfacet
  facet normal 0.037664 -0.382414 -0.923223
    outer loop
      vertex 0.275894 -1.38702 -1.39576
      vertex 0 -0.870853 -1.62082
      vertex 0.169895 -0.85412 -1.62082
    endloop
  endfacet
  facet normal -0.124335 -0.151505 -0.980605
    outer loop
      vertex -0.48382 -0.724088 -1.62082
      vertex -0.615787 -0.615787 -1.62082
      vertex -0.163365 -0.244494 -1.73555
    endloop
  endfacet
  facet normal -0.449663 0.547921 0.705398
    outer loop
      vertex -1.28838 1.9282 3.15318
      vertex -1.6398 1.6398 3.15318
      vertex -1.34575 1.34575 3.56903
    endloop
  endfacet
  facet normal -0.528255 0.64369 0.553724
    outer loop
      vertex -1.46991 2.19987 2.66419
      vertex -1.87084 1.87084 2.66419
      vertex -1.28838 1.9282 3.15318
    endloop
  endfacet
  facet normal -0.0923904 0.17285 -0.980605
    outer loop
      vertex -0.163365 0.244494 -1.73555
      vertex -0.333261 0.804564 -1.62082
      vertex -0.112528 0.271667 -1.73555
    endloop
  endfacet
  facet normal 0.0192104 0.195049 -0.980605
    outer loop
      vertex 0.0573664 0.288401 -1.73555
      vertex 0 0.294051 -1.73555
      vertex 0.169895 0.85412 -1.62082
    endloop
  endfacet
  facet normal 0.24378 -0.297039 -0.923222
    outer loop
      vertex 0.785682 -1.17586 -1.39576
      vertex 0.615787 -0.615787 -1.62082
      vertex 0.999983 -0.999983 -1.39576
    endloop
  endfacet
  facet normal 0.124335 -0.151505 -0.980605
    outer loop
      vertex 0.48382 -0.724088 -1.62082
      vertex 0.163365 -0.244494 -1.73555
      vertex 0.615787 -0.615787 -1.62082
    endloop
  endfacet
  facet normal -0.0192105 0.195049 -0.980605
    outer loop
      vertex 0 0.294051 -1.73555
      vertex -0.169895 0.85412 -1.62082
      vertex 0 0.870853 -1.62082
    endloop
  endfacet
  facet normal 0.0923908 0.17285 -0.980605
    outer loop
      vertex 0.48382 0.724088 -1.62082
      vertex 0.163365 0.244494 -1.73555
      vertex 0.333261 0.804564 -1.62082
    endloop
  endfacet
  facet normal -0.0568931 0.187553 -0.980605
    outer loop
      vertex -0.112528 0.271667 -1.73555
      vertex -0.333261 0.804564 -1.62082
      vertex -0.169895 0.85412 -1.62082
    endloop
  endfacet
  facet normal 0.0568967 0.187553 -0.980605
    outer loop
      vertex 0.112528 0.271667 -1.73555
      vertex 0.0573664 0.288401 -1.73555
      vertex 0.169895 0.85412 -1.62082
    endloop
  endfacet
  facet normal -0.243772 0.297042 -0.923223
    outer loop
      vertex -0.615787 0.615787 -1.62082
      vertex -0.785682 1.17586 -1.39576
      vertex -0.48382 0.724088 -1.62082
    endloop
  endfacet
  facet normal -0.181142 0.33889 -0.923223
    outer loop
      vertex -0.48382 0.724088 -1.62082
      vertex -0.785682 1.17586 -1.39576
      vertex -0.333261 0.804564 -1.62082
    endloop
  endfacet
  facet normal -0.111552 0.367717 -0.923223
    outer loop
      vertex -0.169895 0.85412 -1.62082
      vertex -0.541186 1.30654 -1.39576
      vertex -0.275894 1.38702 -1.39576
    endloop
  endfacet
  facet normal -0.111546 0.367721 -0.923222
    outer loop
      vertex -0.333261 0.804564 -1.62082
      vertex -0.541186 1.30654 -1.39576
      vertex -0.169895 0.85412 -1.62082
    endloop
  endfacet
  facet normal -0.0568967 -0.187553 -0.980605
    outer loop
      vertex -0.0573664 -0.288401 -1.73555
      vertex -0.169895 -0.85412 -1.62082
      vertex -0.112528 -0.271667 -1.73555
    endloop
  endfacet
  facet normal -0.0923908 -0.17285 -0.980605
    outer loop
      vertex -0.333261 -0.804564 -1.62082
      vertex -0.48382 -0.724088 -1.62082
      vertex -0.163365 -0.244494 -1.73555
    endloop
  endfacet
  facet normal 0.124335 0.151505 -0.980605
    outer loop
      vertex 0.207925 0.207925 -1.73555
      vertex 0.163365 0.244494 -1.73555
      vertex 0.615787 0.615787 -1.62082
    endloop
  endfacet
  facet normal -0.181142 -0.33889 -0.923223
    outer loop
      vertex -0.333261 -0.804564 -1.62082
      vertex -0.785682 -1.17586 -1.39576
      vertex -0.48382 -0.724088 -1.62082
    endloop
  endfacet
  facet normal -0.124335 -0.151505 -0.980605
    outer loop
      vertex -0.163365 -0.244494 -1.73555
      vertex -0.615787 -0.615787 -1.62082
      vertex -0.207925 -0.207925 -1.73555
    endloop
  endfacet
  facet normal 0.124335 0.151505 -0.980605
    outer loop
      vertex 0.615787 0.615787 -1.62082
      vertex 0.163365 0.244494 -1.73555
      vertex 0.48382 0.724088 -1.62082
    endloop
  endfacet
  facet normal 0.243772 0.297042 -0.923223
    outer loop
      vertex 0.615787 0.615787 -1.62082
      vertex 0.48382 0.724088 -1.62082
      vertex 0.785682 1.17586 -1.39576
    endloop
  endfacet
  facet normal 0.367721 0.111546 -0.923222
    outer loop
      vertex 0.85412 0.169895 -1.62082
      vertex 0.804564 0.333261 -1.62082
      vertex 1.30654 0.541186 -1.39576
    endloop
  endfacet
  facet normal 0.111546 0.367721 0.923222
    outer loop
      vertex 0.541186 1.30654 3.89576
      vertex 0.169895 0.85412 4.12082
      vertex 0.333261 0.804564 4.12082
    endloop
  endfacet
  facet normal 0.243772 0.297042 0.923223
    outer loop
      vertex 0.785682 1.17586 3.89576
      vertex 0.48382 0.724088 4.12082
      vertex 0.615787 0.615787 4.12082
    endloop
  endfacet
  facet normal 0.547918 0.449677 0.705391
    outer loop
      vertex 1.9282 1.28838 3.15318
      vertex 1.34575 1.34575 3.56903
      vertex 1.58244 1.05735 3.56903
    endloop
  endfacet
  facet normal 0.430889 0.35363 0.830229
    outer loop
      vertex 1.34575 1.34575 3.56903
      vertex 1.17586 0.785682 3.89576
      vertex 1.58244 1.05735 3.56903
    endloop
  endfacet
  facet normal 0.634402 -0.773003 0
    outer loop
      vertex 1.65868 -2.4824 0.955948
      vertex 2.1111 -2.1111 1.54405
      vertex 1.65868 -2.4824 1.54405
    endloop
  endfacet
  facet normal 0.634402 -0.773003 0
    outer loop
      vertex 2.1111 -2.1111 1.54405
      vertex 1.65868 -2.4824 0.955948
      vertex 2.1111 -2.1111 0.955948
    endloop
  endfacet
  facet normal 0.758303 -0.622309 -0.194188
    outer loop
      vertex 2.4824 -1.65868 0.955948
      vertex 2.02998 -2.02998 0.379146
      vertex 2.387 -1.59494 0.379146
    endloop
  endfacet
  facet normal 0.241726 0.796841 0.553727
    outer loop
      vertex 1.01249 2.44437 2.66419
      vertex 0.45242 2.27447 3.15318
      vertex 0.887454 2.1425 3.15318
    endloop
  endfacet
  facet normal 0.0816199 0.828691 0.553723
    outer loop
      vertex 0.516163 2.59493 2.66419
      vertex 0 2.31903 3.15318
      vertex 0.45242 2.27447 3.15318
    endloop
  endfacet
  facet normal -0.205764 0.678292 0.705394
    outer loop
      vertex -0.45242 2.27447 3.15318
      vertex -0.887454 2.1425 3.15318
      vertex -0.728315 1.75831 3.56903
    endloop
  endfacet
  facet normal 0.0694776 0.705398 0.705398
    outer loop
      vertex 0 2.31903 3.15318
      vertex 0 1.90318 3.56903
      vertex 0.371291 1.86661 3.56903
    endloop
  endfacet
  facet normal -0.0546309 0.554742 0.830227
    outer loop
      vertex 0 1.41419 3.89576
      vertex -0.371291 1.86661 3.56903
      vertex -0.275894 1.38702 3.89576
    endloop
  endfacet
  facet normal 0.0694764 0.705398 0.705399
    outer loop
      vertex 0.45242 2.27447 3.15318
      vertex 0 2.31903 3.15318
      vertex 0.371291 1.86661 3.56903
    endloop
  endfacet
  facet normal -0.124335 -0.151505 0.980605
    outer loop
      vertex -0.207925 -0.207925 4.23555
      vertex -0.615787 -0.615787 4.12082
      vertex -0.163365 -0.244494 4.23555
    endloop
  endfacet
  facet normal -0.0192104 -0.195049 0.980605
    outer loop
      vertex -0.0573664 -0.288401 4.23555
      vertex -0.169895 -0.85412 4.12082
      vertex 0 -0.294051 4.23555
    endloop
  endfacet
  facet normal 0.181142 0.33889 0.923223
    outer loop
      vertex 0.785682 1.17586 3.89576
      vertex 0.333261 0.804564 4.12082
      vertex 0.48382 0.724088 4.12082
    endloop
  endfacet
  facet normal 0.111552 0.367717 0.923223
    outer loop
      vertex 0.275894 1.38702 3.89576
      vertex 0.169895 0.85412 4.12082
      vertex 0.541186 1.30654 3.89576
    endloop
  endfacet
  facet normal 0.0923908 -0.17285 0.980605
    outer loop
      vertex 0.48382 -0.724088 4.12082
      vertex 0.163365 -0.244494 4.23555
      vertex 0.333261 -0.804564 4.12082
    endloop
  endfacet
  facet normal -0.243772 0.297042 0.923223
    outer loop
      vertex -0.48382 0.724088 4.12082
      vertex -0.785682 1.17586 3.89576
      vertex -0.615787 0.615787 4.12082
    endloop
  endfacet
  facet normal -0.124335 0.151505 0.980605
    outer loop
      vertex -0.48382 0.724088 4.12082
      vertex -0.615787 0.615787 4.12082
      vertex -0.163365 0.244494 4.23555
    endloop
  endfacet
  facet normal 0.0192105 -0.195049 0.980605
    outer loop
      vertex 0 -0.294051 4.23555
      vertex 0 -0.870853 4.12082
      vertex 0.169895 -0.85412 4.12082
    endloop
  endfacet
  facet normal -0.0192105 -0.195049 0.980605
    outer loop
      vertex 0 -0.294051 4.23555
      vertex -0.169895 -0.85412 4.12082
      vertex 0 -0.870853 4.12082
    endloop
  endfacet
  facet normal 0 0 1
    outer loop
      vertex 0.288401 0.0573664 4.23555
      vertex 0.288401 -0.0573664 4.23555
      vertex 0.294051 0 4.23555
    endloop
  endfacet
  facet normal 0 0 1
    outer loop
      vertex 0.271667 0.112528 4.23555
      vertex 0.288401 -0.0573664 4.23555
      vertex 0.288401 0.0573664 4.23555
    endloop
  endfacet
  facet normal 0 0 1
    outer loop
      vertex 0.271667 0.112528 4.23555
      vertex 0.271667 -0.112528 4.23555
      vertex 0.288401 -0.0573664 4.23555
    endloop
  endfacet
  facet normal 0 0 1
    outer loop
      vertex 0.244494 0.163365 4.23555
      vertex 0.271667 -0.112528 4.23555
      vertex 0.271667 0.112528 4.23555
    endloop
  endfacet
  facet normal 0 0 1
    outer loop
      vertex 0.244494 0.163365 4.23555
      vertex 0.244494 -0.163365 4.23555
      vertex 0.271667 -0.112528 4.23555
    endloop
  endfacet
  facet normal 0 0 1
    outer loop
      vertex 0.207925 0.207925 4.23555
      vertex 0.244494 -0.163365 4.23555
      vertex 0.244494 0.163365 4.23555
    endloop
  endfacet
  facet normal 0 0 1
    outer loop
      vertex 0.207925 0.207925 4.23555
      vertex 0.207925 -0.207925 4.23555
      vertex 0.244494 -0.163365 4.23555
    endloop
  endfacet
  facet normal 0 0 1
    outer loop
      vertex 0.163365 0.244494 4.23555
      vertex 0.207925 -0.207925 4.23555
      vertex 0.207925 0.207925 4.23555
    endloop
  endfacet
  facet normal 0 0 1
    outer loop
      vertex 0.163365 0.244494 4.23555
      vertex 0.163365 -0.244494 4.23555
      vertex 0.207925 -0.207925 4.23555
    endloop
  endfacet
  facet normal 0 0 1
    outer loop
      vertex 0.112528 0.271667 4.23555
      vertex 0.163365 -0.244494 4.23555
      vertex 0.163365 0.244494 4.23555
    endloop
  endfacet
  facet normal 0 0 1
    outer loop
      vertex 0.112528 0.271667 4.23555
      vertex 0.112528 -0.271667 4.23555
      vertex 0.163365 -0.244494 4.23555
    endloop
  endfacet
  facet normal 0 0 1
    outer loop
      vertex 0.0573664 0.288401 4.23555
      vertex 0.112528 -0.271667 4.23555
      vertex 0.112528 0.271667 4.23555
    endloop
  endfacet
  facet normal 0 0 1
    outer loop
      vertex 0.0573664 0.288401 4.23555
      vertex 0.0573664 -0.288401 4.23555
      vertex 0.112528 -0.271667 4.23555
    endloop
  endfacet
  facet normal 0 0 1
    outer loop
      vertex 0 0.294051 4.23555
      vertex 0.0573664 -0.288401 4.23555
      vertex 0.0573664 0.288401 4.23555
    endloop
  endfacet
  facet normal 0 0 1
    outer loop
      vertex 0 0.294051 4.23555
      vertex 0 -0.294051 4.23555
      vertex 0.0573664 -0.288401 4.23555
    endloop
  endfacet
  facet normal -0 0 1
    outer loop
      vertex -0.0573664 0.288401 4.23555
      vertex 0 -0.294051 4.23555
      vertex 0 0.294051 4.23555
    endloop
  endfacet
  facet normal 0 0 1
    outer loop
      vertex -0.0573664 0.288401 4.23555
      vertex -0.0573664 -0.288401 4.23555
      vertex 0 -0.294051 4.23555
    endloop
  endfacet
  facet normal -0 0 1
    outer loop
      vertex -0.112528 0.271667 4.23555
      vertex -0.0573664 -0.288401 4.23555
      vertex -0.0573664 0.288401 4.23555
    endloop
  endfacet
  facet normal 0 0 1
    outer loop
      vertex -0.112528 0.271667 4.23555
      vertex -0.112528 -0.271667 4.23555
      vertex -0.0573664 -0.288401 4.23555
    endloop
  endfacet
  facet normal -0 0 1
    outer loop
      vertex -0.163365 0.244494 4.23555
      vertex -0.112528 -0.271667 4.23555
      vertex -0.112528 0.271667 4.23555
    endloop
  endfacet
  facet normal 0 0 1
    outer loop
      vertex -0.163365 0.244494 4.23555
      vertex -0.163365 -0.244494 4.23555
      vertex -0.112528 -0.271667 4.23555
    endloop
  endfacet
  facet normal -0 0 1
    outer loop
      vertex -0.207925 0.207925 4.23555
      vertex -0.163365 -0.244494 4.23555
      vertex -0.163365 0.244494 4.23555
    endloop
  endfacet
  facet normal 0 0 1
    outer loop
      vertex -0.207925 0.207925 4.23555
      vertex -0.207925 -0.207925 4.23555
      vertex -0.163365 -0.244494 4.23555
    endloop
  endfacet
  facet normal -0 0 1
    outer loop
      vertex -0.244494 0.163365 4.23555
      vertex -0.207925 -0.207925 4.23555
      vertex -0.207925 0.207925 4.23555
    endloop
  endfacet
  facet normal 0 0 1
    outer loop
      vertex -0.244494 0.163365 4.23555
      vertex -0.244494 -0.163365 4.23555
      vertex -0.207925 -0.207925 4.23555
    endloop
  endfacet
  facet normal -0 0 1
    outer loop
      vertex -0.271667 0.112528 4.23555
      vertex -0.244494 -0.163365 4.23555
      vertex -0.244494 0.163365 4.23555
    endloop
  endfacet
  facet normal 0 0 1
    outer loop
      vertex -0.271667 0.112528 4.23555
      vertex -0.271667 -0.112528 4.23555
      vertex -0.244494 -0.163365 4.23555
    endloop
  endfacet
  facet normal -0 0 1
    outer loop
      vertex -0.288401 0.0573664 4.23555
      vertex -0.271667 -0.112528 4.23555
      vertex -0.271667 0.112528 4.23555
    endloop
  endfacet
  facet normal 0 0 1
    outer loop
      vertex -0.288401 0.0573664 4.23555
      vertex -0.288401 -0.0573664 4.23555
      vertex -0.271667 -0.112528 4.23555
    endloop
  endfacet
  facet normal 0 -0 1
    outer loop
      vertex -0.288401 -0.0573664 4.23555
      vertex -0.288401 0.0573664 4.23555
      vertex -0.294051 0 4.23555
    endloop
  endfacet
  facet normal 0.151505 -0.124335 0.980605
    outer loop
      vertex 0.244494 -0.163365 4.23555
      vertex 0.207925 -0.207925 4.23555
      vertex 0.615787 -0.615787 4.12082
    endloop
  endfacet
  facet normal -0.0568967 -0.187553 0.980605
    outer loop
      vertex -0.112528 -0.271667 4.23555
      vertex -0.169895 -0.85412 4.12082
      vertex -0.0573664 -0.288401 4.23555
    endloop
  endfacet
  facet normal -0.181142 -0.33889 0.923223
    outer loop
      vertex -0.48382 -0.724088 4.12082
      vertex -0.785682 -1.17586 3.89576
      vertex -0.333261 -0.804564 4.12082
    endloop
  endfacet
  facet normal -0.0923908 -0.17285 0.980605
    outer loop
      vertex -0.163365 -0.244494 4.23555
      vertex -0.48382 -0.724088 4.12082
      vertex -0.333261 -0.804564 4.12082
    endloop
  endfacet
  facet normal -0.297039 -0.24378 0.923222
    outer loop
      vertex -0.615787 -0.615787 4.12082
      vertex -1.17586 -0.785682 3.89576
      vertex -0.999983 -0.999983 3.89576
    endloop
  endfacet
  facet normal -0.33889 -0.181142 0.923223
    outer loop
      vertex -0.804564 -0.333261 4.12082
      vertex -1.17586 -0.785682 3.89576
      vertex -0.724088 -0.48382 4.12082
    endloop
  endfacet
  facet normal -0.205753 -0.678291 0.705399
    outer loop
      vertex -0.371291 -1.86661 3.56903
      vertex -0.728315 -1.75831 3.56903
      vertex -0.45242 -2.27447 3.15318
    endloop
  endfacet
  facet normal -0.0694776 -0.705398 0.705398
    outer loop
      vertex 0 -1.90318 3.56903
      vertex -0.371291 -1.86661 3.56903
      vertex 0 -2.31903 3.15318
    endloop
  endfacet
  facet normal 0.392532 0.734375 0.553726
    outer loop
      vertex 1.01249 2.44437 2.66419
      vertex 0.887454 2.1425 3.15318
      vertex 1.28838 1.9282 3.15318
    endloop
  endfacet
  facet normal 0.392538 0.734374 0.553723
    outer loop
      vertex 1.46991 2.19987 2.66419
      vertex 1.01249 2.44437 2.66419
      vertex 1.28838 1.9282 3.15318
    endloop
  endfacet
  facet normal 0.625125 0.334131 -0.70539
    outer loop
      vertex 1.75831 0.728315 -1.06903
      vertex 1.58244 1.05735 -1.06903
      vertex 1.9282 1.28838 -0.653179
    endloop
  endfacet
  facet normal 0.547919 0.449677 -0.70539
    outer loop
      vertex 1.58244 1.05735 -1.06903
      vertex 1.34575 1.34575 -1.06903
      vertex 1.9282 1.28838 -0.653179
    endloop
  endfacet
  facet normal 0.382414 -0.037664 -0.923223
    outer loop
      vertex 1.38702 -0.275894 -1.39576
      vertex 0.85412 -0.169895 -1.62082
      vertex 0.870853 0 -1.62082
    endloop
  endfacet
  facet normal 0.195049 -0.0192105 -0.980605
    outer loop
      vertex 0.85412 -0.169895 -1.62082
      vertex 0.294051 0 -1.73555
      vertex 0.870853 0 -1.62082
    endloop
  endfacet
  facet normal 0.734375 -0.392532 -0.553726
    outer loop
      vertex 2.44437 -1.01249 -0.164189
      vertex 1.9282 -1.28838 -0.653179
      vertex 2.1425 -0.887454 -0.653179
    endloop
  endfacet
  facet normal 0.62512 -0.334134 -0.705393
    outer loop
      vertex 1.9282 -1.28838 -0.653179
      vertex 1.75831 -0.728315 -1.06903
      vertex 2.1425 -0.887454 -0.653179
    endloop
  endfacet
  facet normal 0.151505 -0.124335 -0.980605
    outer loop
      vertex 0.615787 -0.615787 -1.62082
      vertex 0.207925 -0.207925 -1.73555
      vertex 0.244494 -0.163365 -1.73555
    endloop
  endfacet
  facet normal -0.151505 -0.124335 -0.980605
    outer loop
      vertex -0.615787 -0.615787 -1.62082
      vertex -0.724088 -0.48382 -1.62082
      vertex -0.244494 -0.163365 -1.73555
    endloop
  endfacet
  facet normal -0.297042 -0.243772 -0.923223
    outer loop
      vertex -0.615787 -0.615787 -1.62082
      vertex -1.17586 -0.785682 -1.39576
      vertex -0.724088 -0.48382 -1.62082
    endloop
  endfacet
  facet normal 0.124335 -0.151505 -0.980605
    outer loop
      vertex 0.615787 -0.615787 -1.62082
      vertex 0.163365 -0.244494 -1.73555
      vertex 0.207925 -0.207925 -1.73555
    endloop
  endfacet
  facet normal -0.0376602 -0.382416 -0.923223
    outer loop
      vertex 0 -1.41419 -1.39576
      vertex -0.275894 -1.38702 -1.39576
      vertex 0 -0.870853 -1.62082
    endloop
  endfacet
  facet normal -0.037664 -0.382414 -0.923223
    outer loop
      vertex 0 -0.870853 -1.62082
      vertex -0.275894 -1.38702 -1.39576
      vertex -0.169895 -0.85412 -1.62082
    endloop
  endfacet
  facet normal -0.0923904 -0.17285 -0.980605
    outer loop
      vertex -0.112528 -0.271667 -1.73555
      vertex -0.333261 -0.804564 -1.62082
      vertex -0.163365 -0.244494 -1.73555
    endloop
  endfacet
  facet normal -0.0568931 -0.187553 -0.980605
    outer loop
      vertex -0.169895 -0.85412 -1.62082
      vertex -0.333261 -0.804564 -1.62082
      vertex -0.112528 -0.271667 -1.73555
    endloop
  endfacet
  facet normal -0.714676 0.586511 0.381107
    outer loop
      vertex -2.02998 2.02998 2.12085
      vertex -2.19987 1.46991 2.66419
      vertex -1.87084 1.87084 2.66419
    endloop
  endfacet
  facet normal -0.714679 0.586509 0.381104
    outer loop
      vertex -2.02998 2.02998 2.12085
      vertex -2.387 1.59494 2.12085
      vertex -2.19987 1.46991 2.66419
    endloop
  endfacet
  facet normal -0.643688 0.528256 0.553725
    outer loop
      vertex -1.87084 1.87084 2.66419
      vertex -1.9282 1.28838 3.15318
      vertex -1.6398 1.6398 3.15318
    endloop
  endfacet
  facet normal -0.547921 0.449663 0.705398
    outer loop
      vertex -1.6398 1.6398 3.15318
      vertex -1.9282 1.28838 3.15318
      vertex -1.34575 1.34575 3.56903
    endloop
  endfacet
  facet normal 0.243772 -0.297042 -0.923223
    outer loop
      vertex 0.785682 -1.17586 -1.39576
      vertex 0.48382 -0.724088 -1.62082
      vertex 0.615787 -0.615787 -1.62082
    endloop
  endfacet
  facet normal 0.181142 -0.33889 -0.923223
    outer loop
      vertex 0.785682 -1.17586 -1.39576
      vertex 0.333261 -0.804564 -1.62082
      vertex 0.48382 -0.724088 -1.62082
    endloop
  endfacet
  facet normal 0.17285 -0.0923908 -0.980605
    outer loop
      vertex 0.724088 -0.48382 -1.62082
      vertex 0.244494 -0.163365 -1.73555
      vertex 0.804564 -0.333261 -1.62082
    endloop
  endfacet
  facet normal 0.33889 -0.181142 -0.923223
    outer loop
      vertex 1.17586 -0.785682 -1.39576
      vertex 0.724088 -0.48382 -1.62082
      vertex 0.804564 -0.333261 -1.62082
    endloop
  endfacet
  facet normal 0.111546 0.367721 -0.923222
    outer loop
      vertex 0.333261 0.804564 -1.62082
      vertex 0.169895 0.85412 -1.62082
      vertex 0.541186 1.30654 -1.39576
    endloop
  endfacet
  facet normal 0.181136 0.338896 -0.923222
    outer loop
      vertex 0.785682 1.17586 -1.39576
      vertex 0.333261 0.804564 -1.62082
      vertex 0.541186 1.30654 -1.39576
    endloop
  endfacet
  facet normal 0.151505 0.124335 -0.980605
    outer loop
      vertex 0.244494 0.163365 -1.73555
      vertex 0.207925 0.207925 -1.73555
      vertex 0.615787 0.615787 -1.62082
    endloop
  endfacet
  facet normal 0.187553 0.0568931 -0.980605
    outer loop
      vertex 0.85412 0.169895 -1.62082
      vertex 0.271667 0.112528 -1.73555
      vertex 0.804564 0.333261 -1.62082
    endloop
  endfacet
  facet normal 0.353631 0.430888 0.830229
    outer loop
      vertex 1.34575 1.34575 3.56903
      vertex 0.785682 1.17586 3.89576
      vertex 0.999983 0.999983 3.89576
    endloop
  endfacet
  facet normal 0.24378 0.297039 0.923222
    outer loop
      vertex 0.785682 1.17586 3.89576
      vertex 0.615787 0.615787 4.12082
      vertex 0.999983 0.999983 3.89576
    endloop
  endfacet
  facet normal 0.773003 -0.634402 1.66831e-17
    outer loop
      vertex 2.1111 -2.1111 1.54405
      vertex 2.4824 -1.65868 0.955948
      vertex 2.4824 -1.65868 1.54405
    endloop
  endfacet
  facet normal 0.773003 -0.634402 1.66831e-17
    outer loop
      vertex 2.4824 -1.65868 0.955948
      vertex 2.1111 -2.1111 1.54405
      vertex 2.1111 -2.1111 0.955948
    endloop
  endfacet
  facet normal 0.0546384 0.554737 0.83023
    outer loop
      vertex 0 1.90318 3.56903
      vertex 0 1.41419 3.89576
      vertex 0.371291 1.86661 3.56903
    endloop
  endfacet
  facet normal 0.0546309 0.554742 0.830227
    outer loop
      vertex 0.371291 1.86661 3.56903
      vertex 0 1.41419 3.89576
      vertex 0.275894 1.38702 3.89576
    endloop
  endfacet
  facet normal -0.0546384 0.554737 0.83023
    outer loop
      vertex 0 1.90318 3.56903
      vertex -0.371291 1.86661 3.56903
      vertex 0 1.41419 3.89576
    endloop
  endfacet
  facet normal -0.0694776 0.705398 0.705398
    outer loop
      vertex 0 2.31903 3.15318
      vertex -0.371291 1.86661 3.56903
      vertex 0 1.90318 3.56903
    endloop
  endfacet
  facet normal 0.0568931 0.187553 0.980605
    outer loop
      vertex 0.169895 0.85412 4.12082
      vertex 0.112528 0.271667 4.23555
      vertex 0.333261 0.804564 4.12082
    endloop
  endfacet
  facet normal 0.0923904 0.17285 0.980605
    outer loop
      vertex 0.333261 0.804564 4.12082
      vertex 0.112528 0.271667 4.23555
      vertex 0.163365 0.244494 4.23555
    endloop
  endfacet
  facet normal -0.151505 -0.124335 0.980605
    outer loop
      vertex -0.244494 -0.163365 4.23555
      vertex -0.724088 -0.48382 4.12082
      vertex -0.615787 -0.615787 4.12082
    endloop
  endfacet
  facet normal -0.17285 -0.0923908 0.980605
    outer loop
      vertex -0.244494 -0.163365 4.23555
      vertex -0.804564 -0.333261 4.12082
      vertex -0.724088 -0.48382 4.12082
    endloop
  endfacet
  facet normal -0.241722 -0.796845 0.553723
    outer loop
      vertex -0.45242 -2.27447 3.15318
      vertex -1.01249 -2.44437 2.66419
      vertex -0.516163 -2.59493 2.66419
    endloop
  endfacet
  facet normal -0.0816199 -0.828691 0.553723
    outer loop
      vertex -0.45242 -2.27447 3.15318
      vertex -0.516163 -2.59493 2.66419
      vertex 0 -2.31903 3.15318
    endloop
  endfacet
  facet normal 0.297042 -0.243772 -0.923223
    outer loop
      vertex 1.17586 -0.785682 -1.39576
      vertex 0.615787 -0.615787 -1.62082
      vertex 0.724088 -0.48382 -1.62082
    endloop
  endfacet
  facet normal 0.151505 -0.124335 -0.980605
    outer loop
      vertex 0.615787 -0.615787 -1.62082
      vertex 0.244494 -0.163365 -1.73555
      vertex 0.724088 -0.48382 -1.62082
    endloop
  endfacet
  facet normal 0.187553 0.0568967 -0.980605
    outer loop
      vertex 0.288401 0.0573664 -1.73555
      vertex 0.271667 0.112528 -1.73555
      vertex 0.85412 0.169895 -1.62082
    endloop
  endfacet
  facet normal 0.195049 0.0192104 -0.980605
    outer loop
      vertex 0.294051 0 -1.73555
      vertex 0.288401 0.0573664 -1.73555
      vertex 0.85412 0.169895 -1.62082
    endloop
  endfacet
  facet normal 1 -0 0
    outer loop
      vertex 36.8 -31.8 -1
      vertex 36.8 31.8 -3
      vertex 36.8 31.8 -1
    endloop
  endfacet
  facet normal 1 0 0
    outer loop
      vertex 36.8 31.8 -3
      vertex 36.8 -31.8 -1
      vertex 36.8 -31.8 -3
    endloop
  endfacet
  facet normal 0 0 1
    outer loop
      vertex 36.8 31.8 -1
      vertex 34.8 29.8 -1
      vertex 36.8 -31.8 -1
    endloop
  endfacet
  facet normal 0 0 1
    outer loop
      vertex 36.8 31.8 -1
      vertex -34.8 29.8 -1
      vertex 34.8 29.8 -1
    endloop
  endfacet
  facet normal 0 0 1
    outer loop
      vertex -34.8 29.8 -1
      vertex -36.8 31.8 -1
      vertex -34.8 -29.8 -1
    endloop
  endfacet
  facet normal -0 0 1
    outer loop
      vertex -36.8 31.8 -1
      vertex -34.8 29.8 -1
      vertex 36.8 31.8 -1
    endloop
  endfacet
  facet normal -0 0 1
    outer loop
      vertex 34.8 -29.8 -1
      vertex 36.8 -31.8 -1
      vertex 34.8 29.8 -1
    endloop
  endfacet
  facet normal -0 0 1
    outer loop
      vertex -34.8 -29.8 -1
      vertex 36.8 -31.8 -1
      vertex 34.8 -29.8 -1
    endloop
  endfacet
  facet normal 0 0 1
    outer loop
      vertex -34.8 -29.8 -1
      vertex -36.8 -31.8 -1
      vertex 36.8 -31.8 -1
    endloop
  endfacet
  facet normal 0 0 1
    outer loop
      vertex -36.8 -31.8 -1
      vertex -34.8 -29.8 -1
      vertex -36.8 31.8 -1
    endloop
  endfacet
  facet normal 0 0 -1
    outer loop
      vertex 36.8 -31.8 -3
      vertex 34.8 -29.8 -3
      vertex 36.8 31.8 -3
    endloop
  endfacet
  facet normal 0 0 -1
    outer loop
      vertex 36.8 -31.8 -3
      vertex -34.8 -29.8 -3
      vertex 34.8 -29.8 -3
    endloop
  endfacet
  facet normal -0 0 -1
    outer loop
      vertex -34.8 -29.8 -3
      vertex -36.8 -31.8 -3
      vertex -34.8 29.8 -3
    endloop
  endfacet
  facet normal 0 0 -1
    outer loop
      vertex -36.8 -31.8 -3
      vertex -34.8 -29.8 -3
      vertex 36.8 -31.8 -3
    endloop
  endfacet
  facet normal 0 0 -1
    outer loop
      vertex 34.8 29.8 -3
      vertex 36.8 31.8 -3
      vertex 34.8 -29.8 -3
    endloop
  endfacet
  facet normal 0 0 -1
    outer loop
      vertex -34.8 29.8 -3
      vertex 36.8 31.8 -3
      vertex 34.8 29.8 -3
    endloop
  endfacet
  facet normal 0 0 -1
    outer loop
      vertex -34.8 29.8 -3
      vertex -36.8 31.8 -3
      vertex 36.8 31.8 -3
    endloop
  endfacet
  facet normal 0 0 -1
    outer loop
      vertex -36.8 31.8 -3
      vertex -34.8 29.8 -3
      vertex -36.8 -31.8 -3
    endloop
  endfacet
  facet normal -1 0 0
    outer loop
      vertex -36.8 -31.8 -3
      vertex -36.8 31.8 -1
      vertex -36.8 31.8 -3
    endloop
  endfacet
  facet normal -1 -0 0
    outer loop
      vertex -36.8 31.8 -1
      vertex -36.8 -31.8 -3
      vertex -36.8 -31.8 -1
    endloop
  endfacet
  facet normal 0 1 -0
    outer loop
      vertex 36.8 31.8 -3
      vertex -36.8 31.8 -1
      vertex 36.8 31.8 -1
    endloop
  endfacet
  facet normal 0 1 0
    outer loop
      vertex -36.8 31.8 -1
      vertex 36.8 31.8 -3
      vertex -36.8 31.8 -3
    endloop
  endfacet
  facet normal 0 -1 0
    outer loop
      vertex -36.8 -31.8 -3
      vertex 36.8 -31.8 -1
      vertex -36.8 -31.8 -1
    endloop
  endfacet
  facet normal 0 -1 -0
    outer loop
      vertex 36.8 -31.8 -1
      vertex -36.8 -31.8 -3
      vertex 36.8 -31.8 -3
    endloop
  endfacet
  facet normal -1 0 0
    outer loop
      vertex 34.8 -29.8 -3
      vertex 34.8 29.8 -1
      vertex 34.8 29.8 -3
    endloop
  endfacet
  facet normal -1 -0 0
    outer loop
      vertex 34.8 29.8 -1
      vertex 34.8 -29.8 -3
      vertex 34.8 -29.8 -1
    endloop
  endfacet
  facet normal 1 -0 0
    outer loop
      vertex -34.8 -29.8 -1
      vertex -34.8 29.8 -3
      vertex -34.8 29.8 -1
    endloop
  endfacet
  facet normal 1 0 0
    outer loop
      vertex -34.8 29.8 -3
      vertex -34.8 -29.8 -1
      vertex -34.8 -29.8 -3
    endloop
  endfacet
  facet normal 0 -1 0
    outer loop
      vertex -34.8 29.8 -3
      vertex 34.8 29.8 -1
      vertex -34.8 29.8 -1
    endloop
  endfacet
  facet normal 0 -1 -0
    outer loop
      vertex 34.8 29.8 -1
      vertex -34.8 29.8 -3
      vertex 34.8 29.8 -3
    endloop
  endfacet
  facet normal 0 1 -0
    outer loop
      vertex 34.8 -29.8 -3
      vertex -34.8 -29.8 -1
      vertex 34.8 -29.8 -1
    endloop
  endfacet
  facet normal 0 1 0
    outer loop
      vertex -34.8 -29.8 -1
      vertex 34.8 -29.8 -3
      vertex -34.8 -29.8 -3
    endloop
  endfacet
endsolid OpenSCAD_Model
