solid OpenSCAD_Model
  facet normal -0.997285 -0.073635 2.60535e-18
    outer loop
      vertex 19.6763 0.966633 1.2
      vertex 19.6051 1.93094 2.4
      vertex 19.6051 1.93094 1.2
    endloop
  endfacet
  facet normal -0.997285 -0.073635 2.60535e-18
    outer loop
      vertex 19.6051 1.93094 2.4
      vertex 19.6763 0.966633 1.2
      vertex 19.6763 0.966633 2.4
    endloop
  endfacet
  facet normal -0.9997 -0.0245107 8.2101e-19
    outer loop
      vertex 19.7 0 1.2
      vertex 19.6763 0.966633 2.4
      vertex 19.6763 0.966633 1.2
    endloop
  endfacet
  facet normal -0.9997 -0.0245107 8.2101e-19
    outer loop
      vertex 19.6763 0.966633 2.4
      vertex 19.7 0 1.2
      vertex 19.7 0 2.4
    endloop
  endfacet
  facet normal -0.992487 -0.122348 4.81123e-18
    outer loop
      vertex 19.6051 1.93094 1.2
      vertex 19.4868 2.89059 2.4
      vertex 19.4868 2.89059 1.2
    endloop
  endfacet
  facet normal -0.992487 -0.122348 4.81123e-18
    outer loop
      vertex 19.4868 2.89059 2.4
      vertex 19.6051 1.93094 1.2
      vertex 19.6051 1.93094 2.4
    endloop
  endfacet
  facet normal 0.94953 -0.313676 -2.16082e-17
    outer loop
      vertex -18.8517 5.71861 2.4
      vertex -18.5484 6.63673 1.2
      vertex -18.5484 6.63673 2.4
    endloop
  endfacet
  facet normal 0.94953 -0.313676 -2.16082e-17
    outer loop
      vertex -18.5484 6.63673 1.2
      vertex -18.8517 5.71861 2.4
      vertex -18.8517 5.71861 1.2
    endloop
  endfacet
  facet normal -0.492836 0.870122 0
    outer loop
      vertex 10.1278 -16.8973 1.2
      vertex 9.28652 -17.3738 2.4
      vertex 10.1278 -16.8973 2.4
    endloop
  endfacet
  facet normal -0.492836 0.870122 0
    outer loop
      vertex 9.28652 -17.3738 2.4
      vertex 10.1278 -16.8973 1.2
      vertex 9.28652 -17.3738 1.2
    endloop
  endfacet
  facet normal 0.724268 0.689518 -2.3817e-17
    outer loop
      vertex -13.93 -13.93 2.4
      vertex -14.5967 -13.2297 1.2
      vertex -14.5967 -13.2297 2.4
    endloop
  endfacet
  facet normal 0.724268 0.689518 -2.3817e-17
    outer loop
      vertex -14.5967 -13.2297 1.2
      vertex -13.93 -13.93 2.4
      vertex -13.93 -13.93 1.2
    endloop
  endfacet
  facet normal 0.359904 -0.932989 0
    outer loop
      vertex -7.53886 18.2004 1.2
      vertex -6.63673 18.5484 2.4
      vertex -7.53886 18.2004 2.4
    endloop
  endfacet
  facet normal 0.359904 -0.932989 0
    outer loop
      vertex -6.63673 18.5484 2.4
      vertex -7.53886 18.2004 1.2
      vertex -6.63673 18.5484 1.2
    endloop
  endfacet
  facet normal -0.359904 0.932989 0
    outer loop
      vertex 7.53886 -18.2004 1.2
      vertex 6.63673 -18.5484 2.4
      vertex 7.53886 -18.2004 2.4
    endloop
  endfacet
  facet normal -0.359904 0.932989 0
    outer loop
      vertex 6.63673 -18.5484 2.4
      vertex 7.53886 -18.2004 1.2
      vertex 6.63673 -18.5484 1.2
    endloop
  endfacet
  facet normal -0.073635 0.997285 0
    outer loop
      vertex 1.93094 -19.6051 1.2
      vertex 0.966633 -19.6763 2.4
      vertex 1.93094 -19.6051 2.4
    endloop
  endfacet
  facet normal -0.073635 0.997285 0
    outer loop
      vertex 0.966633 -19.6763 2.4
      vertex 1.93094 -19.6051 1.2
      vertex 0.966633 -19.6763 1.2
    endloop
  endfacet
  facet normal -0.653173 0.757209 0
    outer loop
      vertex 13.2297 -14.5967 1.2
      vertex 12.4975 -15.2283 2.4
      vertex 13.2297 -14.5967 2.4
    endloop
  endfacet
  facet normal -0.653173 0.757209 0
    outer loop
      vertex 12.4975 -15.2283 2.4
      vertex 13.2297 -14.5967 1.2
      vertex 12.4975 -15.2283 1.2
    endloop
  endfacet
  facet normal -0.219146 -0.975692 0
    outer loop
      vertex 3.84328 19.3215 1.2
      vertex 4.78671 19.1096 2.4
      vertex 3.84328 19.3215 2.4
    endloop
  endfacet
  facet normal -0.219146 -0.975692 -0
    outer loop
      vertex 4.78671 19.1096 2.4
      vertex 3.84328 19.3215 1.2
      vertex 4.78671 19.1096 1.2
    endloop
  endfacet
  facet normal 0.219146 -0.975692 0
    outer loop
      vertex -4.78671 19.1096 1.2
      vertex -3.84328 19.3215 2.4
      vertex -4.78671 19.1096 2.4
    endloop
  endfacet
  facet normal 0.219146 -0.975692 0
    outer loop
      vertex -3.84328 19.3215 2.4
      vertex -4.78671 19.1096 1.2
      vertex -3.84328 19.3215 1.2
    endloop
  endfacet
  facet normal -0.266721 -0.963774 0
    outer loop
      vertex 4.78671 19.1096 1.2
      vertex 5.71861 18.8517 2.4
      vertex 4.78671 19.1096 2.4
    endloop
  endfacet
  facet normal -0.266721 -0.963774 -0
    outer loop
      vertex 5.71861 18.8517 2.4
      vertex 4.78671 19.1096 1.2
      vertex 5.71861 18.8517 1.2
    endloop
  endfacet
  facet normal 0.492836 -0.870122 0
    outer loop
      vertex -10.1278 16.8973 1.2
      vertex -9.28652 17.3738 2.4
      vertex -10.1278 16.8973 2.4
    endloop
  endfacet
  facet normal 0.492836 -0.870122 0
    outer loop
      vertex -9.28652 17.3738 2.4
      vertex -10.1278 16.8973 1.2
      vertex -9.28652 17.3738 1.2
    endloop
  endfacet
  facet normal 0.359904 0.932989 -0
    outer loop
      vertex -6.63673 -18.5484 1.2
      vertex -7.53886 -18.2004 2.4
      vertex -6.63673 -18.5484 2.4
    endloop
  endfacet
  facet normal 0.359904 0.932989 0
    outer loop
      vertex -7.53886 -18.2004 2.4
      vertex -6.63673 -18.5484 1.2
      vertex -7.53886 -18.2004 1.2
    endloop
  endfacet
  facet normal -0.405209 -0.914224 0
    outer loop
      vertex 7.53886 18.2004 1.2
      vertex 8.42283 17.8086 2.4
      vertex 7.53886 18.2004 2.4
    endloop
  endfacet
  facet normal -0.405209 -0.914224 -0
    outer loop
      vertex 8.42283 17.8086 2.4
      vertex 7.53886 18.2004 1.2
      vertex 8.42283 17.8086 1.2
    endloop
  endfacet
  facet normal -0.535 0.844852 0
    outer loop
      vertex 10.9447 -16.38 1.2
      vertex 10.1278 -16.8973 2.4
      vertex 10.9447 -16.38 2.4
    endloop
  endfacet
  facet normal -0.535 0.844852 0
    outer loop
      vertex 10.1278 -16.8973 2.4
      vertex 10.9447 -16.38 1.2
      vertex 10.1278 -16.8973 1.2
    endloop
  endfacet
  facet normal 0.932989 -0.359904 -1.16609e-17
    outer loop
      vertex -18.5484 6.63673 2.4
      vertex -18.2004 7.53886 1.2
      vertex -18.2004 7.53886 2.4
    endloop
  endfacet
  facet normal 0.932989 -0.359904 -1.16609e-17
    outer loop
      vertex -18.2004 7.53886 1.2
      vertex -18.5484 6.63673 2.4
      vertex -18.5484 6.63673 1.2
    endloop
  endfacet
  facet normal 0.997285 0.073635 2.60535e-18
    outer loop
      vertex -19.6051 -1.93094 2.4
      vertex -19.6763 -0.966633 1.2
      vertex -19.6763 -0.966633 2.4
    endloop
  endfacet
  facet normal 0.997285 0.073635 2.60535e-18
    outer loop
      vertex -19.6763 -0.966633 1.2
      vertex -19.6051 -1.93094 2.4
      vertex -19.6051 -1.93094 1.2
    endloop
  endfacet
  facet normal -0.932989 0.359904 -1.16609e-17
    outer loop
      vertex 18.2004 -7.53886 1.2
      vertex 18.5484 -6.63673 2.4
      vertex 18.5484 -6.63673 1.2
    endloop
  endfacet
  facet normal -0.932989 0.359904 -1.16609e-17
    outer loop
      vertex 18.5484 -6.63673 2.4
      vertex 18.2004 -7.53886 1.2
      vertex 18.2004 -7.53886 2.4
    endloop
  endfacet
  facet normal -0.914224 0.405209 -9.83359e-18
    outer loop
      vertex 17.8086 -8.42283 1.2
      vertex 18.2004 -7.53886 2.4
      vertex 18.2004 -7.53886 1.2
    endloop
  endfacet
  facet normal -0.914224 0.405209 -9.83359e-18
    outer loop
      vertex 18.2004 -7.53886 2.4
      vertex 17.8086 -8.42283 1.2
      vertex 17.8086 -8.42283 2.4
    endloop
  endfacet
  facet normal -0.985279 0.170954 3.10782e-18
    outer loop
      vertex 19.3215 -3.84328 1.2
      vertex 19.4868 -2.89059 2.4
      vertex 19.4868 -2.89059 1.2
    endloop
  endfacet
  facet normal -0.985279 0.170954 3.10782e-18
    outer loop
      vertex 19.4868 -2.89059 2.4
      vertex 19.3215 -3.84328 1.2
      vertex 19.3215 -3.84328 2.4
    endloop
  endfacet
  facet normal -0.724268 -0.689518 -2.3817e-17
    outer loop
      vertex 14.5967 13.2297 1.2
      vertex 13.93 13.93 2.4
      vertex 13.93 13.93 1.2
    endloop
  endfacet
  facet normal -0.724268 -0.689518 -2.3817e-17
    outer loop
      vertex 13.93 13.93 2.4
      vertex 14.5967 13.2297 1.2
      vertex 14.5967 13.2297 2.4
    endloop
  endfacet
  facet normal -0.653173 -0.757209 0
    outer loop
      vertex 12.4975 15.2283 1.2
      vertex 13.2297 14.5967 2.4
      vertex 12.4975 15.2283 2.4
    endloop
  endfacet
  facet normal -0.653173 -0.757209 -0
    outer loop
      vertex 13.2297 14.5967 2.4
      vertex 12.4975 15.2283 1.2
      vertex 13.2297 14.5967 1.2
    endloop
  endfacet
  facet normal -0.893201 -0.449657 -1.02193e-17
    outer loop
      vertex 17.8086 8.42283 1.2
      vertex 17.3738 9.28652 2.4
      vertex 17.3738 9.28652 1.2
    endloop
  endfacet
  facet normal -0.893201 -0.449657 -1.02193e-17
    outer loop
      vertex 17.3738 9.28652 2.4
      vertex 17.8086 8.42283 1.2
      vertex 17.8086 8.42283 2.4
    endloop
  endfacet
  facet normal -0.170954 0.985279 0
    outer loop
      vertex 3.84328 -19.3215 1.2
      vertex 2.89059 -19.4868 2.4
      vertex 3.84328 -19.3215 2.4
    endloop
  endfacet
  facet normal -0.170954 0.985279 0
    outer loop
      vertex 2.89059 -19.4868 2.4
      vertex 3.84328 -19.3215 1.2
      vertex 2.89059 -19.4868 1.2
    endloop
  endfacet
  facet normal 0.615279 -0.78831 0
    outer loop
      vertex -12.4975 15.2283 1.2
      vertex -11.7353 15.8232 2.4
      vertex -12.4975 15.2283 2.4
    endloop
  endfacet
  facet normal 0.615279 -0.78831 0
    outer loop
      vertex -11.7353 15.8232 2.4
      vertex -12.4975 15.2283 1.2
      vertex -11.7353 15.8232 1.2
    endloop
  endfacet
  facet normal -0.914224 -0.405209 9.83359e-18
    outer loop
      vertex 18.2004 7.53886 1.2
      vertex 17.8086 8.42283 2.4
      vertex 17.8086 8.42283 1.2
    endloop
  endfacet
  facet normal -0.914224 -0.405209 9.83359e-18
    outer loop
      vertex 17.8086 8.42283 2.4
      vertex 18.2004 7.53886 1.2
      vertex 18.2004 7.53886 2.4
    endloop
  endfacet
  facet normal -0.492836 -0.870122 0
    outer loop
      vertex 9.28652 17.3738 1.2
      vertex 10.1278 16.8973 2.4
      vertex 9.28652 17.3738 2.4
    endloop
  endfacet
  facet normal -0.492836 -0.870122 -0
    outer loop
      vertex 10.1278 16.8973 2.4
      vertex 9.28652 17.3738 1.2
      vertex 10.1278 16.8973 1.2
    endloop
  endfacet
  facet normal -0.817586 -0.575806 6.31766e-18
    outer loop
      vertex 16.38 10.9447 1.2
      vertex 15.8232 11.7353 2.4
      vertex 15.8232 11.7353 1.2
    endloop
  endfacet
  facet normal -0.817586 -0.575806 6.31766e-18
    outer loop
      vertex 15.8232 11.7353 2.4
      vertex 16.38 10.9447 1.2
      vertex 16.38 10.9447 2.4
    endloop
  endfacet
  facet normal 0.266721 -0.963774 0
    outer loop
      vertex -5.71861 18.8517 1.2
      vertex -4.78671 19.1096 2.4
      vertex -5.71861 18.8517 2.4
    endloop
  endfacet
  facet normal 0.266721 -0.963774 0
    outer loop
      vertex -4.78671 19.1096 2.4
      vertex -5.71861 18.8517 1.2
      vertex -4.78671 19.1096 1.2
    endloop
  endfacet
  facet normal 0.313676 0.94953 -0
    outer loop
      vertex -5.71861 -18.8517 1.2
      vertex -6.63673 -18.5484 2.4
      vertex -5.71861 -18.8517 2.4
    endloop
  endfacet
  facet normal 0.313676 0.94953 0
    outer loop
      vertex -6.63673 -18.5484 2.4
      vertex -5.71861 -18.8517 1.2
      vertex -6.63673 -18.5484 1.2
    endloop
  endfacet
  facet normal 0.844852 -0.535 -2.27643e-17
    outer loop
      vertex -16.8973 10.1278 2.4
      vertex -16.38 10.9447 1.2
      vertex -16.38 10.9447 2.4
    endloop
  endfacet
  facet normal 0.844852 -0.535 -2.27643e-17
    outer loop
      vertex -16.38 10.9447 1.2
      vertex -16.8973 10.1278 2.4
      vertex -16.8973 10.1278 1.2
    endloop
  endfacet
  facet normal -0.0245107 0.9997 0
    outer loop
      vertex 0.966633 -19.6763 1.2
      vertex 0 -19.7 2.4
      vertex 0.966633 -19.6763 2.4
    endloop
  endfacet
  facet normal -0.0245107 0.9997 0
    outer loop
      vertex 0 -19.7 2.4
      vertex 0.966633 -19.6763 1.2
      vertex 0 -19.7 1.2
    endloop
  endfacet
  facet normal -0.94953 0.313676 -2.16082e-17
    outer loop
      vertex 18.5484 -6.63673 1.2
      vertex 18.8517 -5.71861 2.4
      vertex 18.8517 -5.71861 1.2
    endloop
  endfacet
  facet normal -0.94953 0.313676 -2.16082e-17
    outer loop
      vertex 18.8517 -5.71861 2.4
      vertex 18.5484 -6.63673 1.2
      vertex 18.5484 -6.63673 2.4
    endloop
  endfacet
  facet normal 0.932989 0.359904 1.16609e-17
    outer loop
      vertex -18.2004 -7.53886 2.4
      vertex -18.5484 -6.63673 1.2
      vertex -18.5484 -6.63673 2.4
    endloop
  endfacet
  facet normal 0.932989 0.359904 1.16609e-17
    outer loop
      vertex -18.5484 -6.63673 1.2
      vertex -18.2004 -7.53886 2.4
      vertex -18.2004 -7.53886 1.2
    endloop
  endfacet
  facet normal -0.689518 0.724268 0
    outer loop
      vertex 13.93 -13.93 1.2
      vertex 13.2297 -14.5967 2.4
      vertex 13.93 -13.93 2.4
    endloop
  endfacet
  facet normal -0.689518 0.724268 0
    outer loop
      vertex 13.2297 -14.5967 2.4
      vertex 13.93 -13.93 1.2
      vertex 13.2297 -14.5967 1.2
    endloop
  endfacet
  facet normal -0.122348 0.992487 0
    outer loop
      vertex 2.89059 -19.4868 1.2
      vertex 1.93094 -19.6051 2.4
      vertex 2.89059 -19.4868 2.4
    endloop
  endfacet
  facet normal -0.122348 0.992487 0
    outer loop
      vertex 1.93094 -19.6051 2.4
      vertex 2.89059 -19.4868 1.2
      vertex 1.93094 -19.6051 1.2
    endloop
  endfacet
  facet normal 0.893201 -0.449657 1.02193e-17
    outer loop
      vertex -17.8086 8.42283 2.4
      vertex -17.3738 9.28652 1.2
      vertex -17.3738 9.28652 2.4
    endloop
  endfacet
  facet normal 0.893201 -0.449657 1.02193e-17
    outer loop
      vertex -17.3738 9.28652 1.2
      vertex -17.8086 8.42283 2.4
      vertex -17.8086 8.42283 1.2
    endloop
  endfacet
  facet normal -0.359904 -0.932989 0
    outer loop
      vertex 6.63673 18.5484 1.2
      vertex 7.53886 18.2004 2.4
      vertex 6.63673 18.5484 2.4
    endloop
  endfacet
  facet normal -0.359904 -0.932989 -0
    outer loop
      vertex 7.53886 18.2004 2.4
      vertex 6.63673 18.5484 1.2
      vertex 7.53886 18.2004 1.2
    endloop
  endfacet
  facet normal -0.405209 0.914224 0
    outer loop
      vertex 8.42283 -17.8086 1.2
      vertex 7.53886 -18.2004 2.4
      vertex 8.42283 -17.8086 2.4
    endloop
  endfacet
  facet normal -0.405209 0.914224 0
    outer loop
      vertex 7.53886 -18.2004 2.4
      vertex 8.42283 -17.8086 1.2
      vertex 7.53886 -18.2004 1.2
    endloop
  endfacet
  facet normal 0.689518 -0.724268 0
    outer loop
      vertex -13.93 13.93 1.2
      vertex -13.2297 14.5967 2.4
      vertex -13.93 13.93 2.4
    endloop
  endfacet
  facet normal 0.689518 -0.724268 0
    outer loop
      vertex -13.2297 14.5967 2.4
      vertex -13.93 13.93 1.2
      vertex -13.2297 14.5967 1.2
    endloop
  endfacet
  facet normal -0.870122 0.492836 2.35551e-17
    outer loop
      vertex 16.8973 -10.1278 1.2
      vertex 17.3738 -9.28652 2.4
      vertex 17.3738 -9.28652 1.2
    endloop
  endfacet
  facet normal -0.870122 0.492836 2.35551e-17
    outer loop
      vertex 17.3738 -9.28652 2.4
      vertex 16.8973 -10.1278 1.2
      vertex 16.8973 -10.1278 2.4
    endloop
  endfacet
  facet normal 0.78831 -0.615279 -7.9725e-18
    outer loop
      vertex -15.8232 11.7353 2.4
      vertex -15.2283 12.4975 1.2
      vertex -15.2283 12.4975 2.4
    endloop
  endfacet
  facet normal 0.78831 -0.615279 -7.9725e-18
    outer loop
      vertex -15.2283 12.4975 1.2
      vertex -15.8232 11.7353 2.4
      vertex -15.8232 11.7353 1.2
    endloop
  endfacet
  facet normal 0.122348 0.992487 -0
    outer loop
      vertex -1.93094 -19.6051 1.2
      vertex -2.89059 -19.4868 2.4
      vertex -1.93094 -19.6051 2.4
    endloop
  endfacet
  facet normal 0.122348 0.992487 0
    outer loop
      vertex -2.89059 -19.4868 2.4
      vertex -1.93094 -19.6051 1.2
      vertex -2.89059 -19.4868 1.2
    endloop
  endfacet
  facet normal 0 0 1
    outer loop
      vertex 18.25 0 1.2
      vertex 19.7 0 1.2
      vertex 19.6763 0.966633 1.2
    endloop
  endfacet
  facet normal 0 0 1
    outer loop
      vertex 18.228 0.895485 1.2
      vertex 19.6763 0.966633 1.2
      vertex 19.6051 1.93094 1.2
    endloop
  endfacet
  facet normal 0 0 1
    outer loop
      vertex 19.7 0 1.2
      vertex 18.25 0 1.2
      vertex 19.6763 -0.966633 1.2
    endloop
  endfacet
  facet normal 0 0 1
    outer loop
      vertex 18.1621 1.78881 1.2
      vertex 19.6051 1.93094 1.2
      vertex 19.4868 2.89059 1.2
    endloop
  endfacet
  facet normal -0 0 1
    outer loop
      vertex 18.228 -0.895485 1.2
      vertex 19.6763 -0.966633 1.2
      vertex 18.25 0 1.2
    endloop
  endfacet
  facet normal 0 0 1
    outer loop
      vertex 18.0525 2.67783 1.2
      vertex 19.4868 2.89059 1.2
      vertex 19.3215 3.84328 1.2
    endloop
  endfacet
  facet normal 0 0 1
    outer loop
      vertex 19.6763 -0.966633 1.2
      vertex 18.228 -0.895485 1.2
      vertex 19.6051 -1.93094 1.2
    endloop
  endfacet
  facet normal 0 0 1
    outer loop
      vertex 17.8993 3.5604 1.2
      vertex 19.3215 3.84328 1.2
      vertex 19.1096 4.78671 1.2
    endloop
  endfacet
  facet normal -0 0 1
    outer loop
      vertex 18.1621 -1.78881 1.2
      vertex 19.6051 -1.93094 1.2
      vertex 18.228 -0.895485 1.2
    endloop
  endfacet
  facet normal 0 0 1
    outer loop
      vertex 17.7031 4.43439 1.2
      vertex 19.1096 4.78671 1.2
      vertex 18.8517 5.71861 1.2
    endloop
  endfacet
  facet normal 0 0 1
    outer loop
      vertex 19.6051 -1.93094 1.2
      vertex 18.1621 -1.78881 1.2
      vertex 19.4868 -2.89059 1.2
    endloop
  endfacet
  facet normal 0 0 1
    outer loop
      vertex 17.4642 5.2977 1.2
      vertex 18.8517 5.71861 1.2
      vertex 18.5484 6.63673 1.2
    endloop
  endfacet
  facet normal -0 0 1
    outer loop
      vertex 18.0525 -2.67783 1.2
      vertex 19.4868 -2.89059 1.2
      vertex 18.1621 -1.78881 1.2
    endloop
  endfacet
  facet normal 0 0 1
    outer loop
      vertex 19.4868 -2.89059 1.2
      vertex 18.0525 -2.67783 1.2
      vertex 19.3215 -3.84328 1.2
    endloop
  endfacet
  facet normal 0 0 1
    outer loop
      vertex 19.6763 0.966633 1.2
      vertex 18.228 0.895485 1.2
      vertex 18.25 0 1.2
    endloop
  endfacet
  facet normal 0 0 1
    outer loop
      vertex 17.1832 6.14824 1.2
      vertex 18.5484 6.63673 1.2
      vertex 18.2004 7.53886 1.2
    endloop
  endfacet
  facet normal 0 0 1
    outer loop
      vertex 19.6051 1.93094 1.2
      vertex 18.1621 1.78881 1.2
      vertex 18.228 0.895485 1.2
    endloop
  endfacet
  facet normal 0 0 1
    outer loop
      vertex 19.4868 2.89059 1.2
      vertex 18.0525 2.67783 1.2
      vertex 18.1621 1.78881 1.2
    endloop
  endfacet
  facet normal 0 0 1
    outer loop
      vertex 19.3215 3.84328 1.2
      vertex 17.8993 3.5604 1.2
      vertex 18.0525 2.67783 1.2
    endloop
  endfacet
  facet normal 0 0 1
    outer loop
      vertex 16.8608 6.98397 1.2
      vertex 18.2004 7.53886 1.2
      vertex 17.8086 8.42283 1.2
    endloop
  endfacet
  facet normal 0 0 1
    outer loop
      vertex 19.1096 4.78671 1.2
      vertex 17.7031 4.43439 1.2
      vertex 17.8993 3.5604 1.2
    endloop
  endfacet
  facet normal 0 0 1
    outer loop
      vertex 18.8517 5.71861 1.2
      vertex 17.4642 5.2977 1.2
      vertex 17.7031 4.43439 1.2
    endloop
  endfacet
  facet normal 0 0 1
    outer loop
      vertex 16.4978 7.80288 1.2
      vertex 17.8086 8.42283 1.2
      vertex 17.3738 9.28652 1.2
    endloop
  endfacet
  facet normal 0 0 1
    outer loop
      vertex 18.5484 6.63673 1.2
      vertex 17.1832 6.14824 1.2
      vertex 17.4642 5.2977 1.2
    endloop
  endfacet
  facet normal 0 0 1
    outer loop
      vertex 16.0951 8.60299 1.2
      vertex 17.3738 9.28652 1.2
      vertex 16.8973 10.1278 1.2
    endloop
  endfacet
  facet normal 0 0 1
    outer loop
      vertex 18.2004 7.53886 1.2
      vertex 16.8608 6.98397 1.2
      vertex 17.1832 6.14824 1.2
    endloop
  endfacet
  facet normal 0 0 1
    outer loop
      vertex 17.8086 8.42283 1.2
      vertex 16.4978 7.80288 1.2
      vertex 16.8608 6.98397 1.2
    endloop
  endfacet
  facet normal 0 0 1
    outer loop
      vertex 15.6535 9.38237 1.2
      vertex 16.8973 10.1278 1.2
      vertex 16.38 10.9447 1.2
    endloop
  endfacet
  facet normal 0 0 1
    outer loop
      vertex 17.3738 9.28652 1.2
      vertex 16.0951 8.60299 1.2
      vertex 16.4978 7.80288 1.2
    endloop
  endfacet
  facet normal 0 0 1
    outer loop
      vertex 15.1743 10.1392 1.2
      vertex 16.38 10.9447 1.2
      vertex 15.8232 11.7353 1.2
    endloop
  endfacet
  facet normal 0 0 1
    outer loop
      vertex 16.8973 10.1278 1.2
      vertex 15.6535 9.38237 1.2
      vertex 16.0951 8.60299 1.2
    endloop
  endfacet
  facet normal 0 0 1
    outer loop
      vertex 14.6585 10.8715 1.2
      vertex 15.8232 11.7353 1.2
      vertex 15.2283 12.4975 1.2
    endloop
  endfacet
  facet normal 0 0 1
    outer loop
      vertex 16.38 10.9447 1.2
      vertex 15.1743 10.1392 1.2
      vertex 15.6535 9.38237 1.2
    endloop
  endfacet
  facet normal 0 0 1
    outer loop
      vertex 15.8232 11.7353 1.2
      vertex 14.6585 10.8715 1.2
      vertex 15.1743 10.1392 1.2
    endloop
  endfacet
  facet normal 0 0 1
    outer loop
      vertex 14.1074 11.5777 1.2
      vertex 15.2283 12.4975 1.2
      vertex 14.5967 13.2297 1.2
    endloop
  endfacet
  facet normal 0 0 1
    outer loop
      vertex 15.2283 12.4975 1.2
      vertex 14.1074 11.5777 1.2
      vertex 14.6585 10.8715 1.2
    endloop
  endfacet
  facet normal 0 0 1
    outer loop
      vertex 13.5224 12.2559 1.2
      vertex 14.5967 13.2297 1.2
      vertex 13.93 13.93 1.2
    endloop
  endfacet
  facet normal 0 0 1
    outer loop
      vertex 14.5967 13.2297 1.2
      vertex 13.5224 12.2559 1.2
      vertex 14.1074 11.5777 1.2
    endloop
  endfacet
  facet normal 0 0 1
    outer loop
      vertex 12.9047 12.9047 1.2
      vertex 13.93 13.93 1.2
      vertex 13.2297 14.5967 1.2
    endloop
  endfacet
  facet normal 0 0 1
    outer loop
      vertex 13.93 13.93 1.2
      vertex 12.9047 12.9047 1.2
      vertex 13.5224 12.2559 1.2
    endloop
  endfacet
  facet normal 0 0 1
    outer loop
      vertex 12.2559 13.5224 1.2
      vertex 13.2297 14.5967 1.2
      vertex 12.4975 15.2283 1.2
    endloop
  endfacet
  facet normal 0 0 1
    outer loop
      vertex 13.2297 14.5967 1.2
      vertex 12.2559 13.5224 1.2
      vertex 12.9047 12.9047 1.2
    endloop
  endfacet
  facet normal 0 0 1
    outer loop
      vertex 11.5777 14.1074 1.2
      vertex 12.4975 15.2283 1.2
      vertex 11.7353 15.8232 1.2
    endloop
  endfacet
  facet normal 0 0 1
    outer loop
      vertex 12.4975 15.2283 1.2
      vertex 11.5777 14.1074 1.2
      vertex 12.2559 13.5224 1.2
    endloop
  endfacet
  facet normal 0 0 1
    outer loop
      vertex 10.8715 14.6585 1.2
      vertex 11.7353 15.8232 1.2
      vertex 10.9447 16.38 1.2
    endloop
  endfacet
  facet normal 0 0 1
    outer loop
      vertex 11.7353 15.8232 1.2
      vertex 10.8715 14.6585 1.2
      vertex 11.5777 14.1074 1.2
    endloop
  endfacet
  facet normal 0 0 1
    outer loop
      vertex 10.9447 16.38 1.2
      vertex 10.1392 15.1743 1.2
      vertex 10.8715 14.6585 1.2
    endloop
  endfacet
  facet normal 0 0 1
    outer loop
      vertex 10.1278 16.8973 1.2
      vertex 10.1392 15.1743 1.2
      vertex 10.9447 16.38 1.2
    endloop
  endfacet
  facet normal 0 0 1
    outer loop
      vertex 10.1278 16.8973 1.2
      vertex 9.38237 15.6535 1.2
      vertex 10.1392 15.1743 1.2
    endloop
  endfacet
  facet normal 0 0 1
    outer loop
      vertex 9.28652 17.3738 1.2
      vertex 9.38237 15.6535 1.2
      vertex 10.1278 16.8973 1.2
    endloop
  endfacet
  facet normal 0 0 1
    outer loop
      vertex 9.28652 17.3738 1.2
      vertex 8.60299 16.0951 1.2
      vertex 9.38237 15.6535 1.2
    endloop
  endfacet
  facet normal 0 0 1
    outer loop
      vertex 8.42283 17.8086 1.2
      vertex 8.60299 16.0951 1.2
      vertex 9.28652 17.3738 1.2
    endloop
  endfacet
  facet normal 0 0 1
    outer loop
      vertex 8.42283 17.8086 1.2
      vertex 7.80288 16.4978 1.2
      vertex 8.60299 16.0951 1.2
    endloop
  endfacet
  facet normal 0 0 1
    outer loop
      vertex 7.53886 18.2004 1.2
      vertex 7.80288 16.4978 1.2
      vertex 8.42283 17.8086 1.2
    endloop
  endfacet
  facet normal 0 0 1
    outer loop
      vertex 7.53886 18.2004 1.2
      vertex 6.98397 16.8608 1.2
      vertex 7.80288 16.4978 1.2
    endloop
  endfacet
  facet normal 0 0 1
    outer loop
      vertex 6.63673 18.5484 1.2
      vertex 6.98397 16.8608 1.2
      vertex 7.53886 18.2004 1.2
    endloop
  endfacet
  facet normal 0 0 1
    outer loop
      vertex 6.63673 18.5484 1.2
      vertex 6.14824 17.1832 1.2
      vertex 6.98397 16.8608 1.2
    endloop
  endfacet
  facet normal 0 0 1
    outer loop
      vertex 5.71861 18.8517 1.2
      vertex 6.14824 17.1832 1.2
      vertex 6.63673 18.5484 1.2
    endloop
  endfacet
  facet normal 0 0 1
    outer loop
      vertex 5.71861 18.8517 1.2
      vertex 5.2977 17.4642 1.2
      vertex 6.14824 17.1832 1.2
    endloop
  endfacet
  facet normal 0 0 1
    outer loop
      vertex 4.78671 19.1096 1.2
      vertex 5.2977 17.4642 1.2
      vertex 5.71861 18.8517 1.2
    endloop
  endfacet
  facet normal 0 0 1
    outer loop
      vertex 4.78671 19.1096 1.2
      vertex 4.43439 17.7031 1.2
      vertex 5.2977 17.4642 1.2
    endloop
  endfacet
  facet normal 0 0 1
    outer loop
      vertex 3.84328 19.3215 1.2
      vertex 4.43439 17.7031 1.2
      vertex 4.78671 19.1096 1.2
    endloop
  endfacet
  facet normal 0 0 1
    outer loop
      vertex 3.84328 19.3215 1.2
      vertex 3.5604 17.8993 1.2
      vertex 4.43439 17.7031 1.2
    endloop
  endfacet
  facet normal 0 0 1
    outer loop
      vertex 2.89059 19.4868 1.2
      vertex 3.5604 17.8993 1.2
      vertex 3.84328 19.3215 1.2
    endloop
  endfacet
  facet normal 0 0 1
    outer loop
      vertex 2.89059 19.4868 1.2
      vertex 2.67783 18.0525 1.2
      vertex 3.5604 17.8993 1.2
    endloop
  endfacet
  facet normal 0 0 1
    outer loop
      vertex 1.93094 19.6051 1.2
      vertex 2.67783 18.0525 1.2
      vertex 2.89059 19.4868 1.2
    endloop
  endfacet
  facet normal 0 0 1
    outer loop
      vertex 1.93094 19.6051 1.2
      vertex 1.78881 18.1621 1.2
      vertex 2.67783 18.0525 1.2
    endloop
  endfacet
  facet normal 0 0 1
    outer loop
      vertex 0.966633 19.6763 1.2
      vertex 1.78881 18.1621 1.2
      vertex 1.93094 19.6051 1.2
    endloop
  endfacet
  facet normal 0 0 1
    outer loop
      vertex 0.966633 19.6763 1.2
      vertex 0.895485 18.228 1.2
      vertex 1.78881 18.1621 1.2
    endloop
  endfacet
  facet normal 0 0 1
    outer loop
      vertex 0 19.7 1.2
      vertex 0.895485 18.228 1.2
      vertex 0.966633 19.6763 1.2
    endloop
  endfacet
  facet normal 0 0 1
    outer loop
      vertex 0 19.7 1.2
      vertex 0 18.25 1.2
      vertex 0.895485 18.228 1.2
    endloop
  endfacet
  facet normal 0 0 1
    outer loop
      vertex 0 19.7 1.2
      vertex -0.895485 18.228 1.2
      vertex 0 18.25 1.2
    endloop
  endfacet
  facet normal -0 0 1
    outer loop
      vertex -0.966633 19.6763 1.2
      vertex -0.895485 18.228 1.2
      vertex 0 19.7 1.2
    endloop
  endfacet
  facet normal 0 0 1
    outer loop
      vertex -0.966633 19.6763 1.2
      vertex -1.78881 18.1621 1.2
      vertex -0.895485 18.228 1.2
    endloop
  endfacet
  facet normal -0 0 1
    outer loop
      vertex -1.93094 19.6051 1.2
      vertex -1.78881 18.1621 1.2
      vertex -0.966633 19.6763 1.2
    endloop
  endfacet
  facet normal 0 0 1
    outer loop
      vertex -1.93094 19.6051 1.2
      vertex -2.67783 18.0525 1.2
      vertex -1.78881 18.1621 1.2
    endloop
  endfacet
  facet normal -0 0 1
    outer loop
      vertex -2.89059 19.4868 1.2
      vertex -2.67783 18.0525 1.2
      vertex -1.93094 19.6051 1.2
    endloop
  endfacet
  facet normal 0 0 1
    outer loop
      vertex -2.89059 19.4868 1.2
      vertex -3.5604 17.8993 1.2
      vertex -2.67783 18.0525 1.2
    endloop
  endfacet
  facet normal -0 0 1
    outer loop
      vertex -3.84328 19.3215 1.2
      vertex -3.5604 17.8993 1.2
      vertex -2.89059 19.4868 1.2
    endloop
  endfacet
  facet normal 0 0 1
    outer loop
      vertex -3.84328 19.3215 1.2
      vertex -4.43439 17.7031 1.2
      vertex -3.5604 17.8993 1.2
    endloop
  endfacet
  facet normal -0 0 1
    outer loop
      vertex -4.78671 19.1096 1.2
      vertex -4.43439 17.7031 1.2
      vertex -3.84328 19.3215 1.2
    endloop
  endfacet
  facet normal 0 0 1
    outer loop
      vertex -4.78671 19.1096 1.2
      vertex -5.2977 17.4642 1.2
      vertex -4.43439 17.7031 1.2
    endloop
  endfacet
  facet normal -0 0 1
    outer loop
      vertex -5.71861 18.8517 1.2
      vertex -5.2977 17.4642 1.2
      vertex -4.78671 19.1096 1.2
    endloop
  endfacet
  facet normal 0 0 1
    outer loop
      vertex -5.71861 18.8517 1.2
      vertex -6.14824 17.1832 1.2
      vertex -5.2977 17.4642 1.2
    endloop
  endfacet
  facet normal -0 0 1
    outer loop
      vertex -6.63673 18.5484 1.2
      vertex -6.14824 17.1832 1.2
      vertex -5.71861 18.8517 1.2
    endloop
  endfacet
  facet normal 0 0 1
    outer loop
      vertex -6.63673 18.5484 1.2
      vertex -6.98397 16.8608 1.2
      vertex -6.14824 17.1832 1.2
    endloop
  endfacet
  facet normal -0 0 1
    outer loop
      vertex -7.53886 18.2004 1.2
      vertex -6.98397 16.8608 1.2
      vertex -6.63673 18.5484 1.2
    endloop
  endfacet
  facet normal 0 0 1
    outer loop
      vertex -7.53886 18.2004 1.2
      vertex -7.80288 16.4978 1.2
      vertex -6.98397 16.8608 1.2
    endloop
  endfacet
  facet normal -0 0 1
    outer loop
      vertex -8.42283 17.8086 1.2
      vertex -7.80288 16.4978 1.2
      vertex -7.53886 18.2004 1.2
    endloop
  endfacet
  facet normal 0 0 1
    outer loop
      vertex -8.42283 17.8086 1.2
      vertex -8.60299 16.0951 1.2
      vertex -7.80288 16.4978 1.2
    endloop
  endfacet
  facet normal -0 0 1
    outer loop
      vertex -9.28652 17.3738 1.2
      vertex -8.60299 16.0951 1.2
      vertex -8.42283 17.8086 1.2
    endloop
  endfacet
  facet normal 0 0 1
    outer loop
      vertex -9.28652 17.3738 1.2
      vertex -9.38237 15.6535 1.2
      vertex -8.60299 16.0951 1.2
    endloop
  endfacet
  facet normal -0 0 1
    outer loop
      vertex -10.1278 16.8973 1.2
      vertex -9.38237 15.6535 1.2
      vertex -9.28652 17.3738 1.2
    endloop
  endfacet
  facet normal 0 0 1
    outer loop
      vertex -10.1278 16.8973 1.2
      vertex -10.1392 15.1743 1.2
      vertex -9.38237 15.6535 1.2
    endloop
  endfacet
  facet normal -0 0 1
    outer loop
      vertex -10.9447 16.38 1.2
      vertex -10.1392 15.1743 1.2
      vertex -10.1278 16.8973 1.2
    endloop
  endfacet
  facet normal 0 0 1
    outer loop
      vertex -10.1392 15.1743 1.2
      vertex -10.9447 16.38 1.2
      vertex -10.8715 14.6585 1.2
    endloop
  endfacet
  facet normal -0 0 1
    outer loop
      vertex -11.7353 15.8232 1.2
      vertex -10.8715 14.6585 1.2
      vertex -10.9447 16.38 1.2
    endloop
  endfacet
  facet normal 0 0 1
    outer loop
      vertex -10.8715 14.6585 1.2
      vertex -11.7353 15.8232 1.2
      vertex -11.5777 14.1074 1.2
    endloop
  endfacet
  facet normal -0 0 1
    outer loop
      vertex -12.4975 15.2283 1.2
      vertex -11.5777 14.1074 1.2
      vertex -11.7353 15.8232 1.2
    endloop
  endfacet
  facet normal 0 0 1
    outer loop
      vertex -11.5777 14.1074 1.2
      vertex -12.4975 15.2283 1.2
      vertex -12.2559 13.5224 1.2
    endloop
  endfacet
  facet normal -0 0 1
    outer loop
      vertex -13.2297 14.5967 1.2
      vertex -12.2559 13.5224 1.2
      vertex -12.4975 15.2283 1.2
    endloop
  endfacet
  facet normal 0 0 1
    outer loop
      vertex -12.2559 13.5224 1.2
      vertex -13.2297 14.5967 1.2
      vertex -12.9047 12.9047 1.2
    endloop
  endfacet
  facet normal -0 0 1
    outer loop
      vertex -13.93 13.93 1.2
      vertex -12.9047 12.9047 1.2
      vertex -13.2297 14.5967 1.2
    endloop
  endfacet
  facet normal 0 0 1
    outer loop
      vertex -12.9047 12.9047 1.2
      vertex -13.93 13.93 1.2
      vertex -13.5224 12.2559 1.2
    endloop
  endfacet
  facet normal -0 0 1
    outer loop
      vertex -14.5967 13.2297 1.2
      vertex -13.5224 12.2559 1.2
      vertex -13.93 13.93 1.2
    endloop
  endfacet
  facet normal 0 0 1
    outer loop
      vertex -13.5224 12.2559 1.2
      vertex -14.5967 13.2297 1.2
      vertex -14.1074 11.5777 1.2
    endloop
  endfacet
  facet normal -0 0 1
    outer loop
      vertex -15.2283 12.4975 1.2
      vertex -14.1074 11.5777 1.2
      vertex -14.5967 13.2297 1.2
    endloop
  endfacet
  facet normal 0 0 1
    outer loop
      vertex -14.1074 11.5777 1.2
      vertex -15.2283 12.4975 1.2
      vertex -14.6585 10.8715 1.2
    endloop
  endfacet
  facet normal -0 0 1
    outer loop
      vertex -15.8232 11.7353 1.2
      vertex -14.6585 10.8715 1.2
      vertex -15.2283 12.4975 1.2
    endloop
  endfacet
  facet normal 0 0 1
    outer loop
      vertex -14.6585 10.8715 1.2
      vertex -15.8232 11.7353 1.2
      vertex -15.1743 10.1392 1.2
    endloop
  endfacet
  facet normal -0 0 1
    outer loop
      vertex -16.38 10.9447 1.2
      vertex -15.1743 10.1392 1.2
      vertex -15.8232 11.7353 1.2
    endloop
  endfacet
  facet normal 0 0 1
    outer loop
      vertex -15.1743 10.1392 1.2
      vertex -16.38 10.9447 1.2
      vertex -15.6535 9.38237 1.2
    endloop
  endfacet
  facet normal -0 0 1
    outer loop
      vertex -16.8973 10.1278 1.2
      vertex -15.6535 9.38237 1.2
      vertex -16.38 10.9447 1.2
    endloop
  endfacet
  facet normal 0 0 1
    outer loop
      vertex -15.6535 9.38237 1.2
      vertex -16.8973 10.1278 1.2
      vertex -16.0951 8.60299 1.2
    endloop
  endfacet
  facet normal -0 0 1
    outer loop
      vertex -17.3738 9.28652 1.2
      vertex -16.0951 8.60299 1.2
      vertex -16.8973 10.1278 1.2
    endloop
  endfacet
  facet normal 0 0 1
    outer loop
      vertex -16.0951 8.60299 1.2
      vertex -17.3738 9.28652 1.2
      vertex -16.4978 7.80288 1.2
    endloop
  endfacet
  facet normal -0 0 1
    outer loop
      vertex -17.8086 8.42283 1.2
      vertex -16.4978 7.80288 1.2
      vertex -17.3738 9.28652 1.2
    endloop
  endfacet
  facet normal 0 0 1
    outer loop
      vertex -16.4978 7.80288 1.2
      vertex -17.8086 8.42283 1.2
      vertex -16.8608 6.98397 1.2
    endloop
  endfacet
  facet normal -0 0 1
    outer loop
      vertex -18.2004 7.53886 1.2
      vertex -16.8608 6.98397 1.2
      vertex -17.8086 8.42283 1.2
    endloop
  endfacet
  facet normal 0 0 1
    outer loop
      vertex -16.8608 6.98397 1.2
      vertex -18.2004 7.53886 1.2
      vertex -17.1832 6.14824 1.2
    endloop
  endfacet
  facet normal -0 0 1
    outer loop
      vertex -18.5484 6.63673 1.2
      vertex -17.1832 6.14824 1.2
      vertex -18.2004 7.53886 1.2
    endloop
  endfacet
  facet normal 0 0 1
    outer loop
      vertex -17.1832 6.14824 1.2
      vertex -18.5484 6.63673 1.2
      vertex -17.4642 5.2977 1.2
    endloop
  endfacet
  facet normal -0 0 1
    outer loop
      vertex -18.8517 5.71861 1.2
      vertex -17.4642 5.2977 1.2
      vertex -18.5484 6.63673 1.2
    endloop
  endfacet
  facet normal 0 0 1
    outer loop
      vertex -17.4642 5.2977 1.2
      vertex -18.8517 5.71861 1.2
      vertex -17.7031 4.43439 1.2
    endloop
  endfacet
  facet normal -0 0 1
    outer loop
      vertex -19.1096 4.78671 1.2
      vertex -17.7031 4.43439 1.2
      vertex -18.8517 5.71861 1.2
    endloop
  endfacet
  facet normal 0 0 1
    outer loop
      vertex -17.7031 4.43439 1.2
      vertex -19.1096 4.78671 1.2
      vertex -17.8993 3.5604 1.2
    endloop
  endfacet
  facet normal -0 0 1
    outer loop
      vertex -19.3215 3.84328 1.2
      vertex -17.8993 3.5604 1.2
      vertex -19.1096 4.78671 1.2
    endloop
  endfacet
  facet normal 0 0 1
    outer loop
      vertex -17.8993 3.5604 1.2
      vertex -19.3215 3.84328 1.2
      vertex -18.0525 2.67783 1.2
    endloop
  endfacet
  facet normal -0 0 1
    outer loop
      vertex 17.8993 -3.5604 1.2
      vertex 19.3215 -3.84328 1.2
      vertex 18.0525 -2.67783 1.2
    endloop
  endfacet
  facet normal 0 0 1
    outer loop
      vertex 19.3215 -3.84328 1.2
      vertex 17.8993 -3.5604 1.2
      vertex 19.1096 -4.78671 1.2
    endloop
  endfacet
  facet normal -0 0 1
    outer loop
      vertex 17.7031 -4.43439 1.2
      vertex 19.1096 -4.78671 1.2
      vertex 17.8993 -3.5604 1.2
    endloop
  endfacet
  facet normal 0 0 1
    outer loop
      vertex 19.1096 -4.78671 1.2
      vertex 17.7031 -4.43439 1.2
      vertex 18.8517 -5.71861 1.2
    endloop
  endfacet
  facet normal -0 0 1
    outer loop
      vertex 17.4642 -5.2977 1.2
      vertex 18.8517 -5.71861 1.2
      vertex 17.7031 -4.43439 1.2
    endloop
  endfacet
  facet normal 0 0 1
    outer loop
      vertex 18.8517 -5.71861 1.2
      vertex 17.4642 -5.2977 1.2
      vertex 18.5484 -6.63673 1.2
    endloop
  endfacet
  facet normal -0 0 1
    outer loop
      vertex 17.1832 -6.14824 1.2
      vertex 18.5484 -6.63673 1.2
      vertex 17.4642 -5.2977 1.2
    endloop
  endfacet
  facet normal 0 0 1
    outer loop
      vertex 18.5484 -6.63673 1.2
      vertex 17.1832 -6.14824 1.2
      vertex 18.2004 -7.53886 1.2
    endloop
  endfacet
  facet normal -0 0 1
    outer loop
      vertex 16.8608 -6.98397 1.2
      vertex 18.2004 -7.53886 1.2
      vertex 17.1832 -6.14824 1.2
    endloop
  endfacet
  facet normal 0 0 1
    outer loop
      vertex 18.2004 -7.53886 1.2
      vertex 16.8608 -6.98397 1.2
      vertex 17.8086 -8.42283 1.2
    endloop
  endfacet
  facet normal -0 0 1
    outer loop
      vertex 16.4978 -7.80288 1.2
      vertex 17.8086 -8.42283 1.2
      vertex 16.8608 -6.98397 1.2
    endloop
  endfacet
  facet normal 0 0 1
    outer loop
      vertex 17.8086 -8.42283 1.2
      vertex 16.4978 -7.80288 1.2
      vertex 17.3738 -9.28652 1.2
    endloop
  endfacet
  facet normal -0 0 1
    outer loop
      vertex 16.0951 -8.60299 1.2
      vertex 17.3738 -9.28652 1.2
      vertex 16.4978 -7.80288 1.2
    endloop
  endfacet
  facet normal 0 0 1
    outer loop
      vertex 17.3738 -9.28652 1.2
      vertex 16.0951 -8.60299 1.2
      vertex 16.8973 -10.1278 1.2
    endloop
  endfacet
  facet normal -0 0 1
    outer loop
      vertex 15.6535 -9.38237 1.2
      vertex 16.8973 -10.1278 1.2
      vertex 16.0951 -8.60299 1.2
    endloop
  endfacet
  facet normal 0 0 1
    outer loop
      vertex 16.8973 -10.1278 1.2
      vertex 15.6535 -9.38237 1.2
      vertex 16.38 -10.9447 1.2
    endloop
  endfacet
  facet normal -0 0 1
    outer loop
      vertex 15.1743 -10.1392 1.2
      vertex 16.38 -10.9447 1.2
      vertex 15.6535 -9.38237 1.2
    endloop
  endfacet
  facet normal 0 0 1
    outer loop
      vertex 16.38 -10.9447 1.2
      vertex 15.1743 -10.1392 1.2
      vertex 15.8232 -11.7353 1.2
    endloop
  endfacet
  facet normal -0 0 1
    outer loop
      vertex 14.6585 -10.8715 1.2
      vertex 15.8232 -11.7353 1.2
      vertex 15.1743 -10.1392 1.2
    endloop
  endfacet
  facet normal 0 0 1
    outer loop
      vertex 15.8232 -11.7353 1.2
      vertex 14.6585 -10.8715 1.2
      vertex 15.2283 -12.4975 1.2
    endloop
  endfacet
  facet normal -0 0 1
    outer loop
      vertex 14.1074 -11.5777 1.2
      vertex 15.2283 -12.4975 1.2
      vertex 14.6585 -10.8715 1.2
    endloop
  endfacet
  facet normal 0 0 1
    outer loop
      vertex 15.2283 -12.4975 1.2
      vertex 14.1074 -11.5777 1.2
      vertex 14.5967 -13.2297 1.2
    endloop
  endfacet
  facet normal -0 0 1
    outer loop
      vertex 13.5224 -12.2559 1.2
      vertex 14.5967 -13.2297 1.2
      vertex 14.1074 -11.5777 1.2
    endloop
  endfacet
  facet normal 0 0 1
    outer loop
      vertex 14.5967 -13.2297 1.2
      vertex 13.5224 -12.2559 1.2
      vertex 13.93 -13.93 1.2
    endloop
  endfacet
  facet normal -0 0 1
    outer loop
      vertex 12.9047 -12.9047 1.2
      vertex 13.93 -13.93 1.2
      vertex 13.5224 -12.2559 1.2
    endloop
  endfacet
  facet normal 0 0 1
    outer loop
      vertex 13.93 -13.93 1.2
      vertex 12.9047 -12.9047 1.2
      vertex 13.2297 -14.5967 1.2
    endloop
  endfacet
  facet normal -0 0 1
    outer loop
      vertex 12.2559 -13.5224 1.2
      vertex 13.2297 -14.5967 1.2
      vertex 12.9047 -12.9047 1.2
    endloop
  endfacet
  facet normal 0 0 1
    outer loop
      vertex 13.2297 -14.5967 1.2
      vertex 12.2559 -13.5224 1.2
      vertex 12.4975 -15.2283 1.2
    endloop
  endfacet
  facet normal -0 0 1
    outer loop
      vertex 11.5777 -14.1074 1.2
      vertex 12.4975 -15.2283 1.2
      vertex 12.2559 -13.5224 1.2
    endloop
  endfacet
  facet normal 0 0 1
    outer loop
      vertex 12.4975 -15.2283 1.2
      vertex 11.5777 -14.1074 1.2
      vertex 11.7353 -15.8232 1.2
    endloop
  endfacet
  facet normal -0 0 1
    outer loop
      vertex 10.8715 -14.6585 1.2
      vertex 11.7353 -15.8232 1.2
      vertex 11.5777 -14.1074 1.2
    endloop
  endfacet
  facet normal 0 0 1
    outer loop
      vertex 11.7353 -15.8232 1.2
      vertex 10.8715 -14.6585 1.2
      vertex 10.9447 -16.38 1.2
    endloop
  endfacet
  facet normal -0 0 1
    outer loop
      vertex 10.1392 -15.1743 1.2
      vertex 10.9447 -16.38 1.2
      vertex 10.8715 -14.6585 1.2
    endloop
  endfacet
  facet normal 0 0 1
    outer loop
      vertex 10.1392 -15.1743 1.2
      vertex 10.1278 -16.8973 1.2
      vertex 10.9447 -16.38 1.2
    endloop
  endfacet
  facet normal -0 0 1
    outer loop
      vertex 9.38237 -15.6535 1.2
      vertex 10.1278 -16.8973 1.2
      vertex 10.1392 -15.1743 1.2
    endloop
  endfacet
  facet normal 0 0 1
    outer loop
      vertex 9.38237 -15.6535 1.2
      vertex 9.28652 -17.3738 1.2
      vertex 10.1278 -16.8973 1.2
    endloop
  endfacet
  facet normal -0 0 1
    outer loop
      vertex 8.60299 -16.0951 1.2
      vertex 9.28652 -17.3738 1.2
      vertex 9.38237 -15.6535 1.2
    endloop
  endfacet
  facet normal 0 0 1
    outer loop
      vertex 8.60299 -16.0951 1.2
      vertex 8.42283 -17.8086 1.2
      vertex 9.28652 -17.3738 1.2
    endloop
  endfacet
  facet normal -0 0 1
    outer loop
      vertex 7.80288 -16.4978 1.2
      vertex 8.42283 -17.8086 1.2
      vertex 8.60299 -16.0951 1.2
    endloop
  endfacet
  facet normal 0 0 1
    outer loop
      vertex 7.80288 -16.4978 1.2
      vertex 7.53886 -18.2004 1.2
      vertex 8.42283 -17.8086 1.2
    endloop
  endfacet
  facet normal -0 0 1
    outer loop
      vertex 6.98397 -16.8608 1.2
      vertex 7.53886 -18.2004 1.2
      vertex 7.80288 -16.4978 1.2
    endloop
  endfacet
  facet normal 0 0 1
    outer loop
      vertex 6.98397 -16.8608 1.2
      vertex 6.63673 -18.5484 1.2
      vertex 7.53886 -18.2004 1.2
    endloop
  endfacet
  facet normal -0 0 1
    outer loop
      vertex 6.14824 -17.1832 1.2
      vertex 6.63673 -18.5484 1.2
      vertex 6.98397 -16.8608 1.2
    endloop
  endfacet
  facet normal 0 0 1
    outer loop
      vertex 6.14824 -17.1832 1.2
      vertex 5.71861 -18.8517 1.2
      vertex 6.63673 -18.5484 1.2
    endloop
  endfacet
  facet normal -0 0 1
    outer loop
      vertex 5.2977 -17.4642 1.2
      vertex 5.71861 -18.8517 1.2
      vertex 6.14824 -17.1832 1.2
    endloop
  endfacet
  facet normal 0 0 1
    outer loop
      vertex 5.2977 -17.4642 1.2
      vertex 4.78671 -19.1096 1.2
      vertex 5.71861 -18.8517 1.2
    endloop
  endfacet
  facet normal -0 0 1
    outer loop
      vertex 4.43439 -17.7031 1.2
      vertex 4.78671 -19.1096 1.2
      vertex 5.2977 -17.4642 1.2
    endloop
  endfacet
  facet normal 0 0 1
    outer loop
      vertex 4.43439 -17.7031 1.2
      vertex 3.84328 -19.3215 1.2
      vertex 4.78671 -19.1096 1.2
    endloop
  endfacet
  facet normal -0 0 1
    outer loop
      vertex 3.5604 -17.8993 1.2
      vertex 3.84328 -19.3215 1.2
      vertex 4.43439 -17.7031 1.2
    endloop
  endfacet
  facet normal 0 0 1
    outer loop
      vertex 3.5604 -17.8993 1.2
      vertex 2.89059 -19.4868 1.2
      vertex 3.84328 -19.3215 1.2
    endloop
  endfacet
  facet normal -0 0 1
    outer loop
      vertex 2.67783 -18.0525 1.2
      vertex 2.89059 -19.4868 1.2
      vertex 3.5604 -17.8993 1.2
    endloop
  endfacet
  facet normal 0 0 1
    outer loop
      vertex 2.67783 -18.0525 1.2
      vertex 1.93094 -19.6051 1.2
      vertex 2.89059 -19.4868 1.2
    endloop
  endfacet
  facet normal -0 0 1
    outer loop
      vertex 1.78881 -18.1621 1.2
      vertex 1.93094 -19.6051 1.2
      vertex 2.67783 -18.0525 1.2
    endloop
  endfacet
  facet normal 0 0 1
    outer loop
      vertex 1.78881 -18.1621 1.2
      vertex 0.966633 -19.6763 1.2
      vertex 1.93094 -19.6051 1.2
    endloop
  endfacet
  facet normal -0 0 1
    outer loop
      vertex 0.895485 -18.228 1.2
      vertex 0.966633 -19.6763 1.2
      vertex 1.78881 -18.1621 1.2
    endloop
  endfacet
  facet normal -0 0 1
    outer loop
      vertex 0 -18.25 1.2
      vertex 0.966633 -19.6763 1.2
      vertex 0.895485 -18.228 1.2
    endloop
  endfacet
  facet normal 0 0 1
    outer loop
      vertex 0 -18.25 1.2
      vertex 0 -19.7 1.2
      vertex 0.966633 -19.6763 1.2
    endloop
  endfacet
  facet normal 0 0 1
    outer loop
      vertex -0.895485 -18.228 1.2
      vertex 0 -19.7 1.2
      vertex 0 -18.25 1.2
    endloop
  endfacet
  facet normal 0 0 1
    outer loop
      vertex -0.895485 -18.228 1.2
      vertex -0.966633 -19.6763 1.2
      vertex 0 -19.7 1.2
    endloop
  endfacet
  facet normal 0 0 1
    outer loop
      vertex -1.78881 -18.1621 1.2
      vertex -0.966633 -19.6763 1.2
      vertex -0.895485 -18.228 1.2
    endloop
  endfacet
  facet normal 0 0 1
    outer loop
      vertex -1.78881 -18.1621 1.2
      vertex -1.93094 -19.6051 1.2
      vertex -0.966633 -19.6763 1.2
    endloop
  endfacet
  facet normal 0 0 1
    outer loop
      vertex -2.67783 -18.0525 1.2
      vertex -1.93094 -19.6051 1.2
      vertex -1.78881 -18.1621 1.2
    endloop
  endfacet
  facet normal 0 0 1
    outer loop
      vertex -2.67783 -18.0525 1.2
      vertex -2.89059 -19.4868 1.2
      vertex -1.93094 -19.6051 1.2
    endloop
  endfacet
  facet normal 0 0 1
    outer loop
      vertex -3.5604 -17.8993 1.2
      vertex -2.89059 -19.4868 1.2
      vertex -2.67783 -18.0525 1.2
    endloop
  endfacet
  facet normal 0 0 1
    outer loop
      vertex -3.5604 -17.8993 1.2
      vertex -3.84328 -19.3215 1.2
      vertex -2.89059 -19.4868 1.2
    endloop
  endfacet
  facet normal 0 0 1
    outer loop
      vertex -4.43439 -17.7031 1.2
      vertex -3.84328 -19.3215 1.2
      vertex -3.5604 -17.8993 1.2
    endloop
  endfacet
  facet normal 0 0 1
    outer loop
      vertex -4.43439 -17.7031 1.2
      vertex -4.78671 -19.1096 1.2
      vertex -3.84328 -19.3215 1.2
    endloop
  endfacet
  facet normal 0 0 1
    outer loop
      vertex -5.2977 -17.4642 1.2
      vertex -4.78671 -19.1096 1.2
      vertex -4.43439 -17.7031 1.2
    endloop
  endfacet
  facet normal 0 0 1
    outer loop
      vertex -5.2977 -17.4642 1.2
      vertex -5.71861 -18.8517 1.2
      vertex -4.78671 -19.1096 1.2
    endloop
  endfacet
  facet normal 0 0 1
    outer loop
      vertex -6.14824 -17.1832 1.2
      vertex -5.71861 -18.8517 1.2
      vertex -5.2977 -17.4642 1.2
    endloop
  endfacet
  facet normal 0 0 1
    outer loop
      vertex -6.14824 -17.1832 1.2
      vertex -6.63673 -18.5484 1.2
      vertex -5.71861 -18.8517 1.2
    endloop
  endfacet
  facet normal 0 0 1
    outer loop
      vertex -6.98397 -16.8608 1.2
      vertex -6.63673 -18.5484 1.2
      vertex -6.14824 -17.1832 1.2
    endloop
  endfacet
  facet normal 0 0 1
    outer loop
      vertex -6.98397 -16.8608 1.2
      vertex -7.53886 -18.2004 1.2
      vertex -6.63673 -18.5484 1.2
    endloop
  endfacet
  facet normal 0 0 1
    outer loop
      vertex -7.80288 -16.4978 1.2
      vertex -7.53886 -18.2004 1.2
      vertex -6.98397 -16.8608 1.2
    endloop
  endfacet
  facet normal 0 0 1
    outer loop
      vertex -7.80288 -16.4978 1.2
      vertex -8.42283 -17.8086 1.2
      vertex -7.53886 -18.2004 1.2
    endloop
  endfacet
  facet normal 0 0 1
    outer loop
      vertex -8.60299 -16.0951 1.2
      vertex -8.42283 -17.8086 1.2
      vertex -7.80288 -16.4978 1.2
    endloop
  endfacet
  facet normal 0 0 1
    outer loop
      vertex -8.60299 -16.0951 1.2
      vertex -9.28652 -17.3738 1.2
      vertex -8.42283 -17.8086 1.2
    endloop
  endfacet
  facet normal 0 0 1
    outer loop
      vertex -9.38237 -15.6535 1.2
      vertex -9.28652 -17.3738 1.2
      vertex -8.60299 -16.0951 1.2
    endloop
  endfacet
  facet normal 0 0 1
    outer loop
      vertex -9.38237 -15.6535 1.2
      vertex -10.1278 -16.8973 1.2
      vertex -9.28652 -17.3738 1.2
    endloop
  endfacet
  facet normal 0 0 1
    outer loop
      vertex -10.1392 -15.1743 1.2
      vertex -10.1278 -16.8973 1.2
      vertex -9.38237 -15.6535 1.2
    endloop
  endfacet
  facet normal 0 0 1
    outer loop
      vertex -10.9447 -16.38 1.2
      vertex -10.1392 -15.1743 1.2
      vertex -10.8715 -14.6585 1.2
    endloop
  endfacet
  facet normal 0 0 1
    outer loop
      vertex -10.1392 -15.1743 1.2
      vertex -10.9447 -16.38 1.2
      vertex -10.1278 -16.8973 1.2
    endloop
  endfacet
  facet normal 0 0 1
    outer loop
      vertex -11.7353 -15.8232 1.2
      vertex -10.8715 -14.6585 1.2
      vertex -11.5777 -14.1074 1.2
    endloop
  endfacet
  facet normal 0 0 1
    outer loop
      vertex -10.8715 -14.6585 1.2
      vertex -11.7353 -15.8232 1.2
      vertex -10.9447 -16.38 1.2
    endloop
  endfacet
  facet normal 0 0 1
    outer loop
      vertex -12.4975 -15.2283 1.2
      vertex -11.5777 -14.1074 1.2
      vertex -12.2559 -13.5224 1.2
    endloop
  endfacet
  facet normal 0 0 1
    outer loop
      vertex -11.5777 -14.1074 1.2
      vertex -12.4975 -15.2283 1.2
      vertex -11.7353 -15.8232 1.2
    endloop
  endfacet
  facet normal 0 0 1
    outer loop
      vertex -13.2297 -14.5967 1.2
      vertex -12.2559 -13.5224 1.2
      vertex -12.9047 -12.9047 1.2
    endloop
  endfacet
  facet normal 0 0 1
    outer loop
      vertex -12.2559 -13.5224 1.2
      vertex -13.2297 -14.5967 1.2
      vertex -12.4975 -15.2283 1.2
    endloop
  endfacet
  facet normal 0 0 1
    outer loop
      vertex -13.93 -13.93 1.2
      vertex -12.9047 -12.9047 1.2
      vertex -13.5224 -12.2559 1.2
    endloop
  endfacet
  facet normal 0 0 1
    outer loop
      vertex -12.9047 -12.9047 1.2
      vertex -13.93 -13.93 1.2
      vertex -13.2297 -14.5967 1.2
    endloop
  endfacet
  facet normal 0 0 1
    outer loop
      vertex -14.5967 -13.2297 1.2
      vertex -13.5224 -12.2559 1.2
      vertex -14.1074 -11.5777 1.2
    endloop
  endfacet
  facet normal 0 0 1
    outer loop
      vertex -13.5224 -12.2559 1.2
      vertex -14.5967 -13.2297 1.2
      vertex -13.93 -13.93 1.2
    endloop
  endfacet
  facet normal 0 0 1
    outer loop
      vertex -15.2283 -12.4975 1.2
      vertex -14.1074 -11.5777 1.2
      vertex -14.6585 -10.8715 1.2
    endloop
  endfacet
  facet normal 0 0 1
    outer loop
      vertex -15.8232 -11.7353 1.2
      vertex -14.6585 -10.8715 1.2
      vertex -15.1743 -10.1392 1.2
    endloop
  endfacet
  facet normal 0 0 1
    outer loop
      vertex -14.1074 -11.5777 1.2
      vertex -15.2283 -12.4975 1.2
      vertex -14.5967 -13.2297 1.2
    endloop
  endfacet
  facet normal 0 0 1
    outer loop
      vertex -16.38 -10.9447 1.2
      vertex -15.1743 -10.1392 1.2
      vertex -15.6535 -9.38237 1.2
    endloop
  endfacet
  facet normal 0 0 1
    outer loop
      vertex -14.6585 -10.8715 1.2
      vertex -15.8232 -11.7353 1.2
      vertex -15.2283 -12.4975 1.2
    endloop
  endfacet
  facet normal 0 0 1
    outer loop
      vertex -16.8973 -10.1278 1.2
      vertex -15.6535 -9.38237 1.2
      vertex -16.0951 -8.60299 1.2
    endloop
  endfacet
  facet normal 0 0 1
    outer loop
      vertex -15.1743 -10.1392 1.2
      vertex -16.38 -10.9447 1.2
      vertex -15.8232 -11.7353 1.2
    endloop
  endfacet
  facet normal 0 0 1
    outer loop
      vertex -17.3738 -9.28652 1.2
      vertex -16.0951 -8.60299 1.2
      vertex -16.4978 -7.80288 1.2
    endloop
  endfacet
  facet normal 0 0 1
    outer loop
      vertex -17.8086 -8.42283 1.2
      vertex -16.4978 -7.80288 1.2
      vertex -16.8608 -6.98397 1.2
    endloop
  endfacet
  facet normal 0 0 1
    outer loop
      vertex -15.6535 -9.38237 1.2
      vertex -16.8973 -10.1278 1.2
      vertex -16.38 -10.9447 1.2
    endloop
  endfacet
  facet normal 0 0 1
    outer loop
      vertex -18.2004 -7.53886 1.2
      vertex -16.8608 -6.98397 1.2
      vertex -17.1832 -6.14824 1.2
    endloop
  endfacet
  facet normal 0 0 1
    outer loop
      vertex -16.0951 -8.60299 1.2
      vertex -17.3738 -9.28652 1.2
      vertex -16.8973 -10.1278 1.2
    endloop
  endfacet
  facet normal 0 0 1
    outer loop
      vertex -18.5484 -6.63673 1.2
      vertex -17.1832 -6.14824 1.2
      vertex -17.4642 -5.2977 1.2
    endloop
  endfacet
  facet normal 0 0 1
    outer loop
      vertex -18.8517 -5.71861 1.2
      vertex -17.4642 -5.2977 1.2
      vertex -17.7031 -4.43439 1.2
    endloop
  endfacet
  facet normal 0 0 1
    outer loop
      vertex -16.4978 -7.80288 1.2
      vertex -17.8086 -8.42283 1.2
      vertex -17.3738 -9.28652 1.2
    endloop
  endfacet
  facet normal 0 0 1
    outer loop
      vertex -19.1096 -4.78671 1.2
      vertex -17.7031 -4.43439 1.2
      vertex -17.8993 -3.5604 1.2
    endloop
  endfacet
  facet normal 0 0 1
    outer loop
      vertex -19.3215 -3.84328 1.2
      vertex -17.8993 -3.5604 1.2
      vertex -18.0525 -2.67783 1.2
    endloop
  endfacet
  facet normal 0 0 1
    outer loop
      vertex -19.4868 -2.89059 1.2
      vertex -18.0525 -2.67783 1.2
      vertex -18.1621 -1.78881 1.2
    endloop
  endfacet
  facet normal 0 0 1
    outer loop
      vertex -16.8608 -6.98397 1.2
      vertex -18.2004 -7.53886 1.2
      vertex -17.8086 -8.42283 1.2
    endloop
  endfacet
  facet normal 0 0 1
    outer loop
      vertex -19.6051 -1.93094 1.2
      vertex -18.1621 -1.78881 1.2
      vertex -18.228 -0.895485 1.2
    endloop
  endfacet
  facet normal 0 0 1
    outer loop
      vertex -19.6763 -0.966633 1.2
      vertex -18.228 -0.895485 1.2
      vertex -18.25 0 1.2
    endloop
  endfacet
  facet normal -0 0 1
    outer loop
      vertex -19.4868 2.89059 1.2
      vertex -18.0525 2.67783 1.2
      vertex -19.3215 3.84328 1.2
    endloop
  endfacet
  facet normal 0 0 1
    outer loop
      vertex -17.1832 -6.14824 1.2
      vertex -18.5484 -6.63673 1.2
      vertex -18.2004 -7.53886 1.2
    endloop
  endfacet
  facet normal 0 0 1
    outer loop
      vertex -18.0525 2.67783 1.2
      vertex -19.4868 2.89059 1.2
      vertex -18.1621 1.78881 1.2
    endloop
  endfacet
  facet normal 0 0 1
    outer loop
      vertex -17.4642 -5.2977 1.2
      vertex -18.8517 -5.71861 1.2
      vertex -18.5484 -6.63673 1.2
    endloop
  endfacet
  facet normal -0 0 1
    outer loop
      vertex -19.6051 1.93094 1.2
      vertex -18.1621 1.78881 1.2
      vertex -19.4868 2.89059 1.2
    endloop
  endfacet
  facet normal 0 0 1
    outer loop
      vertex -17.7031 -4.43439 1.2
      vertex -19.1096 -4.78671 1.2
      vertex -18.8517 -5.71861 1.2
    endloop
  endfacet
  facet normal 0 0 1
    outer loop
      vertex -18.1621 1.78881 1.2
      vertex -19.6051 1.93094 1.2
      vertex -18.228 0.895485 1.2
    endloop
  endfacet
  facet normal 0 0 1
    outer loop
      vertex -17.8993 -3.5604 1.2
      vertex -19.3215 -3.84328 1.2
      vertex -19.1096 -4.78671 1.2
    endloop
  endfacet
  facet normal -0 0 1
    outer loop
      vertex -19.6763 0.966633 1.2
      vertex -18.228 0.895485 1.2
      vertex -19.6051 1.93094 1.2
    endloop
  endfacet
  facet normal 0 0 1
    outer loop
      vertex -18.0525 -2.67783 1.2
      vertex -19.4868 -2.89059 1.2
      vertex -19.3215 -3.84328 1.2
    endloop
  endfacet
  facet normal 0 0 1
    outer loop
      vertex -18.228 0.895485 1.2
      vertex -19.6763 0.966633 1.2
      vertex -18.25 0 1.2
    endloop
  endfacet
  facet normal 0 0 1
    outer loop
      vertex -18.1621 -1.78881 1.2
      vertex -19.6051 -1.93094 1.2
      vertex -19.4868 -2.89059 1.2
    endloop
  endfacet
  facet normal 0 0 1
    outer loop
      vertex -19.7 0 1.2
      vertex -18.25 0 1.2
      vertex -19.6763 0.966633 1.2
    endloop
  endfacet
  facet normal 0 0 1
    outer loop
      vertex -18.228 -0.895485 1.2
      vertex -19.6763 -0.966633 1.2
      vertex -19.6051 -1.93094 1.2
    endloop
  endfacet
  facet normal 0 0 1
    outer loop
      vertex -18.25 0 1.2
      vertex -19.7 0 1.2
      vertex -19.6763 -0.966633 1.2
    endloop
  endfacet
  facet normal 0.870122 0.492836 -2.35551e-17
    outer loop
      vertex -16.8973 -10.1278 2.4
      vertex -17.3738 -9.28652 1.2
      vertex -17.3738 -9.28652 2.4
    endloop
  endfacet
  facet normal 0.870122 0.492836 -2.35551e-17
    outer loop
      vertex -17.3738 -9.28652 1.2
      vertex -16.8973 -10.1278 2.4
      vertex -16.8973 -10.1278 1.2
    endloop
  endfacet
  facet normal -0.757209 0.653173 -1.31137e-17
    outer loop
      vertex 14.5967 -13.2297 1.2
      vertex 15.2283 -12.4975 2.4
      vertex 15.2283 -12.4975 1.2
    endloop
  endfacet
  facet normal -0.757209 0.653173 -1.31137e-17
    outer loop
      vertex 15.2283 -12.4975 2.4
      vertex 14.5967 -13.2297 1.2
      vertex 14.5967 -13.2297 2.4
    endloop
  endfacet
  facet normal 0.975692 -0.219146 2.79254e-18
    outer loop
      vertex -19.3215 3.84328 2.4
      vertex -19.1096 4.78671 1.2
      vertex -19.1096 4.78671 2.4
    endloop
  endfacet
  facet normal 0.975692 -0.219146 2.79254e-18
    outer loop
      vertex -19.1096 4.78671 1.2
      vertex -19.3215 3.84328 2.4
      vertex -19.3215 3.84328 1.2
    endloop
  endfacet
  facet normal -0.575806 -0.817586 0
    outer loop
      vertex 10.9447 16.38 1.2
      vertex 11.7353 15.8232 2.4
      vertex 10.9447 16.38 2.4
    endloop
  endfacet
  facet normal -0.575806 -0.817586 -0
    outer loop
      vertex 11.7353 15.8232 2.4
      vertex 10.9447 16.38 1.2
      vertex 11.7353 15.8232 1.2
    endloop
  endfacet
  facet normal 0.689518 0.724268 -0
    outer loop
      vertex -13.2297 -14.5967 1.2
      vertex -13.93 -13.93 2.4
      vertex -13.2297 -14.5967 2.4
    endloop
  endfacet
  facet normal 0.689518 0.724268 0
    outer loop
      vertex -13.93 -13.93 2.4
      vertex -13.2297 -14.5967 1.2
      vertex -13.93 -13.93 1.2
    endloop
  endfacet
  facet normal -0.975692 -0.219146 -2.79254e-18
    outer loop
      vertex 19.3215 3.84328 1.2
      vertex 19.1096 4.78671 2.4
      vertex 19.1096 4.78671 1.2
    endloop
  endfacet
  facet normal -0.975692 -0.219146 -2.79254e-18
    outer loop
      vertex 19.1096 4.78671 2.4
      vertex 19.3215 3.84328 1.2
      vertex 19.3215 3.84328 2.4
    endloop
  endfacet
  facet normal -0.78831 0.615279 -7.9725e-18
    outer loop
      vertex 15.2283 -12.4975 1.2
      vertex 15.8232 -11.7353 2.4
      vertex 15.8232 -11.7353 1.2
    endloop
  endfacet
  facet normal -0.78831 0.615279 -7.9725e-18
    outer loop
      vertex 15.8232 -11.7353 2.4
      vertex 15.2283 -12.4975 1.2
      vertex 15.2283 -12.4975 2.4
    endloop
  endfacet
  facet normal 0.122348 -0.992487 0
    outer loop
      vertex -2.89059 19.4868 1.2
      vertex -1.93094 19.6051 2.4
      vertex -2.89059 19.4868 2.4
    endloop
  endfacet
  facet normal 0.122348 -0.992487 0
    outer loop
      vertex -1.93094 19.6051 2.4
      vertex -2.89059 19.4868 1.2
      vertex -1.93094 19.6051 1.2
    endloop
  endfacet
  facet normal -0.313676 0.94953 0
    outer loop
      vertex 6.63673 -18.5484 1.2
      vertex 5.71861 -18.8517 2.4
      vertex 6.63673 -18.5484 2.4
    endloop
  endfacet
  facet normal -0.313676 0.94953 0
    outer loop
      vertex 5.71861 -18.8517 2.4
      vertex 6.63673 -18.5484 1.2
      vertex 5.71861 -18.8517 1.2
    endloop
  endfacet
  facet normal -0.975692 0.219146 2.79254e-18
    outer loop
      vertex 19.1096 -4.78671 1.2
      vertex 19.3215 -3.84328 2.4
      vertex 19.3215 -3.84328 1.2
    endloop
  endfacet
  facet normal -0.975692 0.219146 2.79254e-18
    outer loop
      vertex 19.3215 -3.84328 2.4
      vertex 19.1096 -4.78671 1.2
      vertex 19.1096 -4.78671 2.4
    endloop
  endfacet
  facet normal 0.975692 0.219146 -2.79254e-18
    outer loop
      vertex -19.1096 -4.78671 2.4
      vertex -19.3215 -3.84328 1.2
      vertex -19.3215 -3.84328 2.4
    endloop
  endfacet
  facet normal 0.975692 0.219146 -2.79254e-18
    outer loop
      vertex -19.3215 -3.84328 1.2
      vertex -19.1096 -4.78671 2.4
      vertex -19.1096 -4.78671 1.2
    endloop
  endfacet
  facet normal 0.724268 -0.689518 2.3817e-17
    outer loop
      vertex -14.5967 13.2297 2.4
      vertex -13.93 13.93 1.2
      vertex -13.93 13.93 2.4
    endloop
  endfacet
  facet normal 0.724268 -0.689518 2.3817e-17
    outer loop
      vertex -13.93 13.93 1.2
      vertex -14.5967 13.2297 2.4
      vertex -14.5967 13.2297 1.2
    endloop
  endfacet
  facet normal -0.9997 0.0245107 -8.2101e-19
    outer loop
      vertex 19.6763 -0.966633 1.2
      vertex 19.7 0 2.4
      vertex 19.7 0 1.2
    endloop
  endfacet
  facet normal -0.9997 0.0245107 -8.2101e-19
    outer loop
      vertex 19.7 0 2.4
      vertex 19.6763 -0.966633 1.2
      vertex 19.6763 -0.966633 2.4
    endloop
  endfacet
  facet normal -0.997285 0.073635 -2.60535e-18
    outer loop
      vertex 19.6051 -1.93094 1.2
      vertex 19.6763 -0.966633 2.4
      vertex 19.6763 -0.966633 1.2
    endloop
  endfacet
  facet normal -0.997285 0.073635 -2.60535e-18
    outer loop
      vertex 19.6763 -0.966633 2.4
      vertex 19.6051 -1.93094 1.2
      vertex 19.6051 -1.93094 2.4
    endloop
  endfacet
  facet normal -0.985279 -0.170954 -3.10782e-18
    outer loop
      vertex 19.4868 2.89059 1.2
      vertex 19.3215 3.84328 2.4
      vertex 19.3215 3.84328 1.2
    endloop
  endfacet
  facet normal -0.985279 -0.170954 -3.10782e-18
    outer loop
      vertex 19.3215 3.84328 2.4
      vertex 19.4868 2.89059 1.2
      vertex 19.4868 2.89059 2.4
    endloop
  endfacet
  facet normal 0.615279 0.78831 -0
    outer loop
      vertex -11.7353 -15.8232 1.2
      vertex -12.4975 -15.2283 2.4
      vertex -11.7353 -15.8232 2.4
    endloop
  endfacet
  facet normal 0.615279 0.78831 0
    outer loop
      vertex -12.4975 -15.2283 2.4
      vertex -11.7353 -15.8232 1.2
      vertex -12.4975 -15.2283 1.2
    endloop
  endfacet
  facet normal 0.073635 0.997285 -0
    outer loop
      vertex -0.966633 -19.6763 1.2
      vertex -1.93094 -19.6051 2.4
      vertex -0.966633 -19.6763 2.4
    endloop
  endfacet
  facet normal 0.073635 0.997285 0
    outer loop
      vertex -1.93094 -19.6051 2.4
      vertex -0.966633 -19.6763 1.2
      vertex -1.93094 -19.6051 1.2
    endloop
  endfacet
  facet normal 0.914224 -0.405209 -9.83359e-18
    outer loop
      vertex -18.2004 7.53886 2.4
      vertex -17.8086 8.42283 1.2
      vertex -17.8086 8.42283 2.4
    endloop
  endfacet
  facet normal 0.914224 -0.405209 -9.83359e-18
    outer loop
      vertex -17.8086 8.42283 1.2
      vertex -18.2004 7.53886 2.4
      vertex -18.2004 7.53886 1.2
    endloop
  endfacet
  facet normal 0.9997 -0.0245107 -8.2101e-19
    outer loop
      vertex -19.7 0 2.4
      vertex -19.6763 0.966633 1.2
      vertex -19.6763 0.966633 2.4
    endloop
  endfacet
  facet normal 0.9997 -0.0245107 -8.2101e-19
    outer loop
      vertex -19.6763 0.966633 1.2
      vertex -19.7 0 2.4
      vertex -19.7 0 1.2
    endloop
  endfacet
  facet normal -0.94953 -0.313676 2.16082e-17
    outer loop
      vertex 18.8517 5.71861 1.2
      vertex 18.5484 6.63673 2.4
      vertex 18.5484 6.63673 1.2
    endloop
  endfacet
  facet normal -0.94953 -0.313676 2.16082e-17
    outer loop
      vertex 18.5484 6.63673 2.4
      vertex 18.8517 5.71861 1.2
      vertex 18.8517 5.71861 2.4
    endloop
  endfacet
  facet normal 0.992487 -0.122348 -4.81123e-18
    outer loop
      vertex -19.6051 1.93094 2.4
      vertex -19.4868 2.89059 1.2
      vertex -19.4868 2.89059 2.4
    endloop
  endfacet
  facet normal 0.992487 -0.122348 -4.81123e-18
    outer loop
      vertex -19.4868 2.89059 1.2
      vertex -19.6051 1.93094 2.4
      vertex -19.6051 1.93094 1.2
    endloop
  endfacet
  facet normal -0.615279 0.78831 0
    outer loop
      vertex 12.4975 -15.2283 1.2
      vertex 11.7353 -15.8232 2.4
      vertex 12.4975 -15.2283 2.4
    endloop
  endfacet
  facet normal -0.615279 0.78831 0
    outer loop
      vertex 11.7353 -15.8232 2.4
      vertex 12.4975 -15.2283 1.2
      vertex 11.7353 -15.8232 1.2
    endloop
  endfacet
  facet normal 0.313676 -0.94953 0
    outer loop
      vertex -6.63673 18.5484 1.2
      vertex -5.71861 18.8517 2.4
      vertex -6.63673 18.5484 2.4
    endloop
  endfacet
  facet normal 0.313676 -0.94953 0
    outer loop
      vertex -5.71861 18.8517 2.4
      vertex -6.63673 18.5484 1.2
      vertex -5.71861 18.8517 1.2
    endloop
  endfacet
  facet normal -0.266721 0.963774 0
    outer loop
      vertex 5.71861 -18.8517 1.2
      vertex 4.78671 -19.1096 2.4
      vertex 5.71861 -18.8517 2.4
    endloop
  endfacet
  facet normal -0.266721 0.963774 0
    outer loop
      vertex 4.78671 -19.1096 2.4
      vertex 5.71861 -18.8517 1.2
      vertex 4.78671 -19.1096 1.2
    endloop
  endfacet
  facet normal -0.844852 -0.535 2.27643e-17
    outer loop
      vertex 16.8973 10.1278 1.2
      vertex 16.38 10.9447 2.4
      vertex 16.38 10.9447 1.2
    endloop
  endfacet
  facet normal -0.844852 -0.535 2.27643e-17
    outer loop
      vertex 16.38 10.9447 2.4
      vertex 16.8973 10.1278 1.2
      vertex 16.8973 10.1278 2.4
    endloop
  endfacet
  facet normal -0.963774 0.266721 2.09413e-18
    outer loop
      vertex 18.8517 -5.71861 1.2
      vertex 19.1096 -4.78671 2.4
      vertex 19.1096 -4.78671 1.2
    endloop
  endfacet
  facet normal -0.963774 0.266721 2.09413e-18
    outer loop
      vertex 19.1096 -4.78671 2.4
      vertex 18.8517 -5.71861 1.2
      vertex 18.8517 -5.71861 2.4
    endloop
  endfacet
  facet normal -0.963774 -0.266721 -2.09413e-18
    outer loop
      vertex 19.1096 4.78671 1.2
      vertex 18.8517 5.71861 2.4
      vertex 18.8517 5.71861 1.2
    endloop
  endfacet
  facet normal -0.963774 -0.266721 -2.09413e-18
    outer loop
      vertex 18.8517 5.71861 2.4
      vertex 19.1096 4.78671 1.2
      vertex 19.1096 4.78671 2.4
    endloop
  endfacet
  facet normal -0.870122 -0.492836 -2.35551e-17
    outer loop
      vertex 17.3738 9.28652 1.2
      vertex 16.8973 10.1278 2.4
      vertex 16.8973 10.1278 1.2
    endloop
  endfacet
  facet normal -0.870122 -0.492836 -2.35551e-17
    outer loop
      vertex 16.8973 10.1278 2.4
      vertex 17.3738 9.28652 1.2
      vertex 17.3738 9.28652 2.4
    endloop
  endfacet
  facet normal -0.992487 0.122348 -4.81123e-18
    outer loop
      vertex 19.4868 -2.89059 1.2
      vertex 19.6051 -1.93094 2.4
      vertex 19.6051 -1.93094 1.2
    endloop
  endfacet
  facet normal -0.992487 0.122348 -4.81123e-18
    outer loop
      vertex 19.6051 -1.93094 2.4
      vertex 19.4868 -2.89059 1.2
      vertex 19.4868 -2.89059 2.4
    endloop
  endfacet
  facet normal -0.615279 -0.78831 0
    outer loop
      vertex 11.7353 15.8232 1.2
      vertex 12.4975 15.2283 2.4
      vertex 11.7353 15.8232 2.4
    endloop
  endfacet
  facet normal -0.615279 -0.78831 -0
    outer loop
      vertex 12.4975 15.2283 2.4
      vertex 11.7353 15.8232 1.2
      vertex 12.4975 15.2283 1.2
    endloop
  endfacet
  facet normal 0.405209 -0.914224 0
    outer loop
      vertex -8.42283 17.8086 1.2
      vertex -7.53886 18.2004 2.4
      vertex -8.42283 17.8086 2.4
    endloop
  endfacet
  facet normal 0.405209 -0.914224 0
    outer loop
      vertex -7.53886 18.2004 2.4
      vertex -8.42283 17.8086 1.2
      vertex -7.53886 18.2004 1.2
    endloop
  endfacet
  facet normal -0.932989 -0.359904 1.16609e-17
    outer loop
      vertex 18.5484 6.63673 1.2
      vertex 18.2004 7.53886 2.4
      vertex 18.2004 7.53886 1.2
    endloop
  endfacet
  facet normal -0.932989 -0.359904 1.16609e-17
    outer loop
      vertex 18.2004 7.53886 2.4
      vertex 18.5484 6.63673 1.2
      vertex 18.5484 6.63673 2.4
    endloop
  endfacet
  facet normal -0.535 -0.844852 0
    outer loop
      vertex 10.1278 16.8973 1.2
      vertex 10.9447 16.38 2.4
      vertex 10.1278 16.8973 2.4
    endloop
  endfacet
  facet normal -0.535 -0.844852 -0
    outer loop
      vertex 10.9447 16.38 2.4
      vertex 10.1278 16.8973 1.2
      vertex 10.9447 16.38 1.2
    endloop
  endfacet
  facet normal 0.757209 -0.653173 -1.31137e-17
    outer loop
      vertex -15.2283 12.4975 2.4
      vertex -14.5967 13.2297 1.2
      vertex -14.5967 13.2297 2.4
    endloop
  endfacet
  facet normal 0.757209 -0.653173 -1.31137e-17
    outer loop
      vertex -14.5967 13.2297 1.2
      vertex -15.2283 12.4975 2.4
      vertex -15.2283 12.4975 1.2
    endloop
  endfacet
  facet normal -0.073635 -0.997285 0
    outer loop
      vertex 0.966633 19.6763 1.2
      vertex 1.93094 19.6051 2.4
      vertex 0.966633 19.6763 2.4
    endloop
  endfacet
  facet normal -0.073635 -0.997285 -0
    outer loop
      vertex 1.93094 19.6051 2.4
      vertex 0.966633 19.6763 1.2
      vertex 1.93094 19.6051 1.2
    endloop
  endfacet
  facet normal 0.9997 0.0245107 8.2101e-19
    outer loop
      vertex -19.6763 -0.966633 2.4
      vertex -19.7 0 1.2
      vertex -19.7 0 2.4
    endloop
  endfacet
  facet normal 0.9997 0.0245107 8.2101e-19
    outer loop
      vertex -19.7 0 1.2
      vertex -19.6763 -0.966633 2.4
      vertex -19.6763 -0.966633 1.2
    endloop
  endfacet
  facet normal -0.575806 0.817586 0
    outer loop
      vertex 11.7353 -15.8232 1.2
      vertex 10.9447 -16.38 2.4
      vertex 11.7353 -15.8232 2.4
    endloop
  endfacet
  facet normal -0.575806 0.817586 0
    outer loop
      vertex 10.9447 -16.38 2.4
      vertex 11.7353 -15.8232 1.2
      vertex 10.9447 -16.38 1.2
    endloop
  endfacet
  facet normal 0.170954 0.985279 -0
    outer loop
      vertex -2.89059 -19.4868 1.2
      vertex -3.84328 -19.3215 2.4
      vertex -2.89059 -19.4868 2.4
    endloop
  endfacet
  facet normal 0.170954 0.985279 0
    outer loop
      vertex -3.84328 -19.3215 2.4
      vertex -2.89059 -19.4868 1.2
      vertex -3.84328 -19.3215 1.2
    endloop
  endfacet
  facet normal 0.170954 -0.985279 0
    outer loop
      vertex -3.84328 19.3215 1.2
      vertex -2.89059 19.4868 2.4
      vertex -3.84328 19.3215 2.4
    endloop
  endfacet
  facet normal 0.170954 -0.985279 0
    outer loop
      vertex -2.89059 19.4868 2.4
      vertex -3.84328 19.3215 1.2
      vertex -2.89059 19.4868 1.2
    endloop
  endfacet
  facet normal -0.689518 -0.724268 0
    outer loop
      vertex 13.2297 14.5967 1.2
      vertex 13.93 13.93 2.4
      vertex 13.2297 14.5967 2.4
    endloop
  endfacet
  facet normal -0.689518 -0.724268 -0
    outer loop
      vertex 13.93 13.93 2.4
      vertex 13.2297 14.5967 1.2
      vertex 13.93 13.93 1.2
    endloop
  endfacet
  facet normal 0.653173 -0.757209 0
    outer loop
      vertex -13.2297 14.5967 1.2
      vertex -12.4975 15.2283 2.4
      vertex -13.2297 14.5967 2.4
    endloop
  endfacet
  facet normal 0.653173 -0.757209 0
    outer loop
      vertex -12.4975 15.2283 2.4
      vertex -13.2297 14.5967 1.2
      vertex -12.4975 15.2283 1.2
    endloop
  endfacet
  facet normal 0.94953 0.313676 2.16082e-17
    outer loop
      vertex -18.5484 -6.63673 2.4
      vertex -18.8517 -5.71861 1.2
      vertex -18.8517 -5.71861 2.4
    endloop
  endfacet
  facet normal 0.94953 0.313676 2.16082e-17
    outer loop
      vertex -18.8517 -5.71861 1.2
      vertex -18.5484 -6.63673 2.4
      vertex -18.5484 -6.63673 1.2
    endloop
  endfacet
  facet normal -0.219146 0.975692 0
    outer loop
      vertex 4.78671 -19.1096 1.2
      vertex 3.84328 -19.3215 2.4
      vertex 4.78671 -19.1096 2.4
    endloop
  endfacet
  facet normal -0.219146 0.975692 0
    outer loop
      vertex 3.84328 -19.3215 2.4
      vertex 4.78671 -19.1096 1.2
      vertex 3.84328 -19.3215 1.2
    endloop
  endfacet
  facet normal -0.122348 -0.992487 0
    outer loop
      vertex 1.93094 19.6051 1.2
      vertex 2.89059 19.4868 2.4
      vertex 1.93094 19.6051 2.4
    endloop
  endfacet
  facet normal -0.122348 -0.992487 -0
    outer loop
      vertex 2.89059 19.4868 2.4
      vertex 1.93094 19.6051 1.2
      vertex 2.89059 19.4868 1.2
    endloop
  endfacet
  facet normal -0.78831 -0.615279 7.9725e-18
    outer loop
      vertex 15.8232 11.7353 1.2
      vertex 15.2283 12.4975 2.4
      vertex 15.2283 12.4975 1.2
    endloop
  endfacet
  facet normal -0.78831 -0.615279 7.9725e-18
    outer loop
      vertex 15.2283 12.4975 2.4
      vertex 15.8232 11.7353 1.2
      vertex 15.8232 11.7353 2.4
    endloop
  endfacet
  facet normal 0.073635 -0.997285 0
    outer loop
      vertex -1.93094 19.6051 1.2
      vertex -0.966633 19.6763 2.4
      vertex -1.93094 19.6051 2.4
    endloop
  endfacet
  facet normal 0.073635 -0.997285 0
    outer loop
      vertex -0.966633 19.6763 2.4
      vertex -1.93094 19.6051 1.2
      vertex -0.966633 19.6763 1.2
    endloop
  endfacet
  facet normal 0.575806 0.817586 -0
    outer loop
      vertex -10.9447 -16.38 1.2
      vertex -11.7353 -15.8232 2.4
      vertex -10.9447 -16.38 2.4
    endloop
  endfacet
  facet normal 0.575806 0.817586 0
    outer loop
      vertex -11.7353 -15.8232 2.4
      vertex -10.9447 -16.38 1.2
      vertex -11.7353 -15.8232 1.2
    endloop
  endfacet
  facet normal -0.313676 -0.94953 0
    outer loop
      vertex 5.71861 18.8517 1.2
      vertex 6.63673 18.5484 2.4
      vertex 5.71861 18.8517 2.4
    endloop
  endfacet
  facet normal -0.313676 -0.94953 -0
    outer loop
      vertex 6.63673 18.5484 2.4
      vertex 5.71861 18.8517 1.2
      vertex 6.63673 18.5484 1.2
    endloop
  endfacet
  facet normal 0.575806 -0.817586 0
    outer loop
      vertex -11.7353 15.8232 1.2
      vertex -10.9447 16.38 2.4
      vertex -11.7353 15.8232 2.4
    endloop
  endfacet
  facet normal 0.575806 -0.817586 0
    outer loop
      vertex -10.9447 16.38 2.4
      vertex -11.7353 15.8232 1.2
      vertex -10.9447 16.38 1.2
    endloop
  endfacet
  facet normal -0.757209 -0.653173 1.31137e-17
    outer loop
      vertex 15.2283 12.4975 1.2
      vertex 14.5967 13.2297 2.4
      vertex 14.5967 13.2297 1.2
    endloop
  endfacet
  facet normal -0.757209 -0.653173 1.31137e-17
    outer loop
      vertex 14.5967 13.2297 2.4
      vertex 15.2283 12.4975 1.2
      vertex 15.2283 12.4975 2.4
    endloop
  endfacet
  facet normal 0.405209 0.914224 -0
    outer loop
      vertex -7.53886 -18.2004 1.2
      vertex -8.42283 -17.8086 2.4
      vertex -7.53886 -18.2004 2.4
    endloop
  endfacet
  facet normal 0.405209 0.914224 0
    outer loop
      vertex -8.42283 -17.8086 2.4
      vertex -7.53886 -18.2004 1.2
      vertex -8.42283 -17.8086 1.2
    endloop
  endfacet
  facet normal 0.757209 0.653173 1.31137e-17
    outer loop
      vertex -14.5967 -13.2297 2.4
      vertex -15.2283 -12.4975 1.2
      vertex -15.2283 -12.4975 2.4
    endloop
  endfacet
  facet normal 0.757209 0.653173 1.31137e-17
    outer loop
      vertex -15.2283 -12.4975 1.2
      vertex -14.5967 -13.2297 2.4
      vertex -14.5967 -13.2297 1.2
    endloop
  endfacet
  facet normal 0.992487 0.122348 4.81123e-18
    outer loop
      vertex -19.4868 -2.89059 2.4
      vertex -19.6051 -1.93094 1.2
      vertex -19.6051 -1.93094 2.4
    endloop
  endfacet
  facet normal 0.992487 0.122348 4.81123e-18
    outer loop
      vertex -19.6051 -1.93094 1.2
      vertex -19.4868 -2.89059 2.4
      vertex -19.4868 -2.89059 1.2
    endloop
  endfacet
  facet normal 0.653173 0.757209 -0
    outer loop
      vertex -12.4975 -15.2283 1.2
      vertex -13.2297 -14.5967 2.4
      vertex -12.4975 -15.2283 2.4
    endloop
  endfacet
  facet normal 0.653173 0.757209 0
    outer loop
      vertex -13.2297 -14.5967 2.4
      vertex -12.4975 -15.2283 1.2
      vertex -13.2297 -14.5967 1.2
    endloop
  endfacet
  facet normal 0.963774 -0.266721 2.09413e-18
    outer loop
      vertex -19.1096 4.78671 2.4
      vertex -18.8517 5.71861 1.2
      vertex -18.8517 5.71861 2.4
    endloop
  endfacet
  facet normal 0.963774 -0.266721 2.09413e-18
    outer loop
      vertex -18.8517 5.71861 1.2
      vertex -19.1096 4.78671 2.4
      vertex -19.1096 4.78671 1.2
    endloop
  endfacet
  facet normal 0.535 -0.844852 0
    outer loop
      vertex -10.9447 16.38 1.2
      vertex -10.1278 16.8973 2.4
      vertex -10.9447 16.38 2.4
    endloop
  endfacet
  facet normal 0.535 -0.844852 0
    outer loop
      vertex -10.1278 16.8973 2.4
      vertex -10.9447 16.38 1.2
      vertex -10.1278 16.8973 1.2
    endloop
  endfacet
  facet normal 0.449657 -0.893201 0
    outer loop
      vertex -9.28652 17.3738 1.2
      vertex -8.42283 17.8086 2.4
      vertex -9.28652 17.3738 2.4
    endloop
  endfacet
  facet normal 0.449657 -0.893201 0
    outer loop
      vertex -8.42283 17.8086 2.4
      vertex -9.28652 17.3738 1.2
      vertex -8.42283 17.8086 1.2
    endloop
  endfacet
  facet normal -0.170954 -0.985279 0
    outer loop
      vertex 2.89059 19.4868 1.2
      vertex 3.84328 19.3215 2.4
      vertex 2.89059 19.4868 2.4
    endloop
  endfacet
  facet normal -0.170954 -0.985279 -0
    outer loop
      vertex 3.84328 19.3215 2.4
      vertex 2.89059 19.4868 1.2
      vertex 3.84328 19.3215 1.2
    endloop
  endfacet
  facet normal 0.985279 0.170954 -3.10782e-18
    outer loop
      vertex -19.3215 -3.84328 2.4
      vertex -19.4868 -2.89059 1.2
      vertex -19.4868 -2.89059 2.4
    endloop
  endfacet
  facet normal 0.985279 0.170954 -3.10782e-18
    outer loop
      vertex -19.4868 -2.89059 1.2
      vertex -19.3215 -3.84328 2.4
      vertex -19.3215 -3.84328 1.2
    endloop
  endfacet
  facet normal 0.870122 -0.492836 2.35551e-17
    outer loop
      vertex -17.3738 9.28652 2.4
      vertex -16.8973 10.1278 1.2
      vertex -16.8973 10.1278 2.4
    endloop
  endfacet
  facet normal 0.870122 -0.492836 2.35551e-17
    outer loop
      vertex -16.8973 10.1278 1.2
      vertex -17.3738 9.28652 2.4
      vertex -17.3738 9.28652 1.2
    endloop
  endfacet
  facet normal 0.492836 0.870122 -0
    outer loop
      vertex -9.28652 -17.3738 1.2
      vertex -10.1278 -16.8973 2.4
      vertex -9.28652 -17.3738 2.4
    endloop
  endfacet
  facet normal 0.492836 0.870122 0
    outer loop
      vertex -10.1278 -16.8973 2.4
      vertex -9.28652 -17.3738 1.2
      vertex -10.1278 -16.8973 1.2
    endloop
  endfacet
  facet normal 0.817586 -0.575806 -6.31766e-18
    outer loop
      vertex -16.38 10.9447 2.4
      vertex -15.8232 11.7353 1.2
      vertex -15.8232 11.7353 2.4
    endloop
  endfacet
  facet normal 0.817586 -0.575806 -6.31766e-18
    outer loop
      vertex -15.8232 11.7353 1.2
      vertex -16.38 10.9447 2.4
      vertex -16.38 10.9447 1.2
    endloop
  endfacet
  facet normal -0.893201 0.449657 1.02193e-17
    outer loop
      vertex 17.3738 -9.28652 1.2
      vertex 17.8086 -8.42283 2.4
      vertex 17.8086 -8.42283 1.2
    endloop
  endfacet
  facet normal -0.893201 0.449657 1.02193e-17
    outer loop
      vertex 17.8086 -8.42283 2.4
      vertex 17.3738 -9.28652 1.2
      vertex 17.3738 -9.28652 2.4
    endloop
  endfacet
  facet normal -0.449657 0.893201 0
    outer loop
      vertex 9.28652 -17.3738 1.2
      vertex 8.42283 -17.8086 2.4
      vertex 9.28652 -17.3738 2.4
    endloop
  endfacet
  facet normal -0.449657 0.893201 0
    outer loop
      vertex 8.42283 -17.8086 2.4
      vertex 9.28652 -17.3738 1.2
      vertex 8.42283 -17.8086 1.2
    endloop
  endfacet
  facet normal -0.449657 -0.893201 0
    outer loop
      vertex 8.42283 17.8086 1.2
      vertex 9.28652 17.3738 2.4
      vertex 8.42283 17.8086 2.4
    endloop
  endfacet
  facet normal -0.449657 -0.893201 -0
    outer loop
      vertex 9.28652 17.3738 2.4
      vertex 8.42283 17.8086 1.2
      vertex 9.28652 17.3738 1.2
    endloop
  endfacet
  facet normal -0.0245107 -0.9997 0
    outer loop
      vertex 0 19.7 1.2
      vertex 0.966633 19.6763 2.4
      vertex 0 19.7 2.4
    endloop
  endfacet
  facet normal -0.0245107 -0.9997 -0
    outer loop
      vertex 0.966633 19.6763 2.4
      vertex 0 19.7 1.2
      vertex 0.966633 19.6763 1.2
    endloop
  endfacet
  facet normal 0.0245107 -0.9997 0
    outer loop
      vertex -0.966633 19.6763 1.2
      vertex 0 19.7 2.4
      vertex -0.966633 19.6763 2.4
    endloop
  endfacet
  facet normal 0.0245107 -0.9997 0
    outer loop
      vertex 0 19.7 2.4
      vertex -0.966633 19.6763 1.2
      vertex 0 19.7 1.2
    endloop
  endfacet
  facet normal -0.844852 0.535 -2.27643e-17
    outer loop
      vertex 16.38 -10.9447 1.2
      vertex 16.8973 -10.1278 2.4
      vertex 16.8973 -10.1278 1.2
    endloop
  endfacet
  facet normal -0.844852 0.535 -2.27643e-17
    outer loop
      vertex 16.8973 -10.1278 2.4
      vertex 16.38 -10.9447 1.2
      vertex 16.38 -10.9447 2.4
    endloop
  endfacet
  facet normal 0.449657 0.893201 -0
    outer loop
      vertex -8.42283 -17.8086 1.2
      vertex -9.28652 -17.3738 2.4
      vertex -8.42283 -17.8086 2.4
    endloop
  endfacet
  facet normal 0.449657 0.893201 0
    outer loop
      vertex -9.28652 -17.3738 2.4
      vertex -8.42283 -17.8086 1.2
      vertex -9.28652 -17.3738 1.2
    endloop
  endfacet
  facet normal 0 0 -1
    outer loop
      vertex 18.25 0 2.4
      vertex 19.7 0 2.4
      vertex 19.6763 -0.966633 2.4
    endloop
  endfacet
  facet normal 0 0 -1
    outer loop
      vertex 18.228 -0.895485 2.4
      vertex 19.6763 -0.966633 2.4
      vertex 19.6051 -1.93094 2.4
    endloop
  endfacet
  facet normal 0 0 -1
    outer loop
      vertex 19.7 0 2.4
      vertex 18.25 0 2.4
      vertex 19.6763 0.966633 2.4
    endloop
  endfacet
  facet normal 0 0 -1
    outer loop
      vertex 18.1621 -1.78881 2.4
      vertex 19.6051 -1.93094 2.4
      vertex 19.4868 -2.89059 2.4
    endloop
  endfacet
  facet normal 0 0 -1
    outer loop
      vertex 18.228 0.895485 2.4
      vertex 19.6763 0.966633 2.4
      vertex 18.25 0 2.4
    endloop
  endfacet
  facet normal 0 0 -1
    outer loop
      vertex 18.0525 -2.67783 2.4
      vertex 19.4868 -2.89059 2.4
      vertex 19.3215 -3.84328 2.4
    endloop
  endfacet
  facet normal -0 0 -1
    outer loop
      vertex 19.6763 0.966633 2.4
      vertex 18.228 0.895485 2.4
      vertex 19.6051 1.93094 2.4
    endloop
  endfacet
  facet normal 0 0 -1
    outer loop
      vertex 17.8993 -3.5604 2.4
      vertex 19.3215 -3.84328 2.4
      vertex 19.1096 -4.78671 2.4
    endloop
  endfacet
  facet normal 0 0 -1
    outer loop
      vertex 18.1621 1.78881 2.4
      vertex 19.6051 1.93094 2.4
      vertex 18.228 0.895485 2.4
    endloop
  endfacet
  facet normal 0 0 -1
    outer loop
      vertex 17.7031 -4.43439 2.4
      vertex 19.1096 -4.78671 2.4
      vertex 18.8517 -5.71861 2.4
    endloop
  endfacet
  facet normal -0 0 -1
    outer loop
      vertex 19.6051 1.93094 2.4
      vertex 18.1621 1.78881 2.4
      vertex 19.4868 2.89059 2.4
    endloop
  endfacet
  facet normal 0 0 -1
    outer loop
      vertex 17.4642 -5.2977 2.4
      vertex 18.8517 -5.71861 2.4
      vertex 18.5484 -6.63673 2.4
    endloop
  endfacet
  facet normal 0 0 -1
    outer loop
      vertex 18.0525 2.67783 2.4
      vertex 19.4868 2.89059 2.4
      vertex 18.1621 1.78881 2.4
    endloop
  endfacet
  facet normal -0 0 -1
    outer loop
      vertex 19.4868 2.89059 2.4
      vertex 18.0525 2.67783 2.4
      vertex 19.3215 3.84328 2.4
    endloop
  endfacet
  facet normal 0 0 -1
    outer loop
      vertex 19.6763 -0.966633 2.4
      vertex 18.228 -0.895485 2.4
      vertex 18.25 0 2.4
    endloop
  endfacet
  facet normal 0 0 -1
    outer loop
      vertex 17.1832 -6.14824 2.4
      vertex 18.5484 -6.63673 2.4
      vertex 18.2004 -7.53886 2.4
    endloop
  endfacet
  facet normal 0 0 -1
    outer loop
      vertex 19.6051 -1.93094 2.4
      vertex 18.1621 -1.78881 2.4
      vertex 18.228 -0.895485 2.4
    endloop
  endfacet
  facet normal 0 0 -1
    outer loop
      vertex 19.4868 -2.89059 2.4
      vertex 18.0525 -2.67783 2.4
      vertex 18.1621 -1.78881 2.4
    endloop
  endfacet
  facet normal 0 0 -1
    outer loop
      vertex 19.3215 -3.84328 2.4
      vertex 17.8993 -3.5604 2.4
      vertex 18.0525 -2.67783 2.4
    endloop
  endfacet
  facet normal 0 0 -1
    outer loop
      vertex 16.8608 -6.98397 2.4
      vertex 18.2004 -7.53886 2.4
      vertex 17.8086 -8.42283 2.4
    endloop
  endfacet
  facet normal 0 0 -1
    outer loop
      vertex 19.1096 -4.78671 2.4
      vertex 17.7031 -4.43439 2.4
      vertex 17.8993 -3.5604 2.4
    endloop
  endfacet
  facet normal 0 0 -1
    outer loop
      vertex 18.8517 -5.71861 2.4
      vertex 17.4642 -5.2977 2.4
      vertex 17.7031 -4.43439 2.4
    endloop
  endfacet
  facet normal 0 0 -1
    outer loop
      vertex 16.4978 -7.80288 2.4
      vertex 17.8086 -8.42283 2.4
      vertex 17.3738 -9.28652 2.4
    endloop
  endfacet
  facet normal 0 0 -1
    outer loop
      vertex 18.5484 -6.63673 2.4
      vertex 17.1832 -6.14824 2.4
      vertex 17.4642 -5.2977 2.4
    endloop
  endfacet
  facet normal 0 0 -1
    outer loop
      vertex 16.0951 -8.60299 2.4
      vertex 17.3738 -9.28652 2.4
      vertex 16.8973 -10.1278 2.4
    endloop
  endfacet
  facet normal 0 0 -1
    outer loop
      vertex 18.2004 -7.53886 2.4
      vertex 16.8608 -6.98397 2.4
      vertex 17.1832 -6.14824 2.4
    endloop
  endfacet
  facet normal 0 0 -1
    outer loop
      vertex 17.8086 -8.42283 2.4
      vertex 16.4978 -7.80288 2.4
      vertex 16.8608 -6.98397 2.4
    endloop
  endfacet
  facet normal 0 0 -1
    outer loop
      vertex 15.6535 -9.38237 2.4
      vertex 16.8973 -10.1278 2.4
      vertex 16.38 -10.9447 2.4
    endloop
  endfacet
  facet normal 0 0 -1
    outer loop
      vertex 17.3738 -9.28652 2.4
      vertex 16.0951 -8.60299 2.4
      vertex 16.4978 -7.80288 2.4
    endloop
  endfacet
  facet normal 0 0 -1
    outer loop
      vertex 15.1743 -10.1392 2.4
      vertex 16.38 -10.9447 2.4
      vertex 15.8232 -11.7353 2.4
    endloop
  endfacet
  facet normal 0 0 -1
    outer loop
      vertex 16.8973 -10.1278 2.4
      vertex 15.6535 -9.38237 2.4
      vertex 16.0951 -8.60299 2.4
    endloop
  endfacet
  facet normal 0 0 -1
    outer loop
      vertex 14.6585 -10.8715 2.4
      vertex 15.8232 -11.7353 2.4
      vertex 15.2283 -12.4975 2.4
    endloop
  endfacet
  facet normal 0 0 -1
    outer loop
      vertex 16.38 -10.9447 2.4
      vertex 15.1743 -10.1392 2.4
      vertex 15.6535 -9.38237 2.4
    endloop
  endfacet
  facet normal 0 0 -1
    outer loop
      vertex 15.8232 -11.7353 2.4
      vertex 14.6585 -10.8715 2.4
      vertex 15.1743 -10.1392 2.4
    endloop
  endfacet
  facet normal 0 0 -1
    outer loop
      vertex 14.1074 -11.5777 2.4
      vertex 15.2283 -12.4975 2.4
      vertex 14.5967 -13.2297 2.4
    endloop
  endfacet
  facet normal 0 0 -1
    outer loop
      vertex 15.2283 -12.4975 2.4
      vertex 14.1074 -11.5777 2.4
      vertex 14.6585 -10.8715 2.4
    endloop
  endfacet
  facet normal 0 0 -1
    outer loop
      vertex 13.5224 -12.2559 2.4
      vertex 14.5967 -13.2297 2.4
      vertex 13.93 -13.93 2.4
    endloop
  endfacet
  facet normal 0 0 -1
    outer loop
      vertex 14.5967 -13.2297 2.4
      vertex 13.5224 -12.2559 2.4
      vertex 14.1074 -11.5777 2.4
    endloop
  endfacet
  facet normal 0 0 -1
    outer loop
      vertex 12.9047 -12.9047 2.4
      vertex 13.93 -13.93 2.4
      vertex 13.2297 -14.5967 2.4
    endloop
  endfacet
  facet normal 0 0 -1
    outer loop
      vertex 13.93 -13.93 2.4
      vertex 12.9047 -12.9047 2.4
      vertex 13.5224 -12.2559 2.4
    endloop
  endfacet
  facet normal 0 0 -1
    outer loop
      vertex 12.2559 -13.5224 2.4
      vertex 13.2297 -14.5967 2.4
      vertex 12.4975 -15.2283 2.4
    endloop
  endfacet
  facet normal 0 0 -1
    outer loop
      vertex 13.2297 -14.5967 2.4
      vertex 12.2559 -13.5224 2.4
      vertex 12.9047 -12.9047 2.4
    endloop
  endfacet
  facet normal 0 0 -1
    outer loop
      vertex 11.5777 -14.1074 2.4
      vertex 12.4975 -15.2283 2.4
      vertex 11.7353 -15.8232 2.4
    endloop
  endfacet
  facet normal 0 0 -1
    outer loop
      vertex 12.4975 -15.2283 2.4
      vertex 11.5777 -14.1074 2.4
      vertex 12.2559 -13.5224 2.4
    endloop
  endfacet
  facet normal 0 0 -1
    outer loop
      vertex 10.8715 -14.6585 2.4
      vertex 11.7353 -15.8232 2.4
      vertex 10.9447 -16.38 2.4
    endloop
  endfacet
  facet normal 0 0 -1
    outer loop
      vertex 11.7353 -15.8232 2.4
      vertex 10.8715 -14.6585 2.4
      vertex 11.5777 -14.1074 2.4
    endloop
  endfacet
  facet normal 0 0 -1
    outer loop
      vertex 10.9447 -16.38 2.4
      vertex 10.1392 -15.1743 2.4
      vertex 10.8715 -14.6585 2.4
    endloop
  endfacet
  facet normal 0 0 -1
    outer loop
      vertex 10.1278 -16.8973 2.4
      vertex 10.1392 -15.1743 2.4
      vertex 10.9447 -16.38 2.4
    endloop
  endfacet
  facet normal 0 0 -1
    outer loop
      vertex 10.1278 -16.8973 2.4
      vertex 9.38237 -15.6535 2.4
      vertex 10.1392 -15.1743 2.4
    endloop
  endfacet
  facet normal 0 0 -1
    outer loop
      vertex 9.28652 -17.3738 2.4
      vertex 9.38237 -15.6535 2.4
      vertex 10.1278 -16.8973 2.4
    endloop
  endfacet
  facet normal 0 0 -1
    outer loop
      vertex 9.28652 -17.3738 2.4
      vertex 8.60299 -16.0951 2.4
      vertex 9.38237 -15.6535 2.4
    endloop
  endfacet
  facet normal 0 0 -1
    outer loop
      vertex 8.42283 -17.8086 2.4
      vertex 8.60299 -16.0951 2.4
      vertex 9.28652 -17.3738 2.4
    endloop
  endfacet
  facet normal 0 0 -1
    outer loop
      vertex 8.42283 -17.8086 2.4
      vertex 7.80288 -16.4978 2.4
      vertex 8.60299 -16.0951 2.4
    endloop
  endfacet
  facet normal 0 0 -1
    outer loop
      vertex 7.53886 -18.2004 2.4
      vertex 7.80288 -16.4978 2.4
      vertex 8.42283 -17.8086 2.4
    endloop
  endfacet
  facet normal 0 0 -1
    outer loop
      vertex 7.53886 -18.2004 2.4
      vertex 6.98397 -16.8608 2.4
      vertex 7.80288 -16.4978 2.4
    endloop
  endfacet
  facet normal 0 0 -1
    outer loop
      vertex 6.63673 -18.5484 2.4
      vertex 6.98397 -16.8608 2.4
      vertex 7.53886 -18.2004 2.4
    endloop
  endfacet
  facet normal 0 0 -1
    outer loop
      vertex 6.63673 -18.5484 2.4
      vertex 6.14824 -17.1832 2.4
      vertex 6.98397 -16.8608 2.4
    endloop
  endfacet
  facet normal 0 0 -1
    outer loop
      vertex 5.71861 -18.8517 2.4
      vertex 6.14824 -17.1832 2.4
      vertex 6.63673 -18.5484 2.4
    endloop
  endfacet
  facet normal 0 0 -1
    outer loop
      vertex 5.71861 -18.8517 2.4
      vertex 5.2977 -17.4642 2.4
      vertex 6.14824 -17.1832 2.4
    endloop
  endfacet
  facet normal 0 0 -1
    outer loop
      vertex 4.78671 -19.1096 2.4
      vertex 5.2977 -17.4642 2.4
      vertex 5.71861 -18.8517 2.4
    endloop
  endfacet
  facet normal 0 0 -1
    outer loop
      vertex 4.78671 -19.1096 2.4
      vertex 4.43439 -17.7031 2.4
      vertex 5.2977 -17.4642 2.4
    endloop
  endfacet
  facet normal 0 0 -1
    outer loop
      vertex 3.84328 -19.3215 2.4
      vertex 4.43439 -17.7031 2.4
      vertex 4.78671 -19.1096 2.4
    endloop
  endfacet
  facet normal 0 0 -1
    outer loop
      vertex 3.84328 -19.3215 2.4
      vertex 3.5604 -17.8993 2.4
      vertex 4.43439 -17.7031 2.4
    endloop
  endfacet
  facet normal 0 0 -1
    outer loop
      vertex 2.89059 -19.4868 2.4
      vertex 3.5604 -17.8993 2.4
      vertex 3.84328 -19.3215 2.4
    endloop
  endfacet
  facet normal 0 0 -1
    outer loop
      vertex 2.89059 -19.4868 2.4
      vertex 2.67783 -18.0525 2.4
      vertex 3.5604 -17.8993 2.4
    endloop
  endfacet
  facet normal 0 0 -1
    outer loop
      vertex 1.93094 -19.6051 2.4
      vertex 2.67783 -18.0525 2.4
      vertex 2.89059 -19.4868 2.4
    endloop
  endfacet
  facet normal 0 0 -1
    outer loop
      vertex 1.93094 -19.6051 2.4
      vertex 1.78881 -18.1621 2.4
      vertex 2.67783 -18.0525 2.4
    endloop
  endfacet
  facet normal 0 0 -1
    outer loop
      vertex 0.966633 -19.6763 2.4
      vertex 1.78881 -18.1621 2.4
      vertex 1.93094 -19.6051 2.4
    endloop
  endfacet
  facet normal 0 0 -1
    outer loop
      vertex 0.966633 -19.6763 2.4
      vertex 0.895485 -18.228 2.4
      vertex 1.78881 -18.1621 2.4
    endloop
  endfacet
  facet normal 0 0 -1
    outer loop
      vertex 0 -19.7 2.4
      vertex 0.895485 -18.228 2.4
      vertex 0.966633 -19.6763 2.4
    endloop
  endfacet
  facet normal 0 0 -1
    outer loop
      vertex 0 -19.7 2.4
      vertex 0 -18.25 2.4
      vertex 0.895485 -18.228 2.4
    endloop
  endfacet
  facet normal 0 0 -1
    outer loop
      vertex 0 -19.7 2.4
      vertex -0.895485 -18.228 2.4
      vertex 0 -18.25 2.4
    endloop
  endfacet
  facet normal 0 0 -1
    outer loop
      vertex -0.966633 -19.6763 2.4
      vertex -0.895485 -18.228 2.4
      vertex 0 -19.7 2.4
    endloop
  endfacet
  facet normal 0 0 -1
    outer loop
      vertex -0.966633 -19.6763 2.4
      vertex -1.78881 -18.1621 2.4
      vertex -0.895485 -18.228 2.4
    endloop
  endfacet
  facet normal 0 0 -1
    outer loop
      vertex -1.93094 -19.6051 2.4
      vertex -1.78881 -18.1621 2.4
      vertex -0.966633 -19.6763 2.4
    endloop
  endfacet
  facet normal 0 0 -1
    outer loop
      vertex -1.93094 -19.6051 2.4
      vertex -2.67783 -18.0525 2.4
      vertex -1.78881 -18.1621 2.4
    endloop
  endfacet
  facet normal 0 0 -1
    outer loop
      vertex -2.89059 -19.4868 2.4
      vertex -2.67783 -18.0525 2.4
      vertex -1.93094 -19.6051 2.4
    endloop
  endfacet
  facet normal 0 0 -1
    outer loop
      vertex -2.89059 -19.4868 2.4
      vertex -3.5604 -17.8993 2.4
      vertex -2.67783 -18.0525 2.4
    endloop
  endfacet
  facet normal 0 0 -1
    outer loop
      vertex -3.84328 -19.3215 2.4
      vertex -3.5604 -17.8993 2.4
      vertex -2.89059 -19.4868 2.4
    endloop
  endfacet
  facet normal 0 0 -1
    outer loop
      vertex -3.84328 -19.3215 2.4
      vertex -4.43439 -17.7031 2.4
      vertex -3.5604 -17.8993 2.4
    endloop
  endfacet
  facet normal 0 0 -1
    outer loop
      vertex -4.78671 -19.1096 2.4
      vertex -4.43439 -17.7031 2.4
      vertex -3.84328 -19.3215 2.4
    endloop
  endfacet
  facet normal 0 0 -1
    outer loop
      vertex -4.78671 -19.1096 2.4
      vertex -5.2977 -17.4642 2.4
      vertex -4.43439 -17.7031 2.4
    endloop
  endfacet
  facet normal 0 0 -1
    outer loop
      vertex -5.71861 -18.8517 2.4
      vertex -5.2977 -17.4642 2.4
      vertex -4.78671 -19.1096 2.4
    endloop
  endfacet
  facet normal 0 0 -1
    outer loop
      vertex -5.71861 -18.8517 2.4
      vertex -6.14824 -17.1832 2.4
      vertex -5.2977 -17.4642 2.4
    endloop
  endfacet
  facet normal 0 0 -1
    outer loop
      vertex -6.63673 -18.5484 2.4
      vertex -6.14824 -17.1832 2.4
      vertex -5.71861 -18.8517 2.4
    endloop
  endfacet
  facet normal 0 0 -1
    outer loop
      vertex -6.63673 -18.5484 2.4
      vertex -6.98397 -16.8608 2.4
      vertex -6.14824 -17.1832 2.4
    endloop
  endfacet
  facet normal 0 0 -1
    outer loop
      vertex -7.53886 -18.2004 2.4
      vertex -6.98397 -16.8608 2.4
      vertex -6.63673 -18.5484 2.4
    endloop
  endfacet
  facet normal 0 0 -1
    outer loop
      vertex -7.53886 -18.2004 2.4
      vertex -7.80288 -16.4978 2.4
      vertex -6.98397 -16.8608 2.4
    endloop
  endfacet
  facet normal 0 0 -1
    outer loop
      vertex -8.42283 -17.8086 2.4
      vertex -7.80288 -16.4978 2.4
      vertex -7.53886 -18.2004 2.4
    endloop
  endfacet
  facet normal 0 0 -1
    outer loop
      vertex -8.42283 -17.8086 2.4
      vertex -8.60299 -16.0951 2.4
      vertex -7.80288 -16.4978 2.4
    endloop
  endfacet
  facet normal 0 0 -1
    outer loop
      vertex -9.28652 -17.3738 2.4
      vertex -8.60299 -16.0951 2.4
      vertex -8.42283 -17.8086 2.4
    endloop
  endfacet
  facet normal 0 0 -1
    outer loop
      vertex -9.28652 -17.3738 2.4
      vertex -9.38237 -15.6535 2.4
      vertex -8.60299 -16.0951 2.4
    endloop
  endfacet
  facet normal 0 0 -1
    outer loop
      vertex -10.1278 -16.8973 2.4
      vertex -9.38237 -15.6535 2.4
      vertex -9.28652 -17.3738 2.4
    endloop
  endfacet
  facet normal 0 0 -1
    outer loop
      vertex -10.1278 -16.8973 2.4
      vertex -10.1392 -15.1743 2.4
      vertex -9.38237 -15.6535 2.4
    endloop
  endfacet
  facet normal 0 0 -1
    outer loop
      vertex -10.9447 -16.38 2.4
      vertex -10.1392 -15.1743 2.4
      vertex -10.1278 -16.8973 2.4
    endloop
  endfacet
  facet normal -0 0 -1
    outer loop
      vertex -10.1392 -15.1743 2.4
      vertex -10.9447 -16.38 2.4
      vertex -10.8715 -14.6585 2.4
    endloop
  endfacet
  facet normal 0 0 -1
    outer loop
      vertex -11.7353 -15.8232 2.4
      vertex -10.8715 -14.6585 2.4
      vertex -10.9447 -16.38 2.4
    endloop
  endfacet
  facet normal -0 0 -1
    outer loop
      vertex -10.8715 -14.6585 2.4
      vertex -11.7353 -15.8232 2.4
      vertex -11.5777 -14.1074 2.4
    endloop
  endfacet
  facet normal 0 0 -1
    outer loop
      vertex -12.4975 -15.2283 2.4
      vertex -11.5777 -14.1074 2.4
      vertex -11.7353 -15.8232 2.4
    endloop
  endfacet
  facet normal -0 0 -1
    outer loop
      vertex -11.5777 -14.1074 2.4
      vertex -12.4975 -15.2283 2.4
      vertex -12.2559 -13.5224 2.4
    endloop
  endfacet
  facet normal 0 0 -1
    outer loop
      vertex -13.2297 -14.5967 2.4
      vertex -12.2559 -13.5224 2.4
      vertex -12.4975 -15.2283 2.4
    endloop
  endfacet
  facet normal -0 0 -1
    outer loop
      vertex -12.2559 -13.5224 2.4
      vertex -13.2297 -14.5967 2.4
      vertex -12.9047 -12.9047 2.4
    endloop
  endfacet
  facet normal 0 0 -1
    outer loop
      vertex -13.93 -13.93 2.4
      vertex -12.9047 -12.9047 2.4
      vertex -13.2297 -14.5967 2.4
    endloop
  endfacet
  facet normal -0 0 -1
    outer loop
      vertex -12.9047 -12.9047 2.4
      vertex -13.93 -13.93 2.4
      vertex -13.5224 -12.2559 2.4
    endloop
  endfacet
  facet normal 0 0 -1
    outer loop
      vertex -14.5967 -13.2297 2.4
      vertex -13.5224 -12.2559 2.4
      vertex -13.93 -13.93 2.4
    endloop
  endfacet
  facet normal -0 0 -1
    outer loop
      vertex -13.5224 -12.2559 2.4
      vertex -14.5967 -13.2297 2.4
      vertex -14.1074 -11.5777 2.4
    endloop
  endfacet
  facet normal 0 0 -1
    outer loop
      vertex -15.2283 -12.4975 2.4
      vertex -14.1074 -11.5777 2.4
      vertex -14.5967 -13.2297 2.4
    endloop
  endfacet
  facet normal -0 0 -1
    outer loop
      vertex -14.1074 -11.5777 2.4
      vertex -15.2283 -12.4975 2.4
      vertex -14.6585 -10.8715 2.4
    endloop
  endfacet
  facet normal 0 0 -1
    outer loop
      vertex -15.8232 -11.7353 2.4
      vertex -14.6585 -10.8715 2.4
      vertex -15.2283 -12.4975 2.4
    endloop
  endfacet
  facet normal -0 0 -1
    outer loop
      vertex -14.6585 -10.8715 2.4
      vertex -15.8232 -11.7353 2.4
      vertex -15.1743 -10.1392 2.4
    endloop
  endfacet
  facet normal 0 0 -1
    outer loop
      vertex -16.38 -10.9447 2.4
      vertex -15.1743 -10.1392 2.4
      vertex -15.8232 -11.7353 2.4
    endloop
  endfacet
  facet normal -0 0 -1
    outer loop
      vertex -15.1743 -10.1392 2.4
      vertex -16.38 -10.9447 2.4
      vertex -15.6535 -9.38237 2.4
    endloop
  endfacet
  facet normal 0 0 -1
    outer loop
      vertex -16.8973 -10.1278 2.4
      vertex -15.6535 -9.38237 2.4
      vertex -16.38 -10.9447 2.4
    endloop
  endfacet
  facet normal -0 0 -1
    outer loop
      vertex -15.6535 -9.38237 2.4
      vertex -16.8973 -10.1278 2.4
      vertex -16.0951 -8.60299 2.4
    endloop
  endfacet
  facet normal 0 0 -1
    outer loop
      vertex -17.3738 -9.28652 2.4
      vertex -16.0951 -8.60299 2.4
      vertex -16.8973 -10.1278 2.4
    endloop
  endfacet
  facet normal -0 0 -1
    outer loop
      vertex -16.0951 -8.60299 2.4
      vertex -17.3738 -9.28652 2.4
      vertex -16.4978 -7.80288 2.4
    endloop
  endfacet
  facet normal 0 0 -1
    outer loop
      vertex -17.8086 -8.42283 2.4
      vertex -16.4978 -7.80288 2.4
      vertex -17.3738 -9.28652 2.4
    endloop
  endfacet
  facet normal -0 0 -1
    outer loop
      vertex -16.4978 -7.80288 2.4
      vertex -17.8086 -8.42283 2.4
      vertex -16.8608 -6.98397 2.4
    endloop
  endfacet
  facet normal 0 0 -1
    outer loop
      vertex -18.2004 -7.53886 2.4
      vertex -16.8608 -6.98397 2.4
      vertex -17.8086 -8.42283 2.4
    endloop
  endfacet
  facet normal -0 0 -1
    outer loop
      vertex -16.8608 -6.98397 2.4
      vertex -18.2004 -7.53886 2.4
      vertex -17.1832 -6.14824 2.4
    endloop
  endfacet
  facet normal 0 0 -1
    outer loop
      vertex -18.5484 -6.63673 2.4
      vertex -17.1832 -6.14824 2.4
      vertex -18.2004 -7.53886 2.4
    endloop
  endfacet
  facet normal -0 0 -1
    outer loop
      vertex -17.1832 -6.14824 2.4
      vertex -18.5484 -6.63673 2.4
      vertex -17.4642 -5.2977 2.4
    endloop
  endfacet
  facet normal 0 0 -1
    outer loop
      vertex -18.8517 -5.71861 2.4
      vertex -17.4642 -5.2977 2.4
      vertex -18.5484 -6.63673 2.4
    endloop
  endfacet
  facet normal -0 0 -1
    outer loop
      vertex -17.4642 -5.2977 2.4
      vertex -18.8517 -5.71861 2.4
      vertex -17.7031 -4.43439 2.4
    endloop
  endfacet
  facet normal 0 0 -1
    outer loop
      vertex -19.1096 -4.78671 2.4
      vertex -17.7031 -4.43439 2.4
      vertex -18.8517 -5.71861 2.4
    endloop
  endfacet
  facet normal -0 0 -1
    outer loop
      vertex -17.7031 -4.43439 2.4
      vertex -19.1096 -4.78671 2.4
      vertex -17.8993 -3.5604 2.4
    endloop
  endfacet
  facet normal 0 0 -1
    outer loop
      vertex -19.3215 -3.84328 2.4
      vertex -17.8993 -3.5604 2.4
      vertex -19.1096 -4.78671 2.4
    endloop
  endfacet
  facet normal -0 0 -1
    outer loop
      vertex -17.8993 -3.5604 2.4
      vertex -19.3215 -3.84328 2.4
      vertex -18.0525 -2.67783 2.4
    endloop
  endfacet
  facet normal 0 0 -1
    outer loop
      vertex 17.8993 3.5604 2.4
      vertex 19.3215 3.84328 2.4
      vertex 18.0525 2.67783 2.4
    endloop
  endfacet
  facet normal -0 0 -1
    outer loop
      vertex 19.3215 3.84328 2.4
      vertex 17.8993 3.5604 2.4
      vertex 19.1096 4.78671 2.4
    endloop
  endfacet
  facet normal 0 0 -1
    outer loop
      vertex 17.7031 4.43439 2.4
      vertex 19.1096 4.78671 2.4
      vertex 17.8993 3.5604 2.4
    endloop
  endfacet
  facet normal -0 0 -1
    outer loop
      vertex 19.1096 4.78671 2.4
      vertex 17.7031 4.43439 2.4
      vertex 18.8517 5.71861 2.4
    endloop
  endfacet
  facet normal 0 0 -1
    outer loop
      vertex 17.4642 5.2977 2.4
      vertex 18.8517 5.71861 2.4
      vertex 17.7031 4.43439 2.4
    endloop
  endfacet
  facet normal -0 0 -1
    outer loop
      vertex 18.8517 5.71861 2.4
      vertex 17.4642 5.2977 2.4
      vertex 18.5484 6.63673 2.4
    endloop
  endfacet
  facet normal 0 0 -1
    outer loop
      vertex 17.1832 6.14824 2.4
      vertex 18.5484 6.63673 2.4
      vertex 17.4642 5.2977 2.4
    endloop
  endfacet
  facet normal -0 0 -1
    outer loop
      vertex 18.5484 6.63673 2.4
      vertex 17.1832 6.14824 2.4
      vertex 18.2004 7.53886 2.4
    endloop
  endfacet
  facet normal 0 0 -1
    outer loop
      vertex 16.8608 6.98397 2.4
      vertex 18.2004 7.53886 2.4
      vertex 17.1832 6.14824 2.4
    endloop
  endfacet
  facet normal -0 0 -1
    outer loop
      vertex 18.2004 7.53886 2.4
      vertex 16.8608 6.98397 2.4
      vertex 17.8086 8.42283 2.4
    endloop
  endfacet
  facet normal 0 0 -1
    outer loop
      vertex 16.4978 7.80288 2.4
      vertex 17.8086 8.42283 2.4
      vertex 16.8608 6.98397 2.4
    endloop
  endfacet
  facet normal -0 0 -1
    outer loop
      vertex 17.8086 8.42283 2.4
      vertex 16.4978 7.80288 2.4
      vertex 17.3738 9.28652 2.4
    endloop
  endfacet
  facet normal 0 0 -1
    outer loop
      vertex 16.0951 8.60299 2.4
      vertex 17.3738 9.28652 2.4
      vertex 16.4978 7.80288 2.4
    endloop
  endfacet
  facet normal -0 0 -1
    outer loop
      vertex 17.3738 9.28652 2.4
      vertex 16.0951 8.60299 2.4
      vertex 16.8973 10.1278 2.4
    endloop
  endfacet
  facet normal 0 0 -1
    outer loop
      vertex 15.6535 9.38237 2.4
      vertex 16.8973 10.1278 2.4
      vertex 16.0951 8.60299 2.4
    endloop
  endfacet
  facet normal -0 0 -1
    outer loop
      vertex 16.8973 10.1278 2.4
      vertex 15.6535 9.38237 2.4
      vertex 16.38 10.9447 2.4
    endloop
  endfacet
  facet normal 0 0 -1
    outer loop
      vertex 15.1743 10.1392 2.4
      vertex 16.38 10.9447 2.4
      vertex 15.6535 9.38237 2.4
    endloop
  endfacet
  facet normal -0 0 -1
    outer loop
      vertex 16.38 10.9447 2.4
      vertex 15.1743 10.1392 2.4
      vertex 15.8232 11.7353 2.4
    endloop
  endfacet
  facet normal 0 0 -1
    outer loop
      vertex 14.6585 10.8715 2.4
      vertex 15.8232 11.7353 2.4
      vertex 15.1743 10.1392 2.4
    endloop
  endfacet
  facet normal -0 0 -1
    outer loop
      vertex 15.8232 11.7353 2.4
      vertex 14.6585 10.8715 2.4
      vertex 15.2283 12.4975 2.4
    endloop
  endfacet
  facet normal 0 0 -1
    outer loop
      vertex 14.1074 11.5777 2.4
      vertex 15.2283 12.4975 2.4
      vertex 14.6585 10.8715 2.4
    endloop
  endfacet
  facet normal -0 0 -1
    outer loop
      vertex 15.2283 12.4975 2.4
      vertex 14.1074 11.5777 2.4
      vertex 14.5967 13.2297 2.4
    endloop
  endfacet
  facet normal 0 0 -1
    outer loop
      vertex 13.5224 12.2559 2.4
      vertex 14.5967 13.2297 2.4
      vertex 14.1074 11.5777 2.4
    endloop
  endfacet
  facet normal -0 0 -1
    outer loop
      vertex 14.5967 13.2297 2.4
      vertex 13.5224 12.2559 2.4
      vertex 13.93 13.93 2.4
    endloop
  endfacet
  facet normal 0 0 -1
    outer loop
      vertex 12.9047 12.9047 2.4
      vertex 13.93 13.93 2.4
      vertex 13.5224 12.2559 2.4
    endloop
  endfacet
  facet normal -0 0 -1
    outer loop
      vertex 13.93 13.93 2.4
      vertex 12.9047 12.9047 2.4
      vertex 13.2297 14.5967 2.4
    endloop
  endfacet
  facet normal 0 0 -1
    outer loop
      vertex 12.2559 13.5224 2.4
      vertex 13.2297 14.5967 2.4
      vertex 12.9047 12.9047 2.4
    endloop
  endfacet
  facet normal -0 0 -1
    outer loop
      vertex 13.2297 14.5967 2.4
      vertex 12.2559 13.5224 2.4
      vertex 12.4975 15.2283 2.4
    endloop
  endfacet
  facet normal 0 0 -1
    outer loop
      vertex 11.5777 14.1074 2.4
      vertex 12.4975 15.2283 2.4
      vertex 12.2559 13.5224 2.4
    endloop
  endfacet
  facet normal -0 0 -1
    outer loop
      vertex 12.4975 15.2283 2.4
      vertex 11.5777 14.1074 2.4
      vertex 11.7353 15.8232 2.4
    endloop
  endfacet
  facet normal 0 0 -1
    outer loop
      vertex 10.8715 14.6585 2.4
      vertex 11.7353 15.8232 2.4
      vertex 11.5777 14.1074 2.4
    endloop
  endfacet
  facet normal -0 0 -1
    outer loop
      vertex 11.7353 15.8232 2.4
      vertex 10.8715 14.6585 2.4
      vertex 10.9447 16.38 2.4
    endloop
  endfacet
  facet normal 0 0 -1
    outer loop
      vertex 10.1392 15.1743 2.4
      vertex 10.9447 16.38 2.4
      vertex 10.8715 14.6585 2.4
    endloop
  endfacet
  facet normal 0 0 -1
    outer loop
      vertex 10.1392 15.1743 2.4
      vertex 10.1278 16.8973 2.4
      vertex 10.9447 16.38 2.4
    endloop
  endfacet
  facet normal 0 0 -1
    outer loop
      vertex 9.38237 15.6535 2.4
      vertex 10.1278 16.8973 2.4
      vertex 10.1392 15.1743 2.4
    endloop
  endfacet
  facet normal 0 0 -1
    outer loop
      vertex 9.38237 15.6535 2.4
      vertex 9.28652 17.3738 2.4
      vertex 10.1278 16.8973 2.4
    endloop
  endfacet
  facet normal 0 0 -1
    outer loop
      vertex 8.60299 16.0951 2.4
      vertex 9.28652 17.3738 2.4
      vertex 9.38237 15.6535 2.4
    endloop
  endfacet
  facet normal 0 0 -1
    outer loop
      vertex 8.60299 16.0951 2.4
      vertex 8.42283 17.8086 2.4
      vertex 9.28652 17.3738 2.4
    endloop
  endfacet
  facet normal 0 0 -1
    outer loop
      vertex 7.80288 16.4978 2.4
      vertex 8.42283 17.8086 2.4
      vertex 8.60299 16.0951 2.4
    endloop
  endfacet
  facet normal 0 0 -1
    outer loop
      vertex 7.80288 16.4978 2.4
      vertex 7.53886 18.2004 2.4
      vertex 8.42283 17.8086 2.4
    endloop
  endfacet
  facet normal 0 0 -1
    outer loop
      vertex 6.98397 16.8608 2.4
      vertex 7.53886 18.2004 2.4
      vertex 7.80288 16.4978 2.4
    endloop
  endfacet
  facet normal 0 0 -1
    outer loop
      vertex 6.98397 16.8608 2.4
      vertex 6.63673 18.5484 2.4
      vertex 7.53886 18.2004 2.4
    endloop
  endfacet
  facet normal 0 0 -1
    outer loop
      vertex 6.14824 17.1832 2.4
      vertex 6.63673 18.5484 2.4
      vertex 6.98397 16.8608 2.4
    endloop
  endfacet
  facet normal 0 0 -1
    outer loop
      vertex 6.14824 17.1832 2.4
      vertex 5.71861 18.8517 2.4
      vertex 6.63673 18.5484 2.4
    endloop
  endfacet
  facet normal 0 0 -1
    outer loop
      vertex 5.2977 17.4642 2.4
      vertex 5.71861 18.8517 2.4
      vertex 6.14824 17.1832 2.4
    endloop
  endfacet
  facet normal 0 0 -1
    outer loop
      vertex 5.2977 17.4642 2.4
      vertex 4.78671 19.1096 2.4
      vertex 5.71861 18.8517 2.4
    endloop
  endfacet
  facet normal 0 0 -1
    outer loop
      vertex 4.43439 17.7031 2.4
      vertex 4.78671 19.1096 2.4
      vertex 5.2977 17.4642 2.4
    endloop
  endfacet
  facet normal 0 0 -1
    outer loop
      vertex 4.43439 17.7031 2.4
      vertex 3.84328 19.3215 2.4
      vertex 4.78671 19.1096 2.4
    endloop
  endfacet
  facet normal 0 0 -1
    outer loop
      vertex 3.5604 17.8993 2.4
      vertex 3.84328 19.3215 2.4
      vertex 4.43439 17.7031 2.4
    endloop
  endfacet
  facet normal 0 0 -1
    outer loop
      vertex 3.5604 17.8993 2.4
      vertex 2.89059 19.4868 2.4
      vertex 3.84328 19.3215 2.4
    endloop
  endfacet
  facet normal 0 0 -1
    outer loop
      vertex 2.67783 18.0525 2.4
      vertex 2.89059 19.4868 2.4
      vertex 3.5604 17.8993 2.4
    endloop
  endfacet
  facet normal 0 0 -1
    outer loop
      vertex 2.67783 18.0525 2.4
      vertex 1.93094 19.6051 2.4
      vertex 2.89059 19.4868 2.4
    endloop
  endfacet
  facet normal 0 0 -1
    outer loop
      vertex 1.78881 18.1621 2.4
      vertex 1.93094 19.6051 2.4
      vertex 2.67783 18.0525 2.4
    endloop
  endfacet
  facet normal 0 0 -1
    outer loop
      vertex 1.78881 18.1621 2.4
      vertex 0.966633 19.6763 2.4
      vertex 1.93094 19.6051 2.4
    endloop
  endfacet
  facet normal 0 0 -1
    outer loop
      vertex 0.895485 18.228 2.4
      vertex 0.966633 19.6763 2.4
      vertex 1.78881 18.1621 2.4
    endloop
  endfacet
  facet normal 0 0 -1
    outer loop
      vertex 0 18.25 2.4
      vertex 0.966633 19.6763 2.4
      vertex 0.895485 18.228 2.4
    endloop
  endfacet
  facet normal 0 0 -1
    outer loop
      vertex 0 18.25 2.4
      vertex 0 19.7 2.4
      vertex 0.966633 19.6763 2.4
    endloop
  endfacet
  facet normal 0 0 -1
    outer loop
      vertex -0.895485 18.228 2.4
      vertex 0 19.7 2.4
      vertex 0 18.25 2.4
    endloop
  endfacet
  facet normal 0 0 -1
    outer loop
      vertex -0.895485 18.228 2.4
      vertex -0.966633 19.6763 2.4
      vertex 0 19.7 2.4
    endloop
  endfacet
  facet normal 0 0 -1
    outer loop
      vertex -1.78881 18.1621 2.4
      vertex -0.966633 19.6763 2.4
      vertex -0.895485 18.228 2.4
    endloop
  endfacet
  facet normal 0 0 -1
    outer loop
      vertex -1.78881 18.1621 2.4
      vertex -1.93094 19.6051 2.4
      vertex -0.966633 19.6763 2.4
    endloop
  endfacet
  facet normal 0 0 -1
    outer loop
      vertex -2.67783 18.0525 2.4
      vertex -1.93094 19.6051 2.4
      vertex -1.78881 18.1621 2.4
    endloop
  endfacet
  facet normal 0 0 -1
    outer loop
      vertex -2.67783 18.0525 2.4
      vertex -2.89059 19.4868 2.4
      vertex -1.93094 19.6051 2.4
    endloop
  endfacet
  facet normal 0 0 -1
    outer loop
      vertex -3.5604 17.8993 2.4
      vertex -2.89059 19.4868 2.4
      vertex -2.67783 18.0525 2.4
    endloop
  endfacet
  facet normal 0 0 -1
    outer loop
      vertex -3.5604 17.8993 2.4
      vertex -3.84328 19.3215 2.4
      vertex -2.89059 19.4868 2.4
    endloop
  endfacet
  facet normal 0 0 -1
    outer loop
      vertex -4.43439 17.7031 2.4
      vertex -3.84328 19.3215 2.4
      vertex -3.5604 17.8993 2.4
    endloop
  endfacet
  facet normal 0 0 -1
    outer loop
      vertex -4.43439 17.7031 2.4
      vertex -4.78671 19.1096 2.4
      vertex -3.84328 19.3215 2.4
    endloop
  endfacet
  facet normal 0 0 -1
    outer loop
      vertex -5.2977 17.4642 2.4
      vertex -4.78671 19.1096 2.4
      vertex -4.43439 17.7031 2.4
    endloop
  endfacet
  facet normal 0 0 -1
    outer loop
      vertex -5.2977 17.4642 2.4
      vertex -5.71861 18.8517 2.4
      vertex -4.78671 19.1096 2.4
    endloop
  endfacet
  facet normal 0 0 -1
    outer loop
      vertex -6.14824 17.1832 2.4
      vertex -5.71861 18.8517 2.4
      vertex -5.2977 17.4642 2.4
    endloop
  endfacet
  facet normal 0 0 -1
    outer loop
      vertex -6.14824 17.1832 2.4
      vertex -6.63673 18.5484 2.4
      vertex -5.71861 18.8517 2.4
    endloop
  endfacet
  facet normal 0 0 -1
    outer loop
      vertex -6.98397 16.8608 2.4
      vertex -6.63673 18.5484 2.4
      vertex -6.14824 17.1832 2.4
    endloop
  endfacet
  facet normal 0 0 -1
    outer loop
      vertex -6.98397 16.8608 2.4
      vertex -7.53886 18.2004 2.4
      vertex -6.63673 18.5484 2.4
    endloop
  endfacet
  facet normal 0 0 -1
    outer loop
      vertex -7.80288 16.4978 2.4
      vertex -7.53886 18.2004 2.4
      vertex -6.98397 16.8608 2.4
    endloop
  endfacet
  facet normal 0 0 -1
    outer loop
      vertex -7.80288 16.4978 2.4
      vertex -8.42283 17.8086 2.4
      vertex -7.53886 18.2004 2.4
    endloop
  endfacet
  facet normal 0 0 -1
    outer loop
      vertex -8.60299 16.0951 2.4
      vertex -8.42283 17.8086 2.4
      vertex -7.80288 16.4978 2.4
    endloop
  endfacet
  facet normal 0 0 -1
    outer loop
      vertex -8.60299 16.0951 2.4
      vertex -9.28652 17.3738 2.4
      vertex -8.42283 17.8086 2.4
    endloop
  endfacet
  facet normal 0 0 -1
    outer loop
      vertex -9.38237 15.6535 2.4
      vertex -9.28652 17.3738 2.4
      vertex -8.60299 16.0951 2.4
    endloop
  endfacet
  facet normal 0 0 -1
    outer loop
      vertex -9.38237 15.6535 2.4
      vertex -10.1278 16.8973 2.4
      vertex -9.28652 17.3738 2.4
    endloop
  endfacet
  facet normal 0 0 -1
    outer loop
      vertex -10.1392 15.1743 2.4
      vertex -10.1278 16.8973 2.4
      vertex -9.38237 15.6535 2.4
    endloop
  endfacet
  facet normal 0 0 -1
    outer loop
      vertex -10.9447 16.38 2.4
      vertex -10.1392 15.1743 2.4
      vertex -10.8715 14.6585 2.4
    endloop
  endfacet
  facet normal 0 0 -1
    outer loop
      vertex -10.1392 15.1743 2.4
      vertex -10.9447 16.38 2.4
      vertex -10.1278 16.8973 2.4
    endloop
  endfacet
  facet normal 0 0 -1
    outer loop
      vertex -11.7353 15.8232 2.4
      vertex -10.8715 14.6585 2.4
      vertex -11.5777 14.1074 2.4
    endloop
  endfacet
  facet normal 0 0 -1
    outer loop
      vertex -10.8715 14.6585 2.4
      vertex -11.7353 15.8232 2.4
      vertex -10.9447 16.38 2.4
    endloop
  endfacet
  facet normal 0 0 -1
    outer loop
      vertex -12.4975 15.2283 2.4
      vertex -11.5777 14.1074 2.4
      vertex -12.2559 13.5224 2.4
    endloop
  endfacet
  facet normal 0 0 -1
    outer loop
      vertex -11.5777 14.1074 2.4
      vertex -12.4975 15.2283 2.4
      vertex -11.7353 15.8232 2.4
    endloop
  endfacet
  facet normal 0 0 -1
    outer loop
      vertex -13.2297 14.5967 2.4
      vertex -12.2559 13.5224 2.4
      vertex -12.9047 12.9047 2.4
    endloop
  endfacet
  facet normal 0 0 -1
    outer loop
      vertex -12.2559 13.5224 2.4
      vertex -13.2297 14.5967 2.4
      vertex -12.4975 15.2283 2.4
    endloop
  endfacet
  facet normal 0 0 -1
    outer loop
      vertex -13.93 13.93 2.4
      vertex -12.9047 12.9047 2.4
      vertex -13.5224 12.2559 2.4
    endloop
  endfacet
  facet normal 0 0 -1
    outer loop
      vertex -12.9047 12.9047 2.4
      vertex -13.93 13.93 2.4
      vertex -13.2297 14.5967 2.4
    endloop
  endfacet
  facet normal 0 0 -1
    outer loop
      vertex -14.5967 13.2297 2.4
      vertex -13.5224 12.2559 2.4
      vertex -14.1074 11.5777 2.4
    endloop
  endfacet
  facet normal 0 0 -1
    outer loop
      vertex -13.5224 12.2559 2.4
      vertex -14.5967 13.2297 2.4
      vertex -13.93 13.93 2.4
    endloop
  endfacet
  facet normal 0 0 -1
    outer loop
      vertex -15.2283 12.4975 2.4
      vertex -14.1074 11.5777 2.4
      vertex -14.6585 10.8715 2.4
    endloop
  endfacet
  facet normal 0 0 -1
    outer loop
      vertex -15.8232 11.7353 2.4
      vertex -14.6585 10.8715 2.4
      vertex -15.1743 10.1392 2.4
    endloop
  endfacet
  facet normal 0 0 -1
    outer loop
      vertex -14.1074 11.5777 2.4
      vertex -15.2283 12.4975 2.4
      vertex -14.5967 13.2297 2.4
    endloop
  endfacet
  facet normal 0 0 -1
    outer loop
      vertex -16.38 10.9447 2.4
      vertex -15.1743 10.1392 2.4
      vertex -15.6535 9.38237 2.4
    endloop
  endfacet
  facet normal 0 0 -1
    outer loop
      vertex -14.6585 10.8715 2.4
      vertex -15.8232 11.7353 2.4
      vertex -15.2283 12.4975 2.4
    endloop
  endfacet
  facet normal 0 0 -1
    outer loop
      vertex -16.8973 10.1278 2.4
      vertex -15.6535 9.38237 2.4
      vertex -16.0951 8.60299 2.4
    endloop
  endfacet
  facet normal 0 0 -1
    outer loop
      vertex -15.1743 10.1392 2.4
      vertex -16.38 10.9447 2.4
      vertex -15.8232 11.7353 2.4
    endloop
  endfacet
  facet normal 0 0 -1
    outer loop
      vertex -17.3738 9.28652 2.4
      vertex -16.0951 8.60299 2.4
      vertex -16.4978 7.80288 2.4
    endloop
  endfacet
  facet normal 0 0 -1
    outer loop
      vertex -17.8086 8.42283 2.4
      vertex -16.4978 7.80288 2.4
      vertex -16.8608 6.98397 2.4
    endloop
  endfacet
  facet normal 0 0 -1
    outer loop
      vertex -15.6535 9.38237 2.4
      vertex -16.8973 10.1278 2.4
      vertex -16.38 10.9447 2.4
    endloop
  endfacet
  facet normal 0 0 -1
    outer loop
      vertex -18.2004 7.53886 2.4
      vertex -16.8608 6.98397 2.4
      vertex -17.1832 6.14824 2.4
    endloop
  endfacet
  facet normal 0 0 -1
    outer loop
      vertex -16.0951 8.60299 2.4
      vertex -17.3738 9.28652 2.4
      vertex -16.8973 10.1278 2.4
    endloop
  endfacet
  facet normal 0 0 -1
    outer loop
      vertex -18.5484 6.63673 2.4
      vertex -17.1832 6.14824 2.4
      vertex -17.4642 5.2977 2.4
    endloop
  endfacet
  facet normal 0 0 -1
    outer loop
      vertex -18.8517 5.71861 2.4
      vertex -17.4642 5.2977 2.4
      vertex -17.7031 4.43439 2.4
    endloop
  endfacet
  facet normal 0 0 -1
    outer loop
      vertex -16.4978 7.80288 2.4
      vertex -17.8086 8.42283 2.4
      vertex -17.3738 9.28652 2.4
    endloop
  endfacet
  facet normal 0 0 -1
    outer loop
      vertex -19.1096 4.78671 2.4
      vertex -17.7031 4.43439 2.4
      vertex -17.8993 3.5604 2.4
    endloop
  endfacet
  facet normal 0 0 -1
    outer loop
      vertex -19.3215 3.84328 2.4
      vertex -17.8993 3.5604 2.4
      vertex -18.0525 2.67783 2.4
    endloop
  endfacet
  facet normal 0 0 -1
    outer loop
      vertex -19.4868 2.89059 2.4
      vertex -18.0525 2.67783 2.4
      vertex -18.1621 1.78881 2.4
    endloop
  endfacet
  facet normal 0 0 -1
    outer loop
      vertex -16.8608 6.98397 2.4
      vertex -18.2004 7.53886 2.4
      vertex -17.8086 8.42283 2.4
    endloop
  endfacet
  facet normal 0 0 -1
    outer loop
      vertex -19.6051 1.93094 2.4
      vertex -18.1621 1.78881 2.4
      vertex -18.228 0.895485 2.4
    endloop
  endfacet
  facet normal 0 0 -1
    outer loop
      vertex -19.6763 0.966633 2.4
      vertex -18.228 0.895485 2.4
      vertex -18.25 0 2.4
    endloop
  endfacet
  facet normal 0 0 -1
    outer loop
      vertex -19.4868 -2.89059 2.4
      vertex -18.0525 -2.67783 2.4
      vertex -19.3215 -3.84328 2.4
    endloop
  endfacet
  facet normal 0 0 -1
    outer loop
      vertex -17.1832 6.14824 2.4
      vertex -18.5484 6.63673 2.4
      vertex -18.2004 7.53886 2.4
    endloop
  endfacet
  facet normal -0 0 -1
    outer loop
      vertex -18.0525 -2.67783 2.4
      vertex -19.4868 -2.89059 2.4
      vertex -18.1621 -1.78881 2.4
    endloop
  endfacet
  facet normal 0 0 -1
    outer loop
      vertex -17.4642 5.2977 2.4
      vertex -18.8517 5.71861 2.4
      vertex -18.5484 6.63673 2.4
    endloop
  endfacet
  facet normal 0 0 -1
    outer loop
      vertex -19.6051 -1.93094 2.4
      vertex -18.1621 -1.78881 2.4
      vertex -19.4868 -2.89059 2.4
    endloop
  endfacet
  facet normal 0 0 -1
    outer loop
      vertex -17.7031 4.43439 2.4
      vertex -19.1096 4.78671 2.4
      vertex -18.8517 5.71861 2.4
    endloop
  endfacet
  facet normal -0 0 -1
    outer loop
      vertex -18.1621 -1.78881 2.4
      vertex -19.6051 -1.93094 2.4
      vertex -18.228 -0.895485 2.4
    endloop
  endfacet
  facet normal 0 0 -1
    outer loop
      vertex -17.8993 3.5604 2.4
      vertex -19.3215 3.84328 2.4
      vertex -19.1096 4.78671 2.4
    endloop
  endfacet
  facet normal 0 0 -1
    outer loop
      vertex -19.6763 -0.966633 2.4
      vertex -18.228 -0.895485 2.4
      vertex -19.6051 -1.93094 2.4
    endloop
  endfacet
  facet normal 0 0 -1
    outer loop
      vertex -18.0525 2.67783 2.4
      vertex -19.4868 2.89059 2.4
      vertex -19.3215 3.84328 2.4
    endloop
  endfacet
  facet normal -0 0 -1
    outer loop
      vertex -18.228 -0.895485 2.4
      vertex -19.6763 -0.966633 2.4
      vertex -18.25 0 2.4
    endloop
  endfacet
  facet normal 0 0 -1
    outer loop
      vertex -18.1621 1.78881 2.4
      vertex -19.6051 1.93094 2.4
      vertex -19.4868 2.89059 2.4
    endloop
  endfacet
  facet normal 0 0 -1
    outer loop
      vertex -19.7 0 2.4
      vertex -18.25 0 2.4
      vertex -19.6763 -0.966633 2.4
    endloop
  endfacet
  facet normal 0 0 -1
    outer loop
      vertex -18.228 0.895485 2.4
      vertex -19.6763 0.966633 2.4
      vertex -19.6051 1.93094 2.4
    endloop
  endfacet
  facet normal 0 0 -1
    outer loop
      vertex -18.25 0 2.4
      vertex -19.7 0 2.4
      vertex -19.6763 0.966633 2.4
    endloop
  endfacet
  facet normal 0.997285 -0.073635 -2.60535e-18
    outer loop
      vertex -19.6763 0.966633 2.4
      vertex -19.6051 1.93094 1.2
      vertex -19.6051 1.93094 2.4
    endloop
  endfacet
  facet normal 0.997285 -0.073635 -2.60535e-18
    outer loop
      vertex -19.6051 1.93094 1.2
      vertex -19.6763 0.966633 2.4
      vertex -19.6763 0.966633 1.2
    endloop
  endfacet
  facet normal 0.985279 -0.170954 3.10782e-18
    outer loop
      vertex -19.4868 2.89059 2.4
      vertex -19.3215 3.84328 1.2
      vertex -19.3215 3.84328 2.4
    endloop
  endfacet
  facet normal 0.985279 -0.170954 3.10782e-18
    outer loop
      vertex -19.3215 3.84328 1.2
      vertex -19.4868 2.89059 2.4
      vertex -19.4868 2.89059 1.2
    endloop
  endfacet
  facet normal -0.817586 0.575806 -6.31766e-18
    outer loop
      vertex 15.8232 -11.7353 1.2
      vertex 16.38 -10.9447 2.4
      vertex 16.38 -10.9447 1.2
    endloop
  endfacet
  facet normal -0.817586 0.575806 -6.31766e-18
    outer loop
      vertex 16.38 -10.9447 2.4
      vertex 15.8232 -11.7353 1.2
      vertex 15.8232 -11.7353 2.4
    endloop
  endfacet
  facet normal 0.844852 0.535 2.27643e-17
    outer loop
      vertex -16.38 -10.9447 2.4
      vertex -16.8973 -10.1278 1.2
      vertex -16.8973 -10.1278 2.4
    endloop
  endfacet
  facet normal 0.844852 0.535 2.27643e-17
    outer loop
      vertex -16.8973 -10.1278 1.2
      vertex -16.38 -10.9447 2.4
      vertex -16.38 -10.9447 1.2
    endloop
  endfacet
  facet normal 0.0245107 0.9997 -0
    outer loop
      vertex 0 -19.7 1.2
      vertex -0.966633 -19.6763 2.4
      vertex 0 -19.7 2.4
    endloop
  endfacet
  facet normal 0.0245107 0.9997 0
    outer loop
      vertex -0.966633 -19.6763 2.4
      vertex 0 -19.7 1.2
      vertex -0.966633 -19.6763 1.2
    endloop
  endfacet
  facet normal -0.724268 0.689518 2.3817e-17
    outer loop
      vertex 13.93 -13.93 1.2
      vertex 14.5967 -13.2297 2.4
      vertex 14.5967 -13.2297 1.2
    endloop
  endfacet
  facet normal -0.724268 0.689518 2.3817e-17
    outer loop
      vertex 14.5967 -13.2297 2.4
      vertex 13.93 -13.93 1.2
      vertex 13.93 -13.93 2.4
    endloop
  endfacet
  facet normal 0.78831 0.615279 7.9725e-18
    outer loop
      vertex -15.2283 -12.4975 2.4
      vertex -15.8232 -11.7353 1.2
      vertex -15.8232 -11.7353 2.4
    endloop
  endfacet
  facet normal 0.78831 0.615279 7.9725e-18
    outer loop
      vertex -15.8232 -11.7353 1.2
      vertex -15.2283 -12.4975 2.4
      vertex -15.2283 -12.4975 1.2
    endloop
  endfacet
  facet normal 0.817586 0.575806 6.31766e-18
    outer loop
      vertex -15.8232 -11.7353 2.4
      vertex -16.38 -10.9447 1.2
      vertex -16.38 -10.9447 2.4
    endloop
  endfacet
  facet normal 0.817586 0.575806 6.31766e-18
    outer loop
      vertex -16.38 -10.9447 1.2
      vertex -15.8232 -11.7353 2.4
      vertex -15.8232 -11.7353 1.2
    endloop
  endfacet
  facet normal 0.219146 0.975692 -0
    outer loop
      vertex -3.84328 -19.3215 1.2
      vertex -4.78671 -19.1096 2.4
      vertex -3.84328 -19.3215 2.4
    endloop
  endfacet
  facet normal 0.219146 0.975692 0
    outer loop
      vertex -4.78671 -19.1096 2.4
      vertex -3.84328 -19.3215 1.2
      vertex -4.78671 -19.1096 1.2
    endloop
  endfacet
  facet normal 0.963774 0.266721 -2.09413e-18
    outer loop
      vertex -18.8517 -5.71861 2.4
      vertex -19.1096 -4.78671 1.2
      vertex -19.1096 -4.78671 2.4
    endloop
  endfacet
  facet normal 0.963774 0.266721 -2.09413e-18
    outer loop
      vertex -19.1096 -4.78671 1.2
      vertex -18.8517 -5.71861 2.4
      vertex -18.8517 -5.71861 1.2
    endloop
  endfacet
  facet normal 0.893201 0.449657 -1.02193e-17
    outer loop
      vertex -17.3738 -9.28652 2.4
      vertex -17.8086 -8.42283 1.2
      vertex -17.8086 -8.42283 2.4
    endloop
  endfacet
  facet normal 0.893201 0.449657 -1.02193e-17
    outer loop
      vertex -17.8086 -8.42283 1.2
      vertex -17.3738 -9.28652 2.4
      vertex -17.3738 -9.28652 1.2
    endloop
  endfacet
  facet normal 0.914224 0.405209 9.83359e-18
    outer loop
      vertex -17.8086 -8.42283 2.4
      vertex -18.2004 -7.53886 1.2
      vertex -18.2004 -7.53886 2.4
    endloop
  endfacet
  facet normal 0.914224 0.405209 9.83359e-18
    outer loop
      vertex -18.2004 -7.53886 1.2
      vertex -17.8086 -8.42283 2.4
      vertex -17.8086 -8.42283 1.2
    endloop
  endfacet
  facet normal 0.535 0.844852 -0
    outer loop
      vertex -10.1278 -16.8973 1.2
      vertex -10.9447 -16.38 2.4
      vertex -10.1278 -16.8973 2.4
    endloop
  endfacet
  facet normal 0.535 0.844852 0
    outer loop
      vertex -10.9447 -16.38 2.4
      vertex -10.1278 -16.8973 1.2
      vertex -10.9447 -16.38 1.2
    endloop
  endfacet
  facet normal 0.266721 0.963774 -0
    outer loop
      vertex -4.78671 -19.1096 1.2
      vertex -5.71861 -18.8517 2.4
      vertex -4.78671 -19.1096 2.4
    endloop
  endfacet
  facet normal 0.266721 0.963774 0
    outer loop
      vertex -5.71861 -18.8517 2.4
      vertex -4.78671 -19.1096 1.2
      vertex -5.71861 -18.8517 1.2
    endloop
  endfacet
  facet normal -0.992486 -0.122356 -3.40232e-18
    outer loop
      vertex -18.0525 -2.67783 1.2
      vertex -18.1621 -1.78881 2.4
      vertex -18.1621 -1.78881 1.2
    endloop
  endfacet
  facet normal -0.992486 -0.122356 -3.40232e-18
    outer loop
      vertex -18.1621 -1.78881 2.4
      vertex -18.0525 -2.67783 1.2
      vertex -18.0525 -2.67783 2.4
    endloop
  endfacet
  facet normal 0.99729 0.0735694 -2.82936e-18
    outer loop
      vertex 18.228 0.895485 2.4
      vertex 18.1621 1.78881 1.2
      vertex 18.1621 1.78881 2.4
    endloop
  endfacet
  facet normal 0.99729 0.0735694 -2.82936e-18
    outer loop
      vertex 18.1621 1.78881 1.2
      vertex 18.228 0.895485 2.4
      vertex 18.228 0.895485 1.2
    endloop
  endfacet
  facet normal 0.999698 0.0245603 9.22819e-19
    outer loop
      vertex 18.25 0 2.4
      vertex 18.228 0.895485 1.2
      vertex 18.228 0.895485 2.4
    endloop
  endfacet
  facet normal 0.999698 0.0245603 9.22819e-19
    outer loop
      vertex 18.228 0.895485 1.2
      vertex 18.25 0 2.4
      vertex 18.25 0 1.2
    endloop
  endfacet
  facet normal 0.992486 0.122356 -3.40232e-18
    outer loop
      vertex 18.1621 1.78881 2.4
      vertex 18.0525 2.67783 1.2
      vertex 18.0525 2.67783 2.4
    endloop
  endfacet
  facet normal 0.992486 0.122356 -3.40232e-18
    outer loop
      vertex 18.0525 2.67783 1.2
      vertex 18.1621 1.78881 2.4
      vertex 18.1621 1.78881 1.2
    endloop
  endfacet
  facet normal -0.405243 -0.914209 0
    outer loop
      vertex -7.80288 -16.4978 1.2
      vertex -6.98397 -16.8608 2.4
      vertex -7.80288 -16.4978 2.4
    endloop
  endfacet
  facet normal -0.405243 -0.914209 -0
    outer loop
      vertex -6.98397 -16.8608 2.4
      vertex -7.80288 -16.4978 1.2
      vertex -6.98397 -16.8608 1.2
    endloop
  endfacet
  facet normal -0.999698 -0.0245603 9.22819e-19
    outer loop
      vertex -18.228 -0.895485 1.2
      vertex -18.25 0 2.4
      vertex -18.25 0 1.2
    endloop
  endfacet
  facet normal -0.999698 -0.0245603 9.22819e-19
    outer loop
      vertex -18.25 0 2.4
      vertex -18.228 -0.895485 1.2
      vertex -18.228 -0.895485 2.4
    endloop
  endfacet
  facet normal 0.0735694 -0.99729 0
    outer loop
      vertex 0.895485 -18.228 1.2
      vertex 1.78881 -18.1621 2.4
      vertex 0.895485 -18.228 2.4
    endloop
  endfacet
  facet normal 0.0735694 -0.99729 0
    outer loop
      vertex 1.78881 -18.1621 2.4
      vertex 0.895485 -18.228 1.2
      vertex 1.78881 -18.1621 1.2
    endloop
  endfacet
  facet normal 0.963779 0.266702 7.15365e-18
    outer loop
      vertex 17.7031 4.43439 2.4
      vertex 17.4642 5.2977 1.2
      vertex 17.4642 5.2977 2.4
    endloop
  endfacet
  facet normal 0.963779 0.266702 7.15365e-18
    outer loop
      vertex 17.4642 5.2977 1.2
      vertex 17.7031 4.43439 2.4
      vertex 17.7031 4.43439 1.2
    endloop
  endfacet
  facet normal 0.359918 -0.932984 0
    outer loop
      vertex 6.14824 -17.1832 1.2
      vertex 6.98397 -16.8608 2.4
      vertex 6.14824 -17.1832 2.4
    endloop
  endfacet
  facet normal 0.359918 -0.932984 0
    outer loop
      vertex 6.98397 -16.8608 2.4
      vertex 6.14824 -17.1832 1.2
      vertex 6.98397 -16.8608 1.2
    endloop
  endfacet
  facet normal 0.914209 0.405243 1.88243e-17
    outer loop
      vertex 16.8608 6.98397 2.4
      vertex 16.4978 7.80288 1.2
      vertex 16.4978 7.80288 2.4
    endloop
  endfacet
  facet normal 0.914209 0.405243 1.88243e-17
    outer loop
      vertex 16.4978 7.80288 1.2
      vertex 16.8608 6.98397 2.4
      vertex 16.8608 6.98397 1.2
    endloop
  endfacet
  facet normal -0.492971 0.870045 0
    outer loop
      vertex -8.60299 16.0951 1.2
      vertex -9.38237 15.6535 2.4
      vertex -8.60299 16.0951 2.4
    endloop
  endfacet
  facet normal -0.492971 0.870045 0
    outer loop
      vertex -9.38237 15.6535 2.4
      vertex -8.60299 16.0951 1.2
      vertex -9.38237 15.6535 1.2
    endloop
  endfacet
  facet normal 0.57585 -0.817555 0
    outer loop
      vertex 10.1392 -15.1743 1.2
      vertex 10.8715 -14.6585 2.4
      vertex 10.1392 -15.1743 2.4
    endloop
  endfacet
  facet normal 0.57585 -0.817555 0
    outer loop
      vertex 10.8715 -14.6585 2.4
      vertex 10.1392 -15.1743 1.2
      vertex 10.8715 -14.6585 1.2
    endloop
  endfacet
  facet normal -0.844882 -0.534952 2.56174e-17
    outer loop
      vertex -15.1743 -10.1392 1.2
      vertex -15.6535 -9.38237 2.4
      vertex -15.6535 -9.38237 1.2
    endloop
  endfacet
  facet normal -0.844882 -0.534952 2.56174e-17
    outer loop
      vertex -15.6535 -9.38237 2.4
      vertex -15.1743 -10.1392 1.2
      vertex -15.1743 -10.1392 2.4
    endloop
  endfacet
  facet normal 0.975717 -0.219036 5.17848e-18
    outer loop
      vertex 17.7031 -4.43439 2.4
      vertex 17.8993 -3.5604 1.2
      vertex 17.8993 -3.5604 2.4
    endloop
  endfacet
  facet normal 0.975717 -0.219036 5.17848e-18
    outer loop
      vertex 17.8993 -3.5604 1.2
      vertex 17.7031 -4.43439 2.4
      vertex 17.7031 -4.43439 1.2
    endloop
  endfacet
  facet normal 0.534952 0.844882 -0
    outer loop
      vertex 10.1392 15.1743 1.2
      vertex 9.38237 15.6535 2.4
      vertex 10.1392 15.1743 2.4
    endloop
  endfacet
  facet normal 0.534952 0.844882 0
    outer loop
      vertex 9.38237 15.6535 2.4
      vertex 10.1392 15.1743 1.2
      vertex 9.38237 15.6535 1.2
    endloop
  endfacet
  facet normal 0.75722 -0.65316 -5.31201e-18
    outer loop
      vertex 13.5224 -12.2559 2.4
      vertex 14.1074 -11.5777 1.2
      vertex 14.1074 -11.5777 2.4
    endloop
  endfacet
  facet normal 0.75722 -0.65316 -5.31201e-18
    outer loop
      vertex 14.1074 -11.5777 1.2
      vertex 13.5224 -12.2559 2.4
      vertex 13.5224 -12.2559 1.2
    endloop
  endfacet
  facet normal 0.893243 -0.449574 -1.82409e-17
    outer loop
      vertex 16.0951 -8.60299 2.4
      vertex 16.4978 -7.80288 1.2
      vertex 16.4978 -7.80288 2.4
    endloop
  endfacet
  facet normal 0.893243 -0.449574 -1.82409e-17
    outer loop
      vertex 16.4978 -7.80288 1.2
      vertex 16.0951 -8.60299 2.4
      vertex 16.0951 -8.60299 1.2
    endloop
  endfacet
  facet normal 0.870045 0.492971 1.00652e-17
    outer loop
      vertex 16.0951 8.60299 2.4
      vertex 15.6535 9.38237 1.2
      vertex 15.6535 9.38237 2.4
    endloop
  endfacet
  facet normal 0.870045 0.492971 1.00652e-17
    outer loop
      vertex 15.6535 9.38237 1.2
      vertex 16.0951 8.60299 2.4
      vertex 16.0951 8.60299 1.2
    endloop
  endfacet
  facet normal -0.949522 0.313701 -3.07027e-18
    outer loop
      vertex -17.4642 5.2977 1.2
      vertex -17.1832 6.14824 2.4
      vertex -17.1832 6.14824 1.2
    endloop
  endfacet
  facet normal -0.949522 0.313701 -3.07027e-18
    outer loop
      vertex -17.1832 6.14824 2.4
      vertex -17.4642 5.2977 1.2
      vertex -17.4642 5.2977 2.4
    endloop
  endfacet
  facet normal -0.975717 -0.219036 -5.17848e-18
    outer loop
      vertex -17.7031 -4.43439 1.2
      vertex -17.8993 -3.5604 2.4
      vertex -17.8993 -3.5604 1.2
    endloop
  endfacet
  facet normal -0.975717 -0.219036 -5.17848e-18
    outer loop
      vertex -17.8993 -3.5604 2.4
      vertex -17.7031 -4.43439 1.2
      vertex -17.7031 -4.43439 2.4
    endloop
  endfacet
  facet normal 0.985266 0.171026 8.19314e-18
    outer loop
      vertex 18.0525 2.67783 2.4
      vertex 17.8993 3.5604 1.2
      vertex 17.8993 3.5604 2.4
    endloop
  endfacet
  facet normal 0.985266 0.171026 8.19314e-18
    outer loop
      vertex 17.8993 3.5604 1.2
      vertex 18.0525 2.67783 2.4
      vertex 18.0525 2.67783 1.2
    endloop
  endfacet
  facet normal -0.313701 0.949522 0
    outer loop
      vertex -5.2977 17.4642 1.2
      vertex -6.14824 17.1832 2.4
      vertex -5.2977 17.4642 2.4
    endloop
  endfacet
  facet normal -0.313701 0.949522 0
    outer loop
      vertex -6.14824 17.1832 2.4
      vertex -5.2977 17.4642 1.2
      vertex -6.14824 17.1832 1.2
    endloop
  endfacet
  facet normal -0.788359 0.615215 2.24613e-17
    outer loop
      vertex -14.6585 10.8715 1.2
      vertex -14.1074 11.5777 2.4
      vertex -14.1074 11.5777 1.2
    endloop
  endfacet
  facet normal -0.788359 0.615215 2.24613e-17
    outer loop
      vertex -14.1074 11.5777 2.4
      vertex -14.6585 10.8715 1.2
      vertex -14.6585 10.8715 2.4
    endloop
  endfacet
  facet normal 0.963779 -0.266702 -7.15365e-18
    outer loop
      vertex 17.4642 -5.2977 2.4
      vertex 17.7031 -4.43439 1.2
      vertex 17.7031 -4.43439 2.4
    endloop
  endfacet
  facet normal 0.963779 -0.266702 -7.15365e-18
    outer loop
      vertex 17.7031 -4.43439 1.2
      vertex 17.4642 -5.2977 2.4
      vertex 17.4642 -5.2977 1.2
    endloop
  endfacet
  facet normal 0.689535 0.724252 -0
    outer loop
      vertex 12.9047 12.9047 1.2
      vertex 12.2559 13.5224 2.4
      vertex 12.9047 12.9047 2.4
    endloop
  endfacet
  facet normal 0.689535 0.724252 0
    outer loop
      vertex 12.2559 13.5224 2.4
      vertex 12.9047 12.9047 1.2
      vertex 12.2559 13.5224 1.2
    endloop
  endfacet
  facet normal -0.75722 0.65316 -5.31201e-18
    outer loop
      vertex -14.1074 11.5777 1.2
      vertex -13.5224 12.2559 2.4
      vertex -13.5224 12.2559 1.2
    endloop
  endfacet
  facet normal -0.75722 0.65316 -5.31201e-18
    outer loop
      vertex -13.5224 12.2559 2.4
      vertex -14.1074 11.5777 1.2
      vertex -14.1074 11.5777 2.4
    endloop
  endfacet
  facet normal 0.171026 0.985266 -0
    outer loop
      vertex 3.5604 17.8993 1.2
      vertex 2.67783 18.0525 2.4
      vertex 3.5604 17.8993 2.4
    endloop
  endfacet
  facet normal 0.171026 0.985266 0
    outer loop
      vertex 2.67783 18.0525 2.4
      vertex 3.5604 17.8993 1.2
      vertex 2.67783 18.0525 1.2
    endloop
  endfacet
  facet normal 0.57585 0.817555 -0
    outer loop
      vertex 10.8715 14.6585 1.2
      vertex 10.1392 15.1743 2.4
      vertex 10.8715 14.6585 2.4
    endloop
  endfacet
  facet normal 0.57585 0.817555 0
    outer loop
      vertex 10.1392 15.1743 2.4
      vertex 10.8715 14.6585 1.2
      vertex 10.1392 15.1743 1.2
    endloop
  endfacet
  facet normal 0.65316 0.75722 -0
    outer loop
      vertex 12.2559 13.5224 1.2
      vertex 11.5777 14.1074 2.4
      vertex 12.2559 13.5224 2.4
    endloop
  endfacet
  facet normal 0.65316 0.75722 0
    outer loop
      vertex 11.5777 14.1074 2.4
      vertex 12.2559 13.5224 1.2
      vertex 11.5777 14.1074 1.2
    endloop
  endfacet
  facet normal 0.870045 -0.492971 -1.00652e-17
    outer loop
      vertex 15.6535 -9.38237 2.4
      vertex 16.0951 -8.60299 1.2
      vertex 16.0951 -8.60299 2.4
    endloop
  endfacet
  facet normal 0.870045 -0.492971 -1.00652e-17
    outer loop
      vertex 16.0951 -8.60299 1.2
      vertex 15.6535 -9.38237 2.4
      vertex 15.6535 -9.38237 1.2
    endloop
  endfacet
  facet normal -0.57585 0.817555 0
    outer loop
      vertex -10.1392 15.1743 1.2
      vertex -10.8715 14.6585 2.4
      vertex -10.1392 15.1743 2.4
    endloop
  endfacet
  facet normal -0.57585 0.817555 0
    outer loop
      vertex -10.8715 14.6585 2.4
      vertex -10.1392 15.1743 1.2
      vertex -10.8715 14.6585 1.2
    endloop
  endfacet
  facet normal 0.219036 -0.975717 0
    outer loop
      vertex 3.5604 -17.8993 1.2
      vertex 4.43439 -17.7031 2.4
      vertex 3.5604 -17.8993 2.4
    endloop
  endfacet
  facet normal 0.219036 -0.975717 0
    outer loop
      vertex 4.43439 -17.7031 2.4
      vertex 3.5604 -17.8993 1.2
      vertex 4.43439 -17.7031 1.2
    endloop
  endfacet
  facet normal 0.949522 0.313701 3.07027e-18
    outer loop
      vertex 17.4642 5.2977 2.4
      vertex 17.1832 6.14824 1.2
      vertex 17.1832 6.14824 2.4
    endloop
  endfacet
  facet normal 0.949522 0.313701 3.07027e-18
    outer loop
      vertex 17.1832 6.14824 1.2
      vertex 17.4642 5.2977 2.4
      vertex 17.4642 5.2977 1.2
    endloop
  endfacet
  facet normal -0.724252 -0.689535 -1.70977e-17
    outer loop
      vertex -12.9047 -12.9047 1.2
      vertex -13.5224 -12.2559 2.4
      vertex -13.5224 -12.2559 1.2
    endloop
  endfacet
  facet normal -0.724252 -0.689535 -1.70977e-17
    outer loop
      vertex -13.5224 -12.2559 2.4
      vertex -12.9047 -12.9047 1.2
      vertex -12.9047 -12.9047 2.4
    endloop
  endfacet
  facet normal 0.0245603 0.999698 -0
    outer loop
      vertex 0.895485 18.228 1.2
      vertex 0 18.25 2.4
      vertex 0.895485 18.228 2.4
    endloop
  endfacet
  facet normal 0.0245603 0.999698 0
    outer loop
      vertex 0 18.25 2.4
      vertex 0.895485 18.228 1.2
      vertex 0 18.25 1.2
    endloop
  endfacet
  facet normal 0.893243 0.449574 1.82409e-17
    outer loop
      vertex 16.4978 7.80288 2.4
      vertex 16.0951 8.60299 1.2
      vertex 16.0951 8.60299 2.4
    endloop
  endfacet
  facet normal 0.893243 0.449574 1.82409e-17
    outer loop
      vertex 16.0951 8.60299 1.2
      vertex 16.4978 7.80288 2.4
      vertex 16.4978 7.80288 1.2
    endloop
  endfacet
  facet normal -0.122356 0.992486 0
    outer loop
      vertex -1.78881 18.1621 1.2
      vertex -2.67783 18.0525 2.4
      vertex -1.78881 18.1621 2.4
    endloop
  endfacet
  facet normal -0.122356 0.992486 0
    outer loop
      vertex -2.67783 18.0525 2.4
      vertex -1.78881 18.1621 1.2
      vertex -2.67783 18.0525 1.2
    endloop
  endfacet
  facet normal -0.689535 0.724252 0
    outer loop
      vertex -12.2559 13.5224 1.2
      vertex -12.9047 12.9047 2.4
      vertex -12.2559 13.5224 2.4
    endloop
  endfacet
  facet normal -0.689535 0.724252 0
    outer loop
      vertex -12.9047 12.9047 2.4
      vertex -12.2559 13.5224 1.2
      vertex -12.9047 12.9047 1.2
    endloop
  endfacet
  facet normal 0.724252 -0.689535 1.70977e-17
    outer loop
      vertex 12.9047 -12.9047 2.4
      vertex 13.5224 -12.2559 1.2
      vertex 13.5224 -12.2559 2.4
    endloop
  endfacet
  facet normal 0.724252 -0.689535 1.70977e-17
    outer loop
      vertex 13.5224 -12.2559 1.2
      vertex 12.9047 -12.9047 2.4
      vertex 12.9047 -12.9047 1.2
    endloop
  endfacet
  facet normal -0.65316 -0.75722 0
    outer loop
      vertex -12.2559 -13.5224 1.2
      vertex -11.5777 -14.1074 2.4
      vertex -12.2559 -13.5224 2.4
    endloop
  endfacet
  facet normal -0.65316 -0.75722 -0
    outer loop
      vertex -11.5777 -14.1074 2.4
      vertex -12.2559 -13.5224 1.2
      vertex -11.5777 -14.1074 1.2
    endloop
  endfacet
  facet normal -0.534952 0.844882 0
    outer loop
      vertex -9.38237 15.6535 1.2
      vertex -10.1392 15.1743 2.4
      vertex -9.38237 15.6535 2.4
    endloop
  endfacet
  facet normal -0.534952 0.844882 0
    outer loop
      vertex -10.1392 15.1743 2.4
      vertex -9.38237 15.6535 1.2
      vertex -10.1392 15.1743 1.2
    endloop
  endfacet
  facet normal -0.0735694 0.99729 0
    outer loop
      vertex -0.895485 18.228 1.2
      vertex -1.78881 18.1621 2.4
      vertex -0.895485 18.228 2.4
    endloop
  endfacet
  facet normal -0.0735694 0.99729 0
    outer loop
      vertex -1.78881 18.1621 2.4
      vertex -0.895485 18.228 1.2
      vertex -1.78881 18.1621 1.2
    endloop
  endfacet
  facet normal 0.492971 0.870045 -0
    outer loop
      vertex 9.38237 15.6535 1.2
      vertex 8.60299 16.0951 2.4
      vertex 9.38237 15.6535 2.4
    endloop
  endfacet
  facet normal 0.492971 0.870045 0
    outer loop
      vertex 8.60299 16.0951 2.4
      vertex 9.38237 15.6535 1.2
      vertex 8.60299 16.0951 1.2
    endloop
  endfacet
  facet normal -0.122356 -0.992486 0
    outer loop
      vertex -2.67783 -18.0525 1.2
      vertex -1.78881 -18.1621 2.4
      vertex -2.67783 -18.0525 2.4
    endloop
  endfacet
  facet normal -0.122356 -0.992486 -0
    outer loop
      vertex -1.78881 -18.1621 2.4
      vertex -2.67783 -18.0525 1.2
      vertex -1.78881 -18.1621 1.2
    endloop
  endfacet
  facet normal -0.914209 0.405243 -1.88243e-17
    outer loop
      vertex -16.8608 6.98397 1.2
      vertex -16.4978 7.80288 2.4
      vertex -16.4978 7.80288 1.2
    endloop
  endfacet
  facet normal -0.914209 0.405243 -1.88243e-17
    outer loop
      vertex -16.4978 7.80288 2.4
      vertex -16.8608 6.98397 1.2
      vertex -16.8608 6.98397 2.4
    endloop
  endfacet
  facet normal 0.992486 -0.122356 3.40232e-18
    outer loop
      vertex 18.0525 -2.67783 2.4
      vertex 18.1621 -1.78881 1.2
      vertex 18.1621 -1.78881 2.4
    endloop
  endfacet
  facet normal 0.992486 -0.122356 3.40232e-18
    outer loop
      vertex 18.1621 -1.78881 1.2
      vertex 18.0525 -2.67783 2.4
      vertex 18.0525 -2.67783 1.2
    endloop
  endfacet
  facet normal -0.949522 -0.313701 3.07027e-18
    outer loop
      vertex -17.1832 -6.14824 1.2
      vertex -17.4642 -5.2977 2.4
      vertex -17.4642 -5.2977 1.2
    endloop
  endfacet
  facet normal -0.949522 -0.313701 3.07027e-18
    outer loop
      vertex -17.4642 -5.2977 2.4
      vertex -17.1832 -6.14824 1.2
      vertex -17.1832 -6.14824 2.4
    endloop
  endfacet
  facet normal -0.0245603 -0.999698 0
    outer loop
      vertex -0.895485 -18.228 1.2
      vertex 0 -18.25 2.4
      vertex -0.895485 -18.228 2.4
    endloop
  endfacet
  facet normal -0.0245603 -0.999698 -0
    outer loop
      vertex 0 -18.25 2.4
      vertex -0.895485 -18.228 1.2
      vertex 0 -18.25 1.2
    endloop
  endfacet
  facet normal 0.949522 -0.313701 -3.07027e-18
    outer loop
      vertex 17.1832 -6.14824 2.4
      vertex 17.4642 -5.2977 1.2
      vertex 17.4642 -5.2977 2.4
    endloop
  endfacet
  facet normal 0.949522 -0.313701 -3.07027e-18
    outer loop
      vertex 17.4642 -5.2977 1.2
      vertex 17.1832 -6.14824 2.4
      vertex 17.1832 -6.14824 1.2
    endloop
  endfacet
  facet normal -0.219036 0.975717 0
    outer loop
      vertex -3.5604 17.8993 1.2
      vertex -4.43439 17.7031 2.4
      vertex -3.5604 17.8993 2.4
    endloop
  endfacet
  facet normal -0.219036 0.975717 0
    outer loop
      vertex -4.43439 17.7031 2.4
      vertex -3.5604 17.8993 1.2
      vertex -4.43439 17.7031 1.2
    endloop
  endfacet
  facet normal 0.171026 -0.985266 0
    outer loop
      vertex 2.67783 -18.0525 1.2
      vertex 3.5604 -17.8993 2.4
      vertex 2.67783 -18.0525 2.4
    endloop
  endfacet
  facet normal 0.171026 -0.985266 0
    outer loop
      vertex 3.5604 -17.8993 2.4
      vertex 2.67783 -18.0525 1.2
      vertex 3.5604 -17.8993 1.2
    endloop
  endfacet
  facet normal -0.99729 -0.0735694 -2.82936e-18
    outer loop
      vertex -18.1621 -1.78881 1.2
      vertex -18.228 -0.895485 2.4
      vertex -18.228 -0.895485 1.2
    endloop
  endfacet
  facet normal -0.99729 -0.0735694 -2.82936e-18
    outer loop
      vertex -18.228 -0.895485 2.4
      vertex -18.1621 -1.78881 1.2
      vertex -18.1621 -1.78881 2.4
    endloop
  endfacet
  facet normal 0.932984 -0.359918 1.95501e-17
    outer loop
      vertex 16.8608 -6.98397 2.4
      vertex 17.1832 -6.14824 1.2
      vertex 17.1832 -6.14824 2.4
    endloop
  endfacet
  facet normal 0.932984 -0.359918 1.95501e-17
    outer loop
      vertex 17.1832 -6.14824 1.2
      vertex 16.8608 -6.98397 2.4
      vertex 16.8608 -6.98397 1.2
    endloop
  endfacet
  facet normal 0.122356 0.992486 -0
    outer loop
      vertex 2.67783 18.0525 1.2
      vertex 1.78881 18.1621 2.4
      vertex 2.67783 18.0525 2.4
    endloop
  endfacet
  facet normal 0.122356 0.992486 0
    outer loop
      vertex 1.78881 18.1621 2.4
      vertex 2.67783 18.0525 1.2
      vertex 1.78881 18.1621 1.2
    endloop
  endfacet
  facet normal 0.932984 0.359918 -1.95501e-17
    outer loop
      vertex 17.1832 6.14824 2.4
      vertex 16.8608 6.98397 1.2
      vertex 16.8608 6.98397 2.4
    endloop
  endfacet
  facet normal 0.932984 0.359918 -1.95501e-17
    outer loop
      vertex 16.8608 6.98397 1.2
      vertex 17.1832 6.14824 2.4
      vertex 17.1832 6.14824 1.2
    endloop
  endfacet
  facet normal 0.99729 -0.0735694 2.82936e-18
    outer loop
      vertex 18.1621 -1.78881 2.4
      vertex 18.228 -0.895485 1.2
      vertex 18.228 -0.895485 2.4
    endloop
  endfacet
  facet normal 0.99729 -0.0735694 2.82936e-18
    outer loop
      vertex 18.228 -0.895485 1.2
      vertex 18.1621 -1.78881 2.4
      vertex 18.1621 -1.78881 1.2
    endloop
  endfacet
  facet normal 0.724252 0.689535 -1.70977e-17
    outer loop
      vertex 13.5224 12.2559 2.4
      vertex 12.9047 12.9047 1.2
      vertex 12.9047 12.9047 2.4
    endloop
  endfacet
  facet normal 0.724252 0.689535 -1.70977e-17
    outer loop
      vertex 12.9047 12.9047 1.2
      vertex 13.5224 12.2559 2.4
      vertex 13.5224 12.2559 1.2
    endloop
  endfacet
  facet normal 0.0245603 -0.999698 0
    outer loop
      vertex 0 -18.25 1.2
      vertex 0.895485 -18.228 2.4
      vertex 0 -18.25 2.4
    endloop
  endfacet
  facet normal 0.0245603 -0.999698 0
    outer loop
      vertex 0.895485 -18.228 2.4
      vertex 0 -18.25 1.2
      vertex 0.895485 -18.228 1.2
    endloop
  endfacet
  facet normal -0.914209 -0.405243 1.88243e-17
    outer loop
      vertex -16.4978 -7.80288 1.2
      vertex -16.8608 -6.98397 2.4
      vertex -16.8608 -6.98397 1.2
    endloop
  endfacet
  facet normal -0.914209 -0.405243 1.88243e-17
    outer loop
      vertex -16.8608 -6.98397 2.4
      vertex -16.4978 -7.80288 1.2
      vertex -16.4978 -7.80288 2.4
    endloop
  endfacet
  facet normal -0.999698 0.0245603 -9.22819e-19
    outer loop
      vertex -18.25 0 1.2
      vertex -18.228 0.895485 2.4
      vertex -18.228 0.895485 1.2
    endloop
  endfacet
  facet normal -0.999698 0.0245603 -9.22819e-19
    outer loop
      vertex -18.228 0.895485 2.4
      vertex -18.25 0 1.2
      vertex -18.25 0 2.4
    endloop
  endfacet
  facet normal -0.689535 -0.724252 0
    outer loop
      vertex -12.9047 -12.9047 1.2
      vertex -12.2559 -13.5224 2.4
      vertex -12.9047 -12.9047 2.4
    endloop
  endfacet
  facet normal -0.689535 -0.724252 -0
    outer loop
      vertex -12.2559 -13.5224 2.4
      vertex -12.9047 -12.9047 1.2
      vertex -12.2559 -13.5224 1.2
    endloop
  endfacet
  facet normal 0.788359 -0.615215 2.24613e-17
    outer loop
      vertex 14.1074 -11.5777 2.4
      vertex 14.6585 -10.8715 1.2
      vertex 14.6585 -10.8715 2.4
    endloop
  endfacet
  facet normal 0.788359 -0.615215 2.24613e-17
    outer loop
      vertex 14.6585 -10.8715 1.2
      vertex 14.1074 -11.5777 2.4
      vertex 14.1074 -11.5777 1.2
    endloop
  endfacet
  facet normal -0.992486 0.122356 3.40232e-18
    outer loop
      vertex -18.1621 1.78881 1.2
      vertex -18.0525 2.67783 2.4
      vertex -18.0525 2.67783 1.2
    endloop
  endfacet
  facet normal -0.992486 0.122356 3.40232e-18
    outer loop
      vertex -18.0525 2.67783 2.4
      vertex -18.1621 1.78881 1.2
      vertex -18.1621 1.78881 2.4
    endloop
  endfacet
  facet normal -0.0735694 -0.99729 0
    outer loop
      vertex -1.78881 -18.1621 1.2
      vertex -0.895485 -18.228 2.4
      vertex -1.78881 -18.1621 2.4
    endloop
  endfacet
  facet normal -0.0735694 -0.99729 -0
    outer loop
      vertex -0.895485 -18.228 2.4
      vertex -1.78881 -18.1621 1.2
      vertex -0.895485 -18.228 1.2
    endloop
  endfacet
  facet normal -0.266702 -0.963779 0
    outer loop
      vertex -5.2977 -17.4642 1.2
      vertex -4.43439 -17.7031 2.4
      vertex -5.2977 -17.4642 2.4
    endloop
  endfacet
  facet normal -0.266702 -0.963779 -0
    outer loop
      vertex -4.43439 -17.7031 2.4
      vertex -5.2977 -17.4642 1.2
      vertex -4.43439 -17.7031 1.2
    endloop
  endfacet
  facet normal 0.817555 0.57585 1.43549e-17
    outer loop
      vertex 15.1743 10.1392 2.4
      vertex 14.6585 10.8715 1.2
      vertex 14.6585 10.8715 2.4
    endloop
  endfacet
  facet normal 0.817555 0.57585 1.43549e-17
    outer loop
      vertex 14.6585 10.8715 1.2
      vertex 15.1743 10.1392 2.4
      vertex 15.1743 10.1392 1.2
    endloop
  endfacet
  facet normal 0.405243 0.914209 -0
    outer loop
      vertex 7.80288 16.4978 1.2
      vertex 6.98397 16.8608 2.4
      vertex 7.80288 16.4978 2.4
    endloop
  endfacet
  facet normal 0.405243 0.914209 0
    outer loop
      vertex 6.98397 16.8608 2.4
      vertex 7.80288 16.4978 1.2
      vertex 6.98397 16.8608 1.2
    endloop
  endfacet
  facet normal 0.914209 -0.405243 -1.88243e-17
    outer loop
      vertex 16.4978 -7.80288 2.4
      vertex 16.8608 -6.98397 1.2
      vertex 16.8608 -6.98397 2.4
    endloop
  endfacet
  facet normal 0.914209 -0.405243 -1.88243e-17
    outer loop
      vertex 16.8608 -6.98397 1.2
      vertex 16.4978 -7.80288 2.4
      vertex 16.4978 -7.80288 1.2
    endloop
  endfacet
  facet normal 0.975717 0.219036 -5.17848e-18
    outer loop
      vertex 17.8993 3.5604 2.4
      vertex 17.7031 4.43439 1.2
      vertex 17.7031 4.43439 2.4
    endloop
  endfacet
  facet normal 0.975717 0.219036 -5.17848e-18
    outer loop
      vertex 17.7031 4.43439 1.2
      vertex 17.8993 3.5604 2.4
      vertex 17.8993 3.5604 1.2
    endloop
  endfacet
  facet normal -0.870045 -0.492971 1.00652e-17
    outer loop
      vertex -15.6535 -9.38237 1.2
      vertex -16.0951 -8.60299 2.4
      vertex -16.0951 -8.60299 1.2
    endloop
  endfacet
  facet normal -0.870045 -0.492971 1.00652e-17
    outer loop
      vertex -16.0951 -8.60299 2.4
      vertex -15.6535 -9.38237 1.2
      vertex -15.6535 -9.38237 2.4
    endloop
  endfacet
  facet normal 0.65316 -0.75722 0
    outer loop
      vertex 11.5777 -14.1074 1.2
      vertex 12.2559 -13.5224 2.4
      vertex 11.5777 -14.1074 2.4
    endloop
  endfacet
  facet normal 0.65316 -0.75722 0
    outer loop
      vertex 12.2559 -13.5224 2.4
      vertex 11.5777 -14.1074 1.2
      vertex 12.2559 -13.5224 1.2
    endloop
  endfacet
  facet normal 0.689535 -0.724252 0
    outer loop
      vertex 12.2559 -13.5224 1.2
      vertex 12.9047 -12.9047 2.4
      vertex 12.2559 -13.5224 2.4
    endloop
  endfacet
  facet normal 0.689535 -0.724252 0
    outer loop
      vertex 12.9047 -12.9047 2.4
      vertex 12.2559 -13.5224 1.2
      vertex 12.9047 -12.9047 1.2
    endloop
  endfacet
  facet normal -0.75722 -0.65316 5.31201e-18
    outer loop
      vertex -13.5224 -12.2559 1.2
      vertex -14.1074 -11.5777 2.4
      vertex -14.1074 -11.5777 1.2
    endloop
  endfacet
  facet normal -0.75722 -0.65316 5.31201e-18
    outer loop
      vertex -14.1074 -11.5777 2.4
      vertex -13.5224 -12.2559 1.2
      vertex -13.5224 -12.2559 2.4
    endloop
  endfacet
  facet normal 0.75722 0.65316 5.31201e-18
    outer loop
      vertex 14.1074 11.5777 2.4
      vertex 13.5224 12.2559 1.2
      vertex 13.5224 12.2559 2.4
    endloop
  endfacet
  facet normal 0.75722 0.65316 5.31201e-18
    outer loop
      vertex 13.5224 12.2559 1.2
      vertex 14.1074 11.5777 2.4
      vertex 14.1074 11.5777 1.2
    endloop
  endfacet
  facet normal 0.999698 -0.0245603 -9.22819e-19
    outer loop
      vertex 18.228 -0.895485 2.4
      vertex 18.25 0 1.2
      vertex 18.25 0 2.4
    endloop
  endfacet
  facet normal 0.999698 -0.0245603 -9.22819e-19
    outer loop
      vertex 18.25 0 1.2
      vertex 18.228 -0.895485 2.4
      vertex 18.228 -0.895485 1.2
    endloop
  endfacet
  facet normal 0.359918 0.932984 -0
    outer loop
      vertex 6.98397 16.8608 1.2
      vertex 6.14824 17.1832 2.4
      vertex 6.98397 16.8608 2.4
    endloop
  endfacet
  facet normal 0.359918 0.932984 0
    outer loop
      vertex 6.14824 17.1832 2.4
      vertex 6.98397 16.8608 1.2
      vertex 6.14824 17.1832 1.2
    endloop
  endfacet
  facet normal -0.963779 0.266702 -7.15365e-18
    outer loop
      vertex -17.7031 4.43439 1.2
      vertex -17.4642 5.2977 2.4
      vertex -17.4642 5.2977 1.2
    endloop
  endfacet
  facet normal -0.963779 0.266702 -7.15365e-18
    outer loop
      vertex -17.4642 5.2977 2.4
      vertex -17.7031 4.43439 1.2
      vertex -17.7031 4.43439 2.4
    endloop
  endfacet
  facet normal -0.893243 0.449574 -1.82409e-17
    outer loop
      vertex -16.4978 7.80288 1.2
      vertex -16.0951 8.60299 2.4
      vertex -16.0951 8.60299 1.2
    endloop
  endfacet
  facet normal -0.893243 0.449574 -1.82409e-17
    outer loop
      vertex -16.0951 8.60299 2.4
      vertex -16.4978 7.80288 1.2
      vertex -16.4978 7.80288 2.4
    endloop
  endfacet
  facet normal 0.449574 0.893243 -0
    outer loop
      vertex 8.60299 16.0951 1.2
      vertex 7.80288 16.4978 2.4
      vertex 8.60299 16.0951 2.4
    endloop
  endfacet
  facet normal 0.449574 0.893243 0
    outer loop
      vertex 7.80288 16.4978 2.4
      vertex 8.60299 16.0951 1.2
      vertex 7.80288 16.4978 1.2
    endloop
  endfacet
  facet normal -0.932984 0.359918 1.95501e-17
    outer loop
      vertex -17.1832 6.14824 1.2
      vertex -16.8608 6.98397 2.4
      vertex -16.8608 6.98397 1.2
    endloop
  endfacet
  facet normal -0.932984 0.359918 1.95501e-17
    outer loop
      vertex -16.8608 6.98397 2.4
      vertex -17.1832 6.14824 1.2
      vertex -17.1832 6.14824 2.4
    endloop
  endfacet
  facet normal -0.359918 -0.932984 0
    outer loop
      vertex -6.98397 -16.8608 1.2
      vertex -6.14824 -17.1832 2.4
      vertex -6.98397 -16.8608 2.4
    endloop
  endfacet
  facet normal -0.359918 -0.932984 -0
    outer loop
      vertex -6.14824 -17.1832 2.4
      vertex -6.98397 -16.8608 1.2
      vertex -6.14824 -17.1832 1.2
    endloop
  endfacet
  facet normal -0.615215 0.788359 0
    outer loop
      vertex -10.8715 14.6585 1.2
      vertex -11.5777 14.1074 2.4
      vertex -10.8715 14.6585 2.4
    endloop
  endfacet
  facet normal -0.615215 0.788359 0
    outer loop
      vertex -11.5777 14.1074 2.4
      vertex -10.8715 14.6585 1.2
      vertex -11.5777 14.1074 1.2
    endloop
  endfacet
  facet normal 0.844882 0.534952 2.56174e-17
    outer loop
      vertex 15.6535 9.38237 2.4
      vertex 15.1743 10.1392 1.2
      vertex 15.1743 10.1392 2.4
    endloop
  endfacet
  facet normal 0.844882 0.534952 2.56174e-17
    outer loop
      vertex 15.1743 10.1392 1.2
      vertex 15.6535 9.38237 2.4
      vertex 15.6535 9.38237 1.2
    endloop
  endfacet
  facet normal 0.313701 -0.949522 0
    outer loop
      vertex 5.2977 -17.4642 1.2
      vertex 6.14824 -17.1832 2.4
      vertex 5.2977 -17.4642 2.4
    endloop
  endfacet
  facet normal 0.313701 -0.949522 0
    outer loop
      vertex 6.14824 -17.1832 2.4
      vertex 5.2977 -17.4642 1.2
      vertex 6.14824 -17.1832 1.2
    endloop
  endfacet
  facet normal 0.534952 -0.844882 0
    outer loop
      vertex 9.38237 -15.6535 1.2
      vertex 10.1392 -15.1743 2.4
      vertex 9.38237 -15.6535 2.4
    endloop
  endfacet
  facet normal 0.534952 -0.844882 0
    outer loop
      vertex 10.1392 -15.1743 2.4
      vertex 9.38237 -15.6535 1.2
      vertex 10.1392 -15.1743 1.2
    endloop
  endfacet
  facet normal -0.492971 -0.870045 0
    outer loop
      vertex -9.38237 -15.6535 1.2
      vertex -8.60299 -16.0951 2.4
      vertex -9.38237 -15.6535 2.4
    endloop
  endfacet
  facet normal -0.492971 -0.870045 -0
    outer loop
      vertex -8.60299 -16.0951 2.4
      vertex -9.38237 -15.6535 1.2
      vertex -8.60299 -16.0951 1.2
    endloop
  endfacet
  facet normal 0.492971 -0.870045 0
    outer loop
      vertex 8.60299 -16.0951 1.2
      vertex 9.38237 -15.6535 2.4
      vertex 8.60299 -16.0951 2.4
    endloop
  endfacet
  facet normal 0.492971 -0.870045 0
    outer loop
      vertex 9.38237 -15.6535 2.4
      vertex 8.60299 -16.0951 1.2
      vertex 9.38237 -15.6535 1.2
    endloop
  endfacet
  facet normal -0.359918 0.932984 0
    outer loop
      vertex -6.14824 17.1832 1.2
      vertex -6.98397 16.8608 2.4
      vertex -6.14824 17.1832 2.4
    endloop
  endfacet
  facet normal -0.359918 0.932984 0
    outer loop
      vertex -6.98397 16.8608 2.4
      vertex -6.14824 17.1832 1.2
      vertex -6.98397 16.8608 1.2
    endloop
  endfacet
  facet normal -0.0245603 0.999698 0
    outer loop
      vertex 0 18.25 1.2
      vertex -0.895485 18.228 2.4
      vertex 0 18.25 2.4
    endloop
  endfacet
  facet normal -0.0245603 0.999698 0
    outer loop
      vertex -0.895485 18.228 2.4
      vertex 0 18.25 1.2
      vertex -0.895485 18.228 1.2
    endloop
  endfacet
  facet normal 0.615215 0.788359 -0
    outer loop
      vertex 11.5777 14.1074 1.2
      vertex 10.8715 14.6585 2.4
      vertex 11.5777 14.1074 2.4
    endloop
  endfacet
  facet normal 0.615215 0.788359 0
    outer loop
      vertex 10.8715 14.6585 2.4
      vertex 11.5777 14.1074 1.2
      vertex 10.8715 14.6585 1.2
    endloop
  endfacet
  facet normal -0.65316 0.75722 0
    outer loop
      vertex -11.5777 14.1074 1.2
      vertex -12.2559 13.5224 2.4
      vertex -11.5777 14.1074 2.4
    endloop
  endfacet
  facet normal -0.65316 0.75722 0
    outer loop
      vertex -12.2559 13.5224 2.4
      vertex -11.5777 14.1074 1.2
      vertex -12.2559 13.5224 1.2
    endloop
  endfacet
  facet normal -0.171026 0.985266 0
    outer loop
      vertex -2.67783 18.0525 1.2
      vertex -3.5604 17.8993 2.4
      vertex -2.67783 18.0525 2.4
    endloop
  endfacet
  facet normal -0.171026 0.985266 0
    outer loop
      vertex -3.5604 17.8993 2.4
      vertex -2.67783 18.0525 1.2
      vertex -3.5604 17.8993 1.2
    endloop
  endfacet
  facet normal -0.975717 0.219036 5.17848e-18
    outer loop
      vertex -17.8993 3.5604 1.2
      vertex -17.7031 4.43439 2.4
      vertex -17.7031 4.43439 1.2
    endloop
  endfacet
  facet normal -0.975717 0.219036 5.17848e-18
    outer loop
      vertex -17.7031 4.43439 2.4
      vertex -17.8993 3.5604 1.2
      vertex -17.8993 3.5604 2.4
    endloop
  endfacet
  facet normal -0.932984 -0.359918 -1.95501e-17
    outer loop
      vertex -16.8608 -6.98397 1.2
      vertex -17.1832 -6.14824 2.4
      vertex -17.1832 -6.14824 1.2
    endloop
  endfacet
  facet normal -0.932984 -0.359918 -1.95501e-17
    outer loop
      vertex -17.1832 -6.14824 2.4
      vertex -16.8608 -6.98397 1.2
      vertex -16.8608 -6.98397 2.4
    endloop
  endfacet
  facet normal -0.817555 -0.57585 1.43549e-17
    outer loop
      vertex -14.6585 -10.8715 1.2
      vertex -15.1743 -10.1392 2.4
      vertex -15.1743 -10.1392 1.2
    endloop
  endfacet
  facet normal -0.817555 -0.57585 1.43549e-17
    outer loop
      vertex -15.1743 -10.1392 2.4
      vertex -14.6585 -10.8715 1.2
      vertex -14.6585 -10.8715 2.4
    endloop
  endfacet
  facet normal 0.844882 -0.534952 -2.56174e-17
    outer loop
      vertex 15.1743 -10.1392 2.4
      vertex 15.6535 -9.38237 1.2
      vertex 15.6535 -9.38237 2.4
    endloop
  endfacet
  facet normal 0.844882 -0.534952 -2.56174e-17
    outer loop
      vertex 15.6535 -9.38237 1.2
      vertex 15.1743 -10.1392 2.4
      vertex 15.1743 -10.1392 1.2
    endloop
  endfacet
  facet normal 0.266702 0.963779 -0
    outer loop
      vertex 5.2977 17.4642 1.2
      vertex 4.43439 17.7031 2.4
      vertex 5.2977 17.4642 2.4
    endloop
  endfacet
  facet normal 0.266702 0.963779 0
    outer loop
      vertex 4.43439 17.7031 2.4
      vertex 5.2977 17.4642 1.2
      vertex 4.43439 17.7031 1.2
    endloop
  endfacet
  facet normal 0.615215 -0.788359 0
    outer loop
      vertex 10.8715 -14.6585 1.2
      vertex 11.5777 -14.1074 2.4
      vertex 10.8715 -14.6585 2.4
    endloop
  endfacet
  facet normal 0.615215 -0.788359 0
    outer loop
      vertex 11.5777 -14.1074 2.4
      vertex 10.8715 -14.6585 1.2
      vertex 11.5777 -14.1074 1.2
    endloop
  endfacet
  facet normal 0.219036 0.975717 -0
    outer loop
      vertex 4.43439 17.7031 1.2
      vertex 3.5604 17.8993 2.4
      vertex 4.43439 17.7031 2.4
    endloop
  endfacet
  facet normal 0.219036 0.975717 0
    outer loop
      vertex 3.5604 17.8993 2.4
      vertex 4.43439 17.7031 1.2
      vertex 3.5604 17.8993 1.2
    endloop
  endfacet
  facet normal -0.817555 0.57585 -1.43549e-17
    outer loop
      vertex -15.1743 10.1392 1.2
      vertex -14.6585 10.8715 2.4
      vertex -14.6585 10.8715 1.2
    endloop
  endfacet
  facet normal -0.817555 0.57585 -1.43549e-17
    outer loop
      vertex -14.6585 10.8715 2.4
      vertex -15.1743 10.1392 1.2
      vertex -15.1743 10.1392 2.4
    endloop
  endfacet
  facet normal -0.219036 -0.975717 0
    outer loop
      vertex -4.43439 -17.7031 1.2
      vertex -3.5604 -17.8993 2.4
      vertex -4.43439 -17.7031 2.4
    endloop
  endfacet
  facet normal -0.219036 -0.975717 -0
    outer loop
      vertex -3.5604 -17.8993 2.4
      vertex -4.43439 -17.7031 1.2
      vertex -3.5604 -17.8993 1.2
    endloop
  endfacet
  facet normal 0.817555 -0.57585 -1.43549e-17
    outer loop
      vertex 14.6585 -10.8715 2.4
      vertex 15.1743 -10.1392 1.2
      vertex 15.1743 -10.1392 2.4
    endloop
  endfacet
  facet normal 0.817555 -0.57585 -1.43549e-17
    outer loop
      vertex 15.1743 -10.1392 1.2
      vertex 14.6585 -10.8715 2.4
      vertex 14.6585 -10.8715 1.2
    endloop
  endfacet
  facet normal 0.122356 -0.992486 0
    outer loop
      vertex 1.78881 -18.1621 1.2
      vertex 2.67783 -18.0525 2.4
      vertex 1.78881 -18.1621 2.4
    endloop
  endfacet
  facet normal 0.122356 -0.992486 0
    outer loop
      vertex 2.67783 -18.0525 2.4
      vertex 1.78881 -18.1621 1.2
      vertex 2.67783 -18.0525 1.2
    endloop
  endfacet
  facet normal 0.449574 -0.893243 0
    outer loop
      vertex 7.80288 -16.4978 1.2
      vertex 8.60299 -16.0951 2.4
      vertex 7.80288 -16.4978 2.4
    endloop
  endfacet
  facet normal 0.449574 -0.893243 0
    outer loop
      vertex 8.60299 -16.0951 2.4
      vertex 7.80288 -16.4978 1.2
      vertex 8.60299 -16.0951 1.2
    endloop
  endfacet
  facet normal -0.844882 0.534952 -2.56174e-17
    outer loop
      vertex -15.6535 9.38237 1.2
      vertex -15.1743 10.1392 2.4
      vertex -15.1743 10.1392 1.2
    endloop
  endfacet
  facet normal -0.844882 0.534952 -2.56174e-17
    outer loop
      vertex -15.1743 10.1392 2.4
      vertex -15.6535 9.38237 1.2
      vertex -15.6535 9.38237 2.4
    endloop
  endfacet
  facet normal -0.724252 0.689535 1.70977e-17
    outer loop
      vertex -13.5224 12.2559 1.2
      vertex -12.9047 12.9047 2.4
      vertex -12.9047 12.9047 1.2
    endloop
  endfacet
  facet normal -0.724252 0.689535 1.70977e-17
    outer loop
      vertex -12.9047 12.9047 2.4
      vertex -13.5224 12.2559 1.2
      vertex -13.5224 12.2559 2.4
    endloop
  endfacet
  facet normal 0.266702 -0.963779 0
    outer loop
      vertex 4.43439 -17.7031 1.2
      vertex 5.2977 -17.4642 2.4
      vertex 4.43439 -17.7031 2.4
    endloop
  endfacet
  facet normal 0.266702 -0.963779 0
    outer loop
      vertex 5.2977 -17.4642 2.4
      vertex 4.43439 -17.7031 1.2
      vertex 5.2977 -17.4642 1.2
    endloop
  endfacet
  facet normal -0.615215 -0.788359 0
    outer loop
      vertex -11.5777 -14.1074 1.2
      vertex -10.8715 -14.6585 2.4
      vertex -11.5777 -14.1074 2.4
    endloop
  endfacet
  facet normal -0.615215 -0.788359 -0
    outer loop
      vertex -10.8715 -14.6585 2.4
      vertex -11.5777 -14.1074 1.2
      vertex -10.8715 -14.6585 1.2
    endloop
  endfacet
  facet normal -0.985266 -0.171026 8.19314e-18
    outer loop
      vertex -17.8993 -3.5604 1.2
      vertex -18.0525 -2.67783 2.4
      vertex -18.0525 -2.67783 1.2
    endloop
  endfacet
  facet normal -0.985266 -0.171026 8.19314e-18
    outer loop
      vertex -18.0525 -2.67783 2.4
      vertex -17.8993 -3.5604 1.2
      vertex -17.8993 -3.5604 2.4
    endloop
  endfacet
  facet normal 0.405243 -0.914209 0
    outer loop
      vertex 6.98397 -16.8608 1.2
      vertex 7.80288 -16.4978 2.4
      vertex 6.98397 -16.8608 2.4
    endloop
  endfacet
  facet normal 0.405243 -0.914209 0
    outer loop
      vertex 7.80288 -16.4978 2.4
      vertex 6.98397 -16.8608 1.2
      vertex 7.80288 -16.4978 1.2
    endloop
  endfacet
  facet normal 0.313701 0.949522 -0
    outer loop
      vertex 6.14824 17.1832 1.2
      vertex 5.2977 17.4642 2.4
      vertex 6.14824 17.1832 2.4
    endloop
  endfacet
  facet normal 0.313701 0.949522 0
    outer loop
      vertex 5.2977 17.4642 2.4
      vertex 6.14824 17.1832 1.2
      vertex 5.2977 17.4642 1.2
    endloop
  endfacet
  facet normal 0.985266 -0.171026 -8.19314e-18
    outer loop
      vertex 17.8993 -3.5604 2.4
      vertex 18.0525 -2.67783 1.2
      vertex 18.0525 -2.67783 2.4
    endloop
  endfacet
  facet normal 0.985266 -0.171026 -8.19314e-18
    outer loop
      vertex 18.0525 -2.67783 1.2
      vertex 17.8993 -3.5604 2.4
      vertex 17.8993 -3.5604 1.2
    endloop
  endfacet
  facet normal -0.449574 0.893243 0
    outer loop
      vertex -7.80288 16.4978 1.2
      vertex -8.60299 16.0951 2.4
      vertex -7.80288 16.4978 2.4
    endloop
  endfacet
  facet normal -0.449574 0.893243 0
    outer loop
      vertex -8.60299 16.0951 2.4
      vertex -7.80288 16.4978 1.2
      vertex -8.60299 16.0951 1.2
    endloop
  endfacet
  facet normal 0.0735694 0.99729 -0
    outer loop
      vertex 1.78881 18.1621 1.2
      vertex 0.895485 18.228 2.4
      vertex 1.78881 18.1621 2.4
    endloop
  endfacet
  facet normal 0.0735694 0.99729 0
    outer loop
      vertex 0.895485 18.228 2.4
      vertex 1.78881 18.1621 1.2
      vertex 0.895485 18.228 1.2
    endloop
  endfacet
  facet normal -0.313701 -0.949522 0
    outer loop
      vertex -6.14824 -17.1832 1.2
      vertex -5.2977 -17.4642 2.4
      vertex -6.14824 -17.1832 2.4
    endloop
  endfacet
  facet normal -0.313701 -0.949522 -0
    outer loop
      vertex -5.2977 -17.4642 2.4
      vertex -6.14824 -17.1832 1.2
      vertex -5.2977 -17.4642 1.2
    endloop
  endfacet
  facet normal -0.99729 0.0735694 2.82936e-18
    outer loop
      vertex -18.228 0.895485 1.2
      vertex -18.1621 1.78881 2.4
      vertex -18.1621 1.78881 1.2
    endloop
  endfacet
  facet normal -0.99729 0.0735694 2.82936e-18
    outer loop
      vertex -18.1621 1.78881 2.4
      vertex -18.228 0.895485 1.2
      vertex -18.228 0.895485 2.4
    endloop
  endfacet
  facet normal -0.985266 0.171026 -8.19314e-18
    outer loop
      vertex -18.0525 2.67783 1.2
      vertex -17.8993 3.5604 2.4
      vertex -17.8993 3.5604 1.2
    endloop
  endfacet
  facet normal -0.985266 0.171026 -8.19314e-18
    outer loop
      vertex -17.8993 3.5604 2.4
      vertex -18.0525 2.67783 1.2
      vertex -18.0525 2.67783 2.4
    endloop
  endfacet
  facet normal -0.171026 -0.985266 0
    outer loop
      vertex -3.5604 -17.8993 1.2
      vertex -2.67783 -18.0525 2.4
      vertex -3.5604 -17.8993 2.4
    endloop
  endfacet
  facet normal -0.171026 -0.985266 -0
    outer loop
      vertex -2.67783 -18.0525 2.4
      vertex -3.5604 -17.8993 1.2
      vertex -2.67783 -18.0525 1.2
    endloop
  endfacet
  facet normal -0.266702 0.963779 0
    outer loop
      vertex -4.43439 17.7031 1.2
      vertex -5.2977 17.4642 2.4
      vertex -4.43439 17.7031 2.4
    endloop
  endfacet
  facet normal -0.266702 0.963779 0
    outer loop
      vertex -5.2977 17.4642 2.4
      vertex -4.43439 17.7031 1.2
      vertex -5.2977 17.4642 1.2
    endloop
  endfacet
  facet normal -0.788359 -0.615215 -2.24613e-17
    outer loop
      vertex -14.1074 -11.5777 1.2
      vertex -14.6585 -10.8715 2.4
      vertex -14.6585 -10.8715 1.2
    endloop
  endfacet
  facet normal -0.788359 -0.615215 -2.24613e-17
    outer loop
      vertex -14.6585 -10.8715 2.4
      vertex -14.1074 -11.5777 1.2
      vertex -14.1074 -11.5777 2.4
    endloop
  endfacet
  facet normal 0.788359 0.615215 -2.24613e-17
    outer loop
      vertex 14.6585 10.8715 2.4
      vertex 14.1074 11.5777 1.2
      vertex 14.1074 11.5777 2.4
    endloop
  endfacet
  facet normal 0.788359 0.615215 -2.24613e-17
    outer loop
      vertex 14.1074 11.5777 1.2
      vertex 14.6585 10.8715 2.4
      vertex 14.6585 10.8715 1.2
    endloop
  endfacet
  facet normal -0.963779 -0.266702 7.15365e-18
    outer loop
      vertex -17.4642 -5.2977 1.2
      vertex -17.7031 -4.43439 2.4
      vertex -17.7031 -4.43439 1.2
    endloop
  endfacet
  facet normal -0.963779 -0.266702 7.15365e-18
    outer loop
      vertex -17.7031 -4.43439 2.4
      vertex -17.4642 -5.2977 1.2
      vertex -17.4642 -5.2977 2.4
    endloop
  endfacet
  facet normal -0.449574 -0.893243 0
    outer loop
      vertex -8.60299 -16.0951 1.2
      vertex -7.80288 -16.4978 2.4
      vertex -8.60299 -16.0951 2.4
    endloop
  endfacet
  facet normal -0.449574 -0.893243 -0
    outer loop
      vertex -7.80288 -16.4978 2.4
      vertex -8.60299 -16.0951 1.2
      vertex -7.80288 -16.4978 1.2
    endloop
  endfacet
  facet normal -0.870045 0.492971 -1.00652e-17
    outer loop
      vertex -16.0951 8.60299 1.2
      vertex -15.6535 9.38237 2.4
      vertex -15.6535 9.38237 1.2
    endloop
  endfacet
  facet normal -0.870045 0.492971 -1.00652e-17
    outer loop
      vertex -15.6535 9.38237 2.4
      vertex -16.0951 8.60299 1.2
      vertex -16.0951 8.60299 2.4
    endloop
  endfacet
  facet normal -0.405243 0.914209 0
    outer loop
      vertex -6.98397 16.8608 1.2
      vertex -7.80288 16.4978 2.4
      vertex -6.98397 16.8608 2.4
    endloop
  endfacet
  facet normal -0.405243 0.914209 0
    outer loop
      vertex -7.80288 16.4978 2.4
      vertex -6.98397 16.8608 1.2
      vertex -7.80288 16.4978 1.2
    endloop
  endfacet
  facet normal -0.57585 -0.817555 0
    outer loop
      vertex -10.8715 -14.6585 1.2
      vertex -10.1392 -15.1743 2.4
      vertex -10.8715 -14.6585 2.4
    endloop
  endfacet
  facet normal -0.57585 -0.817555 -0
    outer loop
      vertex -10.1392 -15.1743 2.4
      vertex -10.8715 -14.6585 1.2
      vertex -10.1392 -15.1743 1.2
    endloop
  endfacet
  facet normal -0.893243 -0.449574 1.82409e-17
    outer loop
      vertex -16.0951 -8.60299 1.2
      vertex -16.4978 -7.80288 2.4
      vertex -16.4978 -7.80288 1.2
    endloop
  endfacet
  facet normal -0.893243 -0.449574 1.82409e-17
    outer loop
      vertex -16.4978 -7.80288 2.4
      vertex -16.0951 -8.60299 1.2
      vertex -16.0951 -8.60299 2.4
    endloop
  endfacet
  facet normal -0.534952 -0.844882 0
    outer loop
      vertex -10.1392 -15.1743 1.2
      vertex -9.38237 -15.6535 2.4
      vertex -10.1392 -15.1743 2.4
    endloop
  endfacet
  facet normal -0.534952 -0.844882 -0
    outer loop
      vertex -9.38237 -15.6535 2.4
      vertex -10.1392 -15.1743 1.2
      vertex -9.38237 -15.6535 1.2
    endloop
  endfacet
  facet normal -0.870065 -0.492938 -2.59591e-18
    outer loop
      vertex -17.5834 -10.5391 0
      vertex -18.0794 -9.66363 3.5
      vertex -18.0794 -9.66363 0
    endloop
  endfacet
  facet normal -0.870065 -0.492938 -2.59591e-18
    outer loop
      vertex -18.0794 -9.66363 3.5
      vertex -17.5834 -10.5391 0
      vertex -17.5834 -10.5391 3.5
    endloop
  endfacet
  facet normal 0.997292 0.0735451 1.68699e-18
    outer loop
      vertex 20.4753 1.00589 3.5
      vertex 20.4013 2.00935 0
      vertex 20.4013 2.00935 3.5
    endloop
  endfacet
  facet normal 0.997292 0.0735451 1.68699e-18
    outer loop
      vertex 20.4013 2.00935 0
      vertex 20.4753 1.00589 3.5
      vertex 20.4753 1.00589 0
    endloop
  endfacet
  facet normal 0.999699 0.024548 9.4549e-20
    outer loop
      vertex 20.5 0 3.5
      vertex 20.4753 1.00589 0
      vertex 20.4753 1.00589 3.5
    endloop
  endfacet
  facet normal 0.999699 0.024548 9.4549e-20
    outer loop
      vertex 20.4753 1.00589 0
      vertex 20.5 0 3.5
      vertex 20.5 0 0
    endloop
  endfacet
  facet normal 0.992476 0.122442 -6.68841e-19
    outer loop
      vertex 20.4013 2.00935 3.5
      vertex 20.2781 3.00797 0
      vertex 20.2781 3.00797 3.5
    endloop
  endfacet
  facet normal 0.992476 0.122442 -6.68841e-19
    outer loop
      vertex 20.2781 3.00797 0
      vertex 20.4013 2.00935 3.5
      vertex 20.4013 2.00935 0
    endloop
  endfacet
  facet normal -0.313662 -0.949535 0
    outer loop
      vertex -6.90624 -19.3017 0
      vertex -5.95084 -19.6173 3.5
      vertex -6.90624 -19.3017 3.5
    endloop
  endfacet
  facet normal -0.313662 -0.949535 -0
    outer loop
      vertex -5.95084 -19.6173 3.5
      vertex -6.90624 -19.3017 0
      vertex -5.95084 -19.6173 0
    endloop
  endfacet
  facet normal -0.985281 0.170942 3.83031e-18
    outer loop
      vertex -20.2781 3.00797 0
      vertex -20.1061 3.99935 3.5
      vertex -20.1061 3.99935 0
    endloop
  endfacet
  facet normal -0.985281 0.170942 3.83031e-18
    outer loop
      vertex -20.1061 3.99935 3.5
      vertex -20.2781 3.00797 0
      vertex -20.2781 3.00797 3.5
    endloop
  endfacet
  facet normal 0.0735451 -0.997292 0
    outer loop
      vertex 1.00589 -20.4753 0
      vertex 2.00935 -20.4013 3.5
      vertex 1.00589 -20.4753 3.5
    endloop
  endfacet
  facet normal 0.0735451 -0.997292 0
    outer loop
      vertex 2.00935 -20.4013 3.5
      vertex 1.00589 -20.4753 0
      vertex 2.00935 -20.4013 0
    endloop
  endfacet
  facet normal -0.932967 0.359961 -1.25701e-18
    outer loop
      vertex -19.3017 6.90624 0
      vertex -18.9395 7.84501 3.5
      vertex -18.9395 7.84501 0
    endloop
  endfacet
  facet normal -0.932967 0.359961 -1.25701e-18
    outer loop
      vertex -18.9395 7.84501 3.5
      vertex -19.3017 6.90624 0
      vertex -19.3017 6.90624 3.5
    endloop
  endfacet
  facet normal -0.0735451 0.997292 0
    outer loop
      vertex -1.00589 20.4753 0
      vertex -2.00935 20.4013 3.5
      vertex -1.00589 20.4753 3.5
    endloop
  endfacet
  facet normal -0.0735451 0.997292 0
    outer loop
      vertex -2.00935 20.4013 3.5
      vertex -1.00589 20.4753 0
      vertex -2.00935 20.4013 0
    endloop
  endfacet
  facet normal -0.975693 0.219142 -2.575e-18
    outer loop
      vertex -20.1061 3.99935 0
      vertex -19.8856 4.98109 3.5
      vertex -19.8856 4.98109 0
    endloop
  endfacet
  facet normal -0.975693 0.219142 -2.575e-18
    outer loop
      vertex -19.8856 4.98109 3.5
      vertex -20.1061 3.99935 0
      vertex -20.1061 3.99935 3.5
    endloop
  endfacet
  facet normal 0.492938 -0.870065 0
    outer loop
      vertex 9.66363 -18.0794 0
      vertex 10.5391 -17.5834 3.5
      vertex 9.66363 -18.0794 3.5
    endloop
  endfacet
  facet normal 0.492938 -0.870065 0
    outer loop
      vertex 10.5391 -17.5834 3.5
      vertex 9.66363 -18.0794 0
      vertex 10.5391 -17.5834 0
    endloop
  endfacet
  facet normal 0.893221 0.449617 -3.21106e-18
    outer loop
      vertex 18.5318 8.76488 3.5
      vertex 18.0794 9.66363 0
      vertex 18.0794 9.66363 3.5
    endloop
  endfacet
  facet normal 0.893221 0.449617 -3.21106e-18
    outer loop
      vertex 18.0794 9.66363 0
      vertex 18.5318 8.76488 3.5
      vertex 18.5318 8.76488 0
    endloop
  endfacet
  facet normal -0.219142 0.975693 0
    outer loop
      vertex -3.99935 20.1061 0
      vertex -4.98109 19.8856 3.5
      vertex -3.99935 20.1061 3.5
    endloop
  endfacet
  facet normal -0.219142 0.975693 0
    outer loop
      vertex -4.98109 19.8856 3.5
      vertex -3.99935 20.1061 0
      vertex -4.98109 19.8856 0
    endloop
  endfacet
  facet normal 0.975693 -0.219142 -2.575e-18
    outer loop
      vertex 19.8856 -4.98109 3.5
      vertex 20.1061 -3.99935 0
      vertex 20.1061 -3.99935 3.5
    endloop
  endfacet
  facet normal 0.975693 -0.219142 -2.575e-18
    outer loop
      vertex 20.1061 -3.99935 0
      vertex 19.8856 -4.98109 3.5
      vertex 19.8856 -4.98109 0
    endloop
  endfacet
  facet normal 0.949535 -0.313662 1.86488e-18
    outer loop
      vertex 19.3017 -6.90624 3.5
      vertex 19.6173 -5.95084 0
      vertex 19.6173 -5.95084 3.5
    endloop
  endfacet
  facet normal 0.949535 -0.313662 1.86488e-18
    outer loop
      vertex 19.6173 -5.95084 0
      vertex 19.3017 -6.90624 3.5
      vertex 19.3017 -6.90624 0
    endloop
  endfacet
  facet normal 0.949535 0.313662 -1.86488e-18
    outer loop
      vertex 19.6173 5.95084 3.5
      vertex 19.3017 6.90624 0
      vertex 19.3017 6.90624 3.5
    endloop
  endfacet
  facet normal 0.949535 0.313662 -1.86488e-18
    outer loop
      vertex 19.3017 6.90624 0
      vertex 19.6173 5.95084 3.5
      vertex 19.6173 5.95084 0
    endloop
  endfacet
  facet normal -0.689551 0.724237 0
    outer loop
      vertex -13.767 15.1895 0
      vertex -14.4957 14.4957 3.5
      vertex -13.767 15.1895 3.5
    endloop
  endfacet
  facet normal -0.689551 0.724237 0
    outer loop
      vertex -14.4957 14.4957 3.5
      vertex -13.767 15.1895 0
      vertex -14.4957 14.4957 0
    endloop
  endfacet
  facet normal -0.949535 0.313662 1.86488e-18
    outer loop
      vertex -19.6173 5.95084 0
      vertex -19.3017 6.90624 3.5
      vertex -19.3017 6.90624 0
    endloop
  endfacet
  facet normal -0.949535 0.313662 1.86488e-18
    outer loop
      vertex -19.3017 6.90624 3.5
      vertex -19.6173 5.95084 0
      vertex -19.6173 5.95084 3.5
    endloop
  endfacet
  facet normal 0.893221 -0.449617 3.21106e-18
    outer loop
      vertex 18.0794 -9.66363 3.5
      vertex 18.5318 -8.76488 0
      vertex 18.5318 -8.76488 3.5
    endloop
  endfacet
  facet normal 0.893221 -0.449617 3.21106e-18
    outer loop
      vertex 18.5318 -8.76488 0
      vertex 18.0794 -9.66363 3.5
      vertex 18.0794 -9.66363 0
    endloop
  endfacet
  facet normal 0.359961 -0.932967 0
    outer loop
      vertex 6.90624 -19.3017 0
      vertex 7.84501 -18.9395 3.5
      vertex 6.90624 -19.3017 3.5
    endloop
  endfacet
  facet normal 0.359961 -0.932967 0
    outer loop
      vertex 7.84501 -18.9395 3.5
      vertex 6.90624 -19.3017 0
      vertex 7.84501 -18.9395 0
    endloop
  endfacet
  facet normal -0.757218 0.653162 9.16408e-18
    outer loop
      vertex -15.8467 13.0051 0
      vertex -15.1895 13.767 3.5
      vertex -15.1895 13.767 0
    endloop
  endfacet
  facet normal -0.757218 0.653162 9.16408e-18
    outer loop
      vertex -15.1895 13.767 3.5
      vertex -15.8467 13.0051 0
      vertex -15.8467 13.0051 3.5
    endloop
  endfacet
  facet normal -0.0735451 -0.997292 0
    outer loop
      vertex -2.00935 -20.4013 0
      vertex -1.00589 -20.4753 3.5
      vertex -2.00935 -20.4013 3.5
    endloop
  endfacet
  facet normal -0.0735451 -0.997292 -0
    outer loop
      vertex -1.00589 -20.4753 3.5
      vertex -2.00935 -20.4013 0
      vertex -1.00589 -20.4753 0
    endloop
  endfacet
  facet normal 0.534984 -0.844862 0
    outer loop
      vertex 10.5391 -17.5834 0
      vertex 11.3892 -17.0451 3.5
      vertex 10.5391 -17.5834 3.5
    endloop
  endfacet
  facet normal 0.534984 -0.844862 0
    outer loop
      vertex 11.3892 -17.0451 3.5
      vertex 10.5391 -17.5834 0
      vertex 11.3892 -17.0451 0
    endloop
  endfacet
  facet normal 0.870065 0.492938 -2.59591e-18
    outer loop
      vertex 18.0794 9.66363 3.5
      vertex 17.5834 10.5391 0
      vertex 17.5834 10.5391 3.5
    endloop
  endfacet
  facet normal 0.870065 0.492938 -2.59591e-18
    outer loop
      vertex 17.5834 10.5391 0
      vertex 18.0794 9.66363 3.5
      vertex 18.0794 9.66363 0
    endloop
  endfacet
  facet normal -0.653162 0.757218 0
    outer loop
      vertex -13.0051 15.8467 0
      vertex -13.767 15.1895 3.5
      vertex -13.0051 15.8467 3.5
    endloop
  endfacet
  facet normal -0.653162 0.757218 0
    outer loop
      vertex -13.767 15.1895 3.5
      vertex -13.0051 15.8467 0
      vertex -13.767 15.1895 0
    endloop
  endfacet
  facet normal 0.963793 -0.266652 -5.83081e-18
    outer loop
      vertex 19.6173 -5.95084 3.5
      vertex 19.8856 -4.98109 0
      vertex 19.8856 -4.98109 3.5
    endloop
  endfacet
  facet normal 0.963793 -0.266652 -5.83081e-18
    outer loop
      vertex 19.8856 -4.98109 0
      vertex 19.6173 -5.95084 3.5
      vertex 19.6173 -5.95084 0
    endloop
  endfacet
  facet normal 0.615233 0.788345 -0
    outer loop
      vertex 13.0051 15.8467 0
      vertex 12.2118 16.4658 3.5
      vertex 13.0051 15.8467 3.5
    endloop
  endfacet
  facet normal 0.615233 0.788345 0
    outer loop
      vertex 12.2118 16.4658 3.5
      vertex 13.0051 15.8467 0
      vertex 12.2118 16.4658 0
    endloop
  endfacet
  facet normal 0.844862 0.534984 -5.2786e-18
    outer loop
      vertex 17.5834 10.5391 3.5
      vertex 17.0451 11.3892 0
      vertex 17.0451 11.3892 3.5
    endloop
  endfacet
  facet normal 0.844862 0.534984 -5.2786e-18
    outer loop
      vertex 17.0451 11.3892 0
      vertex 17.5834 10.5391 3.5
      vertex 17.5834 10.5391 0
    endloop
  endfacet
  facet normal -0.170942 0.985281 0
    outer loop
      vertex -3.00797 20.2781 0
      vertex -3.99935 20.1061 3.5
      vertex -3.00797 20.2781 3.5
    endloop
  endfacet
  facet normal -0.170942 0.985281 0
    outer loop
      vertex -3.99935 20.1061 3.5
      vertex -3.00797 20.2781 0
      vertex -3.99935 20.1061 0
    endloop
  endfacet
  facet normal 0.219142 -0.975693 0
    outer loop
      vertex 3.99935 -20.1061 0
      vertex 4.98109 -19.8856 3.5
      vertex 3.99935 -20.1061 3.5
    endloop
  endfacet
  facet normal 0.219142 -0.975693 0
    outer loop
      vertex 4.98109 -19.8856 3.5
      vertex 3.99935 -20.1061 0
      vertex 4.98109 -19.8856 0
    endloop
  endfacet
  facet normal 0.492938 0.870065 -0
    outer loop
      vertex 10.5391 17.5834 0
      vertex 9.66363 18.0794 3.5
      vertex 10.5391 17.5834 3.5
    endloop
  endfacet
  facet normal 0.492938 0.870065 0
    outer loop
      vertex 9.66363 18.0794 3.5
      vertex 10.5391 17.5834 0
      vertex 9.66363 18.0794 0
    endloop
  endfacet
  facet normal -0.914228 0.4052 5.57851e-18
    outer loop
      vertex -18.9395 7.84501 0
      vertex -18.5318 8.76488 3.5
      vertex -18.5318 8.76488 0
    endloop
  endfacet
  facet normal -0.914228 0.4052 5.57851e-18
    outer loop
      vertex -18.5318 8.76488 3.5
      vertex -18.9395 7.84501 0
      vertex -18.9395 7.84501 3.5
    endloop
  endfacet
  facet normal -0.359961 -0.932967 0
    outer loop
      vertex -7.84501 -18.9395 0
      vertex -6.90624 -19.3017 3.5
      vertex -7.84501 -18.9395 3.5
    endloop
  endfacet
  facet normal -0.359961 -0.932967 -0
    outer loop
      vertex -6.90624 -19.3017 3.5
      vertex -7.84501 -18.9395 0
      vertex -6.90624 -19.3017 0
    endloop
  endfacet
  facet normal 0.985281 0.170942 -3.83031e-18
    outer loop
      vertex 20.2781 3.00797 3.5
      vertex 20.1061 3.99935 0
      vertex 20.1061 3.99935 3.5
    endloop
  endfacet
  facet normal 0.985281 0.170942 -3.83031e-18
    outer loop
      vertex 20.1061 3.99935 0
      vertex 20.2781 3.00797 3.5
      vertex 20.2781 3.00797 0
    endloop
  endfacet
  facet normal -0.963793 0.266652 -5.83081e-18
    outer loop
      vertex -19.8856 4.98109 0
      vertex -19.6173 5.95084 3.5
      vertex -19.6173 5.95084 0
    endloop
  endfacet
  facet normal -0.963793 0.266652 -5.83081e-18
    outer loop
      vertex -19.6173 5.95084 3.5
      vertex -19.8856 4.98109 0
      vertex -19.8856 4.98109 3.5
    endloop
  endfacet
  facet normal 0.724237 0.689551 -1.5926e-18
    outer loop
      vertex 15.1895 13.767 3.5
      vertex 14.4957 14.4957 0
      vertex 14.4957 14.4957 3.5
    endloop
  endfacet
  facet normal 0.724237 0.689551 -1.5926e-18
    outer loop
      vertex 14.4957 14.4957 0
      vertex 15.1895 13.767 3.5
      vertex 15.1895 13.767 0
    endloop
  endfacet
  facet normal -0.4052 -0.914228 0
    outer loop
      vertex -8.76488 -18.5318 0
      vertex -7.84501 -18.9395 3.5
      vertex -8.76488 -18.5318 3.5
    endloop
  endfacet
  facet normal -0.4052 -0.914228 -0
    outer loop
      vertex -7.84501 -18.9395 3.5
      vertex -8.76488 -18.5318 0
      vertex -7.84501 -18.9395 0
    endloop
  endfacet
  facet normal 0.870065 -0.492938 2.59591e-18
    outer loop
      vertex 17.5834 -10.5391 3.5
      vertex 18.0794 -9.66363 0
      vertex 18.0794 -9.66363 3.5
    endloop
  endfacet
  facet normal 0.870065 -0.492938 2.59591e-18
    outer loop
      vertex 18.0794 -9.66363 0
      vertex 17.5834 -10.5391 3.5
      vertex 17.5834 -10.5391 0
    endloop
  endfacet
  facet normal 0.992476 -0.122442 6.68841e-19
    outer loop
      vertex 20.2781 -3.00797 3.5
      vertex 20.4013 -2.00935 0
      vertex 20.4013 -2.00935 3.5
    endloop
  endfacet
  facet normal 0.992476 -0.122442 6.68841e-19
    outer loop
      vertex 20.4013 -2.00935 0
      vertex 20.2781 -3.00797 3.5
      vertex 20.2781 -3.00797 0
    endloop
  endfacet
  facet normal 0.653162 0.757218 -0
    outer loop
      vertex 13.767 15.1895 0
      vertex 13.0051 15.8467 3.5
      vertex 13.767 15.1895 3.5
    endloop
  endfacet
  facet normal 0.653162 0.757218 0
    outer loop
      vertex 13.0051 15.8467 3.5
      vertex 13.767 15.1895 0
      vertex 13.0051 15.8467 0
    endloop
  endfacet
  facet normal -0.975693 -0.219142 2.575e-18
    outer loop
      vertex -19.8856 -4.98109 0
      vertex -20.1061 -3.99935 3.5
      vertex -20.1061 -3.99935 0
    endloop
  endfacet
  facet normal -0.975693 -0.219142 2.575e-18
    outer loop
      vertex -20.1061 -3.99935 3.5
      vertex -19.8856 -4.98109 0
      vertex -19.8856 -4.98109 3.5
    endloop
  endfacet
  facet normal -0.024548 0.999699 0
    outer loop
      vertex 0 20.5 0
      vertex -1.00589 20.4753 3.5
      vertex 0 20.5 3.5
    endloop
  endfacet
  facet normal -0.024548 0.999699 0
    outer loop
      vertex -1.00589 20.4753 3.5
      vertex 0 20.5 0
      vertex -1.00589 20.4753 0
    endloop
  endfacet
  facet normal 0.170942 -0.985281 0
    outer loop
      vertex 3.00797 -20.2781 0
      vertex 3.99935 -20.1061 3.5
      vertex 3.00797 -20.2781 3.5
    endloop
  endfacet
  facet normal 0.170942 -0.985281 0
    outer loop
      vertex 3.99935 -20.1061 3.5
      vertex 3.00797 -20.2781 0
      vertex 3.99935 -20.1061 0
    endloop
  endfacet
  facet normal -0.997292 -0.0735451 1.68699e-18
    outer loop
      vertex -20.4013 -2.00935 0
      vertex -20.4753 -1.00589 3.5
      vertex -20.4753 -1.00589 0
    endloop
  endfacet
  facet normal -0.997292 -0.0735451 1.68699e-18
    outer loop
      vertex -20.4753 -1.00589 3.5
      vertex -20.4013 -2.00935 0
      vertex -20.4013 -2.00935 3.5
    endloop
  endfacet
  facet normal -0.757218 -0.653162 -9.16408e-18
    outer loop
      vertex -15.1895 -13.767 0
      vertex -15.8467 -13.0051 3.5
      vertex -15.8467 -13.0051 0
    endloop
  endfacet
  facet normal -0.757218 -0.653162 -9.16408e-18
    outer loop
      vertex -15.8467 -13.0051 3.5
      vertex -15.1895 -13.767 0
      vertex -15.1895 -13.767 3.5
    endloop
  endfacet
  facet normal -0.615233 0.788345 0
    outer loop
      vertex -12.2118 16.4658 0
      vertex -13.0051 15.8467 3.5
      vertex -12.2118 16.4658 3.5
    endloop
  endfacet
  facet normal -0.615233 0.788345 0
    outer loop
      vertex -13.0051 15.8467 3.5
      vertex -12.2118 16.4658 0
      vertex -13.0051 15.8467 0
    endloop
  endfacet
  facet normal 0.024548 -0.999699 0
    outer loop
      vertex 0 -20.5 0
      vertex 1.00589 -20.4753 3.5
      vertex 0 -20.5 3.5
    endloop
  endfacet
  facet normal 0.024548 -0.999699 0
    outer loop
      vertex 1.00589 -20.4753 3.5
      vertex 0 -20.5 0
      vertex 1.00589 -20.4753 0
    endloop
  endfacet
  facet normal 0.534984 0.844862 -0
    outer loop
      vertex 11.3892 17.0451 0
      vertex 10.5391 17.5834 3.5
      vertex 11.3892 17.0451 3.5
    endloop
  endfacet
  facet normal 0.534984 0.844862 0
    outer loop
      vertex 10.5391 17.5834 3.5
      vertex 11.3892 17.0451 0
      vertex 10.5391 17.5834 0
    endloop
  endfacet
  facet normal 0.997292 -0.0735451 -1.68699e-18
    outer loop
      vertex 20.4013 -2.00935 3.5
      vertex 20.4753 -1.00589 0
      vertex 20.4753 -1.00589 3.5
    endloop
  endfacet
  facet normal 0.997292 -0.0735451 -1.68699e-18
    outer loop
      vertex 20.4753 -1.00589 0
      vertex 20.4013 -2.00935 3.5
      vertex 20.4013 -2.00935 0
    endloop
  endfacet
  facet normal 0.914228 0.4052 -5.57851e-18
    outer loop
      vertex 18.9395 7.84501 3.5
      vertex 18.5318 8.76488 0
      vertex 18.5318 8.76488 3.5
    endloop
  endfacet
  facet normal 0.914228 0.4052 -5.57851e-18
    outer loop
      vertex 18.5318 8.76488 0
      vertex 18.9395 7.84501 3.5
      vertex 18.9395 7.84501 0
    endloop
  endfacet
  facet normal 0.914228 -0.4052 5.57851e-18
    outer loop
      vertex 18.5318 -8.76488 3.5
      vertex 18.9395 -7.84501 0
      vertex 18.9395 -7.84501 3.5
    endloop
  endfacet
  facet normal 0.914228 -0.4052 5.57851e-18
    outer loop
      vertex 18.9395 -7.84501 0
      vertex 18.5318 -8.76488 3.5
      vertex 18.5318 -8.76488 0
    endloop
  endfacet
  facet normal 0.788345 -0.615233 -5.86236e-18
    outer loop
      vertex 15.8467 -13.0051 3.5
      vertex 16.4658 -12.2118 0
      vertex 16.4658 -12.2118 3.5
    endloop
  endfacet
  facet normal 0.788345 -0.615233 -5.86236e-18
    outer loop
      vertex 16.4658 -12.2118 0
      vertex 15.8467 -13.0051 3.5
      vertex 15.8467 -13.0051 0
    endloop
  endfacet
  facet normal 0.757218 -0.653162 9.16408e-18
    outer loop
      vertex 15.1895 -13.767 3.5
      vertex 15.8467 -13.0051 0
      vertex 15.8467 -13.0051 3.5
    endloop
  endfacet
  facet normal 0.757218 -0.653162 9.16408e-18
    outer loop
      vertex 15.8467 -13.0051 0
      vertex 15.1895 -13.767 3.5
      vertex 15.1895 -13.767 0
    endloop
  endfacet
  facet normal -0.313662 0.949535 0
    outer loop
      vertex -5.95084 19.6173 0
      vertex -6.90624 19.3017 3.5
      vertex -5.95084 19.6173 3.5
    endloop
  endfacet
  facet normal -0.313662 0.949535 0
    outer loop
      vertex -6.90624 19.3017 3.5
      vertex -5.95084 19.6173 0
      vertex -6.90624 19.3017 0
    endloop
  endfacet
  facet normal 0.4052 0.914228 -0
    outer loop
      vertex 8.76488 18.5318 0
      vertex 7.84501 18.9395 3.5
      vertex 8.76488 18.5318 3.5
    endloop
  endfacet
  facet normal 0.4052 0.914228 0
    outer loop
      vertex 7.84501 18.9395 3.5
      vertex 8.76488 18.5318 0
      vertex 7.84501 18.9395 0
    endloop
  endfacet
  facet normal 0.313662 -0.949535 0
    outer loop
      vertex 5.95084 -19.6173 0
      vertex 6.90624 -19.3017 3.5
      vertex 5.95084 -19.6173 3.5
    endloop
  endfacet
  facet normal 0.313662 -0.949535 0
    outer loop
      vertex 6.90624 -19.3017 3.5
      vertex 5.95084 -19.6173 0
      vertex 6.90624 -19.3017 0
    endloop
  endfacet
  facet normal 0.817604 -0.575781 -3.8692e-18
    outer loop
      vertex 16.4658 -12.2118 3.5
      vertex 17.0451 -11.3892 0
      vertex 17.0451 -11.3892 3.5
    endloop
  endfacet
  facet normal 0.817604 -0.575781 -3.8692e-18
    outer loop
      vertex 17.0451 -11.3892 0
      vertex 16.4658 -12.2118 3.5
      vertex 16.4658 -12.2118 0
    endloop
  endfacet
  facet normal 0.219142 0.975693 -0
    outer loop
      vertex 4.98109 19.8856 0
      vertex 3.99935 20.1061 3.5
      vertex 4.98109 19.8856 3.5
    endloop
  endfacet
  facet normal 0.219142 0.975693 0
    outer loop
      vertex 3.99935 20.1061 3.5
      vertex 4.98109 19.8856 0
      vertex 3.99935 20.1061 0
    endloop
  endfacet
  facet normal -0.999699 0.024548 -9.4549e-20
    outer loop
      vertex -20.5 0 0
      vertex -20.4753 1.00589 3.5
      vertex -20.4753 1.00589 0
    endloop
  endfacet
  facet normal -0.999699 0.024548 -9.4549e-20
    outer loop
      vertex -20.4753 1.00589 3.5
      vertex -20.5 0 0
      vertex -20.5 0 3.5
    endloop
  endfacet
  facet normal -0.992476 0.122442 6.68841e-19
    outer loop
      vertex -20.4013 2.00935 0
      vertex -20.2781 3.00797 3.5
      vertex -20.2781 3.00797 0
    endloop
  endfacet
  facet normal -0.992476 0.122442 6.68841e-19
    outer loop
      vertex -20.2781 3.00797 3.5
      vertex -20.4013 2.00935 0
      vertex -20.4013 2.00935 3.5
    endloop
  endfacet
  facet normal 0.932967 0.359961 1.25701e-18
    outer loop
      vertex 19.3017 6.90624 3.5
      vertex 18.9395 7.84501 0
      vertex 18.9395 7.84501 3.5
    endloop
  endfacet
  facet normal 0.932967 0.359961 1.25701e-18
    outer loop
      vertex 18.9395 7.84501 0
      vertex 19.3017 6.90624 3.5
      vertex 19.3017 6.90624 0
    endloop
  endfacet
  facet normal 0.817604 0.575781 3.8692e-18
    outer loop
      vertex 17.0451 11.3892 3.5
      vertex 16.4658 12.2118 0
      vertex 16.4658 12.2118 3.5
    endloop
  endfacet
  facet normal 0.817604 0.575781 3.8692e-18
    outer loop
      vertex 16.4658 12.2118 0
      vertex 17.0451 11.3892 3.5
      vertex 17.0451 11.3892 0
    endloop
  endfacet
  facet normal 0.788345 0.615233 5.86236e-18
    outer loop
      vertex 16.4658 12.2118 3.5
      vertex 15.8467 13.0051 0
      vertex 15.8467 13.0051 3.5
    endloop
  endfacet
  facet normal 0.788345 0.615233 5.86236e-18
    outer loop
      vertex 15.8467 13.0051 0
      vertex 16.4658 12.2118 3.5
      vertex 16.4658 12.2118 0
    endloop
  endfacet
  facet normal 0.170942 0.985281 -0
    outer loop
      vertex 3.99935 20.1061 0
      vertex 3.00797 20.2781 3.5
      vertex 3.99935 20.1061 3.5
    endloop
  endfacet
  facet normal 0.170942 0.985281 0
    outer loop
      vertex 3.00797 20.2781 3.5
      vertex 3.99935 20.1061 0
      vertex 3.00797 20.2781 0
    endloop
  endfacet
  facet normal -0.985281 -0.170942 -3.83031e-18
    outer loop
      vertex -20.1061 -3.99935 0
      vertex -20.2781 -3.00797 3.5
      vertex -20.2781 -3.00797 0
    endloop
  endfacet
  facet normal -0.985281 -0.170942 -3.83031e-18
    outer loop
      vertex -20.2781 -3.00797 3.5
      vertex -20.1061 -3.99935 0
      vertex -20.1061 -3.99935 3.5
    endloop
  endfacet
  facet normal 0.689551 -0.724237 0
    outer loop
      vertex 13.767 -15.1895 0
      vertex 14.4957 -14.4957 3.5
      vertex 13.767 -15.1895 3.5
    endloop
  endfacet
  facet normal 0.689551 -0.724237 0
    outer loop
      vertex 14.4957 -14.4957 3.5
      vertex 13.767 -15.1895 0
      vertex 14.4957 -14.4957 0
    endloop
  endfacet
  facet normal 0.449617 0.893221 -0
    outer loop
      vertex 9.66363 18.0794 0
      vertex 8.76488 18.5318 3.5
      vertex 9.66363 18.0794 3.5
    endloop
  endfacet
  facet normal 0.449617 0.893221 0
    outer loop
      vertex 8.76488 18.5318 3.5
      vertex 9.66363 18.0794 0
      vertex 8.76488 18.5318 0
    endloop
  endfacet
  facet normal -0.122442 0.992476 0
    outer loop
      vertex -2.00935 20.4013 0
      vertex -3.00797 20.2781 3.5
      vertex -2.00935 20.4013 3.5
    endloop
  endfacet
  facet normal -0.122442 0.992476 0
    outer loop
      vertex -3.00797 20.2781 3.5
      vertex -2.00935 20.4013 0
      vertex -3.00797 20.2781 0
    endloop
  endfacet
  facet normal 0.932967 -0.359961 -1.25701e-18
    outer loop
      vertex 18.9395 -7.84501 3.5
      vertex 19.3017 -6.90624 0
      vertex 19.3017 -6.90624 3.5
    endloop
  endfacet
  facet normal 0.932967 -0.359961 -1.25701e-18
    outer loop
      vertex 19.3017 -6.90624 0
      vertex 18.9395 -7.84501 3.5
      vertex 18.9395 -7.84501 0
    endloop
  endfacet
  facet normal -0.844862 -0.534984 -5.2786e-18
    outer loop
      vertex -17.0451 -11.3892 0
      vertex -17.5834 -10.5391 3.5
      vertex -17.5834 -10.5391 0
    endloop
  endfacet
  facet normal -0.844862 -0.534984 -5.2786e-18
    outer loop
      vertex -17.5834 -10.5391 3.5
      vertex -17.0451 -11.3892 0
      vertex -17.0451 -11.3892 3.5
    endloop
  endfacet
  facet normal -0.932967 -0.359961 1.25701e-18
    outer loop
      vertex -18.9395 -7.84501 0
      vertex -19.3017 -6.90624 3.5
      vertex -19.3017 -6.90624 0
    endloop
  endfacet
  facet normal -0.932967 -0.359961 1.25701e-18
    outer loop
      vertex -19.3017 -6.90624 3.5
      vertex -18.9395 -7.84501 0
      vertex -18.9395 -7.84501 3.5
    endloop
  endfacet
  facet normal -0.615233 -0.788345 0
    outer loop
      vertex -13.0051 -15.8467 0
      vertex -12.2118 -16.4658 3.5
      vertex -13.0051 -15.8467 3.5
    endloop
  endfacet
  facet normal -0.615233 -0.788345 -0
    outer loop
      vertex -12.2118 -16.4658 3.5
      vertex -13.0051 -15.8467 0
      vertex -12.2118 -16.4658 0
    endloop
  endfacet
  facet normal -0.170942 -0.985281 0
    outer loop
      vertex -3.99935 -20.1061 0
      vertex -3.00797 -20.2781 3.5
      vertex -3.99935 -20.1061 3.5
    endloop
  endfacet
  facet normal -0.170942 -0.985281 -0
    outer loop
      vertex -3.00797 -20.2781 3.5
      vertex -3.99935 -20.1061 0
      vertex -3.00797 -20.2781 0
    endloop
  endfacet
  facet normal -0.999699 -0.024548 9.4549e-20
    outer loop
      vertex -20.4753 -1.00589 0
      vertex -20.5 0 3.5
      vertex -20.5 0 0
    endloop
  endfacet
  facet normal -0.999699 -0.024548 9.4549e-20
    outer loop
      vertex -20.5 0 3.5
      vertex -20.4753 -1.00589 0
      vertex -20.4753 -1.00589 3.5
    endloop
  endfacet
  facet normal 0.266652 0.963793 -0
    outer loop
      vertex 5.95084 19.6173 0
      vertex 4.98109 19.8856 3.5
      vertex 5.95084 19.6173 3.5
    endloop
  endfacet
  facet normal 0.266652 0.963793 0
    outer loop
      vertex 4.98109 19.8856 3.5
      vertex 5.95084 19.6173 0
      vertex 4.98109 19.8856 0
    endloop
  endfacet
  facet normal 0.999699 -0.024548 -9.4549e-20
    outer loop
      vertex 20.4753 -1.00589 3.5
      vertex 20.5 0 0
      vertex 20.5 0 3.5
    endloop
  endfacet
  facet normal 0.999699 -0.024548 -9.4549e-20
    outer loop
      vertex 20.5 0 0
      vertex 20.4753 -1.00589 3.5
      vertex 20.4753 -1.00589 0
    endloop
  endfacet
  facet normal -0.219142 -0.975693 0
    outer loop
      vertex -4.98109 -19.8856 0
      vertex -3.99935 -20.1061 3.5
      vertex -4.98109 -19.8856 3.5
    endloop
  endfacet
  facet normal -0.219142 -0.975693 -0
    outer loop
      vertex -3.99935 -20.1061 3.5
      vertex -4.98109 -19.8856 0
      vertex -3.99935 -20.1061 0
    endloop
  endfacet
  facet normal 0.724237 -0.689551 1.5926e-18
    outer loop
      vertex 14.4957 -14.4957 3.5
      vertex 15.1895 -13.767 0
      vertex 15.1895 -13.767 3.5
    endloop
  endfacet
  facet normal 0.724237 -0.689551 1.5926e-18
    outer loop
      vertex 15.1895 -13.767 0
      vertex 14.4957 -14.4957 3.5
      vertex 14.4957 -14.4957 0
    endloop
  endfacet
  facet normal -0.992476 -0.122442 -6.68841e-19
    outer loop
      vertex -20.2781 -3.00797 0
      vertex -20.4013 -2.00935 3.5
      vertex -20.4013 -2.00935 0
    endloop
  endfacet
  facet normal -0.992476 -0.122442 -6.68841e-19
    outer loop
      vertex -20.4013 -2.00935 3.5
      vertex -20.2781 -3.00797 0
      vertex -20.2781 -3.00797 3.5
    endloop
  endfacet
  facet normal -0.359961 0.932967 0
    outer loop
      vertex -6.90624 19.3017 0
      vertex -7.84501 18.9395 3.5
      vertex -6.90624 19.3017 3.5
    endloop
  endfacet
  facet normal -0.359961 0.932967 0
    outer loop
      vertex -7.84501 18.9395 3.5
      vertex -6.90624 19.3017 0
      vertex -7.84501 18.9395 0
    endloop
  endfacet
  facet normal 0.689551 0.724237 -0
    outer loop
      vertex 14.4957 14.4957 0
      vertex 13.767 15.1895 3.5
      vertex 14.4957 14.4957 3.5
    endloop
  endfacet
  facet normal 0.689551 0.724237 0
    outer loop
      vertex 13.767 15.1895 3.5
      vertex 14.4957 14.4957 0
      vertex 13.767 15.1895 0
    endloop
  endfacet
  facet normal 0.975693 0.219142 2.575e-18
    outer loop
      vertex 20.1061 3.99935 3.5
      vertex 19.8856 4.98109 0
      vertex 19.8856 4.98109 3.5
    endloop
  endfacet
  facet normal 0.975693 0.219142 2.575e-18
    outer loop
      vertex 19.8856 4.98109 0
      vertex 20.1061 3.99935 3.5
      vertex 20.1061 3.99935 0
    endloop
  endfacet
  facet normal 0.963793 0.266652 5.83081e-18
    outer loop
      vertex 19.8856 4.98109 3.5
      vertex 19.6173 5.95084 0
      vertex 19.6173 5.95084 3.5
    endloop
  endfacet
  facet normal 0.963793 0.266652 5.83081e-18
    outer loop
      vertex 19.6173 5.95084 0
      vertex 19.8856 4.98109 3.5
      vertex 19.8856 4.98109 0
    endloop
  endfacet
  facet normal -0.534984 -0.844862 0
    outer loop
      vertex -11.3892 -17.0451 0
      vertex -10.5391 -17.5834 3.5
      vertex -11.3892 -17.0451 3.5
    endloop
  endfacet
  facet normal -0.534984 -0.844862 -0
    outer loop
      vertex -10.5391 -17.5834 3.5
      vertex -11.3892 -17.0451 0
      vertex -10.5391 -17.5834 0
    endloop
  endfacet
  facet normal 0.575781 0.817604 -0
    outer loop
      vertex 12.2118 16.4658 0
      vertex 11.3892 17.0451 3.5
      vertex 12.2118 16.4658 3.5
    endloop
  endfacet
  facet normal 0.575781 0.817604 0
    outer loop
      vertex 11.3892 17.0451 3.5
      vertex 12.2118 16.4658 0
      vertex 11.3892 17.0451 0
    endloop
  endfacet
  facet normal -0.893221 0.449617 3.21106e-18
    outer loop
      vertex -18.5318 8.76488 0
      vertex -18.0794 9.66363 3.5
      vertex -18.0794 9.66363 0
    endloop
  endfacet
  facet normal -0.893221 0.449617 3.21106e-18
    outer loop
      vertex -18.0794 9.66363 3.5
      vertex -18.5318 8.76488 0
      vertex -18.5318 8.76488 3.5
    endloop
  endfacet
  facet normal -0.724237 -0.689551 -1.5926e-18
    outer loop
      vertex -14.4957 -14.4957 0
      vertex -15.1895 -13.767 3.5
      vertex -15.1895 -13.767 0
    endloop
  endfacet
  facet normal -0.724237 -0.689551 -1.5926e-18
    outer loop
      vertex -15.1895 -13.767 3.5
      vertex -14.4957 -14.4957 0
      vertex -14.4957 -14.4957 3.5
    endloop
  endfacet
  facet normal 0.122442 0.992476 -0
    outer loop
      vertex 3.00797 20.2781 0
      vertex 2.00935 20.4013 3.5
      vertex 3.00797 20.2781 3.5
    endloop
  endfacet
  facet normal 0.122442 0.992476 0
    outer loop
      vertex 2.00935 20.4013 3.5
      vertex 3.00797 20.2781 0
      vertex 2.00935 20.4013 0
    endloop
  endfacet
  facet normal -0.997292 0.0735451 -1.68699e-18
    outer loop
      vertex -20.4753 1.00589 0
      vertex -20.4013 2.00935 3.5
      vertex -20.4013 2.00935 0
    endloop
  endfacet
  facet normal -0.997292 0.0735451 -1.68699e-18
    outer loop
      vertex -20.4013 2.00935 3.5
      vertex -20.4753 1.00589 0
      vertex -20.4753 1.00589 3.5
    endloop
  endfacet
  facet normal 0.653162 -0.757218 0
    outer loop
      vertex 13.0051 -15.8467 0
      vertex 13.767 -15.1895 3.5
      vertex 13.0051 -15.8467 3.5
    endloop
  endfacet
  facet normal 0.653162 -0.757218 0
    outer loop
      vertex 13.767 -15.1895 3.5
      vertex 13.0051 -15.8467 0
      vertex 13.767 -15.1895 0
    endloop
  endfacet
  facet normal -0.949535 -0.313662 -1.86488e-18
    outer loop
      vertex -19.3017 -6.90624 0
      vertex -19.6173 -5.95084 3.5
      vertex -19.6173 -5.95084 0
    endloop
  endfacet
  facet normal -0.949535 -0.313662 -1.86488e-18
    outer loop
      vertex -19.6173 -5.95084 3.5
      vertex -19.3017 -6.90624 0
      vertex -19.3017 -6.90624 3.5
    endloop
  endfacet
  facet normal -0.449617 -0.893221 0
    outer loop
      vertex -9.66363 -18.0794 0
      vertex -8.76488 -18.5318 3.5
      vertex -9.66363 -18.0794 3.5
    endloop
  endfacet
  facet normal -0.449617 -0.893221 -0
    outer loop
      vertex -8.76488 -18.5318 3.5
      vertex -9.66363 -18.0794 0
      vertex -8.76488 -18.5318 0
    endloop
  endfacet
  facet normal 0.359961 0.932967 -0
    outer loop
      vertex 7.84501 18.9395 0
      vertex 6.90624 19.3017 3.5
      vertex 7.84501 18.9395 3.5
    endloop
  endfacet
  facet normal 0.359961 0.932967 0
    outer loop
      vertex 6.90624 19.3017 3.5
      vertex 7.84501 18.9395 0
      vertex 6.90624 19.3017 0
    endloop
  endfacet
  facet normal 0.313662 0.949535 -0
    outer loop
      vertex 6.90624 19.3017 0
      vertex 5.95084 19.6173 3.5
      vertex 6.90624 19.3017 3.5
    endloop
  endfacet
  facet normal 0.313662 0.949535 0
    outer loop
      vertex 5.95084 19.6173 3.5
      vertex 6.90624 19.3017 0
      vertex 5.95084 19.6173 0
    endloop
  endfacet
  facet normal 0.844862 -0.534984 5.2786e-18
    outer loop
      vertex 17.0451 -11.3892 3.5
      vertex 17.5834 -10.5391 0
      vertex 17.5834 -10.5391 3.5
    endloop
  endfacet
  facet normal 0.844862 -0.534984 5.2786e-18
    outer loop
      vertex 17.5834 -10.5391 0
      vertex 17.0451 -11.3892 3.5
      vertex 17.0451 -11.3892 0
    endloop
  endfacet
  facet normal 0.122442 -0.992476 0
    outer loop
      vertex 2.00935 -20.4013 0
      vertex 3.00797 -20.2781 3.5
      vertex 2.00935 -20.4013 3.5
    endloop
  endfacet
  facet normal 0.122442 -0.992476 0
    outer loop
      vertex 3.00797 -20.2781 3.5
      vertex 2.00935 -20.4013 0
      vertex 3.00797 -20.2781 0
    endloop
  endfacet
  facet normal 0.449617 -0.893221 0
    outer loop
      vertex 8.76488 -18.5318 0
      vertex 9.66363 -18.0794 3.5
      vertex 8.76488 -18.5318 3.5
    endloop
  endfacet
  facet normal 0.449617 -0.893221 0
    outer loop
      vertex 9.66363 -18.0794 3.5
      vertex 8.76488 -18.5318 0
      vertex 9.66363 -18.0794 0
    endloop
  endfacet
  facet normal 0.615233 -0.788345 0
    outer loop
      vertex 12.2118 -16.4658 0
      vertex 13.0051 -15.8467 3.5
      vertex 12.2118 -16.4658 3.5
    endloop
  endfacet
  facet normal 0.615233 -0.788345 0
    outer loop
      vertex 13.0051 -15.8467 3.5
      vertex 12.2118 -16.4658 0
      vertex 13.0051 -15.8467 0
    endloop
  endfacet
  facet normal -0.575781 0.817604 0
    outer loop
      vertex -11.3892 17.0451 0
      vertex -12.2118 16.4658 3.5
      vertex -11.3892 17.0451 3.5
    endloop
  endfacet
  facet normal -0.575781 0.817604 0
    outer loop
      vertex -12.2118 16.4658 3.5
      vertex -11.3892 17.0451 0
      vertex -12.2118 16.4658 0
    endloop
  endfacet
  facet normal 0.266652 -0.963793 0
    outer loop
      vertex 4.98109 -19.8856 0
      vertex 5.95084 -19.6173 3.5
      vertex 4.98109 -19.8856 3.5
    endloop
  endfacet
  facet normal 0.266652 -0.963793 0
    outer loop
      vertex 5.95084 -19.6173 3.5
      vertex 4.98109 -19.8856 0
      vertex 5.95084 -19.6173 0
    endloop
  endfacet
  facet normal 0.757218 0.653162 -9.16408e-18
    outer loop
      vertex 15.8467 13.0051 3.5
      vertex 15.1895 13.767 0
      vertex 15.1895 13.767 3.5
    endloop
  endfacet
  facet normal 0.757218 0.653162 -9.16408e-18
    outer loop
      vertex 15.1895 13.767 0
      vertex 15.8467 13.0051 3.5
      vertex 15.8467 13.0051 0
    endloop
  endfacet
  facet normal 0.4052 -0.914228 0
    outer loop
      vertex 7.84501 -18.9395 0
      vertex 8.76488 -18.5318 3.5
      vertex 7.84501 -18.9395 3.5
    endloop
  endfacet
  facet normal 0.4052 -0.914228 0
    outer loop
      vertex 8.76488 -18.5318 3.5
      vertex 7.84501 -18.9395 0
      vertex 8.76488 -18.5318 0
    endloop
  endfacet
  facet normal -0.024548 -0.999699 0
    outer loop
      vertex -1.00589 -20.4753 0
      vertex 0 -20.5 3.5
      vertex -1.00589 -20.4753 3.5
    endloop
  endfacet
  facet normal -0.024548 -0.999699 -0
    outer loop
      vertex 0 -20.5 3.5
      vertex -1.00589 -20.4753 0
      vertex 0 -20.5 0
    endloop
  endfacet
  facet normal -0.893221 -0.449617 -3.21106e-18
    outer loop
      vertex -18.0794 -9.66363 0
      vertex -18.5318 -8.76488 3.5
      vertex -18.5318 -8.76488 0
    endloop
  endfacet
  facet normal -0.893221 -0.449617 -3.21106e-18
    outer loop
      vertex -18.5318 -8.76488 3.5
      vertex -18.0794 -9.66363 0
      vertex -18.0794 -9.66363 3.5
    endloop
  endfacet
  facet normal -0.266652 -0.963793 0
    outer loop
      vertex -5.95084 -19.6173 0
      vertex -4.98109 -19.8856 3.5
      vertex -5.95084 -19.6173 3.5
    endloop
  endfacet
  facet normal -0.266652 -0.963793 -0
    outer loop
      vertex -4.98109 -19.8856 3.5
      vertex -5.95084 -19.6173 0
      vertex -4.98109 -19.8856 0
    endloop
  endfacet
  facet normal -0.653162 -0.757218 0
    outer loop
      vertex -13.767 -15.1895 0
      vertex -13.0051 -15.8467 3.5
      vertex -13.767 -15.1895 3.5
    endloop
  endfacet
  facet normal -0.653162 -0.757218 -0
    outer loop
      vertex -13.0051 -15.8467 3.5
      vertex -13.767 -15.1895 0
      vertex -13.0051 -15.8467 0
    endloop
  endfacet
  facet normal -0.817604 0.575781 -3.8692e-18
    outer loop
      vertex -17.0451 11.3892 0
      vertex -16.4658 12.2118 3.5
      vertex -16.4658 12.2118 0
    endloop
  endfacet
  facet normal -0.817604 0.575781 -3.8692e-18
    outer loop
      vertex -16.4658 12.2118 3.5
      vertex -17.0451 11.3892 0
      vertex -17.0451 11.3892 3.5
    endloop
  endfacet
  facet normal 0.985281 -0.170942 3.83031e-18
    outer loop
      vertex 20.1061 -3.99935 3.5
      vertex 20.2781 -3.00797 0
      vertex 20.2781 -3.00797 3.5
    endloop
  endfacet
  facet normal 0.985281 -0.170942 3.83031e-18
    outer loop
      vertex 20.2781 -3.00797 0
      vertex 20.1061 -3.99935 3.5
      vertex 20.1061 -3.99935 0
    endloop
  endfacet
  facet normal -0.449617 0.893221 0
    outer loop
      vertex -8.76488 18.5318 0
      vertex -9.66363 18.0794 3.5
      vertex -8.76488 18.5318 3.5
    endloop
  endfacet
  facet normal -0.449617 0.893221 0
    outer loop
      vertex -9.66363 18.0794 3.5
      vertex -8.76488 18.5318 0
      vertex -9.66363 18.0794 0
    endloop
  endfacet
  facet normal -0.788345 0.615233 -5.86236e-18
    outer loop
      vertex -16.4658 12.2118 0
      vertex -15.8467 13.0051 3.5
      vertex -15.8467 13.0051 0
    endloop
  endfacet
  facet normal -0.788345 0.615233 -5.86236e-18
    outer loop
      vertex -15.8467 13.0051 3.5
      vertex -16.4658 12.2118 0
      vertex -16.4658 12.2118 3.5
    endloop
  endfacet
  facet normal 0 0 1
    outer loop
      vertex 11 0 3.5
      vertex 20.5 0 3.5
      vertex 20.4753 1.00589 3.5
    endloop
  endfacet
  facet normal 0 0 1
    outer loop
      vertex 10.9867 0.539744 3.5
      vertex 20.4753 1.00589 3.5
      vertex 20.4013 2.00935 3.5
    endloop
  endfacet
  facet normal 0 0 1
    outer loop
      vertex 20.5 0 3.5
      vertex 11 0 3.5
      vertex 20.4753 -1.00589 3.5
    endloop
  endfacet
  facet normal 0 0 1
    outer loop
      vertex 10.947 1.07819 3.5
      vertex 20.4013 2.00935 3.5
      vertex 20.2781 3.00797 3.5
    endloop
  endfacet
  facet normal -0 0 1
    outer loop
      vertex 10.9867 -0.539744 3.5
      vertex 20.4753 -1.00589 3.5
      vertex 11 0 3.5
    endloop
  endfacet
  facet normal 0 0 1
    outer loop
      vertex 10.8809 1.61403 3.5
      vertex 20.2781 3.00797 3.5
      vertex 20.1061 3.99935 3.5
    endloop
  endfacet
  facet normal 0 0 1
    outer loop
      vertex 20.4753 -1.00589 3.5
      vertex 10.9867 -0.539744 3.5
      vertex 20.4013 -2.00935 3.5
    endloop
  endfacet
  facet normal 0 0 1
    outer loop
      vertex 10.7886 2.14599 3.5
      vertex 20.1061 3.99935 3.5
      vertex 19.8856 4.98109 3.5
    endloop
  endfacet
  facet normal -0 0 1
    outer loop
      vertex 10.947 -1.07819 3.5
      vertex 20.4013 -2.00935 3.5
      vertex 10.9867 -0.539744 3.5
    endloop
  endfacet
  facet normal 0 0 1
    outer loop
      vertex 10.6703 2.67278 3.5
      vertex 19.8856 4.98109 3.5
      vertex 19.6173 5.95084 3.5
    endloop
  endfacet
  facet normal 0 0 1
    outer loop
      vertex 20.4013 -2.00935 3.5
      vertex 10.947 -1.07819 3.5
      vertex 20.2781 -3.00797 3.5
    endloop
  endfacet
  facet normal 0 0 1
    outer loop
      vertex 10.5263 3.19313 3.5
      vertex 19.6173 5.95084 3.5
      vertex 19.3017 6.90624 3.5
    endloop
  endfacet
  facet normal -0 0 1
    outer loop
      vertex 10.8809 -1.61403 3.5
      vertex 20.2781 -3.00797 3.5
      vertex 10.947 -1.07819 3.5
    endloop
  endfacet
  facet normal 0 0 1
    outer loop
      vertex 10.357 3.70579 3.5
      vertex 19.3017 6.90624 3.5
      vertex 18.9395 7.84501 3.5
    endloop
  endfacet
  facet normal 0 0 1
    outer loop
      vertex 20.2781 -3.00797 3.5
      vertex 10.8809 -1.61403 3.5
      vertex 20.1061 -3.99935 3.5
    endloop
  endfacet
  facet normal 0 0 1
    outer loop
      vertex 10.1627 4.20952 3.5
      vertex 18.9395 7.84501 3.5
      vertex 18.5318 8.76488 3.5
    endloop
  endfacet
  facet normal -0 0 1
    outer loop
      vertex 10.7886 -2.14599 3.5
      vertex 20.1061 -3.99935 3.5
      vertex 10.8809 -1.61403 3.5
    endloop
  endfacet
  facet normal 0 0 1
    outer loop
      vertex 9.94388 4.70311 3.5
      vertex 18.5318 8.76488 3.5
      vertex 18.0794 9.66363 3.5
    endloop
  endfacet
  facet normal 0 0 1
    outer loop
      vertex 20.1061 -3.99935 3.5
      vertex 10.7886 -2.14599 3.5
      vertex 19.8856 -4.98109 3.5
    endloop
  endfacet
  facet normal 0 0 1
    outer loop
      vertex 9.70113 5.18536 3.5
      vertex 18.0794 9.66363 3.5
      vertex 17.5834 10.5391 3.5
    endloop
  endfacet
  facet normal -0 0 1
    outer loop
      vertex 10.6703 -2.67278 3.5
      vertex 19.8856 -4.98109 3.5
      vertex 10.7886 -2.14599 3.5
    endloop
  endfacet
  facet normal 0 0 1
    outer loop
      vertex 9.43501 5.65513 3.5
      vertex 17.5834 10.5391 3.5
      vertex 17.0451 11.3892 3.5
    endloop
  endfacet
  facet normal 0 0 1
    outer loop
      vertex 19.8856 -4.98109 3.5
      vertex 10.6703 -2.67278 3.5
      vertex 19.6173 -5.95084 3.5
    endloop
  endfacet
  facet normal 0 0 1
    outer loop
      vertex 9.14616 6.11127 3.5
      vertex 17.0451 11.3892 3.5
      vertex 16.4658 12.2118 3.5
    endloop
  endfacet
  facet normal -0 0 1
    outer loop
      vertex 10.5263 -3.19313 3.5
      vertex 19.6173 -5.95084 3.5
      vertex 10.6703 -2.67278 3.5
    endloop
  endfacet
  facet normal 0 0 1
    outer loop
      vertex 8.83528 6.55269 3.5
      vertex 16.4658 12.2118 3.5
      vertex 15.8467 13.0051 3.5
    endloop
  endfacet
  facet normal 0 0 1
    outer loop
      vertex 19.6173 -5.95084 3.5
      vertex 10.5263 -3.19313 3.5
      vertex 19.3017 -6.90624 3.5
    endloop
  endfacet
  facet normal 0 0 1
    outer loop
      vertex 8.50311 6.97833 3.5
      vertex 15.8467 13.0051 3.5
      vertex 15.1895 13.767 3.5
    endloop
  endfacet
  facet normal -0 0 1
    outer loop
      vertex 10.357 -3.70579 3.5
      vertex 19.3017 -6.90624 3.5
      vertex 10.5263 -3.19313 3.5
    endloop
  endfacet
  facet normal 0 0 1
    outer loop
      vertex 8.15046 7.38715 3.5
      vertex 15.1895 13.767 3.5
      vertex 14.4957 14.4957 3.5
    endloop
  endfacet
  facet normal 0 0 1
    outer loop
      vertex 19.3017 -6.90624 3.5
      vertex 10.357 -3.70579 3.5
      vertex 18.9395 -7.84501 3.5
    endloop
  endfacet
  facet normal 0 0 1
    outer loop
      vertex 7.77817 7.77817 3.5
      vertex 14.4957 14.4957 3.5
      vertex 13.767 15.1895 3.5
    endloop
  endfacet
  facet normal -0 0 1
    outer loop
      vertex 10.1627 -4.20952 3.5
      vertex 18.9395 -7.84501 3.5
      vertex 10.357 -3.70579 3.5
    endloop
  endfacet
  facet normal 0 0 1
    outer loop
      vertex 7.38715 8.15046 3.5
      vertex 13.767 15.1895 3.5
      vertex 13.0051 15.8467 3.5
    endloop
  endfacet
  facet normal 0 0 1
    outer loop
      vertex 18.9395 -7.84501 3.5
      vertex 10.1627 -4.20952 3.5
      vertex 18.5318 -8.76488 3.5
    endloop
  endfacet
  facet normal 0 0 1
    outer loop
      vertex 6.97833 8.50311 3.5
      vertex 13.0051 15.8467 3.5
      vertex 12.2118 16.4658 3.5
    endloop
  endfacet
  facet normal -0 0 1
    outer loop
      vertex 9.94388 -4.70311 3.5
      vertex 18.5318 -8.76488 3.5
      vertex 10.1627 -4.20952 3.5
    endloop
  endfacet
  facet normal 0 0 1
    outer loop
      vertex 6.55269 8.83528 3.5
      vertex 12.2118 16.4658 3.5
      vertex 11.3892 17.0451 3.5
    endloop
  endfacet
  facet normal 0 0 1
    outer loop
      vertex 18.5318 -8.76488 3.5
      vertex 9.94388 -4.70311 3.5
      vertex 18.0794 -9.66363 3.5
    endloop
  endfacet
  facet normal -0 0 1
    outer loop
      vertex 9.70113 -5.18536 3.5
      vertex 18.0794 -9.66363 3.5
      vertex 9.94388 -4.70311 3.5
    endloop
  endfacet
  facet normal 0 0 1
    outer loop
      vertex 20.4753 1.00589 3.5
      vertex 10.9867 0.539744 3.5
      vertex 11 0 3.5
    endloop
  endfacet
  facet normal 0 0 1
    outer loop
      vertex 20.4013 2.00935 3.5
      vertex 10.947 1.07819 3.5
      vertex 10.9867 0.539744 3.5
    endloop
  endfacet
  facet normal 0 0 1
    outer loop
      vertex 20.2781 3.00797 3.5
      vertex 10.8809 1.61403 3.5
      vertex 10.947 1.07819 3.5
    endloop
  endfacet
  facet normal 0 0 1
    outer loop
      vertex 20.1061 3.99935 3.5
      vertex 10.7886 2.14599 3.5
      vertex 10.8809 1.61403 3.5
    endloop
  endfacet
  facet normal 0 0 1
    outer loop
      vertex 19.8856 4.98109 3.5
      vertex 10.6703 2.67278 3.5
      vertex 10.7886 2.14599 3.5
    endloop
  endfacet
  facet normal 0 0 1
    outer loop
      vertex 6.11127 9.14616 3.5
      vertex 11.3892 17.0451 3.5
      vertex 10.5391 17.5834 3.5
    endloop
  endfacet
  facet normal 0 0 1
    outer loop
      vertex 19.6173 5.95084 3.5
      vertex 10.5263 3.19313 3.5
      vertex 10.6703 2.67278 3.5
    endloop
  endfacet
  facet normal 0 0 1
    outer loop
      vertex 19.3017 6.90624 3.5
      vertex 10.357 3.70579 3.5
      vertex 10.5263 3.19313 3.5
    endloop
  endfacet
  facet normal 0 0 1
    outer loop
      vertex 18.9395 7.84501 3.5
      vertex 10.1627 4.20952 3.5
      vertex 10.357 3.70579 3.5
    endloop
  endfacet
  facet normal 0 0 1
    outer loop
      vertex 18.5318 8.76488 3.5
      vertex 9.94388 4.70311 3.5
      vertex 10.1627 4.20952 3.5
    endloop
  endfacet
  facet normal 0 0 1
    outer loop
      vertex 18.0794 9.66363 3.5
      vertex 9.70113 5.18536 3.5
      vertex 9.94388 4.70311 3.5
    endloop
  endfacet
  facet normal 0 0 1
    outer loop
      vertex 5.65513 9.43501 3.5
      vertex 10.5391 17.5834 3.5
      vertex 9.66363 18.0794 3.5
    endloop
  endfacet
  facet normal 0 0 1
    outer loop
      vertex 17.5834 10.5391 3.5
      vertex 9.43501 5.65513 3.5
      vertex 9.70113 5.18536 3.5
    endloop
  endfacet
  facet normal 0 0 1
    outer loop
      vertex 17.0451 11.3892 3.5
      vertex 9.14616 6.11127 3.5
      vertex 9.43501 5.65513 3.5
    endloop
  endfacet
  facet normal 0 0 1
    outer loop
      vertex 16.4658 12.2118 3.5
      vertex 8.83528 6.55269 3.5
      vertex 9.14616 6.11127 3.5
    endloop
  endfacet
  facet normal 0 0 1
    outer loop
      vertex 5.18536 9.70113 3.5
      vertex 9.66363 18.0794 3.5
      vertex 8.76488 18.5318 3.5
    endloop
  endfacet
  facet normal 0 0 1
    outer loop
      vertex 15.8467 13.0051 3.5
      vertex 8.50311 6.97833 3.5
      vertex 8.83528 6.55269 3.5
    endloop
  endfacet
  facet normal 0 0 1
    outer loop
      vertex 15.1895 13.767 3.5
      vertex 8.15046 7.38715 3.5
      vertex 8.50311 6.97833 3.5
    endloop
  endfacet
  facet normal 0 0 1
    outer loop
      vertex 4.70311 9.94388 3.5
      vertex 8.76488 18.5318 3.5
      vertex 7.84501 18.9395 3.5
    endloop
  endfacet
  facet normal 0 0 1
    outer loop
      vertex 14.4957 14.4957 3.5
      vertex 7.77817 7.77817 3.5
      vertex 8.15046 7.38715 3.5
    endloop
  endfacet
  facet normal 0 0 1
    outer loop
      vertex 13.767 15.1895 3.5
      vertex 7.38715 8.15046 3.5
      vertex 7.77817 7.77817 3.5
    endloop
  endfacet
  facet normal 0 0 1
    outer loop
      vertex 13.0051 15.8467 3.5
      vertex 6.97833 8.50311 3.5
      vertex 7.38715 8.15046 3.5
    endloop
  endfacet
  facet normal 0 0 1
    outer loop
      vertex 4.20952 10.1627 3.5
      vertex 7.84501 18.9395 3.5
      vertex 6.90624 19.3017 3.5
    endloop
  endfacet
  facet normal 0 0 1
    outer loop
      vertex 12.2118 16.4658 3.5
      vertex 6.55269 8.83528 3.5
      vertex 6.97833 8.50311 3.5
    endloop
  endfacet
  facet normal 0 0 1
    outer loop
      vertex 11.3892 17.0451 3.5
      vertex 6.11127 9.14616 3.5
      vertex 6.55269 8.83528 3.5
    endloop
  endfacet
  facet normal 0 0 1
    outer loop
      vertex 3.70579 10.357 3.5
      vertex 6.90624 19.3017 3.5
      vertex 5.95084 19.6173 3.5
    endloop
  endfacet
  facet normal 0 0 1
    outer loop
      vertex 10.5391 17.5834 3.5
      vertex 5.65513 9.43501 3.5
      vertex 6.11127 9.14616 3.5
    endloop
  endfacet
  facet normal 0 0 1
    outer loop
      vertex 9.66363 18.0794 3.5
      vertex 5.18536 9.70113 3.5
      vertex 5.65513 9.43501 3.5
    endloop
  endfacet
  facet normal 0 0 1
    outer loop
      vertex 3.19313 10.5263 3.5
      vertex 5.95084 19.6173 3.5
      vertex 4.98109 19.8856 3.5
    endloop
  endfacet
  facet normal 0 0 1
    outer loop
      vertex 8.76488 18.5318 3.5
      vertex 4.70311 9.94388 3.5
      vertex 5.18536 9.70113 3.5
    endloop
  endfacet
  facet normal 0 0 1
    outer loop
      vertex 7.84501 18.9395 3.5
      vertex 4.20952 10.1627 3.5
      vertex 4.70311 9.94388 3.5
    endloop
  endfacet
  facet normal 0 0 1
    outer loop
      vertex 2.67278 10.6703 3.5
      vertex 4.98109 19.8856 3.5
      vertex 3.99935 20.1061 3.5
    endloop
  endfacet
  facet normal 0 0 1
    outer loop
      vertex 6.90624 19.3017 3.5
      vertex 3.70579 10.357 3.5
      vertex 4.20952 10.1627 3.5
    endloop
  endfacet
  facet normal 0 0 1
    outer loop
      vertex 5.95084 19.6173 3.5
      vertex 3.19313 10.5263 3.5
      vertex 3.70579 10.357 3.5
    endloop
  endfacet
  facet normal 0 0 1
    outer loop
      vertex 2.14599 10.7886 3.5
      vertex 3.99935 20.1061 3.5
      vertex 3.00797 20.2781 3.5
    endloop
  endfacet
  facet normal 0 0 1
    outer loop
      vertex 4.98109 19.8856 3.5
      vertex 2.67278 10.6703 3.5
      vertex 3.19313 10.5263 3.5
    endloop
  endfacet
  facet normal 0 0 1
    outer loop
      vertex 3.99935 20.1061 3.5
      vertex 2.14599 10.7886 3.5
      vertex 2.67278 10.6703 3.5
    endloop
  endfacet
  facet normal 0 0 1
    outer loop
      vertex 1.61403 10.8809 3.5
      vertex 3.00797 20.2781 3.5
      vertex 2.00935 20.4013 3.5
    endloop
  endfacet
  facet normal 0 0 1
    outer loop
      vertex 3.00797 20.2781 3.5
      vertex 1.61403 10.8809 3.5
      vertex 2.14599 10.7886 3.5
    endloop
  endfacet
  facet normal 0 0 1
    outer loop
      vertex 2.00935 20.4013 3.5
      vertex 1.07819 10.947 3.5
      vertex 1.61403 10.8809 3.5
    endloop
  endfacet
  facet normal 0 0 1
    outer loop
      vertex 1.00589 20.4753 3.5
      vertex 1.07819 10.947 3.5
      vertex 2.00935 20.4013 3.5
    endloop
  endfacet
  facet normal 0 0 1
    outer loop
      vertex 1.00589 20.4753 3.5
      vertex 0.539744 10.9867 3.5
      vertex 1.07819 10.947 3.5
    endloop
  endfacet
  facet normal 0 0 1
    outer loop
      vertex 0 20.5 3.5
      vertex 0.539744 10.9867 3.5
      vertex 1.00589 20.4753 3.5
    endloop
  endfacet
  facet normal 0 0 1
    outer loop
      vertex 0 20.5 3.5
      vertex 0 11 3.5
      vertex 0.539744 10.9867 3.5
    endloop
  endfacet
  facet normal 0 0 1
    outer loop
      vertex 0 20.5 3.5
      vertex -0.539744 10.9867 3.5
      vertex 0 11 3.5
    endloop
  endfacet
  facet normal -0 0 1
    outer loop
      vertex -1.00589 20.4753 3.5
      vertex -0.539744 10.9867 3.5
      vertex 0 20.5 3.5
    endloop
  endfacet
  facet normal 0 0 1
    outer loop
      vertex -1.00589 20.4753 3.5
      vertex -1.07819 10.947 3.5
      vertex -0.539744 10.9867 3.5
    endloop
  endfacet
  facet normal -0 0 1
    outer loop
      vertex -2.00935 20.4013 3.5
      vertex -1.07819 10.947 3.5
      vertex -1.00589 20.4753 3.5
    endloop
  endfacet
  facet normal 0 0 1
    outer loop
      vertex -1.07819 10.947 3.5
      vertex -2.00935 20.4013 3.5
      vertex -1.61403 10.8809 3.5
    endloop
  endfacet
  facet normal -0 0 1
    outer loop
      vertex -3.00797 20.2781 3.5
      vertex -1.61403 10.8809 3.5
      vertex -2.00935 20.4013 3.5
    endloop
  endfacet
  facet normal 0 0 1
    outer loop
      vertex -1.61403 10.8809 3.5
      vertex -3.00797 20.2781 3.5
      vertex -2.14599 10.7886 3.5
    endloop
  endfacet
  facet normal -0 0 1
    outer loop
      vertex -3.99935 20.1061 3.5
      vertex -2.14599 10.7886 3.5
      vertex -3.00797 20.2781 3.5
    endloop
  endfacet
  facet normal 0 0 1
    outer loop
      vertex -2.14599 10.7886 3.5
      vertex -3.99935 20.1061 3.5
      vertex -2.67278 10.6703 3.5
    endloop
  endfacet
  facet normal -0 0 1
    outer loop
      vertex -4.98109 19.8856 3.5
      vertex -2.67278 10.6703 3.5
      vertex -3.99935 20.1061 3.5
    endloop
  endfacet
  facet normal 0 0 1
    outer loop
      vertex -2.67278 10.6703 3.5
      vertex -4.98109 19.8856 3.5
      vertex -3.19313 10.5263 3.5
    endloop
  endfacet
  facet normal -0 0 1
    outer loop
      vertex -5.95084 19.6173 3.5
      vertex -3.19313 10.5263 3.5
      vertex -4.98109 19.8856 3.5
    endloop
  endfacet
  facet normal 0 0 1
    outer loop
      vertex -3.19313 10.5263 3.5
      vertex -5.95084 19.6173 3.5
      vertex -3.70579 10.357 3.5
    endloop
  endfacet
  facet normal -0 0 1
    outer loop
      vertex -6.90624 19.3017 3.5
      vertex -3.70579 10.357 3.5
      vertex -5.95084 19.6173 3.5
    endloop
  endfacet
  facet normal 0 0 1
    outer loop
      vertex -3.70579 10.357 3.5
      vertex -6.90624 19.3017 3.5
      vertex -4.20952 10.1627 3.5
    endloop
  endfacet
  facet normal -0 0 1
    outer loop
      vertex -7.84501 18.9395 3.5
      vertex -4.20952 10.1627 3.5
      vertex -6.90624 19.3017 3.5
    endloop
  endfacet
  facet normal 0 0 1
    outer loop
      vertex -4.20952 10.1627 3.5
      vertex -7.84501 18.9395 3.5
      vertex -4.70311 9.94388 3.5
    endloop
  endfacet
  facet normal -0 0 1
    outer loop
      vertex -8.76488 18.5318 3.5
      vertex -4.70311 9.94388 3.5
      vertex -7.84501 18.9395 3.5
    endloop
  endfacet
  facet normal 0 0 1
    outer loop
      vertex -4.70311 9.94388 3.5
      vertex -8.76488 18.5318 3.5
      vertex -5.18536 9.70113 3.5
    endloop
  endfacet
  facet normal -0 0 1
    outer loop
      vertex -9.66363 18.0794 3.5
      vertex -5.18536 9.70113 3.5
      vertex -8.76488 18.5318 3.5
    endloop
  endfacet
  facet normal 0 0 1
    outer loop
      vertex -5.18536 9.70113 3.5
      vertex -9.66363 18.0794 3.5
      vertex -5.65513 9.43501 3.5
    endloop
  endfacet
  facet normal -0 0 1
    outer loop
      vertex -10.5391 17.5834 3.5
      vertex -5.65513 9.43501 3.5
      vertex -9.66363 18.0794 3.5
    endloop
  endfacet
  facet normal 0 0 1
    outer loop
      vertex -5.65513 9.43501 3.5
      vertex -10.5391 17.5834 3.5
      vertex -6.11127 9.14616 3.5
    endloop
  endfacet
  facet normal -0 0 1
    outer loop
      vertex -11.3892 17.0451 3.5
      vertex -6.11127 9.14616 3.5
      vertex -10.5391 17.5834 3.5
    endloop
  endfacet
  facet normal 0 0 1
    outer loop
      vertex -6.11127 9.14616 3.5
      vertex -11.3892 17.0451 3.5
      vertex -6.55269 8.83528 3.5
    endloop
  endfacet
  facet normal -0 0 1
    outer loop
      vertex -12.2118 16.4658 3.5
      vertex -6.55269 8.83528 3.5
      vertex -11.3892 17.0451 3.5
    endloop
  endfacet
  facet normal 0 0 1
    outer loop
      vertex -6.55269 8.83528 3.5
      vertex -12.2118 16.4658 3.5
      vertex -6.97833 8.50311 3.5
    endloop
  endfacet
  facet normal -0 0 1
    outer loop
      vertex -13.0051 15.8467 3.5
      vertex -6.97833 8.50311 3.5
      vertex -12.2118 16.4658 3.5
    endloop
  endfacet
  facet normal 0 0 1
    outer loop
      vertex -6.97833 8.50311 3.5
      vertex -13.0051 15.8467 3.5
      vertex -7.38715 8.15046 3.5
    endloop
  endfacet
  facet normal -0 0 1
    outer loop
      vertex -13.767 15.1895 3.5
      vertex -7.38715 8.15046 3.5
      vertex -13.0051 15.8467 3.5
    endloop
  endfacet
  facet normal 0 0 1
    outer loop
      vertex -7.38715 8.15046 3.5
      vertex -13.767 15.1895 3.5
      vertex -7.77817 7.77817 3.5
    endloop
  endfacet
  facet normal -0 0 1
    outer loop
      vertex -14.4957 14.4957 3.5
      vertex -7.77817 7.77817 3.5
      vertex -13.767 15.1895 3.5
    endloop
  endfacet
  facet normal 0 0 1
    outer loop
      vertex -7.77817 7.77817 3.5
      vertex -14.4957 14.4957 3.5
      vertex -8.15046 7.38715 3.5
    endloop
  endfacet
  facet normal -0 0 1
    outer loop
      vertex -15.1895 13.767 3.5
      vertex -8.15046 7.38715 3.5
      vertex -14.4957 14.4957 3.5
    endloop
  endfacet
  facet normal 0 0 1
    outer loop
      vertex -8.15046 7.38715 3.5
      vertex -15.1895 13.767 3.5
      vertex -8.50311 6.97833 3.5
    endloop
  endfacet
  facet normal -0 0 1
    outer loop
      vertex -15.8467 13.0051 3.5
      vertex -8.50311 6.97833 3.5
      vertex -15.1895 13.767 3.5
    endloop
  endfacet
  facet normal 0 0 1
    outer loop
      vertex -8.50311 6.97833 3.5
      vertex -15.8467 13.0051 3.5
      vertex -8.83528 6.55269 3.5
    endloop
  endfacet
  facet normal -0 0 1
    outer loop
      vertex -16.4658 12.2118 3.5
      vertex -8.83528 6.55269 3.5
      vertex -15.8467 13.0051 3.5
    endloop
  endfacet
  facet normal 0 0 1
    outer loop
      vertex -8.83528 6.55269 3.5
      vertex -16.4658 12.2118 3.5
      vertex -9.14616 6.11127 3.5
    endloop
  endfacet
  facet normal -0 0 1
    outer loop
      vertex -17.0451 11.3892 3.5
      vertex -9.14616 6.11127 3.5
      vertex -16.4658 12.2118 3.5
    endloop
  endfacet
  facet normal 0 0 1
    outer loop
      vertex -9.14616 6.11127 3.5
      vertex -17.0451 11.3892 3.5
      vertex -9.43501 5.65513 3.5
    endloop
  endfacet
  facet normal -0 0 1
    outer loop
      vertex -17.5834 10.5391 3.5
      vertex -9.43501 5.65513 3.5
      vertex -17.0451 11.3892 3.5
    endloop
  endfacet
  facet normal -0 0 1
    outer loop
      vertex -18.0794 9.66363 3.5
      vertex -9.70113 5.18536 3.5
      vertex -17.5834 10.5391 3.5
    endloop
  endfacet
  facet normal 0 0 1
    outer loop
      vertex -9.43501 5.65513 3.5
      vertex -17.5834 10.5391 3.5
      vertex -9.70113 5.18536 3.5
    endloop
  endfacet
  facet normal 0 0 1
    outer loop
      vertex 18.0794 -9.66363 3.5
      vertex 9.70113 -5.18536 3.5
      vertex 17.5834 -10.5391 3.5
    endloop
  endfacet
  facet normal -0 0 1
    outer loop
      vertex 9.43501 -5.65513 3.5
      vertex 17.5834 -10.5391 3.5
      vertex 9.70113 -5.18536 3.5
    endloop
  endfacet
  facet normal 0 0 1
    outer loop
      vertex 17.5834 -10.5391 3.5
      vertex 9.43501 -5.65513 3.5
      vertex 17.0451 -11.3892 3.5
    endloop
  endfacet
  facet normal -0 0 1
    outer loop
      vertex 9.14616 -6.11127 3.5
      vertex 17.0451 -11.3892 3.5
      vertex 9.43501 -5.65513 3.5
    endloop
  endfacet
  facet normal 0 0 1
    outer loop
      vertex 17.0451 -11.3892 3.5
      vertex 9.14616 -6.11127 3.5
      vertex 16.4658 -12.2118 3.5
    endloop
  endfacet
  facet normal -0 0 1
    outer loop
      vertex 8.83528 -6.55269 3.5
      vertex 16.4658 -12.2118 3.5
      vertex 9.14616 -6.11127 3.5
    endloop
  endfacet
  facet normal 0 0 1
    outer loop
      vertex 16.4658 -12.2118 3.5
      vertex 8.83528 -6.55269 3.5
      vertex 15.8467 -13.0051 3.5
    endloop
  endfacet
  facet normal -0 0 1
    outer loop
      vertex 8.50311 -6.97833 3.5
      vertex 15.8467 -13.0051 3.5
      vertex 8.83528 -6.55269 3.5
    endloop
  endfacet
  facet normal 0 0 1
    outer loop
      vertex 15.8467 -13.0051 3.5
      vertex 8.50311 -6.97833 3.5
      vertex 15.1895 -13.767 3.5
    endloop
  endfacet
  facet normal -0 0 1
    outer loop
      vertex 8.15046 -7.38715 3.5
      vertex 15.1895 -13.767 3.5
      vertex 8.50311 -6.97833 3.5
    endloop
  endfacet
  facet normal 0 0 1
    outer loop
      vertex 15.1895 -13.767 3.5
      vertex 8.15046 -7.38715 3.5
      vertex 14.4957 -14.4957 3.5
    endloop
  endfacet
  facet normal -0 0 1
    outer loop
      vertex 7.77817 -7.77817 3.5
      vertex 14.4957 -14.4957 3.5
      vertex 8.15046 -7.38715 3.5
    endloop
  endfacet
  facet normal 0 0 1
    outer loop
      vertex 14.4957 -14.4957 3.5
      vertex 7.77817 -7.77817 3.5
      vertex 13.767 -15.1895 3.5
    endloop
  endfacet
  facet normal -0 0 1
    outer loop
      vertex 7.38715 -8.15046 3.5
      vertex 13.767 -15.1895 3.5
      vertex 7.77817 -7.77817 3.5
    endloop
  endfacet
  facet normal 0 0 1
    outer loop
      vertex 13.767 -15.1895 3.5
      vertex 7.38715 -8.15046 3.5
      vertex 13.0051 -15.8467 3.5
    endloop
  endfacet
  facet normal -0 0 1
    outer loop
      vertex 6.97833 -8.50311 3.5
      vertex 13.0051 -15.8467 3.5
      vertex 7.38715 -8.15046 3.5
    endloop
  endfacet
  facet normal 0 0 1
    outer loop
      vertex 13.0051 -15.8467 3.5
      vertex 6.97833 -8.50311 3.5
      vertex 12.2118 -16.4658 3.5
    endloop
  endfacet
  facet normal -0 0 1
    outer loop
      vertex 6.55269 -8.83528 3.5
      vertex 12.2118 -16.4658 3.5
      vertex 6.97833 -8.50311 3.5
    endloop
  endfacet
  facet normal 0 0 1
    outer loop
      vertex 12.2118 -16.4658 3.5
      vertex 6.55269 -8.83528 3.5
      vertex 11.3892 -17.0451 3.5
    endloop
  endfacet
  facet normal -0 0 1
    outer loop
      vertex 6.11127 -9.14616 3.5
      vertex 11.3892 -17.0451 3.5
      vertex 6.55269 -8.83528 3.5
    endloop
  endfacet
  facet normal 0 0 1
    outer loop
      vertex 11.3892 -17.0451 3.5
      vertex 6.11127 -9.14616 3.5
      vertex 10.5391 -17.5834 3.5
    endloop
  endfacet
  facet normal -0 0 1
    outer loop
      vertex 5.65513 -9.43501 3.5
      vertex 10.5391 -17.5834 3.5
      vertex 6.11127 -9.14616 3.5
    endloop
  endfacet
  facet normal 0 0 1
    outer loop
      vertex 10.5391 -17.5834 3.5
      vertex 5.65513 -9.43501 3.5
      vertex 9.66363 -18.0794 3.5
    endloop
  endfacet
  facet normal -0 0 1
    outer loop
      vertex 5.18536 -9.70113 3.5
      vertex 9.66363 -18.0794 3.5
      vertex 5.65513 -9.43501 3.5
    endloop
  endfacet
  facet normal 0 0 1
    outer loop
      vertex 9.66363 -18.0794 3.5
      vertex 5.18536 -9.70113 3.5
      vertex 8.76488 -18.5318 3.5
    endloop
  endfacet
  facet normal -0 0 1
    outer loop
      vertex 4.70311 -9.94388 3.5
      vertex 8.76488 -18.5318 3.5
      vertex 5.18536 -9.70113 3.5
    endloop
  endfacet
  facet normal 0 0 1
    outer loop
      vertex 8.76488 -18.5318 3.5
      vertex 4.70311 -9.94388 3.5
      vertex 7.84501 -18.9395 3.5
    endloop
  endfacet
  facet normal -0 0 1
    outer loop
      vertex 4.20952 -10.1627 3.5
      vertex 7.84501 -18.9395 3.5
      vertex 4.70311 -9.94388 3.5
    endloop
  endfacet
  facet normal 0 0 1
    outer loop
      vertex 7.84501 -18.9395 3.5
      vertex 4.20952 -10.1627 3.5
      vertex 6.90624 -19.3017 3.5
    endloop
  endfacet
  facet normal -0 0 1
    outer loop
      vertex 3.70579 -10.357 3.5
      vertex 6.90624 -19.3017 3.5
      vertex 4.20952 -10.1627 3.5
    endloop
  endfacet
  facet normal 0 0 1
    outer loop
      vertex 6.90624 -19.3017 3.5
      vertex 3.70579 -10.357 3.5
      vertex 5.95084 -19.6173 3.5
    endloop
  endfacet
  facet normal -0 0 1
    outer loop
      vertex 3.19313 -10.5263 3.5
      vertex 5.95084 -19.6173 3.5
      vertex 3.70579 -10.357 3.5
    endloop
  endfacet
  facet normal 0 0 1
    outer loop
      vertex 5.95084 -19.6173 3.5
      vertex 3.19313 -10.5263 3.5
      vertex 4.98109 -19.8856 3.5
    endloop
  endfacet
  facet normal -0 0 1
    outer loop
      vertex 2.67278 -10.6703 3.5
      vertex 4.98109 -19.8856 3.5
      vertex 3.19313 -10.5263 3.5
    endloop
  endfacet
  facet normal 0 0 1
    outer loop
      vertex 4.98109 -19.8856 3.5
      vertex 2.67278 -10.6703 3.5
      vertex 3.99935 -20.1061 3.5
    endloop
  endfacet
  facet normal -0 0 1
    outer loop
      vertex 2.14599 -10.7886 3.5
      vertex 3.99935 -20.1061 3.5
      vertex 2.67278 -10.6703 3.5
    endloop
  endfacet
  facet normal 0 0 1
    outer loop
      vertex 3.99935 -20.1061 3.5
      vertex 2.14599 -10.7886 3.5
      vertex 3.00797 -20.2781 3.5
    endloop
  endfacet
  facet normal -0 0 1
    outer loop
      vertex 1.61403 -10.8809 3.5
      vertex 3.00797 -20.2781 3.5
      vertex 2.14599 -10.7886 3.5
    endloop
  endfacet
  facet normal 0 0 1
    outer loop
      vertex 3.00797 -20.2781 3.5
      vertex 1.61403 -10.8809 3.5
      vertex 2.00935 -20.4013 3.5
    endloop
  endfacet
  facet normal -0 0 1
    outer loop
      vertex 1.07819 -10.947 3.5
      vertex 2.00935 -20.4013 3.5
      vertex 1.61403 -10.8809 3.5
    endloop
  endfacet
  facet normal 0 0 1
    outer loop
      vertex 1.07819 -10.947 3.5
      vertex 1.00589 -20.4753 3.5
      vertex 2.00935 -20.4013 3.5
    endloop
  endfacet
  facet normal -0 0 1
    outer loop
      vertex 0.539744 -10.9867 3.5
      vertex 1.00589 -20.4753 3.5
      vertex 1.07819 -10.947 3.5
    endloop
  endfacet
  facet normal -0 0 1
    outer loop
      vertex 0 -11 3.5
      vertex 1.00589 -20.4753 3.5
      vertex 0.539744 -10.9867 3.5
    endloop
  endfacet
  facet normal 0 0 1
    outer loop
      vertex 0 -11 3.5
      vertex 0 -20.5 3.5
      vertex 1.00589 -20.4753 3.5
    endloop
  endfacet
  facet normal 0 0 1
    outer loop
      vertex -0.539744 -10.9867 3.5
      vertex 0 -20.5 3.5
      vertex 0 -11 3.5
    endloop
  endfacet
  facet normal 0 0 1
    outer loop
      vertex -0.539744 -10.9867 3.5
      vertex -1.00589 -20.4753 3.5
      vertex 0 -20.5 3.5
    endloop
  endfacet
  facet normal 0 0 1
    outer loop
      vertex -1.07819 -10.947 3.5
      vertex -1.00589 -20.4753 3.5
      vertex -0.539744 -10.9867 3.5
    endloop
  endfacet
  facet normal 0 0 1
    outer loop
      vertex -2.00935 -20.4013 3.5
      vertex -1.07819 -10.947 3.5
      vertex -1.61403 -10.8809 3.5
    endloop
  endfacet
  facet normal 0 0 1
    outer loop
      vertex -1.07819 -10.947 3.5
      vertex -2.00935 -20.4013 3.5
      vertex -1.00589 -20.4753 3.5
    endloop
  endfacet
  facet normal 0 0 1
    outer loop
      vertex -3.00797 -20.2781 3.5
      vertex -1.61403 -10.8809 3.5
      vertex -2.14599 -10.7886 3.5
    endloop
  endfacet
  facet normal 0 0 1
    outer loop
      vertex -3.99935 -20.1061 3.5
      vertex -2.14599 -10.7886 3.5
      vertex -2.67278 -10.6703 3.5
    endloop
  endfacet
  facet normal 0 0 1
    outer loop
      vertex -1.61403 -10.8809 3.5
      vertex -3.00797 -20.2781 3.5
      vertex -2.00935 -20.4013 3.5
    endloop
  endfacet
  facet normal 0 0 1
    outer loop
      vertex -4.98109 -19.8856 3.5
      vertex -2.67278 -10.6703 3.5
      vertex -3.19313 -10.5263 3.5
    endloop
  endfacet
  facet normal 0 0 1
    outer loop
      vertex -5.95084 -19.6173 3.5
      vertex -3.19313 -10.5263 3.5
      vertex -3.70579 -10.357 3.5
    endloop
  endfacet
  facet normal 0 0 1
    outer loop
      vertex -2.14599 -10.7886 3.5
      vertex -3.99935 -20.1061 3.5
      vertex -3.00797 -20.2781 3.5
    endloop
  endfacet
  facet normal 0 0 1
    outer loop
      vertex -6.90624 -19.3017 3.5
      vertex -3.70579 -10.357 3.5
      vertex -4.20952 -10.1627 3.5
    endloop
  endfacet
  facet normal 0 0 1
    outer loop
      vertex -7.84501 -18.9395 3.5
      vertex -4.20952 -10.1627 3.5
      vertex -4.70311 -9.94388 3.5
    endloop
  endfacet
  facet normal 0 0 1
    outer loop
      vertex -2.67278 -10.6703 3.5
      vertex -4.98109 -19.8856 3.5
      vertex -3.99935 -20.1061 3.5
    endloop
  endfacet
  facet normal 0 0 1
    outer loop
      vertex -8.76488 -18.5318 3.5
      vertex -4.70311 -9.94388 3.5
      vertex -5.18536 -9.70113 3.5
    endloop
  endfacet
  facet normal 0 0 1
    outer loop
      vertex -9.66363 -18.0794 3.5
      vertex -5.18536 -9.70113 3.5
      vertex -5.65513 -9.43501 3.5
    endloop
  endfacet
  facet normal 0 0 1
    outer loop
      vertex -3.19313 -10.5263 3.5
      vertex -5.95084 -19.6173 3.5
      vertex -4.98109 -19.8856 3.5
    endloop
  endfacet
  facet normal 0 0 1
    outer loop
      vertex -10.5391 -17.5834 3.5
      vertex -5.65513 -9.43501 3.5
      vertex -6.11127 -9.14616 3.5
    endloop
  endfacet
  facet normal 0 0 1
    outer loop
      vertex -11.3892 -17.0451 3.5
      vertex -6.11127 -9.14616 3.5
      vertex -6.55269 -8.83528 3.5
    endloop
  endfacet
  facet normal 0 0 1
    outer loop
      vertex -3.70579 -10.357 3.5
      vertex -6.90624 -19.3017 3.5
      vertex -5.95084 -19.6173 3.5
    endloop
  endfacet
  facet normal 0 0 1
    outer loop
      vertex -12.2118 -16.4658 3.5
      vertex -6.55269 -8.83528 3.5
      vertex -6.97833 -8.50311 3.5
    endloop
  endfacet
  facet normal 0 0 1
    outer loop
      vertex -13.0051 -15.8467 3.5
      vertex -6.97833 -8.50311 3.5
      vertex -7.38715 -8.15046 3.5
    endloop
  endfacet
  facet normal 0 0 1
    outer loop
      vertex -13.767 -15.1895 3.5
      vertex -7.38715 -8.15046 3.5
      vertex -7.77817 -7.77817 3.5
    endloop
  endfacet
  facet normal 0 0 1
    outer loop
      vertex -4.20952 -10.1627 3.5
      vertex -7.84501 -18.9395 3.5
      vertex -6.90624 -19.3017 3.5
    endloop
  endfacet
  facet normal 0 0 1
    outer loop
      vertex -14.4957 -14.4957 3.5
      vertex -7.77817 -7.77817 3.5
      vertex -8.15046 -7.38715 3.5
    endloop
  endfacet
  facet normal 0 0 1
    outer loop
      vertex -15.1895 -13.767 3.5
      vertex -8.15046 -7.38715 3.5
      vertex -8.50311 -6.97833 3.5
    endloop
  endfacet
  facet normal 0 0 1
    outer loop
      vertex -4.70311 -9.94388 3.5
      vertex -8.76488 -18.5318 3.5
      vertex -7.84501 -18.9395 3.5
    endloop
  endfacet
  facet normal 0 0 1
    outer loop
      vertex -15.8467 -13.0051 3.5
      vertex -8.50311 -6.97833 3.5
      vertex -8.83528 -6.55269 3.5
    endloop
  endfacet
  facet normal 0 0 1
    outer loop
      vertex -16.4658 -12.2118 3.5
      vertex -8.83528 -6.55269 3.5
      vertex -9.14616 -6.11127 3.5
    endloop
  endfacet
  facet normal 0 0 1
    outer loop
      vertex -17.0451 -11.3892 3.5
      vertex -9.14616 -6.11127 3.5
      vertex -9.43501 -5.65513 3.5
    endloop
  endfacet
  facet normal 0 0 1
    outer loop
      vertex -5.18536 -9.70113 3.5
      vertex -9.66363 -18.0794 3.5
      vertex -8.76488 -18.5318 3.5
    endloop
  endfacet
  facet normal 0 0 1
    outer loop
      vertex -17.5834 -10.5391 3.5
      vertex -9.43501 -5.65513 3.5
      vertex -9.70113 -5.18536 3.5
    endloop
  endfacet
  facet normal 0 0 1
    outer loop
      vertex -18.0794 -9.66363 3.5
      vertex -9.70113 -5.18536 3.5
      vertex -9.94388 -4.70311 3.5
    endloop
  endfacet
  facet normal 0 0 1
    outer loop
      vertex -18.5318 -8.76488 3.5
      vertex -9.94388 -4.70311 3.5
      vertex -10.1627 -4.20952 3.5
    endloop
  endfacet
  facet normal 0 0 1
    outer loop
      vertex -18.9395 -7.84501 3.5
      vertex -10.1627 -4.20952 3.5
      vertex -10.357 -3.70579 3.5
    endloop
  endfacet
  facet normal 0 0 1
    outer loop
      vertex -19.3017 -6.90624 3.5
      vertex -10.357 -3.70579 3.5
      vertex -10.5263 -3.19313 3.5
    endloop
  endfacet
  facet normal 0 0 1
    outer loop
      vertex -5.65513 -9.43501 3.5
      vertex -10.5391 -17.5834 3.5
      vertex -9.66363 -18.0794 3.5
    endloop
  endfacet
  facet normal 0 0 1
    outer loop
      vertex -19.6173 -5.95084 3.5
      vertex -10.5263 -3.19313 3.5
      vertex -10.6703 -2.67278 3.5
    endloop
  endfacet
  facet normal 0 0 1
    outer loop
      vertex -19.8856 -4.98109 3.5
      vertex -10.6703 -2.67278 3.5
      vertex -10.7886 -2.14599 3.5
    endloop
  endfacet
  facet normal 0 0 1
    outer loop
      vertex -20.1061 -3.99935 3.5
      vertex -10.7886 -2.14599 3.5
      vertex -10.8809 -1.61403 3.5
    endloop
  endfacet
  facet normal 0 0 1
    outer loop
      vertex -20.2781 -3.00797 3.5
      vertex -10.8809 -1.61403 3.5
      vertex -10.947 -1.07819 3.5
    endloop
  endfacet
  facet normal 0 0 1
    outer loop
      vertex -20.4013 -2.00935 3.5
      vertex -10.947 -1.07819 3.5
      vertex -10.9867 -0.539744 3.5
    endloop
  endfacet
  facet normal 0 0 1
    outer loop
      vertex -6.11127 -9.14616 3.5
      vertex -11.3892 -17.0451 3.5
      vertex -10.5391 -17.5834 3.5
    endloop
  endfacet
  facet normal 0 0 1
    outer loop
      vertex -20.4753 -1.00589 3.5
      vertex -10.9867 -0.539744 3.5
      vertex -11 0 3.5
    endloop
  endfacet
  facet normal 0 0 1
    outer loop
      vertex -9.70113 5.18536 3.5
      vertex -18.0794 9.66363 3.5
      vertex -9.94388 4.70311 3.5
    endloop
  endfacet
  facet normal -0 0 1
    outer loop
      vertex -18.5318 8.76488 3.5
      vertex -9.94388 4.70311 3.5
      vertex -18.0794 9.66363 3.5
    endloop
  endfacet
  facet normal 0 0 1
    outer loop
      vertex -6.55269 -8.83528 3.5
      vertex -12.2118 -16.4658 3.5
      vertex -11.3892 -17.0451 3.5
    endloop
  endfacet
  facet normal 0 0 1
    outer loop
      vertex -9.94388 4.70311 3.5
      vertex -18.5318 8.76488 3.5
      vertex -10.1627 4.20952 3.5
    endloop
  endfacet
  facet normal 0 0 1
    outer loop
      vertex -6.97833 -8.50311 3.5
      vertex -13.0051 -15.8467 3.5
      vertex -12.2118 -16.4658 3.5
    endloop
  endfacet
  facet normal -0 0 1
    outer loop
      vertex -18.9395 7.84501 3.5
      vertex -10.1627 4.20952 3.5
      vertex -18.5318 8.76488 3.5
    endloop
  endfacet
  facet normal 0 0 1
    outer loop
      vertex -7.38715 -8.15046 3.5
      vertex -13.767 -15.1895 3.5
      vertex -13.0051 -15.8467 3.5
    endloop
  endfacet
  facet normal 0 0 1
    outer loop
      vertex -10.1627 4.20952 3.5
      vertex -18.9395 7.84501 3.5
      vertex -10.357 3.70579 3.5
    endloop
  endfacet
  facet normal 0 0 1
    outer loop
      vertex -7.77817 -7.77817 3.5
      vertex -14.4957 -14.4957 3.5
      vertex -13.767 -15.1895 3.5
    endloop
  endfacet
  facet normal -0 0 1
    outer loop
      vertex -19.3017 6.90624 3.5
      vertex -10.357 3.70579 3.5
      vertex -18.9395 7.84501 3.5
    endloop
  endfacet
  facet normal 0 0 1
    outer loop
      vertex -8.15046 -7.38715 3.5
      vertex -15.1895 -13.767 3.5
      vertex -14.4957 -14.4957 3.5
    endloop
  endfacet
  facet normal 0 0 1
    outer loop
      vertex -10.357 3.70579 3.5
      vertex -19.3017 6.90624 3.5
      vertex -10.5263 3.19313 3.5
    endloop
  endfacet
  facet normal 0 0 1
    outer loop
      vertex -8.50311 -6.97833 3.5
      vertex -15.8467 -13.0051 3.5
      vertex -15.1895 -13.767 3.5
    endloop
  endfacet
  facet normal -0 0 1
    outer loop
      vertex -19.6173 5.95084 3.5
      vertex -10.5263 3.19313 3.5
      vertex -19.3017 6.90624 3.5
    endloop
  endfacet
  facet normal 0 0 1
    outer loop
      vertex -8.83528 -6.55269 3.5
      vertex -16.4658 -12.2118 3.5
      vertex -15.8467 -13.0051 3.5
    endloop
  endfacet
  facet normal 0 0 1
    outer loop
      vertex -10.5263 3.19313 3.5
      vertex -19.6173 5.95084 3.5
      vertex -10.6703 2.67278 3.5
    endloop
  endfacet
  facet normal 0 0 1
    outer loop
      vertex -9.14616 -6.11127 3.5
      vertex -17.0451 -11.3892 3.5
      vertex -16.4658 -12.2118 3.5
    endloop
  endfacet
  facet normal -0 0 1
    outer loop
      vertex -19.8856 4.98109 3.5
      vertex -10.6703 2.67278 3.5
      vertex -19.6173 5.95084 3.5
    endloop
  endfacet
  facet normal 0 0 1
    outer loop
      vertex -9.43501 -5.65513 3.5
      vertex -17.5834 -10.5391 3.5
      vertex -17.0451 -11.3892 3.5
    endloop
  endfacet
  facet normal 0 0 1
    outer loop
      vertex -10.6703 2.67278 3.5
      vertex -19.8856 4.98109 3.5
      vertex -10.7886 2.14599 3.5
    endloop
  endfacet
  facet normal 0 0 1
    outer loop
      vertex -9.70113 -5.18536 3.5
      vertex -18.0794 -9.66363 3.5
      vertex -17.5834 -10.5391 3.5
    endloop
  endfacet
  facet normal -0 0 1
    outer loop
      vertex -20.1061 3.99935 3.5
      vertex -10.7886 2.14599 3.5
      vertex -19.8856 4.98109 3.5
    endloop
  endfacet
  facet normal 0 0 1
    outer loop
      vertex -9.94388 -4.70311 3.5
      vertex -18.5318 -8.76488 3.5
      vertex -18.0794 -9.66363 3.5
    endloop
  endfacet
  facet normal 0 0 1
    outer loop
      vertex -10.7886 2.14599 3.5
      vertex -20.1061 3.99935 3.5
      vertex -10.8809 1.61403 3.5
    endloop
  endfacet
  facet normal 0 0 1
    outer loop
      vertex -10.1627 -4.20952 3.5
      vertex -18.9395 -7.84501 3.5
      vertex -18.5318 -8.76488 3.5
    endloop
  endfacet
  facet normal -0 0 1
    outer loop
      vertex -20.2781 3.00797 3.5
      vertex -10.8809 1.61403 3.5
      vertex -20.1061 3.99935 3.5
    endloop
  endfacet
  facet normal 0 0 1
    outer loop
      vertex -10.357 -3.70579 3.5
      vertex -19.3017 -6.90624 3.5
      vertex -18.9395 -7.84501 3.5
    endloop
  endfacet
  facet normal 0 0 1
    outer loop
      vertex -10.8809 1.61403 3.5
      vertex -20.2781 3.00797 3.5
      vertex -10.947 1.07819 3.5
    endloop
  endfacet
  facet normal 0 0 1
    outer loop
      vertex -10.5263 -3.19313 3.5
      vertex -19.6173 -5.95084 3.5
      vertex -19.3017 -6.90624 3.5
    endloop
  endfacet
  facet normal -0 0 1
    outer loop
      vertex -20.4013 2.00935 3.5
      vertex -10.947 1.07819 3.5
      vertex -20.2781 3.00797 3.5
    endloop
  endfacet
  facet normal 0 0 1
    outer loop
      vertex -10.6703 -2.67278 3.5
      vertex -19.8856 -4.98109 3.5
      vertex -19.6173 -5.95084 3.5
    endloop
  endfacet
  facet normal 0 0 1
    outer loop
      vertex -10.947 1.07819 3.5
      vertex -20.4013 2.00935 3.5
      vertex -10.9867 0.539744 3.5
    endloop
  endfacet
  facet normal 0 0 1
    outer loop
      vertex -10.7886 -2.14599 3.5
      vertex -20.1061 -3.99935 3.5
      vertex -19.8856 -4.98109 3.5
    endloop
  endfacet
  facet normal -0 0 1
    outer loop
      vertex -20.4753 1.00589 3.5
      vertex -10.9867 0.539744 3.5
      vertex -20.4013 2.00935 3.5
    endloop
  endfacet
  facet normal 0 0 1
    outer loop
      vertex -10.8809 -1.61403 3.5
      vertex -20.2781 -3.00797 3.5
      vertex -20.1061 -3.99935 3.5
    endloop
  endfacet
  facet normal 0 0 1
    outer loop
      vertex -10.9867 0.539744 3.5
      vertex -20.4753 1.00589 3.5
      vertex -11 0 3.5
    endloop
  endfacet
  facet normal 0 0 1
    outer loop
      vertex -10.947 -1.07819 3.5
      vertex -20.4013 -2.00935 3.5
      vertex -20.2781 -3.00797 3.5
    endloop
  endfacet
  facet normal 0 0 1
    outer loop
      vertex -20.5 0 3.5
      vertex -11 0 3.5
      vertex -20.4753 1.00589 3.5
    endloop
  endfacet
  facet normal 0 0 1
    outer loop
      vertex -10.9867 -0.539744 3.5
      vertex -20.4753 -1.00589 3.5
      vertex -20.4013 -2.00935 3.5
    endloop
  endfacet
  facet normal 0 0 1
    outer loop
      vertex -11 0 3.5
      vertex -20.5 0 3.5
      vertex -20.4753 -1.00589 3.5
    endloop
  endfacet
  facet normal 0.0735451 0.997292 -0
    outer loop
      vertex 2.00935 20.4013 0
      vertex 1.00589 20.4753 3.5
      vertex 2.00935 20.4013 3.5
    endloop
  endfacet
  facet normal 0.0735451 0.997292 0
    outer loop
      vertex 1.00589 20.4753 3.5
      vertex 2.00935 20.4013 0
      vertex 1.00589 20.4753 0
    endloop
  endfacet
  facet normal 0.024548 0.999699 -0
    outer loop
      vertex 1.00589 20.4753 0
      vertex 0 20.5 3.5
      vertex 1.00589 20.4753 3.5
    endloop
  endfacet
  facet normal 0.024548 0.999699 0
    outer loop
      vertex 0 20.5 3.5
      vertex 1.00589 20.4753 0
      vertex 0 20.5 0
    endloop
  endfacet
  facet normal -0.724237 0.689551 1.5926e-18
    outer loop
      vertex -15.1895 13.767 0
      vertex -14.4957 14.4957 3.5
      vertex -14.4957 14.4957 0
    endloop
  endfacet
  facet normal -0.724237 0.689551 1.5926e-18
    outer loop
      vertex -14.4957 14.4957 3.5
      vertex -15.1895 13.767 0
      vertex -15.1895 13.767 3.5
    endloop
  endfacet
  facet normal -0.492938 0.870065 0
    outer loop
      vertex -9.66363 18.0794 0
      vertex -10.5391 17.5834 3.5
      vertex -9.66363 18.0794 3.5
    endloop
  endfacet
  facet normal -0.492938 0.870065 0
    outer loop
      vertex -10.5391 17.5834 3.5
      vertex -9.66363 18.0794 0
      vertex -10.5391 17.5834 0
    endloop
  endfacet
  facet normal -0.534984 0.844862 0
    outer loop
      vertex -10.5391 17.5834 0
      vertex -11.3892 17.0451 3.5
      vertex -10.5391 17.5834 3.5
    endloop
  endfacet
  facet normal -0.534984 0.844862 0
    outer loop
      vertex -11.3892 17.0451 3.5
      vertex -10.5391 17.5834 0
      vertex -11.3892 17.0451 0
    endloop
  endfacet
  facet normal -0.122442 -0.992476 0
    outer loop
      vertex -3.00797 -20.2781 0
      vertex -2.00935 -20.4013 3.5
      vertex -3.00797 -20.2781 3.5
    endloop
  endfacet
  facet normal -0.122442 -0.992476 -0
    outer loop
      vertex -2.00935 -20.4013 3.5
      vertex -3.00797 -20.2781 0
      vertex -2.00935 -20.4013 0
    endloop
  endfacet
  facet normal -0.266652 0.963793 0
    outer loop
      vertex -4.98109 19.8856 0
      vertex -5.95084 19.6173 3.5
      vertex -4.98109 19.8856 3.5
    endloop
  endfacet
  facet normal -0.266652 0.963793 0
    outer loop
      vertex -5.95084 19.6173 3.5
      vertex -4.98109 19.8856 0
      vertex -5.95084 19.6173 0
    endloop
  endfacet
  facet normal -0.788345 -0.615233 5.86236e-18
    outer loop
      vertex -15.8467 -13.0051 0
      vertex -16.4658 -12.2118 3.5
      vertex -16.4658 -12.2118 0
    endloop
  endfacet
  facet normal -0.788345 -0.615233 5.86236e-18
    outer loop
      vertex -16.4658 -12.2118 3.5
      vertex -15.8467 -13.0051 0
      vertex -15.8467 -13.0051 3.5
    endloop
  endfacet
  facet normal -0.817604 -0.575781 3.8692e-18
    outer loop
      vertex -16.4658 -12.2118 0
      vertex -17.0451 -11.3892 3.5
      vertex -17.0451 -11.3892 0
    endloop
  endfacet
  facet normal -0.817604 -0.575781 3.8692e-18
    outer loop
      vertex -17.0451 -11.3892 3.5
      vertex -16.4658 -12.2118 0
      vertex -16.4658 -12.2118 3.5
    endloop
  endfacet
  facet normal -0.689551 -0.724237 0
    outer loop
      vertex -14.4957 -14.4957 0
      vertex -13.767 -15.1895 3.5
      vertex -14.4957 -14.4957 3.5
    endloop
  endfacet
  facet normal -0.689551 -0.724237 -0
    outer loop
      vertex -13.767 -15.1895 3.5
      vertex -14.4957 -14.4957 0
      vertex -13.767 -15.1895 0
    endloop
  endfacet
  facet normal -0.963793 -0.266652 5.83081e-18
    outer loop
      vertex -19.6173 -5.95084 0
      vertex -19.8856 -4.98109 3.5
      vertex -19.8856 -4.98109 0
    endloop
  endfacet
  facet normal -0.963793 -0.266652 5.83081e-18
    outer loop
      vertex -19.8856 -4.98109 3.5
      vertex -19.6173 -5.95084 0
      vertex -19.6173 -5.95084 3.5
    endloop
  endfacet
  facet normal -0.914228 -0.4052 -5.57851e-18
    outer loop
      vertex -18.5318 -8.76488 0
      vertex -18.9395 -7.84501 3.5
      vertex -18.9395 -7.84501 0
    endloop
  endfacet
  facet normal -0.914228 -0.4052 -5.57851e-18
    outer loop
      vertex -18.9395 -7.84501 3.5
      vertex -18.5318 -8.76488 0
      vertex -18.5318 -8.76488 3.5
    endloop
  endfacet
  facet normal -0.4052 0.914228 0
    outer loop
      vertex -7.84501 18.9395 0
      vertex -8.76488 18.5318 3.5
      vertex -7.84501 18.9395 3.5
    endloop
  endfacet
  facet normal -0.4052 0.914228 0
    outer loop
      vertex -8.76488 18.5318 3.5
      vertex -7.84501 18.9395 0
      vertex -8.76488 18.5318 0
    endloop
  endfacet
  facet normal -0.844862 0.534984 5.2786e-18
    outer loop
      vertex -17.5834 10.5391 0
      vertex -17.0451 11.3892 3.5
      vertex -17.0451 11.3892 0
    endloop
  endfacet
  facet normal -0.844862 0.534984 5.2786e-18
    outer loop
      vertex -17.0451 11.3892 3.5
      vertex -17.5834 10.5391 0
      vertex -17.5834 10.5391 3.5
    endloop
  endfacet
  facet normal -0.575781 -0.817604 0
    outer loop
      vertex -12.2118 -16.4658 0
      vertex -11.3892 -17.0451 3.5
      vertex -12.2118 -16.4658 3.5
    endloop
  endfacet
  facet normal -0.575781 -0.817604 -0
    outer loop
      vertex -11.3892 -17.0451 3.5
      vertex -12.2118 -16.4658 0
      vertex -11.3892 -17.0451 0
    endloop
  endfacet
  facet normal -0.870065 0.492938 2.59591e-18
    outer loop
      vertex -18.0794 9.66363 0
      vertex -17.5834 10.5391 3.5
      vertex -17.5834 10.5391 0
    endloop
  endfacet
  facet normal -0.870065 0.492938 2.59591e-18
    outer loop
      vertex -17.5834 10.5391 3.5
      vertex -18.0794 9.66363 0
      vertex -18.0794 9.66363 3.5
    endloop
  endfacet
  facet normal 0 0 -1
    outer loop
      vertex 20.4753 -1.00589 0
      vertex 20.4753 1.00589 0
      vertex 20.5 0 0
    endloop
  endfacet
  facet normal 0 0 -1
    outer loop
      vertex 20.4013 -2.00935 0
      vertex 20.4753 1.00589 0
      vertex 20.4753 -1.00589 0
    endloop
  endfacet
  facet normal 0 0 -1
    outer loop
      vertex 20.4013 -2.00935 0
      vertex 20.4013 2.00935 0
      vertex 20.4753 1.00589 0
    endloop
  endfacet
  facet normal 0 0 -1
    outer loop
      vertex 20.2781 -3.00797 0
      vertex 20.4013 2.00935 0
      vertex 20.4013 -2.00935 0
    endloop
  endfacet
  facet normal 0 0 -1
    outer loop
      vertex 20.2781 -3.00797 0
      vertex 20.2781 3.00797 0
      vertex 20.4013 2.00935 0
    endloop
  endfacet
  facet normal 0 0 -1
    outer loop
      vertex 20.1061 -3.99935 0
      vertex 20.2781 3.00797 0
      vertex 20.2781 -3.00797 0
    endloop
  endfacet
  facet normal 0 0 -1
    outer loop
      vertex 20.1061 -3.99935 0
      vertex 20.1061 3.99935 0
      vertex 20.2781 3.00797 0
    endloop
  endfacet
  facet normal 0 0 -1
    outer loop
      vertex 19.8856 -4.98109 0
      vertex 20.1061 3.99935 0
      vertex 20.1061 -3.99935 0
    endloop
  endfacet
  facet normal 0 0 -1
    outer loop
      vertex 19.8856 -4.98109 0
      vertex 19.8856 4.98109 0
      vertex 20.1061 3.99935 0
    endloop
  endfacet
  facet normal 0 0 -1
    outer loop
      vertex 19.6173 -5.95084 0
      vertex 19.8856 4.98109 0
      vertex 19.8856 -4.98109 0
    endloop
  endfacet
  facet normal 0 0 -1
    outer loop
      vertex 19.6173 -5.95084 0
      vertex 19.6173 5.95084 0
      vertex 19.8856 4.98109 0
    endloop
  endfacet
  facet normal 0 0 -1
    outer loop
      vertex 19.3017 -6.90624 0
      vertex 19.6173 5.95084 0
      vertex 19.6173 -5.95084 0
    endloop
  endfacet
  facet normal 0 0 -1
    outer loop
      vertex 19.3017 -6.90624 0
      vertex 19.3017 6.90624 0
      vertex 19.6173 5.95084 0
    endloop
  endfacet
  facet normal 0 0 -1
    outer loop
      vertex 18.9395 -7.84501 0
      vertex 19.3017 6.90624 0
      vertex 19.3017 -6.90624 0
    endloop
  endfacet
  facet normal 0 0 -1
    outer loop
      vertex 18.9395 -7.84501 0
      vertex 18.9395 7.84501 0
      vertex 19.3017 6.90624 0
    endloop
  endfacet
  facet normal 0 0 -1
    outer loop
      vertex 18.5318 -8.76488 0
      vertex 18.9395 7.84501 0
      vertex 18.9395 -7.84501 0
    endloop
  endfacet
  facet normal 0 0 -1
    outer loop
      vertex 18.5318 -8.76488 0
      vertex 18.5318 8.76488 0
      vertex 18.9395 7.84501 0
    endloop
  endfacet
  facet normal 0 0 -1
    outer loop
      vertex 18.0794 -9.66363 0
      vertex 18.5318 8.76488 0
      vertex 18.5318 -8.76488 0
    endloop
  endfacet
  facet normal 0 0 -1
    outer loop
      vertex 18.0794 -9.66363 0
      vertex 18.0794 9.66363 0
      vertex 18.5318 8.76488 0
    endloop
  endfacet
  facet normal 0 0 -1
    outer loop
      vertex 17.5834 -10.5391 0
      vertex 18.0794 9.66363 0
      vertex 18.0794 -9.66363 0
    endloop
  endfacet
  facet normal 0 0 -1
    outer loop
      vertex 17.5834 -10.5391 0
      vertex 17.5834 10.5391 0
      vertex 18.0794 9.66363 0
    endloop
  endfacet
  facet normal 0 0 -1
    outer loop
      vertex 17.0451 -11.3892 0
      vertex 17.5834 10.5391 0
      vertex 17.5834 -10.5391 0
    endloop
  endfacet
  facet normal 0 0 -1
    outer loop
      vertex 17.0451 -11.3892 0
      vertex 17.0451 11.3892 0
      vertex 17.5834 10.5391 0
    endloop
  endfacet
  facet normal 0 0 -1
    outer loop
      vertex 16.4658 -12.2118 0
      vertex 17.0451 11.3892 0
      vertex 17.0451 -11.3892 0
    endloop
  endfacet
  facet normal 0 0 -1
    outer loop
      vertex 16.4658 -12.2118 0
      vertex 16.4658 12.2118 0
      vertex 17.0451 11.3892 0
    endloop
  endfacet
  facet normal 0 0 -1
    outer loop
      vertex 15.8467 -13.0051 0
      vertex 16.4658 12.2118 0
      vertex 16.4658 -12.2118 0
    endloop
  endfacet
  facet normal 0 0 -1
    outer loop
      vertex 15.8467 -13.0051 0
      vertex 15.8467 13.0051 0
      vertex 16.4658 12.2118 0
    endloop
  endfacet
  facet normal 0 0 -1
    outer loop
      vertex 15.1895 -13.767 0
      vertex 15.8467 13.0051 0
      vertex 15.8467 -13.0051 0
    endloop
  endfacet
  facet normal 0 0 -1
    outer loop
      vertex 15.1895 -13.767 0
      vertex 15.1895 13.767 0
      vertex 15.8467 13.0051 0
    endloop
  endfacet
  facet normal 0 0 -1
    outer loop
      vertex 14.4957 -14.4957 0
      vertex 15.1895 13.767 0
      vertex 15.1895 -13.767 0
    endloop
  endfacet
  facet normal 0 0 -1
    outer loop
      vertex 14.4957 -14.4957 0
      vertex 14.4957 14.4957 0
      vertex 15.1895 13.767 0
    endloop
  endfacet
  facet normal 0 0 -1
    outer loop
      vertex 13.767 -15.1895 0
      vertex 14.4957 14.4957 0
      vertex 14.4957 -14.4957 0
    endloop
  endfacet
  facet normal 0 0 -1
    outer loop
      vertex 13.767 -15.1895 0
      vertex 13.767 15.1895 0
      vertex 14.4957 14.4957 0
    endloop
  endfacet
  facet normal 0 0 -1
    outer loop
      vertex 13.0051 -15.8467 0
      vertex 13.767 15.1895 0
      vertex 13.767 -15.1895 0
    endloop
  endfacet
  facet normal 0 0 -1
    outer loop
      vertex 13.0051 -15.8467 0
      vertex 13.0051 15.8467 0
      vertex 13.767 15.1895 0
    endloop
  endfacet
  facet normal 0 0 -1
    outer loop
      vertex 12.2118 -16.4658 0
      vertex 13.0051 15.8467 0
      vertex 13.0051 -15.8467 0
    endloop
  endfacet
  facet normal 0 0 -1
    outer loop
      vertex 12.2118 -16.4658 0
      vertex 12.2118 16.4658 0
      vertex 13.0051 15.8467 0
    endloop
  endfacet
  facet normal 0 0 -1
    outer loop
      vertex 11.3892 -17.0451 0
      vertex 12.2118 16.4658 0
      vertex 12.2118 -16.4658 0
    endloop
  endfacet
  facet normal 0 0 -1
    outer loop
      vertex 11.3892 -17.0451 0
      vertex 11.3892 17.0451 0
      vertex 12.2118 16.4658 0
    endloop
  endfacet
  facet normal 0 0 -1
    outer loop
      vertex 10.5391 -17.5834 0
      vertex 11.3892 17.0451 0
      vertex 11.3892 -17.0451 0
    endloop
  endfacet
  facet normal 0 0 -1
    outer loop
      vertex 10.5391 -17.5834 0
      vertex 10.5391 17.5834 0
      vertex 11.3892 17.0451 0
    endloop
  endfacet
  facet normal 0 0 -1
    outer loop
      vertex 9.66363 -18.0794 0
      vertex 10.5391 17.5834 0
      vertex 10.5391 -17.5834 0
    endloop
  endfacet
  facet normal 0 0 -1
    outer loop
      vertex 9.66363 -18.0794 0
      vertex 9.66363 18.0794 0
      vertex 10.5391 17.5834 0
    endloop
  endfacet
  facet normal 0 0 -1
    outer loop
      vertex 8.76488 -18.5318 0
      vertex 9.66363 18.0794 0
      vertex 9.66363 -18.0794 0
    endloop
  endfacet
  facet normal 0 0 -1
    outer loop
      vertex 8.76488 -18.5318 0
      vertex 8.76488 18.5318 0
      vertex 9.66363 18.0794 0
    endloop
  endfacet
  facet normal 0 0 -1
    outer loop
      vertex 7.84501 -18.9395 0
      vertex 8.76488 18.5318 0
      vertex 8.76488 -18.5318 0
    endloop
  endfacet
  facet normal 0 0 -1
    outer loop
      vertex 7.84501 -18.9395 0
      vertex 7.84501 18.9395 0
      vertex 8.76488 18.5318 0
    endloop
  endfacet
  facet normal 0 0 -1
    outer loop
      vertex 6.90624 -19.3017 0
      vertex 7.84501 18.9395 0
      vertex 7.84501 -18.9395 0
    endloop
  endfacet
  facet normal 0 0 -1
    outer loop
      vertex 6.90624 -19.3017 0
      vertex 6.90624 19.3017 0
      vertex 7.84501 18.9395 0
    endloop
  endfacet
  facet normal 0 0 -1
    outer loop
      vertex 5.95084 -19.6173 0
      vertex 6.90624 19.3017 0
      vertex 6.90624 -19.3017 0
    endloop
  endfacet
  facet normal 0 0 -1
    outer loop
      vertex 5.95084 -19.6173 0
      vertex 5.95084 19.6173 0
      vertex 6.90624 19.3017 0
    endloop
  endfacet
  facet normal 0 0 -1
    outer loop
      vertex 4.98109 -19.8856 0
      vertex 5.95084 19.6173 0
      vertex 5.95084 -19.6173 0
    endloop
  endfacet
  facet normal 0 0 -1
    outer loop
      vertex 4.98109 -19.8856 0
      vertex 4.98109 19.8856 0
      vertex 5.95084 19.6173 0
    endloop
  endfacet
  facet normal 0 0 -1
    outer loop
      vertex 3.99935 -20.1061 0
      vertex 4.98109 19.8856 0
      vertex 4.98109 -19.8856 0
    endloop
  endfacet
  facet normal 0 0 -1
    outer loop
      vertex 3.99935 -20.1061 0
      vertex 3.99935 20.1061 0
      vertex 4.98109 19.8856 0
    endloop
  endfacet
  facet normal 0 0 -1
    outer loop
      vertex 3.00797 -20.2781 0
      vertex 3.99935 20.1061 0
      vertex 3.99935 -20.1061 0
    endloop
  endfacet
  facet normal 0 0 -1
    outer loop
      vertex 3.00797 -20.2781 0
      vertex 3.00797 20.2781 0
      vertex 3.99935 20.1061 0
    endloop
  endfacet
  facet normal 0 0 -1
    outer loop
      vertex 2.00935 -20.4013 0
      vertex 3.00797 20.2781 0
      vertex 3.00797 -20.2781 0
    endloop
  endfacet
  facet normal 0 0 -1
    outer loop
      vertex 2.00935 -20.4013 0
      vertex 2.00935 20.4013 0
      vertex 3.00797 20.2781 0
    endloop
  endfacet
  facet normal 0 0 -1
    outer loop
      vertex 1.00589 -20.4753 0
      vertex 2.00935 20.4013 0
      vertex 2.00935 -20.4013 0
    endloop
  endfacet
  facet normal 0 0 -1
    outer loop
      vertex 1.00589 -20.4753 0
      vertex 1.00589 20.4753 0
      vertex 2.00935 20.4013 0
    endloop
  endfacet
  facet normal 0 0 -1
    outer loop
      vertex 0 -20.5 0
      vertex 1.00589 20.4753 0
      vertex 1.00589 -20.4753 0
    endloop
  endfacet
  facet normal 0 0 -1
    outer loop
      vertex 0 -20.5 0
      vertex 0 20.5 0
      vertex 1.00589 20.4753 0
    endloop
  endfacet
  facet normal 0 0 -1
    outer loop
      vertex -1.00589 -20.4753 0
      vertex 0 20.5 0
      vertex 0 -20.5 0
    endloop
  endfacet
  facet normal 0 0 -1
    outer loop
      vertex -1.00589 -20.4753 0
      vertex -1.00589 20.4753 0
      vertex 0 20.5 0
    endloop
  endfacet
  facet normal 0 0 -1
    outer loop
      vertex -2.00935 -20.4013 0
      vertex -1.00589 20.4753 0
      vertex -1.00589 -20.4753 0
    endloop
  endfacet
  facet normal 0 0 -1
    outer loop
      vertex -2.00935 -20.4013 0
      vertex -2.00935 20.4013 0
      vertex -1.00589 20.4753 0
    endloop
  endfacet
  facet normal 0 0 -1
    outer loop
      vertex -3.00797 -20.2781 0
      vertex -2.00935 20.4013 0
      vertex -2.00935 -20.4013 0
    endloop
  endfacet
  facet normal 0 0 -1
    outer loop
      vertex -3.00797 -20.2781 0
      vertex -3.00797 20.2781 0
      vertex -2.00935 20.4013 0
    endloop
  endfacet
  facet normal 0 0 -1
    outer loop
      vertex -3.99935 -20.1061 0
      vertex -3.00797 20.2781 0
      vertex -3.00797 -20.2781 0
    endloop
  endfacet
  facet normal 0 0 -1
    outer loop
      vertex -3.99935 -20.1061 0
      vertex -3.99935 20.1061 0
      vertex -3.00797 20.2781 0
    endloop
  endfacet
  facet normal 0 0 -1
    outer loop
      vertex -4.98109 -19.8856 0
      vertex -3.99935 20.1061 0
      vertex -3.99935 -20.1061 0
    endloop
  endfacet
  facet normal 0 0 -1
    outer loop
      vertex -4.98109 -19.8856 0
      vertex -4.98109 19.8856 0
      vertex -3.99935 20.1061 0
    endloop
  endfacet
  facet normal 0 0 -1
    outer loop
      vertex -5.95084 -19.6173 0
      vertex -4.98109 19.8856 0
      vertex -4.98109 -19.8856 0
    endloop
  endfacet
  facet normal 0 0 -1
    outer loop
      vertex -5.95084 -19.6173 0
      vertex -5.95084 19.6173 0
      vertex -4.98109 19.8856 0
    endloop
  endfacet
  facet normal 0 0 -1
    outer loop
      vertex -6.90624 -19.3017 0
      vertex -5.95084 19.6173 0
      vertex -5.95084 -19.6173 0
    endloop
  endfacet
  facet normal 0 0 -1
    outer loop
      vertex -6.90624 -19.3017 0
      vertex -6.90624 19.3017 0
      vertex -5.95084 19.6173 0
    endloop
  endfacet
  facet normal 0 0 -1
    outer loop
      vertex -7.84501 -18.9395 0
      vertex -6.90624 19.3017 0
      vertex -6.90624 -19.3017 0
    endloop
  endfacet
  facet normal 0 0 -1
    outer loop
      vertex -7.84501 -18.9395 0
      vertex -7.84501 18.9395 0
      vertex -6.90624 19.3017 0
    endloop
  endfacet
  facet normal 0 0 -1
    outer loop
      vertex -8.76488 -18.5318 0
      vertex -7.84501 18.9395 0
      vertex -7.84501 -18.9395 0
    endloop
  endfacet
  facet normal 0 0 -1
    outer loop
      vertex -8.76488 -18.5318 0
      vertex -8.76488 18.5318 0
      vertex -7.84501 18.9395 0
    endloop
  endfacet
  facet normal 0 0 -1
    outer loop
      vertex -9.66363 -18.0794 0
      vertex -8.76488 18.5318 0
      vertex -8.76488 -18.5318 0
    endloop
  endfacet
  facet normal 0 0 -1
    outer loop
      vertex -9.66363 -18.0794 0
      vertex -9.66363 18.0794 0
      vertex -8.76488 18.5318 0
    endloop
  endfacet
  facet normal 0 0 -1
    outer loop
      vertex -10.5391 -17.5834 0
      vertex -9.66363 18.0794 0
      vertex -9.66363 -18.0794 0
    endloop
  endfacet
  facet normal 0 0 -1
    outer loop
      vertex -10.5391 -17.5834 0
      vertex -10.5391 17.5834 0
      vertex -9.66363 18.0794 0
    endloop
  endfacet
  facet normal 0 0 -1
    outer loop
      vertex -11.3892 -17.0451 0
      vertex -10.5391 17.5834 0
      vertex -10.5391 -17.5834 0
    endloop
  endfacet
  facet normal 0 0 -1
    outer loop
      vertex -11.3892 -17.0451 0
      vertex -11.3892 17.0451 0
      vertex -10.5391 17.5834 0
    endloop
  endfacet
  facet normal 0 0 -1
    outer loop
      vertex -12.2118 -16.4658 0
      vertex -11.3892 17.0451 0
      vertex -11.3892 -17.0451 0
    endloop
  endfacet
  facet normal 0 0 -1
    outer loop
      vertex -12.2118 -16.4658 0
      vertex -12.2118 16.4658 0
      vertex -11.3892 17.0451 0
    endloop
  endfacet
  facet normal 0 0 -1
    outer loop
      vertex -13.0051 -15.8467 0
      vertex -12.2118 16.4658 0
      vertex -12.2118 -16.4658 0
    endloop
  endfacet
  facet normal 0 0 -1
    outer loop
      vertex -13.0051 -15.8467 0
      vertex -13.0051 15.8467 0
      vertex -12.2118 16.4658 0
    endloop
  endfacet
  facet normal 0 0 -1
    outer loop
      vertex -13.767 -15.1895 0
      vertex -13.0051 15.8467 0
      vertex -13.0051 -15.8467 0
    endloop
  endfacet
  facet normal 0 0 -1
    outer loop
      vertex -13.767 -15.1895 0
      vertex -13.767 15.1895 0
      vertex -13.0051 15.8467 0
    endloop
  endfacet
  facet normal 0 0 -1
    outer loop
      vertex -14.4957 -14.4957 0
      vertex -13.767 15.1895 0
      vertex -13.767 -15.1895 0
    endloop
  endfacet
  facet normal 0 0 -1
    outer loop
      vertex -14.4957 -14.4957 0
      vertex -14.4957 14.4957 0
      vertex -13.767 15.1895 0
    endloop
  endfacet
  facet normal 0 0 -1
    outer loop
      vertex -15.1895 -13.767 0
      vertex -14.4957 14.4957 0
      vertex -14.4957 -14.4957 0
    endloop
  endfacet
  facet normal 0 0 -1
    outer loop
      vertex -15.1895 -13.767 0
      vertex -15.1895 13.767 0
      vertex -14.4957 14.4957 0
    endloop
  endfacet
  facet normal 0 0 -1
    outer loop
      vertex -15.8467 -13.0051 0
      vertex -15.1895 13.767 0
      vertex -15.1895 -13.767 0
    endloop
  endfacet
  facet normal 0 0 -1
    outer loop
      vertex -15.8467 -13.0051 0
      vertex -15.8467 13.0051 0
      vertex -15.1895 13.767 0
    endloop
  endfacet
  facet normal 0 0 -1
    outer loop
      vertex -16.4658 -12.2118 0
      vertex -15.8467 13.0051 0
      vertex -15.8467 -13.0051 0
    endloop
  endfacet
  facet normal 0 0 -1
    outer loop
      vertex -16.4658 -12.2118 0
      vertex -16.4658 12.2118 0
      vertex -15.8467 13.0051 0
    endloop
  endfacet
  facet normal 0 0 -1
    outer loop
      vertex -17.0451 -11.3892 0
      vertex -16.4658 12.2118 0
      vertex -16.4658 -12.2118 0
    endloop
  endfacet
  facet normal 0 0 -1
    outer loop
      vertex -17.0451 -11.3892 0
      vertex -17.0451 11.3892 0
      vertex -16.4658 12.2118 0
    endloop
  endfacet
  facet normal 0 0 -1
    outer loop
      vertex -17.5834 -10.5391 0
      vertex -17.0451 11.3892 0
      vertex -17.0451 -11.3892 0
    endloop
  endfacet
  facet normal 0 0 -1
    outer loop
      vertex -17.5834 -10.5391 0
      vertex -17.5834 10.5391 0
      vertex -17.0451 11.3892 0
    endloop
  endfacet
  facet normal 0 0 -1
    outer loop
      vertex -18.0794 -9.66363 0
      vertex -17.5834 10.5391 0
      vertex -17.5834 -10.5391 0
    endloop
  endfacet
  facet normal 0 0 -1
    outer loop
      vertex -18.0794 -9.66363 0
      vertex -18.0794 9.66363 0
      vertex -17.5834 10.5391 0
    endloop
  endfacet
  facet normal 0 0 -1
    outer loop
      vertex -18.5318 -8.76488 0
      vertex -18.0794 9.66363 0
      vertex -18.0794 -9.66363 0
    endloop
  endfacet
  facet normal 0 0 -1
    outer loop
      vertex -18.5318 -8.76488 0
      vertex -18.5318 8.76488 0
      vertex -18.0794 9.66363 0
    endloop
  endfacet
  facet normal 0 0 -1
    outer loop
      vertex -18.9395 -7.84501 0
      vertex -18.5318 8.76488 0
      vertex -18.5318 -8.76488 0
    endloop
  endfacet
  facet normal 0 0 -1
    outer loop
      vertex -18.9395 -7.84501 0
      vertex -18.9395 7.84501 0
      vertex -18.5318 8.76488 0
    endloop
  endfacet
  facet normal 0 0 -1
    outer loop
      vertex -19.3017 -6.90624 0
      vertex -18.9395 7.84501 0
      vertex -18.9395 -7.84501 0
    endloop
  endfacet
  facet normal 0 0 -1
    outer loop
      vertex -19.3017 -6.90624 0
      vertex -19.3017 6.90624 0
      vertex -18.9395 7.84501 0
    endloop
  endfacet
  facet normal 0 0 -1
    outer loop
      vertex -19.6173 -5.95084 0
      vertex -19.3017 6.90624 0
      vertex -19.3017 -6.90624 0
    endloop
  endfacet
  facet normal 0 0 -1
    outer loop
      vertex -19.6173 -5.95084 0
      vertex -19.6173 5.95084 0
      vertex -19.3017 6.90624 0
    endloop
  endfacet
  facet normal 0 0 -1
    outer loop
      vertex -19.8856 -4.98109 0
      vertex -19.6173 5.95084 0
      vertex -19.6173 -5.95084 0
    endloop
  endfacet
  facet normal 0 0 -1
    outer loop
      vertex -19.8856 -4.98109 0
      vertex -19.8856 4.98109 0
      vertex -19.6173 5.95084 0
    endloop
  endfacet
  facet normal 0 0 -1
    outer loop
      vertex -20.1061 -3.99935 0
      vertex -19.8856 4.98109 0
      vertex -19.8856 -4.98109 0
    endloop
  endfacet
  facet normal 0 0 -1
    outer loop
      vertex -20.1061 -3.99935 0
      vertex -20.1061 3.99935 0
      vertex -19.8856 4.98109 0
    endloop
  endfacet
  facet normal 0 0 -1
    outer loop
      vertex -20.2781 -3.00797 0
      vertex -20.1061 3.99935 0
      vertex -20.1061 -3.99935 0
    endloop
  endfacet
  facet normal 0 0 -1
    outer loop
      vertex -20.2781 -3.00797 0
      vertex -20.2781 3.00797 0
      vertex -20.1061 3.99935 0
    endloop
  endfacet
  facet normal 0 0 -1
    outer loop
      vertex -20.4013 -2.00935 0
      vertex -20.2781 3.00797 0
      vertex -20.2781 -3.00797 0
    endloop
  endfacet
  facet normal 0 0 -1
    outer loop
      vertex -20.4013 -2.00935 0
      vertex -20.4013 2.00935 0
      vertex -20.2781 3.00797 0
    endloop
  endfacet
  facet normal 0 0 -1
    outer loop
      vertex -20.4753 -1.00589 0
      vertex -20.4013 2.00935 0
      vertex -20.4013 -2.00935 0
    endloop
  endfacet
  facet normal 0 0 -1
    outer loop
      vertex -20.4753 -1.00589 0
      vertex -20.4753 1.00589 0
      vertex -20.4013 2.00935 0
    endloop
  endfacet
  facet normal 0 -0 -1
    outer loop
      vertex -20.4753 1.00589 0
      vertex -20.4753 -1.00589 0
      vertex -20.5 0 0
    endloop
  endfacet
  facet normal 0.575781 -0.817604 0
    outer loop
      vertex 11.3892 -17.0451 0
      vertex 12.2118 -16.4658 3.5
      vertex 11.3892 -17.0451 3.5
    endloop
  endfacet
  facet normal 0.575781 -0.817604 0
    outer loop
      vertex 12.2118 -16.4658 3.5
      vertex 11.3892 -17.0451 0
      vertex 12.2118 -16.4658 0
    endloop
  endfacet
  facet normal -0.492938 -0.870065 0
    outer loop
      vertex -10.5391 -17.5834 0
      vertex -9.66363 -18.0794 3.5
      vertex -10.5391 -17.5834 3.5
    endloop
  endfacet
  facet normal -0.492938 -0.870065 -0
    outer loop
      vertex -9.66363 -18.0794 3.5
      vertex -10.5391 -17.5834 0
      vertex -9.66363 -18.0794 0
    endloop
  endfacet
  facet normal -0.44962 0.89322 0
    outer loop
      vertex 5.18536 -9.70113 3.2
      vertex 4.70311 -9.94388 3.5
      vertex 5.18536 -9.70113 3.5
    endloop
  endfacet
  facet normal -0.44962 0.89322 0
    outer loop
      vertex 4.70311 -9.94388 3.5
      vertex 5.18536 -9.70113 3.2
      vertex 4.70311 -9.94388 3.2
    endloop
  endfacet
  facet normal -0.689548 -0.72424 0
    outer loop
      vertex 7.38715 8.15046 3.2
      vertex 7.77817 7.77817 3.5
      vertex 7.38715 8.15046 3.5
    endloop
  endfacet
  facet normal -0.689548 -0.72424 -0
    outer loop
      vertex 7.77817 7.77817 3.5
      vertex 7.38715 8.15046 3.2
      vertex 7.77817 7.77817 3.2
    endloop
  endfacet
  facet normal 0.359879 -0.932999 0
    outer loop
      vertex -4.20952 10.1627 3.2
      vertex -3.70579 10.357 3.5
      vertex -4.20952 10.1627 3.5
    endloop
  endfacet
  facet normal 0.359879 -0.932999 0
    outer loop
      vertex -3.70579 10.357 3.5
      vertex -4.20952 10.1627 3.2
      vertex -3.70579 10.357 3.2
    endloop
  endfacet
  facet normal 0.689548 -0.72424 0
    outer loop
      vertex -7.77817 7.77817 3.2
      vertex -7.38715 8.15046 3.5
      vertex -7.77817 7.77817 3.5
    endloop
  endfacet
  facet normal 0.689548 -0.72424 0
    outer loop
      vertex -7.38715 8.15046 3.5
      vertex -7.77817 7.77817 3.2
      vertex -7.38715 8.15046 3.2
    endloop
  endfacet
  facet normal -0.914192 -0.405282 3.58319e-17
    outer loop
      vertex 10.1627 4.20952 3.2
      vertex 9.94388 4.70311 3.5
      vertex 9.94388 4.70311 3.2
    endloop
  endfacet
  facet normal -0.914192 -0.405282 3.58319e-17
    outer loop
      vertex 9.94388 4.70311 3.5
      vertex 10.1627 4.20952 3.2
      vertex 10.1627 4.20952 3.5
    endloop
  endfacet
  facet normal 0.12243 -0.992477 0
    outer loop
      vertex -1.61403 10.8809 3.2
      vertex -1.07819 10.947 3.5
      vertex -1.61403 10.8809 3.5
    endloop
  endfacet
  facet normal 0.12243 -0.992477 0
    outer loop
      vertex -1.07819 10.947 3.5
      vertex -1.61403 10.8809 3.2
      vertex -1.07819 10.947 3.2
    endloop
  endfacet
  facet normal 0.9757 0.219111 1.13803e-17
    outer loop
      vertex -10.6703 -2.67278 3.5
      vertex -10.7886 -2.14599 3.2
      vertex -10.7886 -2.14599 3.5
    endloop
  endfacet
  facet normal 0.9757 0.219111 1.13803e-17
    outer loop
      vertex -10.7886 -2.14599 3.2
      vertex -10.6703 -2.67278 3.5
      vertex -10.6703 -2.67278 3.2
    endloop
  endfacet
  facet normal 0.575804 0.817587 -0
    outer loop
      vertex -6.11127 -9.14616 3.2
      vertex -6.55269 -8.83528 3.5
      vertex -6.11127 -9.14616 3.5
    endloop
  endfacet
  facet normal 0.575804 0.817587 0
    outer loop
      vertex -6.55269 -8.83528 3.5
      vertex -6.11127 -9.14616 3.2
      vertex -6.55269 -8.83528 3.2
    endloop
  endfacet
  facet normal 0.997293 0.0735311 1.00155e-17
    outer loop
      vertex -10.947 -1.07819 3.5
      vertex -10.9867 -0.539744 3.2
      vertex -10.9867 -0.539744 3.5
    endloop
  endfacet
  facet normal 0.997293 0.0735311 1.00155e-17
    outer loop
      vertex -10.9867 -0.539744 3.2
      vertex -10.947 -1.07819 3.5
      vertex -10.947 -1.07819 3.2
    endloop
  endfacet
  facet normal -0.963776 -0.266712 3.91776e-17
    outer loop
      vertex 10.6703 2.67278 3.2
      vertex 10.5263 3.19313 3.5
      vertex 10.5263 3.19313 3.2
    endloop
  endfacet
  facet normal -0.963776 -0.266712 3.91776e-17
    outer loop
      vertex 10.5263 3.19313 3.5
      vertex 10.6703 2.67278 3.2
      vertex 10.6703 2.67278 3.5
    endloop
  endfacet
  facet normal -0.405282 -0.914192 0
    outer loop
      vertex 4.20952 10.1627 3.2
      vertex 4.70311 9.94388 3.5
      vertex 4.20952 10.1627 3.5
    endloop
  endfacet
  facet normal -0.405282 -0.914192 -0
    outer loop
      vertex 4.70311 9.94388 3.5
      vertex 4.20952 10.1627 3.2
      vertex 4.70311 9.94388 3.2
    endloop
  endfacet
  facet normal -0.492896 0.870088 0
    outer loop
      vertex 5.65513 -9.43501 3.2
      vertex 5.18536 -9.70113 3.5
      vertex 5.65513 -9.43501 3.5
    endloop
  endfacet
  facet normal -0.492896 0.870088 0
    outer loop
      vertex 5.18536 -9.70113 3.5
      vertex 5.65513 -9.43501 3.2
      vertex 5.18536 -9.70113 3.2
    endloop
  endfacet
  facet normal 0.992477 0.12243 1.53621e-17
    outer loop
      vertex -10.8809 -1.61403 3.5
      vertex -10.947 -1.07819 3.2
      vertex -10.947 -1.07819 3.5
    endloop
  endfacet
  facet normal 0.992477 0.12243 1.53621e-17
    outer loop
      vertex -10.947 -1.07819 3.2
      vertex -10.8809 -1.61403 3.5
      vertex -10.8809 -1.61403 3.2
    endloop
  endfacet
  facet normal 0.170955 -0.985279 0
    outer loop
      vertex -2.14599 10.7886 3.2
      vertex -1.61403 10.8809 3.5
      vertex -2.14599 10.7886 3.5
    endloop
  endfacet
  facet normal 0.170955 -0.985279 0
    outer loop
      vertex -1.61403 10.8809 3.5
      vertex -2.14599 10.7886 3.2
      vertex -1.61403 10.8809 3.2
    endloop
  endfacet
  facet normal -0.0246338 0.999697 0
    outer loop
      vertex 0.539744 -10.9867 3.2
      vertex 0 -11 3.5
      vertex 0.539744 -10.9867 3.5
    endloop
  endfacet
  facet normal -0.0246338 0.999697 0
    outer loop
      vertex 0 -11 3.5
      vertex 0.539744 -10.9867 3.2
      vertex 0 -11 3.2
    endloop
  endfacet
  facet normal 0.12243 0.992477 -0
    outer loop
      vertex -1.07819 -10.947 3.2
      vertex -1.61403 -10.8809 3.5
      vertex -1.07819 -10.947 3.5
    endloop
  endfacet
  facet normal 0.12243 0.992477 0
    outer loop
      vertex -1.61403 -10.8809 3.5
      vertex -1.07819 -10.947 3.2
      vertex -1.61403 -10.8809 3.2
    endloop
  endfacet
  facet normal 0.817587 -0.575804 -1.58505e-17
    outer loop
      vertex -9.14616 6.11127 3.5
      vertex -8.83528 6.55269 3.2
      vertex -8.83528 6.55269 3.5
    endloop
  endfacet
  facet normal 0.817587 -0.575804 -1.58505e-17
    outer loop
      vertex -8.83528 6.55269 3.2
      vertex -9.14616 6.11127 3.5
      vertex -9.14616 6.11127 3.2
    endloop
  endfacet
  facet normal 0.313582 -0.949561 0
    outer loop
      vertex -3.70579 10.357 3.2
      vertex -3.19313 10.5263 3.5
      vertex -3.70579 10.357 3.5
    endloop
  endfacet
  facet normal 0.313582 -0.949561 0
    outer loop
      vertex -3.19313 10.5263 3.5
      vertex -3.70579 10.357 3.2
      vertex -3.19313 10.5263 3.2
    endloop
  endfacet
  facet normal -0.932999 -0.359879 -2.26738e-17
    outer loop
      vertex 10.357 3.70579 3.2
      vertex 10.1627 4.20952 3.5
      vertex 10.1627 4.20952 3.2
    endloop
  endfacet
  facet normal -0.932999 -0.359879 -2.26738e-17
    outer loop
      vertex 10.1627 4.20952 3.5
      vertex 10.357 3.70579 3.2
      vertex 10.357 3.70579 3.5
    endloop
  endfacet
  facet normal 0.44962 0.89322 -0
    outer loop
      vertex -4.70311 -9.94388 3.2
      vertex -5.18536 -9.70113 3.5
      vertex -4.70311 -9.94388 3.5
    endloop
  endfacet
  facet normal 0.44962 0.89322 0
    outer loop
      vertex -5.18536 -9.70113 3.5
      vertex -4.70311 -9.94388 3.2
      vertex -5.18536 -9.70113 3.2
    endloop
  endfacet
  facet normal -0.963776 0.266712 -3.91776e-17
    outer loop
      vertex 10.5263 -3.19313 3.2
      vertex 10.6703 -2.67278 3.5
      vertex 10.6703 -2.67278 3.2
    endloop
  endfacet
  facet normal -0.963776 0.266712 -3.91776e-17
    outer loop
      vertex 10.6703 -2.67278 3.5
      vertex 10.5263 -3.19313 3.2
      vertex 10.5263 -3.19313 3.5
    endloop
  endfacet
  facet normal -0.0735311 0.997293 0
    outer loop
      vertex 1.07819 -10.947 3.2
      vertex 0.539744 -10.9867 3.5
      vertex 1.07819 -10.947 3.5
    endloop
  endfacet
  facet normal -0.0735311 0.997293 0
    outer loop
      vertex 0.539744 -10.9867 3.5
      vertex 1.07819 -10.947 3.2
      vertex 0.539744 -10.9867 3.2
    endloop
  endfacet
  facet normal 0.359879 0.932999 -0
    outer loop
      vertex -3.70579 -10.357 3.2
      vertex -4.20952 -10.1627 3.5
      vertex -3.70579 -10.357 3.5
    endloop
  endfacet
  facet normal 0.359879 0.932999 0
    outer loop
      vertex -4.20952 -10.1627 3.5
      vertex -3.70579 -10.357 3.2
      vertex -4.20952 -10.1627 3.2
    endloop
  endfacet
  facet normal 0.932999 0.359879 -2.26738e-17
    outer loop
      vertex -10.1627 -4.20952 3.5
      vertex -10.357 -3.70579 3.2
      vertex -10.357 -3.70579 3.5
    endloop
  endfacet
  facet normal 0.932999 0.359879 -2.26738e-17
    outer loop
      vertex -10.357 -3.70579 3.2
      vertex -10.1627 -4.20952 3.5
      vertex -10.1627 -4.20952 3.2
    endloop
  endfacet
  facet normal 0.844851 -0.535001 -5.74474e-17
    outer loop
      vertex -9.43501 5.65513 3.5
      vertex -9.14616 6.11127 3.2
      vertex -9.14616 6.11127 3.5
    endloop
  endfacet
  facet normal 0.844851 -0.535001 -5.74474e-17
    outer loop
      vertex -9.14616 6.11127 3.2
      vertex -9.43501 5.65513 3.5
      vertex -9.43501 5.65513 3.2
    endloop
  endfacet
  facet normal -0.266712 -0.963776 0
    outer loop
      vertex 2.67278 10.6703 3.2
      vertex 3.19313 10.5263 3.5
      vertex 2.67278 10.6703 3.5
    endloop
  endfacet
  facet normal -0.266712 -0.963776 -0
    outer loop
      vertex 3.19313 10.5263 3.5
      vertex 2.67278 10.6703 3.2
      vertex 3.19313 10.5263 3.2
    endloop
  endfacet
  facet normal -0.313582 -0.949561 0
    outer loop
      vertex 3.19313 10.5263 3.2
      vertex 3.70579 10.357 3.5
      vertex 3.19313 10.5263 3.5
    endloop
  endfacet
  facet normal -0.313582 -0.949561 -0
    outer loop
      vertex 3.70579 10.357 3.5
      vertex 3.19313 10.5263 3.2
      vertex 3.70579 10.357 3.2
    endloop
  endfacet
  facet normal 0.492896 -0.870088 0
    outer loop
      vertex -5.65513 9.43501 3.2
      vertex -5.18536 9.70113 3.5
      vertex -5.65513 9.43501 3.5
    endloop
  endfacet
  facet normal 0.492896 -0.870088 0
    outer loop
      vertex -5.18536 9.70113 3.5
      vertex -5.65513 9.43501 3.2
      vertex -5.18536 9.70113 3.2
    endloop
  endfacet
  facet normal 0.535001 -0.844851 0
    outer loop
      vertex -6.11127 9.14616 3.2
      vertex -5.65513 9.43501 3.5
      vertex -6.11127 9.14616 3.5
    endloop
  endfacet
  facet normal 0.535001 -0.844851 0
    outer loop
      vertex -5.65513 9.43501 3.5
      vertex -6.11127 9.14616 3.2
      vertex -5.65513 9.43501 3.2
    endloop
  endfacet
  facet normal 0.0735311 0.997293 -0
    outer loop
      vertex -0.539744 -10.9867 3.2
      vertex -1.07819 -10.947 3.5
      vertex -0.539744 -10.9867 3.5
    endloop
  endfacet
  facet normal 0.0735311 0.997293 0
    outer loop
      vertex -1.07819 -10.947 3.5
      vertex -0.539744 -10.9867 3.2
      vertex -1.07819 -10.947 3.2
    endloop
  endfacet
  facet normal -0.999697 0.0246338 -1.99801e-18
    outer loop
      vertex 10.9867 -0.539744 3.2
      vertex 11 0 3.5
      vertex 11 0 3.2
    endloop
  endfacet
  facet normal -0.999697 0.0246338 -1.99801e-18
    outer loop
      vertex 11 0 3.5
      vertex 10.9867 -0.539744 3.2
      vertex 10.9867 -0.539744 3.5
    endloop
  endfacet
  facet normal -0.999697 -0.0246338 1.99801e-18
    outer loop
      vertex 11 0 3.2
      vertex 10.9867 0.539744 3.5
      vertex 10.9867 0.539744 3.2
    endloop
  endfacet
  facet normal -0.999697 -0.0246338 1.99801e-18
    outer loop
      vertex 10.9867 0.539744 3.5
      vertex 11 0 3.2
      vertex 11 0 3.5
    endloop
  endfacet
  facet normal 0.89322 -0.44962 3.60491e-17
    outer loop
      vertex -9.94388 4.70311 3.5
      vertex -9.70113 5.18536 3.2
      vertex -9.70113 5.18536 3.5
    endloop
  endfacet
  facet normal 0.89322 -0.44962 3.60491e-17
    outer loop
      vertex -9.70113 5.18536 3.2
      vertex -9.94388 4.70311 3.5
      vertex -9.94388 4.70311 3.2
    endloop
  endfacet
  facet normal 0.992477 -0.12243 -1.53621e-17
    outer loop
      vertex -10.947 1.07819 3.5
      vertex -10.8809 1.61403 3.2
      vertex -10.8809 1.61403 3.5
    endloop
  endfacet
  facet normal 0.992477 -0.12243 -1.53621e-17
    outer loop
      vertex -10.8809 1.61403 3.2
      vertex -10.947 1.07819 3.5
      vertex -10.947 1.07819 3.2
    endloop
  endfacet
  facet normal -0.12243 0.992477 0
    outer loop
      vertex 1.61403 -10.8809 3.2
      vertex 1.07819 -10.947 3.5
      vertex 1.61403 -10.8809 3.5
    endloop
  endfacet
  facet normal -0.12243 0.992477 0
    outer loop
      vertex 1.07819 -10.947 3.5
      vertex 1.61403 -10.8809 3.2
      vertex 1.07819 -10.947 3.2
    endloop
  endfacet
  facet normal -0.997293 -0.0735311 1.00155e-17
    outer loop
      vertex 10.9867 0.539744 3.2
      vertex 10.947 1.07819 3.5
      vertex 10.947 1.07819 3.2
    endloop
  endfacet
  facet normal -0.997293 -0.0735311 1.00155e-17
    outer loop
      vertex 10.947 1.07819 3.5
      vertex 10.9867 0.539744 3.2
      vertex 10.9867 0.539744 3.5
    endloop
  endfacet
  facet normal 0.844851 0.535001 5.74474e-17
    outer loop
      vertex -9.14616 -6.11127 3.5
      vertex -9.43501 -5.65513 3.2
      vertex -9.43501 -5.65513 3.5
    endloop
  endfacet
  facet normal 0.844851 0.535001 5.74474e-17
    outer loop
      vertex -9.43501 -5.65513 3.2
      vertex -9.14616 -6.11127 3.5
      vertex -9.14616 -6.11127 3.2
    endloop
  endfacet
  facet normal -0.170955 0.985279 0
    outer loop
      vertex 2.14599 -10.7886 3.2
      vertex 1.61403 -10.8809 3.5
      vertex 2.14599 -10.7886 3.5
    endloop
  endfacet
  facet normal -0.170955 0.985279 0
    outer loop
      vertex 1.61403 -10.8809 3.5
      vertex 2.14599 -10.7886 3.2
      vertex 1.61403 -10.8809 3.2
    endloop
  endfacet
  facet normal -0.992477 -0.12243 1.53621e-17
    outer loop
      vertex 10.947 1.07819 3.2
      vertex 10.8809 1.61403 3.5
      vertex 10.8809 1.61403 3.2
    endloop
  endfacet
  facet normal -0.992477 -0.12243 1.53621e-17
    outer loop
      vertex 10.8809 1.61403 3.5
      vertex 10.947 1.07819 3.2
      vertex 10.947 1.07819 3.5
    endloop
  endfacet
  facet normal -0.535001 -0.844851 0
    outer loop
      vertex 5.65513 9.43501 3.2
      vertex 6.11127 9.14616 3.5
      vertex 5.65513 9.43501 3.5
    endloop
  endfacet
  facet normal -0.535001 -0.844851 -0
    outer loop
      vertex 6.11127 9.14616 3.5
      vertex 5.65513 9.43501 3.2
      vertex 6.11127 9.14616 3.2
    endloop
  endfacet
  facet normal -0.12243 -0.992477 0
    outer loop
      vertex 1.07819 10.947 3.2
      vertex 1.61403 10.8809 3.5
      vertex 1.07819 10.947 3.5
    endloop
  endfacet
  facet normal -0.12243 -0.992477 -0
    outer loop
      vertex 1.61403 10.8809 3.5
      vertex 1.07819 10.947 3.2
      vertex 1.61403 10.8809 3.2
    endloop
  endfacet
  facet normal -0.949561 -0.313582 4.1862e-17
    outer loop
      vertex 10.5263 3.19313 3.2
      vertex 10.357 3.70579 3.5
      vertex 10.357 3.70579 3.2
    endloop
  endfacet
  facet normal -0.949561 -0.313582 4.1862e-17
    outer loop
      vertex 10.357 3.70579 3.5
      vertex 10.5263 3.19313 3.2
      vertex 10.5263 3.19313 3.5
    endloop
  endfacet
  facet normal -0.615228 -0.788349 0
    outer loop
      vertex 6.55269 8.83528 3.2
      vertex 6.97833 8.50311 3.5
      vertex 6.55269 8.83528 3.5
    endloop
  endfacet
  facet normal -0.615228 -0.788349 -0
    outer loop
      vertex 6.97833 8.50311 3.5
      vertex 6.55269 8.83528 3.2
      vertex 6.97833 8.50311 3.2
    endloop
  endfacet
  facet normal -0.72424 -0.689548 7.84321e-17
    outer loop
      vertex 8.15046 7.38715 3.2
      vertex 7.77817 7.77817 3.5
      vertex 7.77817 7.77817 3.2
    endloop
  endfacet
  facet normal -0.72424 -0.689548 7.84321e-17
    outer loop
      vertex 7.77817 7.77817 3.5
      vertex 8.15046 7.38715 3.2
      vertex 8.15046 7.38715 3.5
    endloop
  endfacet
  facet normal -0.689548 0.72424 0
    outer loop
      vertex 7.77817 -7.77817 3.2
      vertex 7.38715 -8.15046 3.5
      vertex 7.77817 -7.77817 3.5
    endloop
  endfacet
  facet normal -0.689548 0.72424 0
    outer loop
      vertex 7.38715 -8.15046 3.5
      vertex 7.77817 -7.77817 3.2
      vertex 7.38715 -8.15046 3.2
    endloop
  endfacet
  facet normal 0.817587 0.575804 1.58505e-17
    outer loop
      vertex -8.83528 -6.55269 3.5
      vertex -9.14616 -6.11127 3.2
      vertex -9.14616 -6.11127 3.5
    endloop
  endfacet
  facet normal 0.817587 0.575804 1.58505e-17
    outer loop
      vertex -9.14616 -6.11127 3.2
      vertex -8.83528 -6.55269 3.5
      vertex -8.83528 -6.55269 3.2
    endloop
  endfacet
  facet normal 0.219111 -0.9757 0
    outer loop
      vertex -2.67278 10.6703 3.2
      vertex -2.14599 10.7886 3.5
      vertex -2.67278 10.6703 3.5
    endloop
  endfacet
  facet normal 0.219111 -0.9757 0
    outer loop
      vertex -2.14599 10.7886 3.5
      vertex -2.67278 10.6703 3.2
      vertex -2.14599 10.7886 3.2
    endloop
  endfacet
  facet normal -0.89322 -0.44962 -3.60491e-17
    outer loop
      vertex 9.94388 4.70311 3.2
      vertex 9.70113 5.18536 3.5
      vertex 9.70113 5.18536 3.2
    endloop
  endfacet
  facet normal -0.89322 -0.44962 -3.60491e-17
    outer loop
      vertex 9.70113 5.18536 3.5
      vertex 9.94388 4.70311 3.2
      vertex 9.94388 4.70311 3.5
    endloop
  endfacet
  facet normal 0.405282 0.914192 -0
    outer loop
      vertex -4.20952 -10.1627 3.2
      vertex -4.70311 -9.94388 3.5
      vertex -4.20952 -10.1627 3.5
    endloop
  endfacet
  facet normal 0.405282 0.914192 0
    outer loop
      vertex -4.70311 -9.94388 3.5
      vertex -4.20952 -10.1627 3.2
      vertex -4.70311 -9.94388 3.2
    endloop
  endfacet
  facet normal -0.575804 -0.817587 0
    outer loop
      vertex 6.11127 9.14616 3.2
      vertex 6.55269 8.83528 3.5
      vertex 6.11127 9.14616 3.5
    endloop
  endfacet
  facet normal -0.575804 -0.817587 -0
    outer loop
      vertex 6.55269 8.83528 3.5
      vertex 6.11127 9.14616 3.2
      vertex 6.55269 8.83528 3.2
    endloop
  endfacet
  facet normal 0.575804 -0.817587 0
    outer loop
      vertex -6.55269 8.83528 3.2
      vertex -6.11127 9.14616 3.5
      vertex -6.55269 8.83528 3.5
    endloop
  endfacet
  facet normal 0.575804 -0.817587 0
    outer loop
      vertex -6.11127 9.14616 3.5
      vertex -6.55269 8.83528 3.2
      vertex -6.11127 9.14616 3.2
    endloop
  endfacet
  facet normal 0.0735311 -0.997293 0
    outer loop
      vertex -1.07819 10.947 3.2
      vertex -0.539744 10.9867 3.5
      vertex -1.07819 10.947 3.5
    endloop
  endfacet
  facet normal 0.0735311 -0.997293 0
    outer loop
      vertex -0.539744 10.9867 3.5
      vertex -1.07819 10.947 3.2
      vertex -0.539744 10.9867 3.2
    endloop
  endfacet
  facet normal 0.653172 -0.757209 0
    outer loop
      vertex -7.38715 8.15046 3.2
      vertex -6.97833 8.50311 3.5
      vertex -7.38715 8.15046 3.5
    endloop
  endfacet
  facet normal 0.653172 -0.757209 0
    outer loop
      vertex -6.97833 8.50311 3.5
      vertex -7.38715 8.15046 3.2
      vertex -6.97833 8.50311 3.2
    endloop
  endfacet
  facet normal -0.72424 0.689548 -7.84321e-17
    outer loop
      vertex 7.77817 -7.77817 3.2
      vertex 8.15046 -7.38715 3.5
      vertex 8.15046 -7.38715 3.2
    endloop
  endfacet
  facet normal -0.72424 0.689548 -7.84321e-17
    outer loop
      vertex 8.15046 -7.38715 3.5
      vertex 7.77817 -7.77817 3.2
      vertex 7.77817 -7.77817 3.5
    endloop
  endfacet
  facet normal -0.914192 0.405282 -3.58319e-17
    outer loop
      vertex 9.94388 -4.70311 3.2
      vertex 10.1627 -4.20952 3.5
      vertex 10.1627 -4.20952 3.2
    endloop
  endfacet
  facet normal -0.914192 0.405282 -3.58319e-17
    outer loop
      vertex 10.1627 -4.20952 3.5
      vertex 9.94388 -4.70311 3.2
      vertex 9.94388 -4.70311 3.5
    endloop
  endfacet
  facet normal -0.949561 0.313582 -4.1862e-17
    outer loop
      vertex 10.357 -3.70579 3.2
      vertex 10.5263 -3.19313 3.5
      vertex 10.5263 -3.19313 3.2
    endloop
  endfacet
  facet normal -0.949561 0.313582 -4.1862e-17
    outer loop
      vertex 10.5263 -3.19313 3.5
      vertex 10.357 -3.70579 3.2
      vertex 10.357 -3.70579 3.5
    endloop
  endfacet
  facet normal 0.932999 -0.359879 2.26738e-17
    outer loop
      vertex -10.357 3.70579 3.5
      vertex -10.1627 4.20952 3.2
      vertex -10.1627 4.20952 3.5
    endloop
  endfacet
  facet normal 0.932999 -0.359879 2.26738e-17
    outer loop
      vertex -10.1627 4.20952 3.2
      vertex -10.357 3.70579 3.5
      vertex -10.357 3.70579 3.2
    endloop
  endfacet
  facet normal -0.844851 0.535001 -5.74474e-17
    outer loop
      vertex 9.14616 -6.11127 3.2
      vertex 9.43501 -5.65513 3.5
      vertex 9.43501 -5.65513 3.2
    endloop
  endfacet
  facet normal -0.844851 0.535001 -5.74474e-17
    outer loop
      vertex 9.43501 -5.65513 3.5
      vertex 9.14616 -6.11127 3.2
      vertex 9.14616 -6.11127 3.5
    endloop
  endfacet
  facet normal 0 0 1
    outer loop
      vertex 10.9867 0.539744 3.2
      vertex 10.9867 -0.539744 3.2
      vertex 11 0 3.2
    endloop
  endfacet
  facet normal 0 0 1
    outer loop
      vertex 10.947 1.07819 3.2
      vertex 10.9867 -0.539744 3.2
      vertex 10.9867 0.539744 3.2
    endloop
  endfacet
  facet normal 0 0 1
    outer loop
      vertex 10.947 1.07819 3.2
      vertex 10.947 -1.07819 3.2
      vertex 10.9867 -0.539744 3.2
    endloop
  endfacet
  facet normal 0 0 1
    outer loop
      vertex 10.8809 1.61403 3.2
      vertex 10.947 -1.07819 3.2
      vertex 10.947 1.07819 3.2
    endloop
  endfacet
  facet normal 0 0 1
    outer loop
      vertex 10.8809 1.61403 3.2
      vertex 10.8809 -1.61403 3.2
      vertex 10.947 -1.07819 3.2
    endloop
  endfacet
  facet normal 0 0 1
    outer loop
      vertex 10.7886 2.14599 3.2
      vertex 10.8809 -1.61403 3.2
      vertex 10.8809 1.61403 3.2
    endloop
  endfacet
  facet normal 0 0 1
    outer loop
      vertex 10.7886 2.14599 3.2
      vertex 10.7886 -2.14599 3.2
      vertex 10.8809 -1.61403 3.2
    endloop
  endfacet
  facet normal 0 0 1
    outer loop
      vertex 10.6703 2.67278 3.2
      vertex 10.7886 -2.14599 3.2
      vertex 10.7886 2.14599 3.2
    endloop
  endfacet
  facet normal 0 0 1
    outer loop
      vertex 10.6703 2.67278 3.2
      vertex 10.6703 -2.67278 3.2
      vertex 10.7886 -2.14599 3.2
    endloop
  endfacet
  facet normal 0 0 1
    outer loop
      vertex 10.5263 3.19313 3.2
      vertex 10.6703 -2.67278 3.2
      vertex 10.6703 2.67278 3.2
    endloop
  endfacet
  facet normal 0 0 1
    outer loop
      vertex 10.5263 3.19313 3.2
      vertex 10.5263 -3.19313 3.2
      vertex 10.6703 -2.67278 3.2
    endloop
  endfacet
  facet normal 0 0 1
    outer loop
      vertex 10.357 3.70579 3.2
      vertex 10.5263 -3.19313 3.2
      vertex 10.5263 3.19313 3.2
    endloop
  endfacet
  facet normal 0 0 1
    outer loop
      vertex 10.357 3.70579 3.2
      vertex 10.357 -3.70579 3.2
      vertex 10.5263 -3.19313 3.2
    endloop
  endfacet
  facet normal 0 0 1
    outer loop
      vertex 10.1627 4.20952 3.2
      vertex 10.357 -3.70579 3.2
      vertex 10.357 3.70579 3.2
    endloop
  endfacet
  facet normal 0 0 1
    outer loop
      vertex 10.1627 4.20952 3.2
      vertex 10.1627 -4.20952 3.2
      vertex 10.357 -3.70579 3.2
    endloop
  endfacet
  facet normal 0 0 1
    outer loop
      vertex 9.94388 4.70311 3.2
      vertex 10.1627 -4.20952 3.2
      vertex 10.1627 4.20952 3.2
    endloop
  endfacet
  facet normal 0 0 1
    outer loop
      vertex 9.94388 4.70311 3.2
      vertex 9.94388 -4.70311 3.2
      vertex 10.1627 -4.20952 3.2
    endloop
  endfacet
  facet normal 0 0 1
    outer loop
      vertex 9.70113 5.18536 3.2
      vertex 9.94388 -4.70311 3.2
      vertex 9.94388 4.70311 3.2
    endloop
  endfacet
  facet normal 0 0 1
    outer loop
      vertex 9.70113 5.18536 3.2
      vertex 9.70113 -5.18536 3.2
      vertex 9.94388 -4.70311 3.2
    endloop
  endfacet
  facet normal 0 0 1
    outer loop
      vertex 9.43501 5.65513 3.2
      vertex 9.70113 -5.18536 3.2
      vertex 9.70113 5.18536 3.2
    endloop
  endfacet
  facet normal 0 0 1
    outer loop
      vertex 9.43501 5.65513 3.2
      vertex 9.43501 -5.65513 3.2
      vertex 9.70113 -5.18536 3.2
    endloop
  endfacet
  facet normal 0 0 1
    outer loop
      vertex 9.14616 6.11127 3.2
      vertex 9.43501 -5.65513 3.2
      vertex 9.43501 5.65513 3.2
    endloop
  endfacet
  facet normal 0 0 1
    outer loop
      vertex 9.14616 6.11127 3.2
      vertex 9.14616 -6.11127 3.2
      vertex 9.43501 -5.65513 3.2
    endloop
  endfacet
  facet normal 0 0 1
    outer loop
      vertex 8.83528 6.55269 3.2
      vertex 9.14616 -6.11127 3.2
      vertex 9.14616 6.11127 3.2
    endloop
  endfacet
  facet normal 0 0 1
    outer loop
      vertex 8.83528 6.55269 3.2
      vertex 8.83528 -6.55269 3.2
      vertex 9.14616 -6.11127 3.2
    endloop
  endfacet
  facet normal 0 0 1
    outer loop
      vertex 8.50311 6.97833 3.2
      vertex 8.83528 -6.55269 3.2
      vertex 8.83528 6.55269 3.2
    endloop
  endfacet
  facet normal 0 0 1
    outer loop
      vertex 8.50311 6.97833 3.2
      vertex 8.50311 -6.97833 3.2
      vertex 8.83528 -6.55269 3.2
    endloop
  endfacet
  facet normal 0 0 1
    outer loop
      vertex 8.15046 7.38715 3.2
      vertex 8.50311 -6.97833 3.2
      vertex 8.50311 6.97833 3.2
    endloop
  endfacet
  facet normal 0 0 1
    outer loop
      vertex 8.15046 7.38715 3.2
      vertex 8.15046 -7.38715 3.2
      vertex 8.50311 -6.97833 3.2
    endloop
  endfacet
  facet normal 0 0 1
    outer loop
      vertex 7.77817 7.77817 3.2
      vertex 8.15046 -7.38715 3.2
      vertex 8.15046 7.38715 3.2
    endloop
  endfacet
  facet normal 0 0 1
    outer loop
      vertex 7.77817 7.77817 3.2
      vertex 7.77817 -7.77817 3.2
      vertex 8.15046 -7.38715 3.2
    endloop
  endfacet
  facet normal 0 0 1
    outer loop
      vertex 7.38715 8.15046 3.2
      vertex 7.77817 -7.77817 3.2
      vertex 7.77817 7.77817 3.2
    endloop
  endfacet
  facet normal 0 0 1
    outer loop
      vertex 7.38715 8.15046 3.2
      vertex 7.38715 -8.15046 3.2
      vertex 7.77817 -7.77817 3.2
    endloop
  endfacet
  facet normal 0 0 1
    outer loop
      vertex 6.97833 8.50311 3.2
      vertex 7.38715 -8.15046 3.2
      vertex 7.38715 8.15046 3.2
    endloop
  endfacet
  facet normal 0 0 1
    outer loop
      vertex 6.97833 8.50311 3.2
      vertex 6.97833 -8.50311 3.2
      vertex 7.38715 -8.15046 3.2
    endloop
  endfacet
  facet normal 0 0 1
    outer loop
      vertex 6.55269 8.83528 3.2
      vertex 6.97833 -8.50311 3.2
      vertex 6.97833 8.50311 3.2
    endloop
  endfacet
  facet normal 0 0 1
    outer loop
      vertex 6.55269 8.83528 3.2
      vertex 6.55269 -8.83528 3.2
      vertex 6.97833 -8.50311 3.2
    endloop
  endfacet
  facet normal 0 0 1
    outer loop
      vertex 6.11127 9.14616 3.2
      vertex 6.55269 -8.83528 3.2
      vertex 6.55269 8.83528 3.2
    endloop
  endfacet
  facet normal 0 0 1
    outer loop
      vertex 6.11127 9.14616 3.2
      vertex 6.11127 -9.14616 3.2
      vertex 6.55269 -8.83528 3.2
    endloop
  endfacet
  facet normal 0 0 1
    outer loop
      vertex 5.65513 9.43501 3.2
      vertex 6.11127 -9.14616 3.2
      vertex 6.11127 9.14616 3.2
    endloop
  endfacet
  facet normal 0 0 1
    outer loop
      vertex 5.65513 9.43501 3.2
      vertex 5.65513 -9.43501 3.2
      vertex 6.11127 -9.14616 3.2
    endloop
  endfacet
  facet normal 0 0 1
    outer loop
      vertex 5.18536 9.70113 3.2
      vertex 5.65513 -9.43501 3.2
      vertex 5.65513 9.43501 3.2
    endloop
  endfacet
  facet normal 0 0 1
    outer loop
      vertex 5.18536 9.70113 3.2
      vertex 5.18536 -9.70113 3.2
      vertex 5.65513 -9.43501 3.2
    endloop
  endfacet
  facet normal 0 0 1
    outer loop
      vertex 4.70311 9.94388 3.2
      vertex 5.18536 -9.70113 3.2
      vertex 5.18536 9.70113 3.2
    endloop
  endfacet
  facet normal 0 0 1
    outer loop
      vertex 4.70311 9.94388 3.2
      vertex 4.70311 -9.94388 3.2
      vertex 5.18536 -9.70113 3.2
    endloop
  endfacet
  facet normal 0 0 1
    outer loop
      vertex 4.20952 10.1627 3.2
      vertex 4.70311 -9.94388 3.2
      vertex 4.70311 9.94388 3.2
    endloop
  endfacet
  facet normal 0 0 1
    outer loop
      vertex 4.20952 10.1627 3.2
      vertex 4.20952 -10.1627 3.2
      vertex 4.70311 -9.94388 3.2
    endloop
  endfacet
  facet normal 0 0 1
    outer loop
      vertex 3.70579 10.357 3.2
      vertex 4.20952 -10.1627 3.2
      vertex 4.20952 10.1627 3.2
    endloop
  endfacet
  facet normal 0 0 1
    outer loop
      vertex 3.70579 10.357 3.2
      vertex 3.70579 -10.357 3.2
      vertex 4.20952 -10.1627 3.2
    endloop
  endfacet
  facet normal 0 0 1
    outer loop
      vertex 3.19313 10.5263 3.2
      vertex 3.70579 -10.357 3.2
      vertex 3.70579 10.357 3.2
    endloop
  endfacet
  facet normal 0 0 1
    outer loop
      vertex 3.19313 10.5263 3.2
      vertex 3.19313 -10.5263 3.2
      vertex 3.70579 -10.357 3.2
    endloop
  endfacet
  facet normal 0 0 1
    outer loop
      vertex 2.67278 10.6703 3.2
      vertex 3.19313 -10.5263 3.2
      vertex 3.19313 10.5263 3.2
    endloop
  endfacet
  facet normal 0 0 1
    outer loop
      vertex 2.67278 10.6703 3.2
      vertex 2.67278 -10.6703 3.2
      vertex 3.19313 -10.5263 3.2
    endloop
  endfacet
  facet normal 0 0 1
    outer loop
      vertex 2.14599 10.7886 3.2
      vertex 2.67278 -10.6703 3.2
      vertex 2.67278 10.6703 3.2
    endloop
  endfacet
  facet normal 0 0 1
    outer loop
      vertex 2.14599 10.7886 3.2
      vertex 2.14599 -10.7886 3.2
      vertex 2.67278 -10.6703 3.2
    endloop
  endfacet
  facet normal 0 0 1
    outer loop
      vertex 1.61403 10.8809 3.2
      vertex 2.14599 -10.7886 3.2
      vertex 2.14599 10.7886 3.2
    endloop
  endfacet
  facet normal 0 0 1
    outer loop
      vertex 1.61403 10.8809 3.2
      vertex 1.61403 -10.8809 3.2
      vertex 2.14599 -10.7886 3.2
    endloop
  endfacet
  facet normal 0 0 1
    outer loop
      vertex 1.07819 10.947 3.2
      vertex 1.61403 -10.8809 3.2
      vertex 1.61403 10.8809 3.2
    endloop
  endfacet
  facet normal 0 0 1
    outer loop
      vertex 1.07819 10.947 3.2
      vertex 1.07819 -10.947 3.2
      vertex 1.61403 -10.8809 3.2
    endloop
  endfacet
  facet normal 0 0 1
    outer loop
      vertex 0.539744 10.9867 3.2
      vertex 1.07819 -10.947 3.2
      vertex 1.07819 10.947 3.2
    endloop
  endfacet
  facet normal 0 0 1
    outer loop
      vertex 0.539744 10.9867 3.2
      vertex 0.539744 -10.9867 3.2
      vertex 1.07819 -10.947 3.2
    endloop
  endfacet
  facet normal 0 0 1
    outer loop
      vertex 0 11 3.2
      vertex 0.539744 -10.9867 3.2
      vertex 0.539744 10.9867 3.2
    endloop
  endfacet
  facet normal 0 0 1
    outer loop
      vertex 0 11 3.2
      vertex 0 -11 3.2
      vertex 0.539744 -10.9867 3.2
    endloop
  endfacet
  facet normal -0 0 1
    outer loop
      vertex -0.539744 10.9867 3.2
      vertex 0 -11 3.2
      vertex 0 11 3.2
    endloop
  endfacet
  facet normal 0 0 1
    outer loop
      vertex -0.539744 10.9867 3.2
      vertex -0.539744 -10.9867 3.2
      vertex 0 -11 3.2
    endloop
  endfacet
  facet normal -0 0 1
    outer loop
      vertex -1.07819 10.947 3.2
      vertex -0.539744 -10.9867 3.2
      vertex -0.539744 10.9867 3.2
    endloop
  endfacet
  facet normal 0 0 1
    outer loop
      vertex -1.07819 10.947 3.2
      vertex -1.07819 -10.947 3.2
      vertex -0.539744 -10.9867 3.2
    endloop
  endfacet
  facet normal -0 0 1
    outer loop
      vertex -1.61403 10.8809 3.2
      vertex -1.07819 -10.947 3.2
      vertex -1.07819 10.947 3.2
    endloop
  endfacet
  facet normal 0 0 1
    outer loop
      vertex -1.61403 10.8809 3.2
      vertex -1.61403 -10.8809 3.2
      vertex -1.07819 -10.947 3.2
    endloop
  endfacet
  facet normal -0 0 1
    outer loop
      vertex -2.14599 10.7886 3.2
      vertex -1.61403 -10.8809 3.2
      vertex -1.61403 10.8809 3.2
    endloop
  endfacet
  facet normal 0 0 1
    outer loop
      vertex -2.14599 10.7886 3.2
      vertex -2.14599 -10.7886 3.2
      vertex -1.61403 -10.8809 3.2
    endloop
  endfacet
  facet normal -0 0 1
    outer loop
      vertex -2.67278 10.6703 3.2
      vertex -2.14599 -10.7886 3.2
      vertex -2.14599 10.7886 3.2
    endloop
  endfacet
  facet normal 0 0 1
    outer loop
      vertex -2.67278 10.6703 3.2
      vertex -2.67278 -10.6703 3.2
      vertex -2.14599 -10.7886 3.2
    endloop
  endfacet
  facet normal -0 0 1
    outer loop
      vertex -3.19313 10.5263 3.2
      vertex -2.67278 -10.6703 3.2
      vertex -2.67278 10.6703 3.2
    endloop
  endfacet
  facet normal 0 0 1
    outer loop
      vertex -3.19313 10.5263 3.2
      vertex -3.19313 -10.5263 3.2
      vertex -2.67278 -10.6703 3.2
    endloop
  endfacet
  facet normal -0 0 1
    outer loop
      vertex -3.70579 10.357 3.2
      vertex -3.19313 -10.5263 3.2
      vertex -3.19313 10.5263 3.2
    endloop
  endfacet
  facet normal 0 0 1
    outer loop
      vertex -3.70579 10.357 3.2
      vertex -3.70579 -10.357 3.2
      vertex -3.19313 -10.5263 3.2
    endloop
  endfacet
  facet normal -0 0 1
    outer loop
      vertex -4.20952 10.1627 3.2
      vertex -3.70579 -10.357 3.2
      vertex -3.70579 10.357 3.2
    endloop
  endfacet
  facet normal 0 0 1
    outer loop
      vertex -4.20952 10.1627 3.2
      vertex -4.20952 -10.1627 3.2
      vertex -3.70579 -10.357 3.2
    endloop
  endfacet
  facet normal -0 0 1
    outer loop
      vertex -4.70311 9.94388 3.2
      vertex -4.20952 -10.1627 3.2
      vertex -4.20952 10.1627 3.2
    endloop
  endfacet
  facet normal 0 0 1
    outer loop
      vertex -4.70311 9.94388 3.2
      vertex -4.70311 -9.94388 3.2
      vertex -4.20952 -10.1627 3.2
    endloop
  endfacet
  facet normal -0 0 1
    outer loop
      vertex -5.18536 9.70113 3.2
      vertex -4.70311 -9.94388 3.2
      vertex -4.70311 9.94388 3.2
    endloop
  endfacet
  facet normal 0 0 1
    outer loop
      vertex -5.18536 9.70113 3.2
      vertex -5.18536 -9.70113 3.2
      vertex -4.70311 -9.94388 3.2
    endloop
  endfacet
  facet normal -0 0 1
    outer loop
      vertex -5.65513 9.43501 3.2
      vertex -5.18536 -9.70113 3.2
      vertex -5.18536 9.70113 3.2
    endloop
  endfacet
  facet normal 0 0 1
    outer loop
      vertex -5.65513 9.43501 3.2
      vertex -5.65513 -9.43501 3.2
      vertex -5.18536 -9.70113 3.2
    endloop
  endfacet
  facet normal -0 0 1
    outer loop
      vertex -6.11127 9.14616 3.2
      vertex -5.65513 -9.43501 3.2
      vertex -5.65513 9.43501 3.2
    endloop
  endfacet
  facet normal 0 0 1
    outer loop
      vertex -6.11127 9.14616 3.2
      vertex -6.11127 -9.14616 3.2
      vertex -5.65513 -9.43501 3.2
    endloop
  endfacet
  facet normal -0 0 1
    outer loop
      vertex -6.55269 8.83528 3.2
      vertex -6.11127 -9.14616 3.2
      vertex -6.11127 9.14616 3.2
    endloop
  endfacet
  facet normal 0 0 1
    outer loop
      vertex -6.55269 8.83528 3.2
      vertex -6.55269 -8.83528 3.2
      vertex -6.11127 -9.14616 3.2
    endloop
  endfacet
  facet normal -0 0 1
    outer loop
      vertex -6.97833 8.50311 3.2
      vertex -6.55269 -8.83528 3.2
      vertex -6.55269 8.83528 3.2
    endloop
  endfacet
  facet normal 0 0 1
    outer loop
      vertex -6.97833 8.50311 3.2
      vertex -6.97833 -8.50311 3.2
      vertex -6.55269 -8.83528 3.2
    endloop
  endfacet
  facet normal -0 0 1
    outer loop
      vertex -7.38715 8.15046 3.2
      vertex -6.97833 -8.50311 3.2
      vertex -6.97833 8.50311 3.2
    endloop
  endfacet
  facet normal 0 0 1
    outer loop
      vertex -7.38715 8.15046 3.2
      vertex -7.38715 -8.15046 3.2
      vertex -6.97833 -8.50311 3.2
    endloop
  endfacet
  facet normal -0 0 1
    outer loop
      vertex -7.77817 7.77817 3.2
      vertex -7.38715 -8.15046 3.2
      vertex -7.38715 8.15046 3.2
    endloop
  endfacet
  facet normal 0 0 1
    outer loop
      vertex -7.77817 7.77817 3.2
      vertex -7.77817 -7.77817 3.2
      vertex -7.38715 -8.15046 3.2
    endloop
  endfacet
  facet normal -0 0 1
    outer loop
      vertex -8.15046 7.38715 3.2
      vertex -7.77817 -7.77817 3.2
      vertex -7.77817 7.77817 3.2
    endloop
  endfacet
  facet normal 0 0 1
    outer loop
      vertex -8.15046 7.38715 3.2
      vertex -8.15046 -7.38715 3.2
      vertex -7.77817 -7.77817 3.2
    endloop
  endfacet
  facet normal -0 0 1
    outer loop
      vertex -8.50311 6.97833 3.2
      vertex -8.15046 -7.38715 3.2
      vertex -8.15046 7.38715 3.2
    endloop
  endfacet
  facet normal 0 0 1
    outer loop
      vertex -8.50311 6.97833 3.2
      vertex -8.50311 -6.97833 3.2
      vertex -8.15046 -7.38715 3.2
    endloop
  endfacet
  facet normal -0 0 1
    outer loop
      vertex -8.83528 6.55269 3.2
      vertex -8.50311 -6.97833 3.2
      vertex -8.50311 6.97833 3.2
    endloop
  endfacet
  facet normal 0 0 1
    outer loop
      vertex -8.83528 6.55269 3.2
      vertex -8.83528 -6.55269 3.2
      vertex -8.50311 -6.97833 3.2
    endloop
  endfacet
  facet normal -0 0 1
    outer loop
      vertex -9.14616 6.11127 3.2
      vertex -8.83528 -6.55269 3.2
      vertex -8.83528 6.55269 3.2
    endloop
  endfacet
  facet normal 0 0 1
    outer loop
      vertex -9.14616 6.11127 3.2
      vertex -9.14616 -6.11127 3.2
      vertex -8.83528 -6.55269 3.2
    endloop
  endfacet
  facet normal -0 0 1
    outer loop
      vertex -9.43501 5.65513 3.2
      vertex -9.14616 -6.11127 3.2
      vertex -9.14616 6.11127 3.2
    endloop
  endfacet
  facet normal 0 0 1
    outer loop
      vertex -9.43501 5.65513 3.2
      vertex -9.43501 -5.65513 3.2
      vertex -9.14616 -6.11127 3.2
    endloop
  endfacet
  facet normal -0 0 1
    outer loop
      vertex -9.70113 5.18536 3.2
      vertex -9.43501 -5.65513 3.2
      vertex -9.43501 5.65513 3.2
    endloop
  endfacet
  facet normal 0 0 1
    outer loop
      vertex -9.70113 5.18536 3.2
      vertex -9.70113 -5.18536 3.2
      vertex -9.43501 -5.65513 3.2
    endloop
  endfacet
  facet normal -0 0 1
    outer loop
      vertex -9.94388 4.70311 3.2
      vertex -9.70113 -5.18536 3.2
      vertex -9.70113 5.18536 3.2
    endloop
  endfacet
  facet normal 0 0 1
    outer loop
      vertex -9.94388 4.70311 3.2
      vertex -9.94388 -4.70311 3.2
      vertex -9.70113 -5.18536 3.2
    endloop
  endfacet
  facet normal -0 0 1
    outer loop
      vertex -10.1627 4.20952 3.2
      vertex -9.94388 -4.70311 3.2
      vertex -9.94388 4.70311 3.2
    endloop
  endfacet
  facet normal 0 0 1
    outer loop
      vertex -10.1627 4.20952 3.2
      vertex -10.1627 -4.20952 3.2
      vertex -9.94388 -4.70311 3.2
    endloop
  endfacet
  facet normal -0 0 1
    outer loop
      vertex -10.357 3.70579 3.2
      vertex -10.1627 -4.20952 3.2
      vertex -10.1627 4.20952 3.2
    endloop
  endfacet
  facet normal 0 0 1
    outer loop
      vertex -10.357 3.70579 3.2
      vertex -10.357 -3.70579 3.2
      vertex -10.1627 -4.20952 3.2
    endloop
  endfacet
  facet normal -0 0 1
    outer loop
      vertex -10.5263 3.19313 3.2
      vertex -10.357 -3.70579 3.2
      vertex -10.357 3.70579 3.2
    endloop
  endfacet
  facet normal 0 0 1
    outer loop
      vertex -10.5263 3.19313 3.2
      vertex -10.5263 -3.19313 3.2
      vertex -10.357 -3.70579 3.2
    endloop
  endfacet
  facet normal -0 0 1
    outer loop
      vertex -10.6703 2.67278 3.2
      vertex -10.5263 -3.19313 3.2
      vertex -10.5263 3.19313 3.2
    endloop
  endfacet
  facet normal 0 0 1
    outer loop
      vertex -10.6703 2.67278 3.2
      vertex -10.6703 -2.67278 3.2
      vertex -10.5263 -3.19313 3.2
    endloop
  endfacet
  facet normal -0 0 1
    outer loop
      vertex -10.7886 2.14599 3.2
      vertex -10.6703 -2.67278 3.2
      vertex -10.6703 2.67278 3.2
    endloop
  endfacet
  facet normal 0 0 1
    outer loop
      vertex -10.7886 2.14599 3.2
      vertex -10.7886 -2.14599 3.2
      vertex -10.6703 -2.67278 3.2
    endloop
  endfacet
  facet normal -0 0 1
    outer loop
      vertex -10.8809 1.61403 3.2
      vertex -10.7886 -2.14599 3.2
      vertex -10.7886 2.14599 3.2
    endloop
  endfacet
  facet normal 0 0 1
    outer loop
      vertex -10.8809 1.61403 3.2
      vertex -10.8809 -1.61403 3.2
      vertex -10.7886 -2.14599 3.2
    endloop
  endfacet
  facet normal -0 0 1
    outer loop
      vertex -10.947 1.07819 3.2
      vertex -10.8809 -1.61403 3.2
      vertex -10.8809 1.61403 3.2
    endloop
  endfacet
  facet normal 0 0 1
    outer loop
      vertex -10.947 1.07819 3.2
      vertex -10.947 -1.07819 3.2
      vertex -10.8809 -1.61403 3.2
    endloop
  endfacet
  facet normal -0 0 1
    outer loop
      vertex -10.9867 0.539744 3.2
      vertex -10.947 -1.07819 3.2
      vertex -10.947 1.07819 3.2
    endloop
  endfacet
  facet normal 0 0 1
    outer loop
      vertex -10.9867 0.539744 3.2
      vertex -10.9867 -0.539744 3.2
      vertex -10.947 -1.07819 3.2
    endloop
  endfacet
  facet normal 0 -0 1
    outer loop
      vertex -10.9867 -0.539744 3.2
      vertex -10.9867 0.539744 3.2
      vertex -11 0 3.2
    endloop
  endfacet
  facet normal -0.44962 -0.89322 0
    outer loop
      vertex 4.70311 9.94388 3.2
      vertex 5.18536 9.70113 3.5
      vertex 4.70311 9.94388 3.5
    endloop
  endfacet
  facet normal -0.44962 -0.89322 -0
    outer loop
      vertex 5.18536 9.70113 3.5
      vertex 4.70311 9.94388 3.2
      vertex 5.18536 9.70113 3.2
    endloop
  endfacet
  facet normal 0.788349 -0.615228 7.25516e-17
    outer loop
      vertex -8.83528 6.55269 3.5
      vertex -8.50311 6.97833 3.2
      vertex -8.50311 6.97833 3.5
    endloop
  endfacet
  facet normal 0.788349 -0.615228 7.25516e-17
    outer loop
      vertex -8.50311 6.97833 3.2
      vertex -8.83528 6.55269 3.5
      vertex -8.83528 6.55269 3.2
    endloop
  endfacet
  facet normal 0.44962 -0.89322 0
    outer loop
      vertex -5.18536 9.70113 3.2
      vertex -4.70311 9.94388 3.5
      vertex -5.18536 9.70113 3.5
    endloop
  endfacet
  facet normal 0.44962 -0.89322 0
    outer loop
      vertex -4.70311 9.94388 3.5
      vertex -5.18536 9.70113 3.2
      vertex -4.70311 9.94388 3.2
    endloop
  endfacet
  facet normal 0.492896 0.870088 -0
    outer loop
      vertex -5.18536 -9.70113 3.2
      vertex -5.65513 -9.43501 3.5
      vertex -5.18536 -9.70113 3.5
    endloop
  endfacet
  facet normal 0.492896 0.870088 0
    outer loop
      vertex -5.65513 -9.43501 3.5
      vertex -5.18536 -9.70113 3.2
      vertex -5.65513 -9.43501 3.2
    endloop
  endfacet
  facet normal 0.997293 -0.0735311 -1.00155e-17
    outer loop
      vertex -10.9867 0.539744 3.5
      vertex -10.947 1.07819 3.2
      vertex -10.947 1.07819 3.5
    endloop
  endfacet
  facet normal 0.997293 -0.0735311 -1.00155e-17
    outer loop
      vertex -10.947 1.07819 3.2
      vertex -10.9867 0.539744 3.5
      vertex -10.9867 0.539744 3.2
    endloop
  endfacet
  facet normal -0.9757 -0.219111 1.13803e-17
    outer loop
      vertex 10.7886 2.14599 3.2
      vertex 10.6703 2.67278 3.5
      vertex 10.6703 2.67278 3.2
    endloop
  endfacet
  facet normal -0.9757 -0.219111 1.13803e-17
    outer loop
      vertex 10.6703 2.67278 3.5
      vertex 10.7886 2.14599 3.2
      vertex 10.7886 2.14599 3.5
    endloop
  endfacet
  facet normal -0.985279 -0.170955 2.6792e-18
    outer loop
      vertex 10.8809 1.61403 3.2
      vertex 10.7886 2.14599 3.5
      vertex 10.7886 2.14599 3.2
    endloop
  endfacet
  facet normal -0.985279 -0.170955 2.6792e-18
    outer loop
      vertex 10.7886 2.14599 3.5
      vertex 10.8809 1.61403 3.2
      vertex 10.8809 1.61403 3.5
    endloop
  endfacet
  facet normal 0.870088 -0.492896 5.68042e-17
    outer loop
      vertex -9.70113 5.18536 3.5
      vertex -9.43501 5.65513 3.2
      vertex -9.43501 5.65513 3.5
    endloop
  endfacet
  facet normal 0.870088 -0.492896 5.68042e-17
    outer loop
      vertex -9.43501 5.65513 3.2
      vertex -9.70113 5.18536 3.5
      vertex -9.70113 5.18536 3.2
    endloop
  endfacet
  facet normal -0.844851 -0.535001 5.74474e-17
    outer loop
      vertex 9.43501 5.65513 3.2
      vertex 9.14616 6.11127 3.5
      vertex 9.14616 6.11127 3.2
    endloop
  endfacet
  facet normal -0.844851 -0.535001 5.74474e-17
    outer loop
      vertex 9.14616 6.11127 3.5
      vertex 9.43501 5.65513 3.2
      vertex 9.43501 5.65513 3.5
    endloop
  endfacet
  facet normal -0.313582 0.949561 0
    outer loop
      vertex 3.70579 -10.357 3.2
      vertex 3.19313 -10.5263 3.5
      vertex 3.70579 -10.357 3.5
    endloop
  endfacet
  facet normal -0.313582 0.949561 0
    outer loop
      vertex 3.19313 -10.5263 3.5
      vertex 3.70579 -10.357 3.2
      vertex 3.19313 -10.5263 3.2
    endloop
  endfacet
  facet normal -0.788349 -0.615228 -7.25516e-17
    outer loop
      vertex 8.83528 6.55269 3.2
      vertex 8.50311 6.97833 3.5
      vertex 8.50311 6.97833 3.2
    endloop
  endfacet
  facet normal -0.788349 -0.615228 -7.25516e-17
    outer loop
      vertex 8.50311 6.97833 3.5
      vertex 8.83528 6.55269 3.2
      vertex 8.83528 6.55269 3.5
    endloop
  endfacet
  facet normal -0.997293 0.0735311 -1.00155e-17
    outer loop
      vertex 10.947 -1.07819 3.2
      vertex 10.9867 -0.539744 3.5
      vertex 10.9867 -0.539744 3.2
    endloop
  endfacet
  facet normal -0.997293 0.0735311 -1.00155e-17
    outer loop
      vertex 10.9867 -0.539744 3.5
      vertex 10.947 -1.07819 3.2
      vertex 10.947 -1.07819 3.5
    endloop
  endfacet
  facet normal 0.72424 0.689548 7.84321e-17
    outer loop
      vertex -7.77817 -7.77817 3.5
      vertex -8.15046 -7.38715 3.2
      vertex -8.15046 -7.38715 3.5
    endloop
  endfacet
  facet normal 0.72424 0.689548 7.84321e-17
    outer loop
      vertex -8.15046 -7.38715 3.2
      vertex -7.77817 -7.77817 3.5
      vertex -7.77817 -7.77817 3.2
    endloop
  endfacet
  facet normal -0.0735311 -0.997293 0
    outer loop
      vertex 0.539744 10.9867 3.2
      vertex 1.07819 10.947 3.5
      vertex 0.539744 10.9867 3.5
    endloop
  endfacet
  facet normal -0.0735311 -0.997293 -0
    outer loop
      vertex 1.07819 10.947 3.5
      vertex 0.539744 10.9867 3.2
      vertex 1.07819 10.947 3.2
    endloop
  endfacet
  facet normal 0.615228 -0.788349 0
    outer loop
      vertex -6.97833 8.50311 3.2
      vertex -6.55269 8.83528 3.5
      vertex -6.97833 8.50311 3.5
    endloop
  endfacet
  facet normal 0.615228 -0.788349 0
    outer loop
      vertex -6.55269 8.83528 3.5
      vertex -6.97833 8.50311 3.2
      vertex -6.55269 8.83528 3.2
    endloop
  endfacet
  facet normal 0.535001 0.844851 -0
    outer loop
      vertex -5.65513 -9.43501 3.2
      vertex -6.11127 -9.14616 3.5
      vertex -5.65513 -9.43501 3.5
    endloop
  endfacet
  facet normal 0.535001 0.844851 0
    outer loop
      vertex -6.11127 -9.14616 3.5
      vertex -5.65513 -9.43501 3.2
      vertex -6.11127 -9.14616 3.2
    endloop
  endfacet
  facet normal 0.949561 0.313582 4.1862e-17
    outer loop
      vertex -10.357 -3.70579 3.5
      vertex -10.5263 -3.19313 3.2
      vertex -10.5263 -3.19313 3.5
    endloop
  endfacet
  facet normal 0.949561 0.313582 4.1862e-17
    outer loop
      vertex -10.5263 -3.19313 3.2
      vertex -10.357 -3.70579 3.5
      vertex -10.357 -3.70579 3.2
    endloop
  endfacet
  facet normal -0.615228 0.788349 0
    outer loop
      vertex 6.97833 -8.50311 3.2
      vertex 6.55269 -8.83528 3.5
      vertex 6.97833 -8.50311 3.5
    endloop
  endfacet
  facet normal -0.615228 0.788349 0
    outer loop
      vertex 6.55269 -8.83528 3.5
      vertex 6.97833 -8.50311 3.2
      vertex 6.55269 -8.83528 3.2
    endloop
  endfacet
  facet normal -0.870088 -0.492896 -5.68042e-17
    outer loop
      vertex 9.70113 5.18536 3.2
      vertex 9.43501 5.65513 3.5
      vertex 9.43501 5.65513 3.2
    endloop
  endfacet
  facet normal -0.870088 -0.492896 -5.68042e-17
    outer loop
      vertex 9.43501 5.65513 3.5
      vertex 9.70113 5.18536 3.2
      vertex 9.70113 5.18536 3.5
    endloop
  endfacet
  facet normal -0.817587 -0.575804 1.58505e-17
    outer loop
      vertex 9.14616 6.11127 3.2
      vertex 8.83528 6.55269 3.5
      vertex 8.83528 6.55269 3.2
    endloop
  endfacet
  facet normal -0.817587 -0.575804 1.58505e-17
    outer loop
      vertex 8.83528 6.55269 3.5
      vertex 9.14616 6.11127 3.2
      vertex 9.14616 6.11127 3.5
    endloop
  endfacet
  facet normal 0.985279 0.170955 2.6792e-18
    outer loop
      vertex -10.7886 -2.14599 3.5
      vertex -10.8809 -1.61403 3.2
      vertex -10.8809 -1.61403 3.5
    endloop
  endfacet
  facet normal 0.985279 0.170955 2.6792e-18
    outer loop
      vertex -10.8809 -1.61403 3.2
      vertex -10.7886 -2.14599 3.5
      vertex -10.7886 -2.14599 3.2
    endloop
  endfacet
  facet normal -0.757209 -0.653172 3.74459e-17
    outer loop
      vertex 8.50311 6.97833 3.2
      vertex 8.15046 7.38715 3.5
      vertex 8.15046 7.38715 3.2
    endloop
  endfacet
  facet normal -0.757209 -0.653172 3.74459e-17
    outer loop
      vertex 8.15046 7.38715 3.5
      vertex 8.50311 6.97833 3.2
      vertex 8.50311 6.97833 3.5
    endloop
  endfacet
  facet normal 0.757209 0.653172 3.74459e-17
    outer loop
      vertex -8.15046 -7.38715 3.5
      vertex -8.50311 -6.97833 3.2
      vertex -8.50311 -6.97833 3.5
    endloop
  endfacet
  facet normal 0.757209 0.653172 3.74459e-17
    outer loop
      vertex -8.50311 -6.97833 3.2
      vertex -8.15046 -7.38715 3.5
      vertex -8.15046 -7.38715 3.2
    endloop
  endfacet
  facet normal 0.999697 0.0246338 1.99801e-18
    outer loop
      vertex -10.9867 -0.539744 3.5
      vertex -11 0 3.2
      vertex -11 0 3.5
    endloop
  endfacet
  facet normal 0.999697 0.0246338 1.99801e-18
    outer loop
      vertex -11 0 3.2
      vertex -10.9867 -0.539744 3.5
      vertex -10.9867 -0.539744 3.2
    endloop
  endfacet
  facet normal -0.992477 0.12243 -1.53621e-17
    outer loop
      vertex 10.8809 -1.61403 3.2
      vertex 10.947 -1.07819 3.5
      vertex 10.947 -1.07819 3.2
    endloop
  endfacet
  facet normal -0.992477 0.12243 -1.53621e-17
    outer loop
      vertex 10.947 -1.07819 3.5
      vertex 10.8809 -1.61403 3.2
      vertex 10.8809 -1.61403 3.5
    endloop
  endfacet
  facet normal -0.985279 0.170955 -2.6792e-18
    outer loop
      vertex 10.7886 -2.14599 3.2
      vertex 10.8809 -1.61403 3.5
      vertex 10.8809 -1.61403 3.2
    endloop
  endfacet
  facet normal -0.985279 0.170955 -2.6792e-18
    outer loop
      vertex 10.8809 -1.61403 3.5
      vertex 10.7886 -2.14599 3.2
      vertex 10.7886 -2.14599 3.5
    endloop
  endfacet
  facet normal -0.653172 -0.757209 0
    outer loop
      vertex 6.97833 8.50311 3.2
      vertex 7.38715 8.15046 3.5
      vertex 6.97833 8.50311 3.5
    endloop
  endfacet
  facet normal -0.653172 -0.757209 -0
    outer loop
      vertex 7.38715 8.15046 3.5
      vertex 6.97833 8.50311 3.2
      vertex 7.38715 8.15046 3.2
    endloop
  endfacet
  facet normal 0.0246338 -0.999697 0
    outer loop
      vertex -0.539744 10.9867 3.2
      vertex 0 11 3.5
      vertex -0.539744 10.9867 3.5
    endloop
  endfacet
  facet normal 0.0246338 -0.999697 0
    outer loop
      vertex 0 11 3.5
      vertex -0.539744 10.9867 3.2
      vertex 0 11 3.2
    endloop
  endfacet
  facet normal 0.170955 0.985279 -0
    outer loop
      vertex -1.61403 -10.8809 3.2
      vertex -2.14599 -10.7886 3.5
      vertex -1.61403 -10.8809 3.5
    endloop
  endfacet
  facet normal 0.170955 0.985279 0
    outer loop
      vertex -2.14599 -10.7886 3.5
      vertex -1.61403 -10.8809 3.2
      vertex -2.14599 -10.7886 3.2
    endloop
  endfacet
  facet normal 0.219111 0.9757 -0
    outer loop
      vertex -2.14599 -10.7886 3.2
      vertex -2.67278 -10.6703 3.5
      vertex -2.14599 -10.7886 3.5
    endloop
  endfacet
  facet normal 0.219111 0.9757 0
    outer loop
      vertex -2.67278 -10.6703 3.5
      vertex -2.14599 -10.7886 3.2
      vertex -2.67278 -10.6703 3.2
    endloop
  endfacet
  facet normal -0.405282 0.914192 0
    outer loop
      vertex 4.70311 -9.94388 3.2
      vertex 4.20952 -10.1627 3.5
      vertex 4.70311 -9.94388 3.5
    endloop
  endfacet
  facet normal -0.405282 0.914192 0
    outer loop
      vertex 4.20952 -10.1627 3.5
      vertex 4.70311 -9.94388 3.2
      vertex 4.20952 -10.1627 3.2
    endloop
  endfacet
  facet normal -0.870088 0.492896 5.68042e-17
    outer loop
      vertex 9.43501 -5.65513 3.2
      vertex 9.70113 -5.18536 3.5
      vertex 9.70113 -5.18536 3.2
    endloop
  endfacet
  facet normal -0.870088 0.492896 5.68042e-17
    outer loop
      vertex 9.70113 -5.18536 3.5
      vertex 9.43501 -5.65513 3.2
      vertex 9.43501 -5.65513 3.5
    endloop
  endfacet
  facet normal -0.788349 0.615228 7.25516e-17
    outer loop
      vertex 8.50311 -6.97833 3.2
      vertex 8.83528 -6.55269 3.5
      vertex 8.83528 -6.55269 3.2
    endloop
  endfacet
  facet normal -0.788349 0.615228 7.25516e-17
    outer loop
      vertex 8.83528 -6.55269 3.5
      vertex 8.50311 -6.97833 3.2
      vertex 8.50311 -6.97833 3.5
    endloop
  endfacet
  facet normal -0.219111 0.9757 0
    outer loop
      vertex 2.67278 -10.6703 3.2
      vertex 2.14599 -10.7886 3.5
      vertex 2.67278 -10.6703 3.5
    endloop
  endfacet
  facet normal -0.219111 0.9757 0
    outer loop
      vertex 2.14599 -10.7886 3.5
      vertex 2.67278 -10.6703 3.2
      vertex 2.14599 -10.7886 3.2
    endloop
  endfacet
  facet normal -0.89322 0.44962 3.60491e-17
    outer loop
      vertex 9.70113 -5.18536 3.2
      vertex 9.94388 -4.70311 3.5
      vertex 9.94388 -4.70311 3.2
    endloop
  endfacet
  facet normal -0.89322 0.44962 3.60491e-17
    outer loop
      vertex 9.94388 -4.70311 3.5
      vertex 9.70113 -5.18536 3.2
      vertex 9.70113 -5.18536 3.5
    endloop
  endfacet
  facet normal 0.0246338 0.999697 -0
    outer loop
      vertex 0 -11 3.2
      vertex -0.539744 -10.9867 3.5
      vertex 0 -11 3.5
    endloop
  endfacet
  facet normal 0.0246338 0.999697 0
    outer loop
      vertex -0.539744 -10.9867 3.5
      vertex 0 -11 3.2
      vertex -0.539744 -10.9867 3.2
    endloop
  endfacet
  facet normal -0.653172 0.757209 0
    outer loop
      vertex 7.38715 -8.15046 3.2
      vertex 6.97833 -8.50311 3.5
      vertex 7.38715 -8.15046 3.5
    endloop
  endfacet
  facet normal -0.653172 0.757209 0
    outer loop
      vertex 6.97833 -8.50311 3.5
      vertex 7.38715 -8.15046 3.2
      vertex 6.97833 -8.50311 3.2
    endloop
  endfacet
  facet normal -0.932999 0.359879 2.26738e-17
    outer loop
      vertex 10.1627 -4.20952 3.2
      vertex 10.357 -3.70579 3.5
      vertex 10.357 -3.70579 3.2
    endloop
  endfacet
  facet normal -0.932999 0.359879 2.26738e-17
    outer loop
      vertex 10.357 -3.70579 3.5
      vertex 10.1627 -4.20952 3.2
      vertex 10.1627 -4.20952 3.5
    endloop
  endfacet
  facet normal -0.817587 0.575804 -1.58505e-17
    outer loop
      vertex 8.83528 -6.55269 3.2
      vertex 9.14616 -6.11127 3.5
      vertex 9.14616 -6.11127 3.2
    endloop
  endfacet
  facet normal -0.817587 0.575804 -1.58505e-17
    outer loop
      vertex 9.14616 -6.11127 3.5
      vertex 8.83528 -6.55269 3.2
      vertex 8.83528 -6.55269 3.5
    endloop
  endfacet
  facet normal 0.615228 0.788349 -0
    outer loop
      vertex -6.55269 -8.83528 3.2
      vertex -6.97833 -8.50311 3.5
      vertex -6.55269 -8.83528 3.5
    endloop
  endfacet
  facet normal 0.615228 0.788349 0
    outer loop
      vertex -6.97833 -8.50311 3.5
      vertex -6.55269 -8.83528 3.2
      vertex -6.97833 -8.50311 3.2
    endloop
  endfacet
  facet normal -0.219111 -0.9757 0
    outer loop
      vertex 2.14599 10.7886 3.2
      vertex 2.67278 10.6703 3.5
      vertex 2.14599 10.7886 3.5
    endloop
  endfacet
  facet normal -0.219111 -0.9757 -0
    outer loop
      vertex 2.67278 10.6703 3.5
      vertex 2.14599 10.7886 3.2
      vertex 2.67278 10.6703 3.2
    endloop
  endfacet
  facet normal 0.9757 -0.219111 -1.13803e-17
    outer loop
      vertex -10.7886 2.14599 3.5
      vertex -10.6703 2.67278 3.2
      vertex -10.6703 2.67278 3.5
    endloop
  endfacet
  facet normal 0.9757 -0.219111 -1.13803e-17
    outer loop
      vertex -10.6703 2.67278 3.2
      vertex -10.7886 2.14599 3.5
      vertex -10.7886 2.14599 3.2
    endloop
  endfacet
  facet normal -0.266712 0.963776 0
    outer loop
      vertex 3.19313 -10.5263 3.2
      vertex 2.67278 -10.6703 3.5
      vertex 3.19313 -10.5263 3.5
    endloop
  endfacet
  facet normal -0.266712 0.963776 0
    outer loop
      vertex 2.67278 -10.6703 3.5
      vertex 3.19313 -10.5263 3.2
      vertex 2.67278 -10.6703 3.2
    endloop
  endfacet
  facet normal -0.757209 0.653172 -3.74459e-17
    outer loop
      vertex 8.15046 -7.38715 3.2
      vertex 8.50311 -6.97833 3.5
      vertex 8.50311 -6.97833 3.2
    endloop
  endfacet
  facet normal -0.757209 0.653172 -3.74459e-17
    outer loop
      vertex 8.50311 -6.97833 3.5
      vertex 8.15046 -7.38715 3.2
      vertex 8.15046 -7.38715 3.5
    endloop
  endfacet
  facet normal -0.535001 0.844851 0
    outer loop
      vertex 6.11127 -9.14616 3.2
      vertex 5.65513 -9.43501 3.5
      vertex 6.11127 -9.14616 3.5
    endloop
  endfacet
  facet normal -0.535001 0.844851 0
    outer loop
      vertex 5.65513 -9.43501 3.5
      vertex 6.11127 -9.14616 3.2
      vertex 5.65513 -9.43501 3.2
    endloop
  endfacet
  facet normal -0.492896 -0.870088 0
    outer loop
      vertex 5.18536 9.70113 3.2
      vertex 5.65513 9.43501 3.5
      vertex 5.18536 9.70113 3.5
    endloop
  endfacet
  facet normal -0.492896 -0.870088 -0
    outer loop
      vertex 5.65513 9.43501 3.5
      vertex 5.18536 9.70113 3.2
      vertex 5.65513 9.43501 3.2
    endloop
  endfacet
  facet normal 0.757209 -0.653172 -3.74459e-17
    outer loop
      vertex -8.50311 6.97833 3.5
      vertex -8.15046 7.38715 3.2
      vertex -8.15046 7.38715 3.5
    endloop
  endfacet
  facet normal 0.757209 -0.653172 -3.74459e-17
    outer loop
      vertex -8.15046 7.38715 3.2
      vertex -8.50311 6.97833 3.5
      vertex -8.50311 6.97833 3.2
    endloop
  endfacet
  facet normal 0.949561 -0.313582 -4.1862e-17
    outer loop
      vertex -10.5263 3.19313 3.5
      vertex -10.357 3.70579 3.2
      vertex -10.357 3.70579 3.5
    endloop
  endfacet
  facet normal 0.949561 -0.313582 -4.1862e-17
    outer loop
      vertex -10.357 3.70579 3.2
      vertex -10.5263 3.19313 3.5
      vertex -10.5263 3.19313 3.2
    endloop
  endfacet
  facet normal 0.72424 -0.689548 -7.84321e-17
    outer loop
      vertex -8.15046 7.38715 3.5
      vertex -7.77817 7.77817 3.2
      vertex -7.77817 7.77817 3.5
    endloop
  endfacet
  facet normal 0.72424 -0.689548 -7.84321e-17
    outer loop
      vertex -7.77817 7.77817 3.2
      vertex -8.15046 7.38715 3.5
      vertex -8.15046 7.38715 3.2
    endloop
  endfacet
  facet normal -0.0246338 -0.999697 0
    outer loop
      vertex 0 11 3.2
      vertex 0.539744 10.9867 3.5
      vertex 0 11 3.5
    endloop
  endfacet
  facet normal -0.0246338 -0.999697 -0
    outer loop
      vertex 0.539744 10.9867 3.5
      vertex 0 11 3.2
      vertex 0.539744 10.9867 3.2
    endloop
  endfacet
  facet normal 0.963776 -0.266712 -3.91776e-17
    outer loop
      vertex -10.6703 2.67278 3.5
      vertex -10.5263 3.19313 3.2
      vertex -10.5263 3.19313 3.5
    endloop
  endfacet
  facet normal 0.963776 -0.266712 -3.91776e-17
    outer loop
      vertex -10.5263 3.19313 3.2
      vertex -10.6703 2.67278 3.5
      vertex -10.6703 2.67278 3.2
    endloop
  endfacet
  facet normal -0.9757 0.219111 -1.13803e-17
    outer loop
      vertex 10.6703 -2.67278 3.2
      vertex 10.7886 -2.14599 3.5
      vertex 10.7886 -2.14599 3.2
    endloop
  endfacet
  facet normal -0.9757 0.219111 -1.13803e-17
    outer loop
      vertex 10.7886 -2.14599 3.5
      vertex 10.6703 -2.67278 3.2
      vertex 10.6703 -2.67278 3.5
    endloop
  endfacet
  facet normal -0.170955 -0.985279 0
    outer loop
      vertex 1.61403 10.8809 3.2
      vertex 2.14599 10.7886 3.5
      vertex 1.61403 10.8809 3.5
    endloop
  endfacet
  facet normal -0.170955 -0.985279 -0
    outer loop
      vertex 2.14599 10.7886 3.5
      vertex 1.61403 10.8809 3.2
      vertex 2.14599 10.7886 3.2
    endloop
  endfacet
  facet normal 0.788349 0.615228 -7.25516e-17
    outer loop
      vertex -8.50311 -6.97833 3.5
      vertex -8.83528 -6.55269 3.2
      vertex -8.83528 -6.55269 3.5
    endloop
  endfacet
  facet normal 0.788349 0.615228 -7.25516e-17
    outer loop
      vertex -8.83528 -6.55269 3.2
      vertex -8.50311 -6.97833 3.5
      vertex -8.50311 -6.97833 3.2
    endloop
  endfacet
  facet normal 0.313582 0.949561 -0
    outer loop
      vertex -3.19313 -10.5263 3.2
      vertex -3.70579 -10.357 3.5
      vertex -3.19313 -10.5263 3.5
    endloop
  endfacet
  facet normal 0.313582 0.949561 0
    outer loop
      vertex -3.70579 -10.357 3.5
      vertex -3.19313 -10.5263 3.2
      vertex -3.70579 -10.357 3.2
    endloop
  endfacet
  facet normal 0.999697 -0.0246338 -1.99801e-18
    outer loop
      vertex -11 0 3.5
      vertex -10.9867 0.539744 3.2
      vertex -10.9867 0.539744 3.5
    endloop
  endfacet
  facet normal 0.999697 -0.0246338 -1.99801e-18
    outer loop
      vertex -10.9867 0.539744 3.2
      vertex -11 0 3.5
      vertex -11 0 3.2
    endloop
  endfacet
  facet normal 0.89322 0.44962 -3.60491e-17
    outer loop
      vertex -9.70113 -5.18536 3.5
      vertex -9.94388 -4.70311 3.2
      vertex -9.94388 -4.70311 3.5
    endloop
  endfacet
  facet normal 0.89322 0.44962 -3.60491e-17
    outer loop
      vertex -9.94388 -4.70311 3.2
      vertex -9.70113 -5.18536 3.5
      vertex -9.70113 -5.18536 3.2
    endloop
  endfacet
  facet normal 0.985279 -0.170955 -2.6792e-18
    outer loop
      vertex -10.8809 1.61403 3.5
      vertex -10.7886 2.14599 3.2
      vertex -10.7886 2.14599 3.5
    endloop
  endfacet
  facet normal 0.985279 -0.170955 -2.6792e-18
    outer loop
      vertex -10.7886 2.14599 3.2
      vertex -10.8809 1.61403 3.5
      vertex -10.8809 1.61403 3.2
    endloop
  endfacet
  facet normal 0.870088 0.492896 -5.68042e-17
    outer loop
      vertex -9.43501 -5.65513 3.5
      vertex -9.70113 -5.18536 3.2
      vertex -9.70113 -5.18536 3.5
    endloop
  endfacet
  facet normal 0.870088 0.492896 -5.68042e-17
    outer loop
      vertex -9.70113 -5.18536 3.2
      vertex -9.43501 -5.65513 3.5
      vertex -9.43501 -5.65513 3.2
    endloop
  endfacet
  facet normal 0.266712 -0.963776 0
    outer loop
      vertex -3.19313 10.5263 3.2
      vertex -2.67278 10.6703 3.5
      vertex -3.19313 10.5263 3.5
    endloop
  endfacet
  facet normal 0.266712 -0.963776 0
    outer loop
      vertex -2.67278 10.6703 3.5
      vertex -3.19313 10.5263 3.2
      vertex -2.67278 10.6703 3.2
    endloop
  endfacet
  facet normal -0.359879 0.932999 0
    outer loop
      vertex 4.20952 -10.1627 3.2
      vertex 3.70579 -10.357 3.5
      vertex 4.20952 -10.1627 3.5
    endloop
  endfacet
  facet normal -0.359879 0.932999 0
    outer loop
      vertex 3.70579 -10.357 3.5
      vertex 4.20952 -10.1627 3.2
      vertex 3.70579 -10.357 3.2
    endloop
  endfacet
  facet normal 0.963776 0.266712 3.91776e-17
    outer loop
      vertex -10.5263 -3.19313 3.5
      vertex -10.6703 -2.67278 3.2
      vertex -10.6703 -2.67278 3.5
    endloop
  endfacet
  facet normal 0.963776 0.266712 3.91776e-17
    outer loop
      vertex -10.6703 -2.67278 3.2
      vertex -10.5263 -3.19313 3.5
      vertex -10.5263 -3.19313 3.2
    endloop
  endfacet
  facet normal -0.359879 -0.932999 0
    outer loop
      vertex 3.70579 10.357 3.2
      vertex 4.20952 10.1627 3.5
      vertex 3.70579 10.357 3.5
    endloop
  endfacet
  facet normal -0.359879 -0.932999 -0
    outer loop
      vertex 4.20952 10.1627 3.5
      vertex 3.70579 10.357 3.2
      vertex 4.20952 10.1627 3.2
    endloop
  endfacet
  facet normal 0.914192 -0.405282 -3.58319e-17
    outer loop
      vertex -10.1627 4.20952 3.5
      vertex -9.94388 4.70311 3.2
      vertex -9.94388 4.70311 3.5
    endloop
  endfacet
  facet normal 0.914192 -0.405282 -3.58319e-17
    outer loop
      vertex -9.94388 4.70311 3.2
      vertex -10.1627 4.20952 3.5
      vertex -10.1627 4.20952 3.2
    endloop
  endfacet
  facet normal 0.266712 0.963776 -0
    outer loop
      vertex -2.67278 -10.6703 3.2
      vertex -3.19313 -10.5263 3.5
      vertex -2.67278 -10.6703 3.5
    endloop
  endfacet
  facet normal 0.266712 0.963776 0
    outer loop
      vertex -3.19313 -10.5263 3.5
      vertex -2.67278 -10.6703 3.2
      vertex -3.19313 -10.5263 3.2
    endloop
  endfacet
  facet normal 0.405282 -0.914192 0
    outer loop
      vertex -4.70311 9.94388 3.2
      vertex -4.20952 10.1627 3.5
      vertex -4.70311 9.94388 3.5
    endloop
  endfacet
  facet normal 0.405282 -0.914192 0
    outer loop
      vertex -4.20952 10.1627 3.5
      vertex -4.70311 9.94388 3.2
      vertex -4.20952 10.1627 3.2
    endloop
  endfacet
  facet normal 0.689548 0.72424 -0
    outer loop
      vertex -7.38715 -8.15046 3.2
      vertex -7.77817 -7.77817 3.5
      vertex -7.38715 -8.15046 3.5
    endloop
  endfacet
  facet normal 0.689548 0.72424 0
    outer loop
      vertex -7.77817 -7.77817 3.5
      vertex -7.38715 -8.15046 3.2
      vertex -7.77817 -7.77817 3.2
    endloop
  endfacet
  facet normal 0.653172 0.757209 -0
    outer loop
      vertex -6.97833 -8.50311 3.2
      vertex -7.38715 -8.15046 3.5
      vertex -6.97833 -8.50311 3.5
    endloop
  endfacet
  facet normal 0.653172 0.757209 0
    outer loop
      vertex -7.38715 -8.15046 3.5
      vertex -6.97833 -8.50311 3.2
      vertex -7.38715 -8.15046 3.2
    endloop
  endfacet
  facet normal -0.575804 0.817587 0
    outer loop
      vertex 6.55269 -8.83528 3.2
      vertex 6.11127 -9.14616 3.5
      vertex 6.55269 -8.83528 3.5
    endloop
  endfacet
  facet normal -0.575804 0.817587 0
    outer loop
      vertex 6.11127 -9.14616 3.5
      vertex 6.55269 -8.83528 3.2
      vertex 6.11127 -9.14616 3.2
    endloop
  endfacet
  facet normal 0.914192 0.405282 3.58319e-17
    outer loop
      vertex -9.94388 -4.70311 3.5
      vertex -10.1627 -4.20952 3.2
      vertex -10.1627 -4.20952 3.5
    endloop
  endfacet
  facet normal 0.914192 0.405282 3.58319e-17
    outer loop
      vertex -10.1627 -4.20952 3.2
      vertex -9.94388 -4.70311 3.5
      vertex -9.94388 -4.70311 3.2
    endloop
  endfacet
endsolid OpenSCAD_Model
