solid OpenSCAD_Model
  facet normal -1 0 0
    outer loop
      vertex 20.25 -29.9759 16.5
      vertex 20.25 -27.05 38.5
      vertex 20.25 -27.05 16.5
    endloop
  endfacet
  facet normal -1 -0 0
    outer loop
      vertex 20.25 -27.05 38.5
      vertex 20.25 -29.9759 16.5
      vertex 20.25 -29.9759 38.5
    endloop
  endfacet
  facet normal 0 0 -1
    outer loop
      vertex 18.75 -29.9759 38.5
      vertex 20.25 -27.05 38.5
      vertex 20.25 -29.9759 38.5
    endloop
  endfacet
  facet normal -0 0 -1
    outer loop
      vertex 20.25 -27.05 38.5
      vertex 18.75 -29.9759 38.5
      vertex 18.75 -27.05 38.5
    endloop
  endfacet
  facet normal -0 0 1
    outer loop
      vertex 18.75 -27.05 16.5
      vertex 20.25 -29.9759 16.5
      vertex 20.25 -27.05 16.5
    endloop
  endfacet
  facet normal 0 0 1
    outer loop
      vertex 20.25 -29.9759 16.5
      vertex 18.75 -27.05 16.5
      vertex 18.75 -29.9759 16.5
    endloop
  endfacet
  facet normal 1 -0 0
    outer loop
      vertex 18.75 -29.9759 38.5
      vertex 18.75 -27.05 16.5
      vertex 18.75 -27.05 38.5
    endloop
  endfacet
  facet normal 1 0 0
    outer loop
      vertex 18.75 -27.05 16.5
      vertex 18.75 -29.9759 38.5
      vertex 18.75 -29.9759 16.5
    endloop
  endfacet
  facet normal -1 0 0
    outer loop
      vertex 4.5 -29.9759 16.5
      vertex 4.5 -27.05 20.0046
      vertex 4.5 -27.05 16.5
    endloop
  endfacet
  facet normal -1 -0 0
    outer loop
      vertex 4.5 -27.05 20.0046
      vertex 4.5 -29.9759 16.5
      vertex 4.5 -29.9759 20.0046
    endloop
  endfacet
  facet normal -1 0 0
    outer loop
      vertex 4.5 -29.9759 34.9954
      vertex 4.5 -27.05 38.5
      vertex 4.5 -27.05 34.9954
    endloop
  endfacet
  facet normal -1 -0 0
    outer loop
      vertex 4.5 -27.05 38.5
      vertex 4.5 -29.9759 34.9954
      vertex 4.5 -29.9759 38.5
    endloop
  endfacet
  facet normal 0 0 -1
    outer loop
      vertex 3 -29.9759 38.5
      vertex 4.5 -27.05 38.5
      vertex 4.5 -29.9759 38.5
    endloop
  endfacet
  facet normal -0 0 -1
    outer loop
      vertex 4.5 -27.05 38.5
      vertex 3 -29.9759 38.5
      vertex 3 -27.05 38.5
    endloop
  endfacet
  facet normal -0 0 1
    outer loop
      vertex 3 -27.05 16.5
      vertex 4.5 -29.9759 16.5
      vertex 4.5 -27.05 16.5
    endloop
  endfacet
  facet normal 0 0 1
    outer loop
      vertex 4.5 -29.9759 16.5
      vertex 3 -27.05 16.5
      vertex 3 -29.9759 16.5
    endloop
  endfacet
  facet normal 1 -0 0
    outer loop
      vertex 3 -29.9759 17.1441
      vertex 3 -27.05 16.5
      vertex 3 -27.05 17.1441
    endloop
  endfacet
  facet normal 1 0 0
    outer loop
      vertex 3 -27.05 16.5
      vertex 3 -29.9759 17.1441
      vertex 3 -29.9759 16.5
    endloop
  endfacet
  facet normal 1 -0 0
    outer loop
      vertex 3 -29.9759 38.5
      vertex 3 -27.05 37.8559
      vertex 3 -27.05 38.5
    endloop
  endfacet
  facet normal 1 0 0
    outer loop
      vertex 3 -27.05 37.8559
      vertex 3 -29.9759 38.5
      vertex 3 -29.9759 37.8559
    endloop
  endfacet
  facet normal -1 0 0
    outer loop
      vertex 8 -29.9759 16.5
      vertex 8 -27.05 38.5
      vertex 8 -27.05 16.5
    endloop
  endfacet
  facet normal -1 -0 0
    outer loop
      vertex 8 -27.05 38.5
      vertex 8 -29.9759 16.5
      vertex 8 -29.9759 38.5
    endloop
  endfacet
  facet normal 0 0 -1
    outer loop
      vertex 6.5 -29.9759 38.5
      vertex 8 -27.05 38.5
      vertex 8 -29.9759 38.5
    endloop
  endfacet
  facet normal -0 0 -1
    outer loop
      vertex 8 -27.05 38.5
      vertex 6.5 -29.9759 38.5
      vertex 6.5 -27.05 38.5
    endloop
  endfacet
  facet normal -0 0 1
    outer loop
      vertex 6.5 -27.05 16.5
      vertex 8 -29.9759 16.5
      vertex 8 -27.05 16.5
    endloop
  endfacet
  facet normal 0 0 1
    outer loop
      vertex 8 -29.9759 16.5
      vertex 6.5 -27.05 16.5
      vertex 6.5 -29.9759 16.5
    endloop
  endfacet
  facet normal 1 -0 0
    outer loop
      vertex 6.5 -29.9759 38.5
      vertex 6.5 -27.05 16.5
      vertex 6.5 -27.05 38.5
    endloop
  endfacet
  facet normal 1 0 0
    outer loop
      vertex 6.5 -27.05 16.5
      vertex 6.5 -29.9759 38.5
      vertex 6.5 -29.9759 16.5
    endloop
  endfacet
  facet normal -1 0 0
    outer loop
      vertex 11.5 -29.9759 16.5
      vertex 11.5 -27.05 38.5
      vertex 11.5 -27.05 16.5
    endloop
  endfacet
  facet normal -1 -0 0
    outer loop
      vertex 11.5 -27.05 38.5
      vertex 11.5 -29.9759 16.5
      vertex 11.5 -29.9759 38.5
    endloop
  endfacet
  facet normal 0 0 -1
    outer loop
      vertex 10 -29.9759 38.5
      vertex 11.5 -27.05 38.5
      vertex 11.5 -29.9759 38.5
    endloop
  endfacet
  facet normal -0 0 -1
    outer loop
      vertex 11.5 -27.05 38.5
      vertex 10 -29.9759 38.5
      vertex 10 -27.05 38.5
    endloop
  endfacet
  facet normal -0 0 1
    outer loop
      vertex 10 -27.05 16.5
      vertex 11.5 -29.9759 16.5
      vertex 11.5 -27.05 16.5
    endloop
  endfacet
  facet normal 0 0 1
    outer loop
      vertex 11.5 -29.9759 16.5
      vertex 10 -27.05 16.5
      vertex 10 -29.9759 16.5
    endloop
  endfacet
  facet normal 1 -0 0
    outer loop
      vertex 10 -29.9759 38.5
      vertex 10 -27.05 16.5
      vertex 10 -27.05 38.5
    endloop
  endfacet
  facet normal 1 0 0
    outer loop
      vertex 10 -27.05 16.5
      vertex 10 -29.9759 38.5
      vertex 10 -29.9759 16.5
    endloop
  endfacet
  facet normal -1 0 0
    outer loop
      vertex 15 -29.9759 16.5
      vertex 15 -27.05 38.5
      vertex 15 -27.05 16.5
    endloop
  endfacet
  facet normal -1 -0 0
    outer loop
      vertex 15 -27.05 38.5
      vertex 15 -29.9759 16.5
      vertex 15 -29.9759 38.5
    endloop
  endfacet
  facet normal 0 0 -1
    outer loop
      vertex 13.5 -29.9759 38.5
      vertex 15 -27.05 38.5
      vertex 15 -29.9759 38.5
    endloop
  endfacet
  facet normal -0 0 -1
    outer loop
      vertex 15 -27.05 38.5
      vertex 13.5 -29.9759 38.5
      vertex 13.5 -27.05 38.5
    endloop
  endfacet
  facet normal -0 0 1
    outer loop
      vertex 13.5 -27.05 16.5
      vertex 15 -29.9759 16.5
      vertex 15 -27.05 16.5
    endloop
  endfacet
  facet normal 0 0 1
    outer loop
      vertex 15 -29.9759 16.5
      vertex 13.5 -27.05 16.5
      vertex 13.5 -29.9759 16.5
    endloop
  endfacet
  facet normal 1 -0 0
    outer loop
      vertex 13.5 -29.9759 38.5
      vertex 13.5 -27.05 16.5
      vertex 13.5 -27.05 38.5
    endloop
  endfacet
  facet normal 1 0 0
    outer loop
      vertex 13.5 -27.05 16.5
      vertex 13.5 -29.9759 38.5
      vertex 13.5 -29.9759 16.5
    endloop
  endfacet
  facet normal -1 0 0
    outer loop
      vertex 18.5 -29.9759 16.5
      vertex 18.5 -27.05 38.5
      vertex 18.5 -27.05 16.5
    endloop
  endfacet
  facet normal -1 -0 0
    outer loop
      vertex 18.5 -27.05 38.5
      vertex 18.5 -29.9759 16.5
      vertex 18.5 -29.9759 38.5
    endloop
  endfacet
  facet normal 0 0 -1
    outer loop
      vertex 17 -29.9759 38.5
      vertex 18.5 -27.05 38.5
      vertex 18.5 -29.9759 38.5
    endloop
  endfacet
  facet normal -0 0 -1
    outer loop
      vertex 18.5 -27.05 38.5
      vertex 17 -29.9759 38.5
      vertex 17 -27.05 38.5
    endloop
  endfacet
  facet normal -0 0 1
    outer loop
      vertex 17 -27.05 16.5
      vertex 18.5 -29.9759 16.5
      vertex 18.5 -27.05 16.5
    endloop
  endfacet
  facet normal 0 0 1
    outer loop
      vertex 18.5 -29.9759 16.5
      vertex 17 -27.05 16.5
      vertex 17 -29.9759 16.5
    endloop
  endfacet
  facet normal 1 -0 0
    outer loop
      vertex 17 -29.9759 38.5
      vertex 17 -27.05 16.5
      vertex 17 -27.05 38.5
    endloop
  endfacet
  facet normal 1 0 0
    outer loop
      vertex 17 -27.05 16.5
      vertex 17 -29.9759 38.5
      vertex 17 -29.9759 16.5
    endloop
  endfacet
  facet normal -1 0 0
    outer loop
      vertex 22 -29.9759 16.5
      vertex 22 -27.05 38.5
      vertex 22 -27.05 16.5
    endloop
  endfacet
  facet normal -1 -0 0
    outer loop
      vertex 22 -27.05 38.5
      vertex 22 -29.9759 16.5
      vertex 22 -29.9759 38.5
    endloop
  endfacet
  facet normal 0 0 -1
    outer loop
      vertex 20.5 -29.9759 38.5
      vertex 22 -27.05 38.5
      vertex 22 -29.9759 38.5
    endloop
  endfacet
  facet normal -0 0 -1
    outer loop
      vertex 22 -27.05 38.5
      vertex 20.5 -29.9759 38.5
      vertex 20.5 -27.05 38.5
    endloop
  endfacet
  facet normal -0 0 1
    outer loop
      vertex 20.5 -27.05 16.5
      vertex 22 -29.9759 16.5
      vertex 22 -27.05 16.5
    endloop
  endfacet
  facet normal 0 0 1
    outer loop
      vertex 22 -29.9759 16.5
      vertex 20.5 -27.05 16.5
      vertex 20.5 -29.9759 16.5
    endloop
  endfacet
  facet normal 1 -0 0
    outer loop
      vertex 20.5 -29.9759 38.5
      vertex 20.5 -27.05 16.5
      vertex 20.5 -27.05 38.5
    endloop
  endfacet
  facet normal 1 0 0
    outer loop
      vertex 20.5 -27.05 16.5
      vertex 20.5 -29.9759 38.5
      vertex 20.5 -29.9759 16.5
    endloop
  endfacet
  facet normal -1 0 0
    outer loop
      vertex 25.5 -29.9759 16.5
      vertex 25.5 -27.05 38.5
      vertex 25.5 -27.05 16.5
    endloop
  endfacet
  facet normal -1 -0 0
    outer loop
      vertex 25.5 -27.05 38.5
      vertex 25.5 -29.9759 16.5
      vertex 25.5 -29.9759 38.5
    endloop
  endfacet
  facet normal 0 0 -1
    outer loop
      vertex 24 -29.9759 38.5
      vertex 25.5 -27.05 38.5
      vertex 25.5 -29.9759 38.5
    endloop
  endfacet
  facet normal -0 0 -1
    outer loop
      vertex 25.5 -27.05 38.5
      vertex 24 -29.9759 38.5
      vertex 24 -27.05 38.5
    endloop
  endfacet
  facet normal -0 0 1
    outer loop
      vertex 24 -27.05 16.5
      vertex 25.5 -29.9759 16.5
      vertex 25.5 -27.05 16.5
    endloop
  endfacet
  facet normal 0 0 1
    outer loop
      vertex 25.5 -29.9759 16.5
      vertex 24 -27.05 16.5
      vertex 24 -29.9759 16.5
    endloop
  endfacet
  facet normal 1 -0 0
    outer loop
      vertex 24 -29.9759 38.5
      vertex 24 -27.05 16.5
      vertex 24 -27.05 38.5
    endloop
  endfacet
  facet normal 1 0 0
    outer loop
      vertex 24 -27.05 16.5
      vertex 24 -29.9759 38.5
      vertex 24 -29.9759 16.5
    endloop
  endfacet
  facet normal -1 0 0
    outer loop
      vertex 29 -29.9759 16.5
      vertex 29 -27.05 38.5
      vertex 29 -27.05 16.5
    endloop
  endfacet
  facet normal -1 -0 0
    outer loop
      vertex 29 -27.05 38.5
      vertex 29 -29.9759 16.5
      vertex 29 -29.9759 38.5
    endloop
  endfacet
  facet normal 0 0 -1
    outer loop
      vertex 27.5 -29.9759 38.5
      vertex 29 -27.05 38.5
      vertex 29 -29.9759 38.5
    endloop
  endfacet
  facet normal -0 0 -1
    outer loop
      vertex 29 -27.05 38.5
      vertex 27.5 -29.9759 38.5
      vertex 27.5 -27.05 38.5
    endloop
  endfacet
  facet normal -0 0 1
    outer loop
      vertex 27.5 -27.05 16.5
      vertex 29 -29.9759 16.5
      vertex 29 -27.05 16.5
    endloop
  endfacet
  facet normal 0 0 1
    outer loop
      vertex 29 -29.9759 16.5
      vertex 27.5 -27.05 16.5
      vertex 27.5 -29.9759 16.5
    endloop
  endfacet
  facet normal 1 -0 0
    outer loop
      vertex 27.5 -29.9759 38.5
      vertex 27.5 -27.05 16.5
      vertex 27.5 -27.05 38.5
    endloop
  endfacet
  facet normal 1 0 0
    outer loop
      vertex 27.5 -27.05 16.5
      vertex 27.5 -29.9759 38.5
      vertex 27.5 -29.9759 16.5
    endloop
  endfacet
  facet normal -1 0 0
    outer loop
      vertex 32.5 -29.9759 16.5
      vertex 32.5 -27.05 38.5
      vertex 32.5 -27.05 16.5
    endloop
  endfacet
  facet normal -1 -0 0
    outer loop
      vertex 32.5 -27.05 38.5
      vertex 32.5 -29.9759 16.5
      vertex 32.5 -29.9759 38.5
    endloop
  endfacet
  facet normal 0 0 -1
    outer loop
      vertex 31 -29.9759 38.5
      vertex 32.5 -27.05 38.5
      vertex 32.5 -29.9759 38.5
    endloop
  endfacet
  facet normal -0 0 -1
    outer loop
      vertex 32.5 -27.05 38.5
      vertex 31 -29.9759 38.5
      vertex 31 -27.05 38.5
    endloop
  endfacet
  facet normal -0 0 1
    outer loop
      vertex 31 -27.05 16.5
      vertex 32.5 -29.9759 16.5
      vertex 32.5 -27.05 16.5
    endloop
  endfacet
  facet normal 0 0 1
    outer loop
      vertex 32.5 -29.9759 16.5
      vertex 31 -27.05 16.5
      vertex 31 -29.9759 16.5
    endloop
  endfacet
  facet normal 1 -0 0
    outer loop
      vertex 31 -29.9759 38.5
      vertex 31 -27.05 16.5
      vertex 31 -27.05 38.5
    endloop
  endfacet
  facet normal 1 0 0
    outer loop
      vertex 31 -27.05 16.5
      vertex 31 -29.9759 38.5
      vertex 31 -29.9759 16.5
    endloop
  endfacet
  facet normal -1 0 0
    outer loop
      vertex 36 -29.5459 16.5
      vertex 36 -27.05 38.5
      vertex 36 -27.05 16.5
    endloop
  endfacet
  facet normal -1 -0 0
    outer loop
      vertex 36 -27.05 38.5
      vertex 36 -29.5459 16.5
      vertex 36 -29.5459 38.5
    endloop
  endfacet
  facet normal 0 0 -1
    outer loop
      vertex 35.9042 -29.5972 38.5
      vertex 36 -27.05 38.5
      vertex 36 -29.5459 38.5
    endloop
  endfacet
  facet normal 0 0 -1
    outer loop
      vertex 34.5 -27.05 38.5
      vertex 35.9042 -29.5972 38.5
      vertex 34.9708 -29.8803 38.5
    endloop
  endfacet
  facet normal 0 0 -1
    outer loop
      vertex 34.5 -27.05 38.5
      vertex 34.9708 -29.8803 38.5
      vertex 34.5 -29.9267 38.5
    endloop
  endfacet
  facet normal 0 0 -1
    outer loop
      vertex 35.9042 -29.5972 38.5
      vertex 34.5 -27.05 38.5
      vertex 36 -27.05 38.5
    endloop
  endfacet
  facet normal 0 0 1
    outer loop
      vertex 36 -27.05 16.5
      vertex 35.9042 -29.5972 16.5
      vertex 36 -29.5459 16.5
    endloop
  endfacet
  facet normal -0 0 1
    outer loop
      vertex 34.5 -27.05 16.5
      vertex 35.9042 -29.5972 16.5
      vertex 36 -27.05 16.5
    endloop
  endfacet
  facet normal 0 0 1
    outer loop
      vertex 35.9042 -29.5972 16.5
      vertex 34.5 -27.05 16.5
      vertex 34.9708 -29.8803 16.5
    endloop
  endfacet
  facet normal 0 0 1
    outer loop
      vertex 34.9708 -29.8803 16.5
      vertex 34.5 -27.05 16.5
      vertex 34.5 -29.9267 16.5
    endloop
  endfacet
  facet normal 1 -0 0
    outer loop
      vertex 34.5 -29.9267 38.5
      vertex 34.5 -27.05 16.5
      vertex 34.5 -27.05 38.5
    endloop
  endfacet
  facet normal 1 0 0
    outer loop
      vertex 34.5 -27.05 16.5
      vertex 34.5 -29.9267 38.5
      vertex 34.5 -29.9267 16.5
    endloop
  endfacet
  facet normal -0.956935 0 -0.290303
    outer loop
      vertex -31.9211 29.05 6.2146
      vertex -31.9837 29.9759 6.42095
      vertex -31.9211 29.9759 6.2146
    endloop
  endfacet
  facet normal -0.956935 -0 -0.290303
    outer loop
      vertex -31.9837 29.9759 6.42095
      vertex -31.9211 29.05 6.2146
      vertex -31.9837 29.05 6.42095
    endloop
  endfacet
  facet normal -0.995201 0 -0.0978506
    outer loop
      vertex -31.9 29.05 6
      vertex -31.9211 29.9759 6.2146
      vertex -31.9 29.9759 6
    endloop
  endfacet
  facet normal -0.995201 -0 -0.0978506
    outer loop
      vertex -31.9211 29.9759 6.2146
      vertex -31.9 29.05 6
      vertex -31.9211 29.05 6.2146
    endloop
  endfacet
  facet normal -0.773008 0 -0.634396
    outer loop
      vertex -32.0854 29.05 6.61113
      vertex -32.2222 29.9759 6.77782
      vertex -32.0854 29.9759 6.61113
    endloop
  endfacet
  facet normal -0.773008 -0 -0.634396
    outer loop
      vertex -32.2222 29.9759 6.77782
      vertex -32.0854 29.05 6.61113
      vertex -32.2222 29.05 6.77782
    endloop
  endfacet
  facet normal 0.290197 -1.56632e-18 -0.956967
    outer loop
      vertex -33.421 29.05 7.01627
      vertex -33.2146 29.9759 7.07886
      vertex -33.2146 29.05 7.07886
    endloop
  endfacet
  facet normal 0.290197 -1.56632e-18 -0.956967
    outer loop
      vertex -33.2146 29.9759 7.07886
      vertex -33.421 29.05 7.01627
      vertex -33.421 29.9759 7.01627
    endloop
  endfacet
  facet normal -0.881831 0 -0.471565
    outer loop
      vertex -31.9837 29.05 6.42095
      vertex -32.0854 29.9759 6.61113
      vertex -31.9837 29.9759 6.42095
    endloop
  endfacet
  facet normal -0.881831 -0 -0.471565
    outer loop
      vertex -32.0854 29.9759 6.61113
      vertex -31.9837 29.05 6.42095
      vertex -32.0854 29.05 6.61113
    endloop
  endfacet
  facet normal 0.290197 1.56632e-18 0.956967
    outer loop
      vertex -33.421 29.9759 4.98373
      vertex -33.2146 29.05 4.92114
      vertex -33.2146 29.9759 4.92114
    endloop
  endfacet
  facet normal 0.290197 1.56632e-18 0.956967
    outer loop
      vertex -33.2146 29.05 4.92114
      vertex -33.421 29.9759 4.98373
      vertex -33.421 29.05 4.98373
    endloop
  endfacet
  facet normal 0.773008 0 -0.634396
    outer loop
      vertex -33.7778 29.05 6.77782
      vertex -33.9146 29.9759 6.61113
      vertex -33.7778 29.9759 6.77782
    endloop
  endfacet
  facet normal 0.773008 0 -0.634396
    outer loop
      vertex -33.9146 29.9759 6.61113
      vertex -33.7778 29.05 6.77782
      vertex -33.9146 29.05 6.61113
    endloop
  endfacet
  facet normal -0.956935 0 0.290303
    outer loop
      vertex -31.9837 29.05 5.57905
      vertex -31.9211 29.9759 5.7854
      vertex -31.9837 29.9759 5.57905
    endloop
  endfacet
  facet normal -0.956935 0 0.290303
    outer loop
      vertex -31.9211 29.9759 5.7854
      vertex -31.9837 29.05 5.57905
      vertex -31.9211 29.05 5.7854
    endloop
  endfacet
  facet normal 0.0980343 1.39339e-18 0.995183
    outer loop
      vertex -33.2146 29.9759 4.92114
      vertex -33 29.05 4.9
      vertex -33 29.9759 4.9
    endloop
  endfacet
  facet normal 0.0980343 1.39339e-18 0.995183
    outer loop
      vertex -33 29.05 4.9
      vertex -33.2146 29.9759 4.92114
      vertex -33.2146 29.05 4.92114
    endloop
  endfacet
  facet normal 0.881566 -0 0.472061
    outer loop
      vertex -34.0163 29.05 5.57905
      vertex -34 29.9759 5.54861
      vertex -34.0163 29.9743 5.57905
    endloop
  endfacet
  facet normal 0.881831 -2.09631e-05 0.471565
    outer loop
      vertex -33.9146 29.05 5.38887
      vertex -34 29.9759 5.54861
      vertex -34.0163 29.05 5.57905
    endloop
  endfacet
  facet normal 0.881882 4.25428e-18 0.471471
    outer loop
      vertex -34 29.9759 5.54861
      vertex -33.9146 29.05 5.38887
      vertex -33.9146 29.9759 5.38887
    endloop
  endfacet
  facet normal 0.995201 0 -0.0978506
    outer loop
      vertex -34.0789 29.05 6.2146
      vertex -34.1 29.9661 6
      vertex -34.0789 29.9682 6.2146
    endloop
  endfacet
  facet normal 0.995201 0 -0.0978506
    outer loop
      vertex -34.1 29.9661 6
      vertex -34.0789 29.05 6.2146
      vertex -34.1 29.05 6
    endloop
  endfacet
  facet normal 0.881894 0 -0.471448
    outer loop
      vertex -33.9146 29.05 6.61113
      vertex -34 29.9759 6.45138
      vertex -33.9146 29.9759 6.61113
    endloop
  endfacet
  facet normal 0.881831 -2.60562e-05 -0.471565
    outer loop
      vertex -34.0163 29.05 6.42095
      vertex -34 29.9759 6.45138
      vertex -33.9146 29.05 6.61113
    endloop
  endfacet
  facet normal 0.881502 1.2233e-18 -0.472181
    outer loop
      vertex -34 29.9759 6.45138
      vertex -34.0163 29.05 6.42095
      vertex -34.0163 29.9743 6.42095
    endloop
  endfacet
  facet normal 0.471539 9.59123e-19 -0.881845
    outer loop
      vertex -33.6111 29.05 6.91462
      vertex -33.421 29.9759 7.01627
      vertex -33.421 29.05 7.01627
    endloop
  endfacet
  facet normal 0.471539 9.59123e-19 -0.881845
    outer loop
      vertex -33.421 29.9759 7.01627
      vertex -33.6111 29.05 6.91462
      vertex -33.6111 29.9759 6.91462
    endloop
  endfacet
  facet normal 0.995201 -0 0.0978506
    outer loop
      vertex -34.1 29.05 6
      vertex -34.0789 29.9682 5.7854
      vertex -34.1 29.9661 6
    endloop
  endfacet
  facet normal 0.995201 0 0.0978506
    outer loop
      vertex -34.0789 29.9682 5.7854
      vertex -34.1 29.05 6
      vertex -34.0789 29.05 5.7854
    endloop
  endfacet
  facet normal -0.773008 0 0.634396
    outer loop
      vertex -32.2222 29.05 5.22218
      vertex -32.0854 29.9759 5.38887
      vertex -32.2222 29.9759 5.22218
    endloop
  endfacet
  facet normal -0.773008 0 0.634396
    outer loop
      vertex -32.0854 29.9759 5.38887
      vertex -32.2222 29.05 5.22218
      vertex -32.0854 29.05 5.38887
    endloop
  endfacet
  facet normal -0.881831 0 0.471565
    outer loop
      vertex -32.0854 29.05 5.38887
      vertex -31.9837 29.9759 5.57905
      vertex -32.0854 29.9759 5.38887
    endloop
  endfacet
  facet normal -0.881831 0 0.471565
    outer loop
      vertex -31.9837 29.9759 5.57905
      vertex -32.0854 29.05 5.38887
      vertex -31.9837 29.05 5.57905
    endloop
  endfacet
  facet normal -0.471539 -9.59123e-19 -0.881845
    outer loop
      vertex -32.579 29.05 7.01627
      vertex -32.3889 29.9759 6.91462
      vertex -32.3889 29.05 6.91462
    endloop
  endfacet
  facet normal -0.471539 -9.59123e-19 -0.881845
    outer loop
      vertex -32.3889 29.9759 6.91462
      vertex -32.579 29.05 7.01627
      vertex -32.579 29.9759 7.01627
    endloop
  endfacet
  facet normal 0.956935 1.37093e-18 0.290303
    outer loop
      vertex -34.0163 29.05 5.57905
      vertex -34.0789 29.9682 5.7854
      vertex -34.0789 29.05 5.7854
    endloop
  endfacet
  facet normal 0.956935 1.36188e-18 0.290303
    outer loop
      vertex -34.0789 29.9682 5.7854
      vertex -34.0163 29.05 5.57905
      vertex -34.0163 29.9743 5.57905
    endloop
  endfacet
  facet normal -0.290197 -1.56632e-18 0.956967
    outer loop
      vertex -32.7854 29.9759 4.92114
      vertex -32.579 29.05 4.98373
      vertex -32.579 29.9759 4.98373
    endloop
  endfacet
  facet normal -0.290197 -1.56632e-18 0.956967
    outer loop
      vertex -32.579 29.05 4.98373
      vertex -32.7854 29.9759 4.92114
      vertex -32.7854 29.05 4.92114
    endloop
  endfacet
  facet normal -0.290197 1.56632e-18 -0.956967
    outer loop
      vertex -32.7854 29.05 7.07886
      vertex -32.579 29.9759 7.01627
      vertex -32.579 29.05 7.01627
    endloop
  endfacet
  facet normal -0.290197 1.56632e-18 -0.956967
    outer loop
      vertex -32.579 29.9759 7.01627
      vertex -32.7854 29.05 7.07886
      vertex -32.7854 29.9759 7.07886
    endloop
  endfacet
  facet normal -0.471539 9.59123e-19 0.881845
    outer loop
      vertex -32.579 29.9759 4.98373
      vertex -32.3889 29.05 5.08538
      vertex -32.3889 29.9759 5.08538
    endloop
  endfacet
  facet normal -0.471539 9.59123e-19 0.881845
    outer loop
      vertex -32.3889 29.05 5.08538
      vertex -32.579 29.9759 4.98373
      vertex -32.579 29.05 4.98373
    endloop
  endfacet
  facet normal -0.995201 0 0.0978506
    outer loop
      vertex -31.9211 29.05 5.7854
      vertex -31.9 29.9759 6
      vertex -31.9211 29.9759 5.7854
    endloop
  endfacet
  facet normal -0.995201 0 0.0978506
    outer loop
      vertex -31.9 29.9759 6
      vertex -31.9211 29.05 5.7854
      vertex -31.9 29.05 6
    endloop
  endfacet
  facet normal 0.634373 6.63158e-18 -0.773027
    outer loop
      vertex -33.7778 29.05 6.77782
      vertex -33.6111 29.9759 6.91462
      vertex -33.6111 29.05 6.91462
    endloop
  endfacet
  facet normal 0.634373 6.63158e-18 -0.773027
    outer loop
      vertex -33.6111 29.9759 6.91462
      vertex -33.7778 29.05 6.77782
      vertex -33.7778 29.9759 6.77782
    endloop
  endfacet
  facet normal 0.0980343 -1.39339e-18 -0.995183
    outer loop
      vertex -33.2146 29.05 7.07886
      vertex -33 29.9759 7.1
      vertex -33 29.05 7.1
    endloop
  endfacet
  facet normal 0.0980343 -1.39339e-18 -0.995183
    outer loop
      vertex -33 29.9759 7.1
      vertex -33.2146 29.05 7.07886
      vertex -33.2146 29.9759 7.07886
    endloop
  endfacet
  facet normal -0.634373 -6.63158e-18 -0.773027
    outer loop
      vertex -32.3889 29.05 6.91462
      vertex -32.2222 29.9759 6.77782
      vertex -32.2222 29.05 6.77782
    endloop
  endfacet
  facet normal -0.634373 -6.63158e-18 -0.773027
    outer loop
      vertex -32.2222 29.9759 6.77782
      vertex -32.3889 29.05 6.91462
      vertex -32.3889 29.9759 6.91462
    endloop
  endfacet
  facet normal 0.634373 -6.63158e-18 0.773027
    outer loop
      vertex -33.7778 29.9759 5.22218
      vertex -33.6111 29.05 5.08538
      vertex -33.6111 29.9759 5.08538
    endloop
  endfacet
  facet normal 0.634373 -6.63158e-18 0.773027
    outer loop
      vertex -33.6111 29.05 5.08538
      vertex -33.7778 29.9759 5.22218
      vertex -33.7778 29.05 5.22218
    endloop
  endfacet
  facet normal -0.634373 6.63158e-18 0.773027
    outer loop
      vertex -32.3889 29.9759 5.08538
      vertex -32.2222 29.05 5.22218
      vertex -32.2222 29.9759 5.22218
    endloop
  endfacet
  facet normal -0.634373 6.63158e-18 0.773027
    outer loop
      vertex -32.2222 29.05 5.22218
      vertex -32.3889 29.9759 5.08538
      vertex -32.3889 29.05 5.08538
    endloop
  endfacet
  facet normal 0.471539 -9.59123e-19 0.881845
    outer loop
      vertex -33.6111 29.9759 5.08538
      vertex -33.421 29.05 4.98373
      vertex -33.421 29.9759 4.98373
    endloop
  endfacet
  facet normal 0.471539 -9.59123e-19 0.881845
    outer loop
      vertex -33.421 29.05 4.98373
      vertex -33.6111 29.9759 5.08538
      vertex -33.6111 29.05 5.08538
    endloop
  endfacet
  facet normal -0.0980343 -1.39339e-18 0.995183
    outer loop
      vertex -33 29.9759 4.9
      vertex -32.7854 29.05 4.92114
      vertex -32.7854 29.9759 4.92114
    endloop
  endfacet
  facet normal -0.0980343 -1.39339e-18 0.995183
    outer loop
      vertex -32.7854 29.05 4.92114
      vertex -33 29.9759 4.9
      vertex -33 29.05 4.9
    endloop
  endfacet
  facet normal -0.0980343 1.39339e-18 -0.995183
    outer loop
      vertex -33 29.05 7.1
      vertex -32.7854 29.9759 7.07886
      vertex -32.7854 29.05 7.07886
    endloop
  endfacet
  facet normal -0.0980343 1.39339e-18 -0.995183
    outer loop
      vertex -32.7854 29.9759 7.07886
      vertex -33 29.05 7.1
      vertex -33 29.9759 7.1
    endloop
  endfacet
  facet normal 0.773008 -0 0.634396
    outer loop
      vertex -33.9146 29.05 5.38887
      vertex -33.7778 29.9759 5.22218
      vertex -33.9146 29.9759 5.38887
    endloop
  endfacet
  facet normal 0.773008 0 0.634396
    outer loop
      vertex -33.7778 29.9759 5.22218
      vertex -33.9146 29.05 5.38887
      vertex -33.7778 29.05 5.22218
    endloop
  endfacet
  facet normal 0.956935 0 -0.290303
    outer loop
      vertex -34.0163 29.05 6.42095
      vertex -34.0789 29.9682 6.2146
      vertex -34.0163 29.9743 6.42095
    endloop
  endfacet
  facet normal 0.956935 0 -0.290303
    outer loop
      vertex -34.0789 29.9682 6.2146
      vertex -34.0163 29.05 6.42095
      vertex -34.0789 29.05 6.2146
    endloop
  endfacet
  facet normal 0.634373 -9.87792e-19 0.773027
    outer loop
      vertex -33.7778 29.9759 48.2222
      vertex -33.6111 29.05 48.0854
      vertex -33.6111 29.9759 48.0854
    endloop
  endfacet
  facet normal 0.634373 -9.87792e-19 0.773027
    outer loop
      vertex -33.6111 29.05 48.0854
      vertex -33.7778 29.9759 48.2222
      vertex -33.7778 29.05 48.2222
    endloop
  endfacet
  facet normal -0.881749 0 0.471719
    outer loop
      vertex -32.0854 29.05 48.3889
      vertex -31.9837 29.9759 48.579
      vertex -32.0854 29.9759 48.3889
    endloop
  endfacet
  facet normal -0.881749 0 0.471719
    outer loop
      vertex -31.9837 29.9759 48.579
      vertex -32.0854 29.05 48.3889
      vertex -31.9837 29.05 48.579
    endloop
  endfacet
  facet normal -0.471719 6.37017e-19 0.881749
    outer loop
      vertex -32.579 29.9759 47.9837
      vertex -32.3889 29.05 48.0854
      vertex -32.3889 29.9759 48.0854
    endloop
  endfacet
  facet normal -0.471719 6.37017e-19 0.881749
    outer loop
      vertex -32.3889 29.05 48.0854
      vertex -32.579 29.9759 47.9837
      vertex -32.579 29.05 47.9837
    endloop
  endfacet
  facet normal 0.995201 -0 0.0978506
    outer loop
      vertex -34.1 29.05 49
      vertex -34.0789 29.9682 48.7854
      vertex -34.1 29.9661 49
    endloop
  endfacet
  facet normal 0.995201 0 0.0978506
    outer loop
      vertex -34.0789 29.9682 48.7854
      vertex -34.1 29.05 49
      vertex -34.0789 29.05 48.7854
    endloop
  endfacet
  facet normal 0.773027 0 -0.634373
    outer loop
      vertex -33.7778 29.05 49.7778
      vertex -33.9146 29.9759 49.6111
      vertex -33.7778 29.9759 49.7778
    endloop
  endfacet
  facet normal 0.773027 0 -0.634373
    outer loop
      vertex -33.9146 29.9759 49.6111
      vertex -33.7778 29.05 49.7778
      vertex -33.9146 29.05 49.6111
    endloop
  endfacet
  facet normal -0.773027 0 0.634373
    outer loop
      vertex -32.2222 29.05 48.2222
      vertex -32.0854 29.9759 48.3889
      vertex -32.2222 29.9759 48.2222
    endloop
  endfacet
  facet normal -0.773027 0 0.634373
    outer loop
      vertex -32.0854 29.9759 48.3889
      vertex -32.2222 29.05 48.2222
      vertex -32.0854 29.05 48.3889
    endloop
  endfacet
  facet normal -0.0978506 -1.95904e-18 0.995201
    outer loop
      vertex -33 29.9759 47.9
      vertex -32.7854 29.05 47.9211
      vertex -32.7854 29.9759 47.9211
    endloop
  endfacet
  facet normal -0.0978506 -1.95904e-18 0.995201
    outer loop
      vertex -32.7854 29.05 47.9211
      vertex -33 29.9759 47.9
      vertex -33 29.05 47.9
    endloop
  endfacet
  facet normal -0.290239 3.01604e-18 0.956954
    outer loop
      vertex -32.7854 29.9759 47.9211
      vertex -32.579 29.05 47.9837
      vertex -32.579 29.9759 47.9837
    endloop
  endfacet
  facet normal -0.290239 3.01604e-18 0.956954
    outer loop
      vertex -32.579 29.05 47.9837
      vertex -32.7854 29.9759 47.9211
      vertex -32.7854 29.05 47.9211
    endloop
  endfacet
  facet normal -0.881749 0 -0.471719
    outer loop
      vertex -31.9837 29.05 49.421
      vertex -32.0854 29.9759 49.6111
      vertex -31.9837 29.9759 49.421
    endloop
  endfacet
  facet normal -0.881749 -0 -0.471719
    outer loop
      vertex -32.0854 29.9759 49.6111
      vertex -31.9837 29.05 49.421
      vertex -32.0854 29.05 49.6111
    endloop
  endfacet
  facet normal -0.995201 0 -0.0978506
    outer loop
      vertex -31.9 29.05 49
      vertex -31.9211 29.9759 49.2146
      vertex -31.9 29.9759 49
    endloop
  endfacet
  facet normal -0.995201 -0 -0.0978506
    outer loop
      vertex -31.9211 29.9759 49.2146
      vertex -31.9 29.05 49
      vertex -31.9211 29.05 49.2146
    endloop
  endfacet
  facet normal 0.290239 3.01604e-18 -0.956954
    outer loop
      vertex -33.421 29.05 50.0163
      vertex -33.2146 29.9759 50.0789
      vertex -33.2146 29.05 50.0789
    endloop
  endfacet
  facet normal 0.290239 3.01604e-18 -0.956954
    outer loop
      vertex -33.2146 29.9759 50.0789
      vertex -33.421 29.05 50.0163
      vertex -33.421 29.9759 50.0163
    endloop
  endfacet
  facet normal -0.956954 0 -0.290239
    outer loop
      vertex -31.9211 29.05 49.2146
      vertex -31.9837 29.9759 49.421
      vertex -31.9211 29.9759 49.2146
    endloop
  endfacet
  facet normal -0.956954 -0 -0.290239
    outer loop
      vertex -31.9837 29.9759 49.421
      vertex -31.9211 29.05 49.2146
      vertex -31.9837 29.05 49.421
    endloop
  endfacet
  facet normal 0.0978506 -1.95904e-18 -0.995201
    outer loop
      vertex -33.2146 29.05 50.0789
      vertex -33 29.9759 50.1
      vertex -33 29.05 50.1
    endloop
  endfacet
  facet normal 0.0978506 -1.95904e-18 -0.995201
    outer loop
      vertex -33 29.9759 50.1
      vertex -33.2146 29.05 50.0789
      vertex -33.2146 29.9759 50.0789
    endloop
  endfacet
  facet normal -0.471719 -6.37017e-19 -0.881749
    outer loop
      vertex -32.579 29.05 50.0163
      vertex -32.3889 29.9759 49.9146
      vertex -32.3889 29.05 49.9146
    endloop
  endfacet
  facet normal -0.471719 -6.37017e-19 -0.881749
    outer loop
      vertex -32.3889 29.9759 49.9146
      vertex -32.579 29.05 50.0163
      vertex -32.579 29.9759 50.0163
    endloop
  endfacet
  facet normal 0.471719 6.37017e-19 -0.881749
    outer loop
      vertex -33.6111 29.05 49.9146
      vertex -33.421 29.9759 50.0163
      vertex -33.421 29.05 50.0163
    endloop
  endfacet
  facet normal 0.471719 6.37017e-19 -0.881749
    outer loop
      vertex -33.421 29.9759 50.0163
      vertex -33.6111 29.05 49.9146
      vertex -33.6111 29.9759 49.9146
    endloop
  endfacet
  facet normal 0.471719 -6.37017e-19 0.881749
    outer loop
      vertex -33.6111 29.9759 48.0854
      vertex -33.421 29.05 47.9837
      vertex -33.421 29.9759 47.9837
    endloop
  endfacet
  facet normal 0.471719 -6.37017e-19 0.881749
    outer loop
      vertex -33.421 29.05 47.9837
      vertex -33.6111 29.9759 48.0854
      vertex -33.6111 29.05 48.0854
    endloop
  endfacet
  facet normal 0.995201 0 -0.0978506
    outer loop
      vertex -34.0789 29.05 49.2146
      vertex -34.1 29.9661 49
      vertex -34.0789 29.9682 49.2146
    endloop
  endfacet
  facet normal 0.995201 0 -0.0978506
    outer loop
      vertex -34.1 29.9661 49
      vertex -34.0789 29.05 49.2146
      vertex -34.1 29.05 49
    endloop
  endfacet
  facet normal -0.995201 0 0.0978506
    outer loop
      vertex -31.9211 29.05 48.7854
      vertex -31.9 29.9759 49
      vertex -31.9211 29.9759 48.7854
    endloop
  endfacet
  facet normal -0.995201 0 0.0978506
    outer loop
      vertex -31.9 29.9759 49
      vertex -31.9211 29.05 48.7854
      vertex -31.9 29.05 49
    endloop
  endfacet
  facet normal -0.634373 -9.87792e-19 -0.773027
    outer loop
      vertex -32.3889 29.05 49.9146
      vertex -32.2222 29.9759 49.7778
      vertex -32.2222 29.05 49.7778
    endloop
  endfacet
  facet normal -0.634373 -9.87792e-19 -0.773027
    outer loop
      vertex -32.2222 29.9759 49.7778
      vertex -32.3889 29.05 49.9146
      vertex -32.3889 29.9759 49.9146
    endloop
  endfacet
  facet normal -0.956954 0 0.290239
    outer loop
      vertex -31.9837 29.05 48.579
      vertex -31.9211 29.9759 48.7854
      vertex -31.9837 29.9759 48.579
    endloop
  endfacet
  facet normal -0.956954 0 0.290239
    outer loop
      vertex -31.9211 29.9759 48.7854
      vertex -31.9837 29.05 48.579
      vertex -31.9211 29.05 48.7854
    endloop
  endfacet
  facet normal -0.634373 9.87792e-19 0.773027
    outer loop
      vertex -32.3889 29.9759 48.0854
      vertex -32.2222 29.05 48.2222
      vertex -32.2222 29.9759 48.2222
    endloop
  endfacet
  facet normal -0.634373 9.87792e-19 0.773027
    outer loop
      vertex -32.2222 29.05 48.2222
      vertex -32.3889 29.9759 48.0854
      vertex -32.3889 29.05 48.0854
    endloop
  endfacet
  facet normal -0.773027 0 -0.634373
    outer loop
      vertex -32.0854 29.05 49.6111
      vertex -32.2222 29.9759 49.7778
      vertex -32.0854 29.9759 49.6111
    endloop
  endfacet
  facet normal -0.773027 -0 -0.634373
    outer loop
      vertex -32.2222 29.9759 49.7778
      vertex -32.0854 29.05 49.6111
      vertex -32.2222 29.05 49.7778
    endloop
  endfacet
  facet normal 0.881833 0 -0.471562
    outer loop
      vertex -33.9146 29.05 49.6111
      vertex -34 29.9759 49.4514
      vertex -33.9146 29.9759 49.6111
    endloop
  endfacet
  facet normal 0.881749 -3.48164e-05 -0.471719
    outer loop
      vertex -34.0163 29.05 49.421
      vertex -34 29.9759 49.4514
      vertex -33.9146 29.05 49.6111
    endloop
  endfacet
  facet normal 0.881308 9.86232e-19 -0.472543
    outer loop
      vertex -34 29.9759 49.4514
      vertex -34.0163 29.05 49.421
      vertex -34.0163 29.9743 49.421
    endloop
  endfacet
  facet normal -0.290239 -3.01604e-18 -0.956954
    outer loop
      vertex -32.7854 29.05 50.0789
      vertex -32.579 29.9759 50.0163
      vertex -32.579 29.05 50.0163
    endloop
  endfacet
  facet normal -0.290239 -3.01604e-18 -0.956954
    outer loop
      vertex -32.579 29.9759 50.0163
      vertex -32.7854 29.05 50.0789
      vertex -32.7854 29.9759 50.0789
    endloop
  endfacet
  facet normal 0.290239 -3.01604e-18 0.956954
    outer loop
      vertex -33.421 29.9759 47.9837
      vertex -33.2146 29.05 47.9211
      vertex -33.2146 29.9759 47.9211
    endloop
  endfacet
  facet normal 0.290239 -3.01604e-18 0.956954
    outer loop
      vertex -33.2146 29.05 47.9211
      vertex -33.421 29.9759 47.9837
      vertex -33.421 29.05 47.9837
    endloop
  endfacet
  facet normal 0.634373 9.87792e-19 -0.773027
    outer loop
      vertex -33.7778 29.05 49.7778
      vertex -33.6111 29.9759 49.9146
      vertex -33.6111 29.05 49.9146
    endloop
  endfacet
  facet normal 0.634373 9.87792e-19 -0.773027
    outer loop
      vertex -33.6111 29.9759 49.9146
      vertex -33.7778 29.05 49.7778
      vertex -33.7778 29.9759 49.7778
    endloop
  endfacet
  facet normal 0.956954 -3.04133e-18 0.290239
    outer loop
      vertex -34.0163 29.05 48.579
      vertex -34.0789 29.9682 48.7854
      vertex -34.0789 29.05 48.7854
    endloop
  endfacet
  facet normal 0.956954 -3.02126e-18 0.290239
    outer loop
      vertex -34.0789 29.9682 48.7854
      vertex -34.0163 29.05 48.579
      vertex -34.0163 29.9743 48.579
    endloop
  endfacet
  facet normal 0.0978506 1.95904e-18 0.995201
    outer loop
      vertex -33.2146 29.9759 47.9211
      vertex -33 29.05 47.9
      vertex -33 29.9759 47.9
    endloop
  endfacet
  facet normal 0.0978506 1.95904e-18 0.995201
    outer loop
      vertex -33 29.05 47.9
      vertex -33.2146 29.9759 47.9211
      vertex -33.2146 29.05 47.9211
    endloop
  endfacet
  facet normal 0.881308 -0 0.472543
    outer loop
      vertex -34.0163 29.05 48.579
      vertex -34 29.9759 48.5486
      vertex -34.0163 29.9743 48.579
    endloop
  endfacet
  facet normal 0.881749 -3.48164e-05 0.471719
    outer loop
      vertex -33.9146 29.05 48.3889
      vertex -34 29.9759 48.5486
      vertex -34.0163 29.05 48.579
    endloop
  endfacet
  facet normal 0.881833 8.26282e-19 0.471562
    outer loop
      vertex -34 29.9759 48.5486
      vertex -33.9146 29.05 48.3889
      vertex -33.9146 29.9759 48.3889
    endloop
  endfacet
  facet normal 0.773027 -0 0.634373
    outer loop
      vertex -33.9146 29.05 48.3889
      vertex -33.7778 29.9759 48.2222
      vertex -33.9146 29.9759 48.3889
    endloop
  endfacet
  facet normal 0.773027 0 0.634373
    outer loop
      vertex -33.7778 29.9759 48.2222
      vertex -33.9146 29.05 48.3889
      vertex -33.7778 29.05 48.2222
    endloop
  endfacet
  facet normal -0.0978506 1.95904e-18 -0.995201
    outer loop
      vertex -33 29.05 50.1
      vertex -32.7854 29.9759 50.0789
      vertex -32.7854 29.05 50.0789
    endloop
  endfacet
  facet normal -0.0978506 1.95904e-18 -0.995201
    outer loop
      vertex -32.7854 29.9759 50.0789
      vertex -33 29.05 50.1
      vertex -33 29.9759 50.1
    endloop
  endfacet
  facet normal 0.956954 0 -0.290239
    outer loop
      vertex -34.0163 29.05 49.421
      vertex -34.0789 29.9682 49.2146
      vertex -34.0163 29.9743 49.421
    endloop
  endfacet
  facet normal 0.956954 0 -0.290239
    outer loop
      vertex -34.0789 29.9682 49.2146
      vertex -34.0163 29.05 49.421
      vertex -34.0789 29.05 49.2146
    endloop
  endfacet
  facet normal -0.956935 1.37093e-18 -0.290303
    outer loop
      vertex 34.0163 29.05 6.42095
      vertex 34.0789 29.9682 6.2146
      vertex 34.0789 29.05 6.2146
    endloop
  endfacet
  facet normal -0.956935 1.36188e-18 -0.290303
    outer loop
      vertex 34.0789 29.9682 6.2146
      vertex 34.0163 29.05 6.42095
      vertex 34.0163 29.9743 6.42095
    endloop
  endfacet
  facet normal -0.995201 0 -0.0978506
    outer loop
      vertex 34.1 29.05 6
      vertex 34.0789 29.9682 6.2146
      vertex 34.1 29.9661 6
    endloop
  endfacet
  facet normal -0.995201 -0 -0.0978506
    outer loop
      vertex 34.0789 29.9682 6.2146
      vertex 34.1 29.05 6
      vertex 34.0789 29.05 6.2146
    endloop
  endfacet
  facet normal 0.290197 -1.56632e-18 -0.956967
    outer loop
      vertex 32.579 29.05 7.01627
      vertex 32.7854 29.9759 7.07886
      vertex 32.7854 29.05 7.07886
    endloop
  endfacet
  facet normal 0.290197 -1.56632e-18 -0.956967
    outer loop
      vertex 32.7854 29.9759 7.07886
      vertex 32.579 29.05 7.01627
      vertex 32.579 29.9759 7.01627
    endloop
  endfacet
  facet normal -0.773008 0 -0.634396
    outer loop
      vertex 33.9146 29.05 6.61113
      vertex 33.7778 29.9759 6.77782
      vertex 33.9146 29.9759 6.61113
    endloop
  endfacet
  facet normal -0.773008 -0 -0.634396
    outer loop
      vertex 33.7778 29.9759 6.77782
      vertex 33.9146 29.05 6.61113
      vertex 33.7778 29.05 6.77782
    endloop
  endfacet
  facet normal -0.881502 0 -0.472181
    outer loop
      vertex 34.0163 29.05 6.42095
      vertex 34 29.9759 6.45138
      vertex 34.0163 29.9743 6.42095
    endloop
  endfacet
  facet normal -0.881831 -2.60562e-05 -0.471565
    outer loop
      vertex 33.9146 29.05 6.61113
      vertex 34 29.9759 6.45138
      vertex 34.0163 29.05 6.42095
    endloop
  endfacet
  facet normal -0.881894 -7.7196e-19 -0.471448
    outer loop
      vertex 34 29.9759 6.45138
      vertex 33.9146 29.05 6.61113
      vertex 33.9146 29.9759 6.61113
    endloop
  endfacet
  facet normal -0.0980343 -1.39339e-18 0.995183
    outer loop
      vertex 33 29.9759 4.9
      vertex 33.2146 29.05 4.92114
      vertex 33.2146 29.9759 4.92114
    endloop
  endfacet
  facet normal -0.0980343 -1.39339e-18 0.995183
    outer loop
      vertex 33.2146 29.05 4.92114
      vertex 33 29.9759 4.9
      vertex 33 29.05 4.9
    endloop
  endfacet
  facet normal 0.773008 0 -0.634396
    outer loop
      vertex 32.2222 29.05 6.77782
      vertex 32.0854 29.9759 6.61113
      vertex 32.2222 29.9759 6.77782
    endloop
  endfacet
  facet normal 0.773008 0 -0.634396
    outer loop
      vertex 32.0854 29.9759 6.61113
      vertex 32.2222 29.05 6.77782
      vertex 32.0854 29.05 6.61113
    endloop
  endfacet
  facet normal -0.0980343 1.39339e-18 -0.995183
    outer loop
      vertex 33 29.05 7.1
      vertex 33.2146 29.9759 7.07886
      vertex 33.2146 29.05 7.07886
    endloop
  endfacet
  facet normal -0.0980343 1.39339e-18 -0.995183
    outer loop
      vertex 33.2146 29.9759 7.07886
      vertex 33 29.05 7.1
      vertex 33 29.9759 7.1
    endloop
  endfacet
  facet normal -0.956935 0 0.290303
    outer loop
      vertex 34.0163 29.05 5.57905
      vertex 34.0789 29.9682 5.7854
      vertex 34.0163 29.9743 5.57905
    endloop
  endfacet
  facet normal -0.956935 0 0.290303
    outer loop
      vertex 34.0789 29.9682 5.7854
      vertex 34.0163 29.05 5.57905
      vertex 34.0789 29.05 5.7854
    endloop
  endfacet
  facet normal 0.995201 0 -0.0978506
    outer loop
      vertex 31.9211 29.05 6.2146
      vertex 31.9 29.9759 6
      vertex 31.9211 29.9759 6.2146
    endloop
  endfacet
  facet normal 0.995201 0 -0.0978506
    outer loop
      vertex 31.9 29.9759 6
      vertex 31.9211 29.05 6.2146
      vertex 31.9 29.05 6
    endloop
  endfacet
  facet normal -0.471539 -9.59123e-19 -0.881845
    outer loop
      vertex 33.421 29.05 7.01627
      vertex 33.6111 29.9759 6.91462
      vertex 33.6111 29.05 6.91462
    endloop
  endfacet
  facet normal -0.471539 -9.59123e-19 -0.881845
    outer loop
      vertex 33.6111 29.9759 6.91462
      vertex 33.421 29.05 7.01627
      vertex 33.421 29.9759 7.01627
    endloop
  endfacet
  facet normal 0.0980343 1.39339e-18 0.995183
    outer loop
      vertex 32.7854 29.9759 4.92114
      vertex 33 29.05 4.9
      vertex 33 29.9759 4.9
    endloop
  endfacet
  facet normal 0.0980343 1.39339e-18 0.995183
    outer loop
      vertex 33 29.05 4.9
      vertex 32.7854 29.9759 4.92114
      vertex 32.7854 29.05 4.92114
    endloop
  endfacet
  facet normal 0.956935 -0 0.290303
    outer loop
      vertex 31.9211 29.05 5.7854
      vertex 31.9837 29.9759 5.57905
      vertex 31.9211 29.9759 5.7854
    endloop
  endfacet
  facet normal 0.956935 0 0.290303
    outer loop
      vertex 31.9837 29.9759 5.57905
      vertex 31.9211 29.05 5.7854
      vertex 31.9837 29.05 5.57905
    endloop
  endfacet
  facet normal 0.471539 9.59123e-19 -0.881845
    outer loop
      vertex 32.3889 29.05 6.91462
      vertex 32.579 29.9759 7.01627
      vertex 32.579 29.05 7.01627
    endloop
  endfacet
  facet normal 0.471539 9.59123e-19 -0.881845
    outer loop
      vertex 32.579 29.9759 7.01627
      vertex 32.3889 29.05 6.91462
      vertex 32.3889 29.9759 6.91462
    endloop
  endfacet
  facet normal 0.471539 -9.59123e-19 0.881845
    outer loop
      vertex 32.3889 29.9759 5.08538
      vertex 32.579 29.05 4.98373
      vertex 32.579 29.9759 4.98373
    endloop
  endfacet
  facet normal 0.471539 -9.59123e-19 0.881845
    outer loop
      vertex 32.579 29.05 4.98373
      vertex 32.3889 29.9759 5.08538
      vertex 32.3889 29.05 5.08538
    endloop
  endfacet
  facet normal -0.290197 -1.56632e-18 0.956967
    outer loop
      vertex 33.2146 29.9759 4.92114
      vertex 33.421 29.05 4.98373
      vertex 33.421 29.9759 4.98373
    endloop
  endfacet
  facet normal -0.290197 -1.56632e-18 0.956967
    outer loop
      vertex 33.421 29.05 4.98373
      vertex 33.2146 29.9759 4.92114
      vertex 33.2146 29.05 4.92114
    endloop
  endfacet
  facet normal -0.881882 0 0.471471
    outer loop
      vertex 33.9146 29.05 5.38887
      vertex 34 29.9759 5.54861
      vertex 33.9146 29.9759 5.38887
    endloop
  endfacet
  facet normal -0.881831 -2.09631e-05 0.471565
    outer loop
      vertex 34.0163 29.05 5.57905
      vertex 34 29.9759 5.54861
      vertex 33.9146 29.05 5.38887
    endloop
  endfacet
  facet normal -0.881566 -4.29824e-19 0.472061
    outer loop
      vertex 34 29.9759 5.54861
      vertex 34.0163 29.05 5.57905
      vertex 34.0163 29.9743 5.57905
    endloop
  endfacet
  facet normal -0.773008 0 0.634396
    outer loop
      vertex 33.7778 29.05 5.22218
      vertex 33.9146 29.9759 5.38887
      vertex 33.7778 29.9759 5.22218
    endloop
  endfacet
  facet normal -0.773008 0 0.634396
    outer loop
      vertex 33.9146 29.9759 5.38887
      vertex 33.7778 29.05 5.22218
      vertex 33.9146 29.05 5.38887
    endloop
  endfacet
  facet normal -0.290197 1.56632e-18 -0.956967
    outer loop
      vertex 33.2146 29.05 7.07886
      vertex 33.421 29.9759 7.01627
      vertex 33.421 29.05 7.01627
    endloop
  endfacet
  facet normal -0.290197 1.56632e-18 -0.956967
    outer loop
      vertex 33.421 29.9759 7.01627
      vertex 33.2146 29.05 7.07886
      vertex 33.2146 29.9759 7.07886
    endloop
  endfacet
  facet normal 0.956935 0 -0.290303
    outer loop
      vertex 31.9837 29.05 6.42095
      vertex 31.9211 29.9759 6.2146
      vertex 31.9837 29.9759 6.42095
    endloop
  endfacet
  facet normal 0.956935 0 -0.290303
    outer loop
      vertex 31.9211 29.9759 6.2146
      vertex 31.9837 29.05 6.42095
      vertex 31.9211 29.05 6.2146
    endloop
  endfacet
  facet normal 0.0980343 -1.39339e-18 -0.995183
    outer loop
      vertex 32.7854 29.05 7.07886
      vertex 33 29.9759 7.1
      vertex 33 29.05 7.1
    endloop
  endfacet
  facet normal 0.0980343 -1.39339e-18 -0.995183
    outer loop
      vertex 33 29.9759 7.1
      vertex 32.7854 29.05 7.07886
      vertex 32.7854 29.9759 7.07886
    endloop
  endfacet
  facet normal -0.471539 9.59123e-19 0.881845
    outer loop
      vertex 33.421 29.9759 4.98373
      vertex 33.6111 29.05 5.08538
      vertex 33.6111 29.9759 5.08538
    endloop
  endfacet
  facet normal -0.471539 9.59123e-19 0.881845
    outer loop
      vertex 33.6111 29.05 5.08538
      vertex 33.421 29.9759 4.98373
      vertex 33.421 29.05 4.98373
    endloop
  endfacet
  facet normal -0.995201 0 0.0978506
    outer loop
      vertex 34.0789 29.05 5.7854
      vertex 34.1 29.9661 6
      vertex 34.0789 29.9682 5.7854
    endloop
  endfacet
  facet normal -0.995201 0 0.0978506
    outer loop
      vertex 34.1 29.9661 6
      vertex 34.0789 29.05 5.7854
      vertex 34.1 29.05 6
    endloop
  endfacet
  facet normal 0.634373 6.63158e-18 -0.773027
    outer loop
      vertex 32.2222 29.05 6.77782
      vertex 32.3889 29.9759 6.91462
      vertex 32.3889 29.05 6.91462
    endloop
  endfacet
  facet normal 0.634373 6.63158e-18 -0.773027
    outer loop
      vertex 32.3889 29.9759 6.91462
      vertex 32.2222 29.05 6.77782
      vertex 32.2222 29.9759 6.77782
    endloop
  endfacet
  facet normal -0.634373 -6.63158e-18 -0.773027
    outer loop
      vertex 33.6111 29.05 6.91462
      vertex 33.7778 29.9759 6.77782
      vertex 33.7778 29.05 6.77782
    endloop
  endfacet
  facet normal -0.634373 -6.63158e-18 -0.773027
    outer loop
      vertex 33.7778 29.9759 6.77782
      vertex 33.6111 29.05 6.91462
      vertex 33.6111 29.9759 6.91462
    endloop
  endfacet
  facet normal 0.290197 1.56632e-18 0.956967
    outer loop
      vertex 32.579 29.9759 4.98373
      vertex 32.7854 29.05 4.92114
      vertex 32.7854 29.9759 4.92114
    endloop
  endfacet
  facet normal 0.290197 1.56632e-18 0.956967
    outer loop
      vertex 32.7854 29.05 4.92114
      vertex 32.579 29.9759 4.98373
      vertex 32.579 29.05 4.98373
    endloop
  endfacet
  facet normal 0.881831 -0 0.471565
    outer loop
      vertex 31.9837 29.05 5.57905
      vertex 32.0854 29.9759 5.38887
      vertex 31.9837 29.9759 5.57905
    endloop
  endfacet
  facet normal 0.881831 0 0.471565
    outer loop
      vertex 32.0854 29.9759 5.38887
      vertex 31.9837 29.05 5.57905
      vertex 32.0854 29.05 5.38887
    endloop
  endfacet
  facet normal -0.634373 6.63158e-18 0.773027
    outer loop
      vertex 33.6111 29.9759 5.08538
      vertex 33.7778 29.05 5.22218
      vertex 33.7778 29.9759 5.22218
    endloop
  endfacet
  facet normal -0.634373 6.63158e-18 0.773027
    outer loop
      vertex 33.7778 29.05 5.22218
      vertex 33.6111 29.9759 5.08538
      vertex 33.6111 29.05 5.08538
    endloop
  endfacet
  facet normal 0.773008 -0 0.634396
    outer loop
      vertex 32.0854 29.05 5.38887
      vertex 32.2222 29.9759 5.22218
      vertex 32.0854 29.9759 5.38887
    endloop
  endfacet
  facet normal 0.773008 0 0.634396
    outer loop
      vertex 32.2222 29.9759 5.22218
      vertex 32.0854 29.05 5.38887
      vertex 32.2222 29.05 5.22218
    endloop
  endfacet
  facet normal 0.634373 -6.63158e-18 0.773027
    outer loop
      vertex 32.2222 29.9759 5.22218
      vertex 32.3889 29.05 5.08538
      vertex 32.3889 29.9759 5.08538
    endloop
  endfacet
  facet normal 0.634373 -6.63158e-18 0.773027
    outer loop
      vertex 32.3889 29.05 5.08538
      vertex 32.2222 29.9759 5.22218
      vertex 32.2222 29.05 5.22218
    endloop
  endfacet
  facet normal 0.995201 -0 0.0978506
    outer loop
      vertex 31.9 29.05 6
      vertex 31.9211 29.9759 5.7854
      vertex 31.9 29.9759 6
    endloop
  endfacet
  facet normal 0.995201 0 0.0978506
    outer loop
      vertex 31.9211 29.9759 5.7854
      vertex 31.9 29.05 6
      vertex 31.9211 29.05 5.7854
    endloop
  endfacet
  facet normal 0.881831 0 -0.471565
    outer loop
      vertex 32.0854 29.05 6.61113
      vertex 31.9837 29.9759 6.42095
      vertex 32.0854 29.9759 6.61113
    endloop
  endfacet
  facet normal 0.881831 0 -0.471565
    outer loop
      vertex 31.9837 29.9759 6.42095
      vertex 32.0854 29.05 6.61113
      vertex 31.9837 29.05 6.42095
    endloop
  endfacet
  facet normal 0.995201 -0 0.0978506
    outer loop
      vertex 31.9 29.05 49
      vertex 31.9211 29.9759 48.7854
      vertex 31.9 29.9759 49
    endloop
  endfacet
  facet normal 0.995201 0 0.0978506
    outer loop
      vertex 31.9211 29.9759 48.7854
      vertex 31.9 29.05 49
      vertex 31.9211 29.05 48.7854
    endloop
  endfacet
  facet normal -0.956954 -3.04133e-18 -0.290239
    outer loop
      vertex 34.0163 29.05 49.421
      vertex 34.0789 29.9682 49.2146
      vertex 34.0789 29.05 49.2146
    endloop
  endfacet
  facet normal -0.956954 -3.02126e-18 -0.290239
    outer loop
      vertex 34.0789 29.9682 49.2146
      vertex 34.0163 29.05 49.421
      vertex 34.0163 29.9743 49.421
    endloop
  endfacet
  facet normal -0.995201 0 -0.0978506
    outer loop
      vertex 34.1 29.05 49
      vertex 34.0789 29.9682 49.2146
      vertex 34.1 29.9661 49
    endloop
  endfacet
  facet normal -0.995201 -0 -0.0978506
    outer loop
      vertex 34.0789 29.9682 49.2146
      vertex 34.1 29.05 49
      vertex 34.0789 29.05 49.2146
    endloop
  endfacet
  facet normal 0.290239 3.01604e-18 -0.956954
    outer loop
      vertex 32.579 29.05 50.0163
      vertex 32.7854 29.9759 50.0789
      vertex 32.7854 29.05 50.0789
    endloop
  endfacet
  facet normal 0.290239 3.01604e-18 -0.956954
    outer loop
      vertex 32.7854 29.9759 50.0789
      vertex 32.579 29.05 50.0163
      vertex 32.579 29.9759 50.0163
    endloop
  endfacet
  facet normal -0.773027 0 -0.634373
    outer loop
      vertex 33.9146 29.05 49.6111
      vertex 33.7778 29.9759 49.7778
      vertex 33.9146 29.9759 49.6111
    endloop
  endfacet
  facet normal -0.773027 -0 -0.634373
    outer loop
      vertex 33.7778 29.9759 49.7778
      vertex 33.9146 29.05 49.6111
      vertex 33.7778 29.05 49.7778
    endloop
  endfacet
  facet normal -0.881308 0 -0.472543
    outer loop
      vertex 34.0163 29.05 49.421
      vertex 34 29.9759 49.4514
      vertex 34.0163 29.9743 49.421
    endloop
  endfacet
  facet normal -0.881749 -3.48164e-05 -0.471719
    outer loop
      vertex 33.9146 29.05 49.6111
      vertex 34 29.9759 49.4514
      vertex 34.0163 29.05 49.421
    endloop
  endfacet
  facet normal -0.881833 8.26282e-19 -0.471562
    outer loop
      vertex 34 29.9759 49.4514
      vertex 33.9146 29.05 49.6111
      vertex 33.9146 29.9759 49.6111
    endloop
  endfacet
  facet normal -0.0978506 -1.95904e-18 0.995201
    outer loop
      vertex 33 29.9759 47.9
      vertex 33.2146 29.05 47.9211
      vertex 33.2146 29.9759 47.9211
    endloop
  endfacet
  facet normal -0.0978506 -1.95904e-18 0.995201
    outer loop
      vertex 33.2146 29.05 47.9211
      vertex 33 29.9759 47.9
      vertex 33 29.05 47.9
    endloop
  endfacet
  facet normal 0.773027 0 -0.634373
    outer loop
      vertex 32.2222 29.05 49.7778
      vertex 32.0854 29.9759 49.6111
      vertex 32.2222 29.9759 49.7778
    endloop
  endfacet
  facet normal 0.773027 0 -0.634373
    outer loop
      vertex 32.0854 29.9759 49.6111
      vertex 32.2222 29.05 49.7778
      vertex 32.0854 29.05 49.6111
    endloop
  endfacet
  facet normal -0.0978506 1.95904e-18 -0.995201
    outer loop
      vertex 33 29.05 50.1
      vertex 33.2146 29.9759 50.0789
      vertex 33.2146 29.05 50.0789
    endloop
  endfacet
  facet normal -0.0978506 1.95904e-18 -0.995201
    outer loop
      vertex 33.2146 29.9759 50.0789
      vertex 33 29.05 50.1
      vertex 33 29.9759 50.1
    endloop
  endfacet
  facet normal -0.956954 0 0.290239
    outer loop
      vertex 34.0163 29.05 48.579
      vertex 34.0789 29.9682 48.7854
      vertex 34.0163 29.9743 48.579
    endloop
  endfacet
  facet normal -0.956954 0 0.290239
    outer loop
      vertex 34.0789 29.9682 48.7854
      vertex 34.0163 29.05 48.579
      vertex 34.0789 29.05 48.7854
    endloop
  endfacet
  facet normal 0.995201 0 -0.0978506
    outer loop
      vertex 31.9211 29.05 49.2146
      vertex 31.9 29.9759 49
      vertex 31.9211 29.9759 49.2146
    endloop
  endfacet
  facet normal 0.995201 0 -0.0978506
    outer loop
      vertex 31.9 29.9759 49
      vertex 31.9211 29.05 49.2146
      vertex 31.9 29.05 49
    endloop
  endfacet
  facet normal -0.471719 -6.37017e-19 -0.881749
    outer loop
      vertex 33.421 29.05 50.0163
      vertex 33.6111 29.9759 49.9146
      vertex 33.6111 29.05 49.9146
    endloop
  endfacet
  facet normal -0.471719 -6.37017e-19 -0.881749
    outer loop
      vertex 33.6111 29.9759 49.9146
      vertex 33.421 29.05 50.0163
      vertex 33.421 29.9759 50.0163
    endloop
  endfacet
  facet normal 0.0978506 1.95904e-18 0.995201
    outer loop
      vertex 32.7854 29.9759 47.9211
      vertex 33 29.05 47.9
      vertex 33 29.9759 47.9
    endloop
  endfacet
  facet normal 0.0978506 1.95904e-18 0.995201
    outer loop
      vertex 33 29.05 47.9
      vertex 32.7854 29.9759 47.9211
      vertex 32.7854 29.05 47.9211
    endloop
  endfacet
  facet normal 0.956954 -0 0.290239
    outer loop
      vertex 31.9211 29.05 48.7854
      vertex 31.9837 29.9759 48.579
      vertex 31.9211 29.9759 48.7854
    endloop
  endfacet
  facet normal 0.956954 0 0.290239
    outer loop
      vertex 31.9837 29.9759 48.579
      vertex 31.9211 29.05 48.7854
      vertex 31.9837 29.05 48.579
    endloop
  endfacet
  facet normal 0.471719 -6.37017e-19 0.881749
    outer loop
      vertex 32.3889 29.9759 48.0854
      vertex 32.579 29.05 47.9837
      vertex 32.579 29.9759 47.9837
    endloop
  endfacet
  facet normal 0.471719 -6.37017e-19 0.881749
    outer loop
      vertex 32.579 29.05 47.9837
      vertex 32.3889 29.9759 48.0854
      vertex 32.3889 29.05 48.0854
    endloop
  endfacet
  facet normal -0.290239 3.01604e-18 0.956954
    outer loop
      vertex 33.2146 29.9759 47.9211
      vertex 33.421 29.05 47.9837
      vertex 33.421 29.9759 47.9837
    endloop
  endfacet
  facet normal -0.290239 3.01604e-18 0.956954
    outer loop
      vertex 33.421 29.05 47.9837
      vertex 33.2146 29.9759 47.9211
      vertex 33.2146 29.05 47.9211
    endloop
  endfacet
  facet normal -0.881833 0 0.471562
    outer loop
      vertex 33.9146 29.05 48.3889
      vertex 34 29.9759 48.5486
      vertex 33.9146 29.9759 48.3889
    endloop
  endfacet
  facet normal -0.881749 -3.48164e-05 0.471719
    outer loop
      vertex 34.0163 29.05 48.579
      vertex 34 29.9759 48.5486
      vertex 33.9146 29.05 48.3889
    endloop
  endfacet
  facet normal -0.881308 9.86232e-19 0.472543
    outer loop
      vertex 34 29.9759 48.5486
      vertex 34.0163 29.05 48.579
      vertex 34.0163 29.9743 48.579
    endloop
  endfacet
  facet normal -0.773027 0 0.634373
    outer loop
      vertex 33.7778 29.05 48.2222
      vertex 33.9146 29.9759 48.3889
      vertex 33.7778 29.9759 48.2222
    endloop
  endfacet
  facet normal -0.773027 0 0.634373
    outer loop
      vertex 33.9146 29.9759 48.3889
      vertex 33.7778 29.05 48.2222
      vertex 33.9146 29.05 48.3889
    endloop
  endfacet
  facet normal -0.290239 -3.01604e-18 -0.956954
    outer loop
      vertex 33.2146 29.05 50.0789
      vertex 33.421 29.9759 50.0163
      vertex 33.421 29.05 50.0163
    endloop
  endfacet
  facet normal -0.290239 -3.01604e-18 -0.956954
    outer loop
      vertex 33.421 29.9759 50.0163
      vertex 33.2146 29.05 50.0789
      vertex 33.2146 29.9759 50.0789
    endloop
  endfacet
  facet normal 0.956954 0 -0.290239
    outer loop
      vertex 31.9837 29.05 49.421
      vertex 31.9211 29.9759 49.2146
      vertex 31.9837 29.9759 49.421
    endloop
  endfacet
  facet normal 0.956954 0 -0.290239
    outer loop
      vertex 31.9211 29.9759 49.2146
      vertex 31.9837 29.05 49.421
      vertex 31.9211 29.05 49.2146
    endloop
  endfacet
  facet normal 0.0978506 -1.95904e-18 -0.995201
    outer loop
      vertex 32.7854 29.05 50.0789
      vertex 33 29.9759 50.1
      vertex 33 29.05 50.1
    endloop
  endfacet
  facet normal 0.0978506 -1.95904e-18 -0.995201
    outer loop
      vertex 33 29.9759 50.1
      vertex 32.7854 29.05 50.0789
      vertex 32.7854 29.9759 50.0789
    endloop
  endfacet
  facet normal -0.471719 6.37017e-19 0.881749
    outer loop
      vertex 33.421 29.9759 47.9837
      vertex 33.6111 29.05 48.0854
      vertex 33.6111 29.9759 48.0854
    endloop
  endfacet
  facet normal -0.471719 6.37017e-19 0.881749
    outer loop
      vertex 33.6111 29.05 48.0854
      vertex 33.421 29.9759 47.9837
      vertex 33.421 29.05 47.9837
    endloop
  endfacet
  facet normal -0.995201 0 0.0978506
    outer loop
      vertex 34.0789 29.05 48.7854
      vertex 34.1 29.9661 49
      vertex 34.0789 29.9682 48.7854
    endloop
  endfacet
  facet normal -0.995201 0 0.0978506
    outer loop
      vertex 34.1 29.9661 49
      vertex 34.0789 29.05 48.7854
      vertex 34.1 29.05 49
    endloop
  endfacet
  facet normal 0.634373 9.87792e-19 -0.773027
    outer loop
      vertex 32.2222 29.05 49.7778
      vertex 32.3889 29.9759 49.9146
      vertex 32.3889 29.05 49.9146
    endloop
  endfacet
  facet normal 0.634373 9.87792e-19 -0.773027
    outer loop
      vertex 32.3889 29.9759 49.9146
      vertex 32.2222 29.05 49.7778
      vertex 32.2222 29.9759 49.7778
    endloop
  endfacet
  facet normal -0.634373 -9.87792e-19 -0.773027
    outer loop
      vertex 33.6111 29.05 49.9146
      vertex 33.7778 29.9759 49.7778
      vertex 33.7778 29.05 49.7778
    endloop
  endfacet
  facet normal -0.634373 -9.87792e-19 -0.773027
    outer loop
      vertex 33.7778 29.9759 49.7778
      vertex 33.6111 29.05 49.9146
      vertex 33.6111 29.9759 49.9146
    endloop
  endfacet
  facet normal 0.471719 6.37017e-19 -0.881749
    outer loop
      vertex 32.3889 29.05 49.9146
      vertex 32.579 29.9759 50.0163
      vertex 32.579 29.05 50.0163
    endloop
  endfacet
  facet normal 0.471719 6.37017e-19 -0.881749
    outer loop
      vertex 32.579 29.9759 50.0163
      vertex 32.3889 29.05 49.9146
      vertex 32.3889 29.9759 49.9146
    endloop
  endfacet
  facet normal 0.290239 -3.01604e-18 0.956954
    outer loop
      vertex 32.579 29.9759 47.9837
      vertex 32.7854 29.05 47.9211
      vertex 32.7854 29.9759 47.9211
    endloop
  endfacet
  facet normal 0.290239 -3.01604e-18 0.956954
    outer loop
      vertex 32.7854 29.05 47.9211
      vertex 32.579 29.9759 47.9837
      vertex 32.579 29.05 47.9837
    endloop
  endfacet
  facet normal 0.881749 -0 0.471719
    outer loop
      vertex 31.9837 29.05 48.579
      vertex 32.0854 29.9759 48.3889
      vertex 31.9837 29.9759 48.579
    endloop
  endfacet
  facet normal 0.881749 0 0.471719
    outer loop
      vertex 32.0854 29.9759 48.3889
      vertex 31.9837 29.05 48.579
      vertex 32.0854 29.05 48.3889
    endloop
  endfacet
  facet normal -0.634373 9.87792e-19 0.773027
    outer loop
      vertex 33.6111 29.9759 48.0854
      vertex 33.7778 29.05 48.2222
      vertex 33.7778 29.9759 48.2222
    endloop
  endfacet
  facet normal -0.634373 9.87792e-19 0.773027
    outer loop
      vertex 33.7778 29.05 48.2222
      vertex 33.6111 29.9759 48.0854
      vertex 33.6111 29.05 48.0854
    endloop
  endfacet
  facet normal 0.773027 -0 0.634373
    outer loop
      vertex 32.0854 29.05 48.3889
      vertex 32.2222 29.9759 48.2222
      vertex 32.0854 29.9759 48.3889
    endloop
  endfacet
  facet normal 0.773027 0 0.634373
    outer loop
      vertex 32.2222 29.9759 48.2222
      vertex 32.0854 29.05 48.3889
      vertex 32.2222 29.05 48.2222
    endloop
  endfacet
  facet normal 0.634373 -9.87792e-19 0.773027
    outer loop
      vertex 32.2222 29.9759 48.2222
      vertex 32.3889 29.05 48.0854
      vertex 32.3889 29.9759 48.0854
    endloop
  endfacet
  facet normal 0.634373 -9.87792e-19 0.773027
    outer loop
      vertex 32.3889 29.05 48.0854
      vertex 32.2222 29.9759 48.2222
      vertex 32.2222 29.05 48.2222
    endloop
  endfacet
  facet normal 0.881749 0 -0.471719
    outer loop
      vertex 32.0854 29.05 49.6111
      vertex 31.9837 29.9759 49.421
      vertex 32.0854 29.9759 49.6111
    endloop
  endfacet
  facet normal 0.881749 0 -0.471719
    outer loop
      vertex 31.9837 29.9759 49.421
      vertex 32.0854 29.05 49.6111
      vertex 31.9837 29.05 49.421
    endloop
  endfacet
  facet normal 0.0695084 -0.705375 -0.705418
    outer loop
      vertex 34.754 -28.7908 1.82803
      vertex 34 -28.8651 1.82803
      vertex 34.6188 -28.111 1.13495
    endloop
  endfacet
  facet normal 0 -0.555524 0.831501
    outer loop
      vertex -34 -27.357 54.4096
      vertex 34 -28.172 53.8651
      vertex 34 -27.357 54.4096
    endloop
  endfacet
  facet normal 0 -0.555524 0.831501
    outer loop
      vertex 34 -28.172 53.8651
      vertex -34 -27.357 54.4096
      vertex -34 -28.172 53.8651
    endloop
  endfacet
  facet normal 0.923878 0 -0.382688
    outer loop
      vertex 38.7847 -25 3.54858
      vertex 38.4096 25 2.64302
      vertex 38.7847 25 3.54858
    endloop
  endfacet
  facet normal 0.923878 0 -0.382688
    outer loop
      vertex 38.4096 25 2.64302
      vertex 38.7847 -25 3.54858
      vertex 38.4096 -25 2.64302
    endloop
  endfacet
  facet normal 0.622317 -0.758285 -0.194231
    outer loop
      vertex 36.7645 -29.1373 4.50991
      vertex 36.6582 -28.9783 3.54858
      vertex 37.5185 -28.5185 4.50991
    endloop
  endfacet
  facet normal -0.92008 -0.0905886 -0.381112
    outer loop
      vertex -38.6928 -25.9334 3.54858
      vertex -38.7847 -25 3.54858
      vertex -38.3249 -25.8603 2.64302
    endloop
  endfacet
  facet normal 0.205729 -0.67828 -0.705416
    outer loop
      vertex 34.754 -28.7908 1.82803
      vertex 34.6188 -28.111 1.13495
      vertex 35.2139 -27.9305 1.13495
    endloop
  endfacet
  facet normal 0.705395 0.0695364 0.705395
    outer loop
      vertex 37.8651 25 53.172
      vertex 37.111 25.6188 53.8651
      vertex 37.172 25 53.8651
    endloop
  endfacet
  facet normal -0.920086 0.0905891 0.381097
    outer loop
      vertex -38.6928 25.9334 51.4514
      vertex -38.7847 25 51.4514
      vertex -38.3249 25.8603 52.357
    endloop
  endfacet
  facet normal -0.554413 0.0546528 0.830445
    outer loop
      vertex -37.172 25 53.8651
      vertex -37 25.5277 53.9452
      vertex -37.111 25.6188 53.8651
    endloop
  endfacet
  facet normal -0.554648 0.0547542 0.830282
    outer loop
      vertex -37 25.5277 53.9452
      vertex -37.172 25 53.8651
      vertex -37 25 53.98
    endloop
  endfacet
  facet normal 0.0546805 -0.554693 0.830257
    outer loop
      vertex 34 -27.357 54.4096
      vertex 34 -28.172 53.8651
      vertex 34.6188 -28.111 53.8651
    endloop
  endfacet
  facet normal 0.28472 -0.93874 -0.194171
    outer loop
      vertex 34.9708 -29.8803 4.50991
      vertex 34.9334 -29.6928 3.54858
      vertex 35.9042 -29.5972 4.50991
    endloop
  endfacet
  facet normal 0.554413 0.0546528 0.830445
    outer loop
      vertex 37 25.5277 53.9452
      vertex 37.172 25 53.8651
      vertex 37.111 25.6188 53.8651
    endloop
  endfacet
  facet normal 0.554648 0.0547542 0.830282
    outer loop
      vertex 37.172 25 53.8651
      vertex 37 25.5277 53.9452
      vertex 37 25 53.98
    endloop
  endfacet
  facet normal 0.995186 -0.0980014 -1.26761e-19
    outer loop
      vertex 38.8803 -25.9708 50.4901
      vertex 38.9759 -25 4.50991
      vertex 38.9759 -25 50.4901
    endloop
  endfacet
  facet normal 0.995186 -0.0980014 -1.26761e-19
    outer loop
      vertex 38.9759 -25 4.50991
      vertex 38.8803 -25.9708 50.4901
      vertex 38.8803 -25.9708 4.50991
    endloop
  endfacet
  facet normal -0.678285 0.205709 -0.705417
    outer loop
      vertex -37.7908 25.754 1.82803
      vertex -37 25.9848 1.13495
      vertex -37.111 25.6188 1.13495
    endloop
  endfacet
  facet normal -0.678287 0.205774 -0.705397
    outer loop
      vertex -37 25.9848 1.13495
      vertex -37.7908 25.754 1.82803
      vertex -37 26.1767 1.19093
    endloop
  endfacet
  facet normal -2.11574e-20 -0.831497 -0.555529
    outer loop
      vertex -34 -28.8651 1.82803
      vertex 34 -29.4096 2.64302
      vertex -34 -29.4096 2.64302
    endloop
  endfacet
  facet normal -2.11574e-20 -0.831497 -0.555529
    outer loop
      vertex 34 -29.4096 2.64302
      vertex -34 -28.8651 1.82803
      vertex 34 -28.8651 1.82803
    endloop
  endfacet
  facet normal 2.84378e-19 0.831475 -0.555563
    outer loop
      vertex 34 29.05 2.10483
      vertex -34 29.4096 2.64302
      vertex 34 29.4096 2.64302
    endloop
  endfacet
  facet normal 2.84378e-19 0.831475 -0.555563
    outer loop
      vertex -34 29.4096 2.64302
      vertex 34 29.05 2.10483
      vertex -34 29.05 2.10483
    endloop
  endfacet
  facet normal -0.714721 0.586483 -0.381067
    outer loop
      vertex -37.1181 28.1181 2.64302
      vertex -37.9783 27.6582 3.54858
      vertex -37.3833 28.3833 3.54858
    endloop
  endfacet
  facet normal -0.678274 -0.205837 -0.70539
    outer loop
      vertex -37.5708 -26.4791 1.82803
      vertex -37 -26.1767 1.19093
      vertex -37 -26.2426 1.21016
    endloop
  endfacet
  facet normal -0.67829 -0.205798 -0.705386
    outer loop
      vertex -37 -26.1767 1.19093
      vertex -37.5708 -26.4791 1.82803
      vertex -37.7908 -25.754 1.82803
    endloop
  endfacet
  facet normal -0.97625 -0.0961367 -0.19415
    outer loop
      vertex -38.8803 -25.9708 4.50991
      vertex -38.9759 -25 4.50991
      vertex -38.6928 -25.9334 3.54858
    endloop
  endfacet
  facet normal -0.0815916 -0.828728 0.553672
    outer loop
      vertex -34 -28.8651 53.172
      vertex -34.8603 -29.3249 52.357
      vertex -34 -29.4096 52.357
    endloop
  endfacet
  facet normal -0.714723 0.586494 0.381047
    outer loop
      vertex -37.1181 28.1181 52.357
      vertex -37.9783 27.6582 51.4514
      vertex -37.6665 27.4498 52.357
    endloop
  endfacet
  facet normal -0.28472 -0.93874 -0.194171
    outer loop
      vertex -34.9708 -29.8803 4.50991
      vertex -35.9042 -29.5972 4.50991
      vertex -34.9334 -29.6928 3.54858
    endloop
  endfacet
  facet normal -0.815367 0.435874 0.381038
    outer loop
      vertex -37.9783 27.6582 51.4514
      vertex -38.4205 26.831 51.4514
      vertex -37.6665 27.4498 52.357
    endloop
  endfacet
  facet normal -0.995186 0.0980014 -1.26761e-19
    outer loop
      vertex -38.9759 25 4.50991
      vertex -38.8803 25.9708 50.4901
      vertex -38.8803 25.9708 4.50991
    endloop
  endfacet
  facet normal -0.995186 0.0980014 -1.26761e-19
    outer loop
      vertex -38.8803 25.9708 50.4901
      vertex -38.9759 25 4.50991
      vertex -38.9759 25 50.4901
    endloop
  endfacet
  facet normal -0.705385 -0.0695094 0.705408
    outer loop
      vertex -37.111 -25.6188 53.8651
      vertex -37.8651 -25 53.172
      vertex -37.7908 -25.754 53.172
    endloop
  endfacet
  facet normal -0.555481 7.00331e-21 0.831529
    outer loop
      vertex -37.172 25 53.8651
      vertex -37 -25 53.98
      vertex -37 25 53.98
    endloop
  endfacet
  facet normal -0.555481 7.00331e-21 0.831529
    outer loop
      vertex -37 -25 53.98
      vertex -37.172 25 53.8651
      vertex -37.172 -25 53.8651
    endloop
  endfacet
  facet normal 0.554684 0.054643 -0.830265
    outer loop
      vertex 37 25.5277 1.05477
      vertex 37.172 25 1.13495
      vertex 37 25 1.02004
    endloop
  endfacet
  facet normal 0.554794 0.0546905 -0.830188
    outer loop
      vertex 37.172 25 1.13495
      vertex 37 25.5277 1.05477
      vertex 37.111 25.6188 1.13495
    endloop
  endfacet
  facet normal -0.714725 0.586487 0.381053
    outer loop
      vertex -37.3833 28.3833 51.4514
      vertex -37.9783 27.6582 51.4514
      vertex -37.1181 28.1181 52.357
    endloop
  endfacet
  facet normal -0.334149 -0.625091 0.705412
    outer loop
      vertex -35.7622 -27.6374 53.8651
      vertex -36.1473 -28.2137 53.172
      vertex -35.2139 -27.9305 53.8651
    endloop
  endfacet
  facet normal 0.430938 -0.353641 0.830199
    outer loop
      vertex 36.4012 -27.05 53.8651
      vertex 36.05 -27.05 54.0474
      vertex 36.2429 -27.2429 53.8651
    endloop
  endfacet
  facet normal 0.462462 -0.865104 -0.194227
    outer loop
      vertex 35.9042 -29.5972 4.50991
      vertex 35.831 -29.4205 3.54858
      vertex 36.6582 -28.9783 3.54858
    endloop
  endfacet
  facet normal -0.79683 0.241763 0.553726
    outer loop
      vertex -37.5708 26.4791 53.172
      vertex -38.3249 25.8603 52.357
      vertex -37.7908 25.754 53.172
    endloop
  endfacet
  facet normal -0.471445 -0.881896 0
    outer loop
      vertex -36.7645 -29.1373 4.50991
      vertex -35.9042 -29.5972 50.4901
      vertex -36.7645 -29.1373 50.4901
    endloop
  endfacet
  facet normal -0.471445 -0.881896 -0
    outer loop
      vertex -35.9042 -29.5972 50.4901
      vertex -36.7645 -29.1373 4.50991
      vertex -35.9042 -29.5972 4.50991
    endloop
  endfacet
  facet normal -0.884683 0.268442 -0.381148
    outer loop
      vertex -38.3249 25.8603 2.64302
      vertex -38.4205 26.831 3.54858
      vertex -38.0739 26.6875 2.64302
    endloop
  endfacet
  facet normal 0.334149 -0.625091 0.705412
    outer loop
      vertex 35.7622 -27.6374 53.8651
      vertex 35.2139 -27.9305 53.8651
      vertex 36.1473 -28.2137 53.172
    endloop
  endfacet
  facet normal 0.430938 -0.353641 -0.830199
    outer loop
      vertex 36.2429 -27.2429 1.13495
      vertex 36.05 -27.05 0.95265
      vertex 36.4012 -27.05 1.13495
    endloop
  endfacet
  facet normal -0.643702 -0.528215 0.553748
    outer loop
      vertex -36.733 -27.733 53.172
      vertex -37.6665 -27.4498 52.357
      vertex -37.1181 -28.1181 52.357
    endloop
  endfacet
  facet normal -0.734404 0.392491 -0.553717
    outer loop
      vertex -37.5708 26.4791 1.82803
      vertex -38.0739 26.6875 2.64302
      vertex -37.6665 27.4498 2.64302
    endloop
  endfacet
  facet normal -0.533309 0.161741 0.830314
    outer loop
      vertex -37 25.9848 53.8651
      vertex -37.111 25.6188 53.8651
      vertex -37 25.5967 53.9407
    endloop
  endfacet
  facet normal -0.0815913 -0.828725 -0.553676
    outer loop
      vertex -34 -29.4096 2.64302
      vertex -34.8603 -29.3249 2.64302
      vertex -34 -28.8651 1.82803
    endloop
  endfacet
  facet normal -0.938712 -0.284772 -0.194227
    outer loop
      vertex -38.5972 -26.9042 4.50991
      vertex -38.6928 -25.9334 3.54858
      vertex -38.4205 -26.831 3.54858
    endloop
  endfacet
  facet normal -0.0961186 0.976247 0.194173
    outer loop
      vertex -34 29.9759 50.4901
      vertex -34.9334 29.6928 51.4514
      vertex -34 29.7847 51.4514
    endloop
  endfacet
  facet normal -0.865104 0.462462 -0.194227
    outer loop
      vertex -38.4205 26.831 3.54858
      vertex -38.5972 26.9042 4.50991
      vertex -37.9783 27.6582 3.54858
    endloop
  endfacet
  facet normal -0.241925 0.797294 -0.552987
    outer loop
      vertex -34.8603 29.3249 2.64302
      vertex -35.6776 29.05 2.60423
      vertex -35.6875 29.0739 2.64302
    endloop
  endfacet
  facet normal -0.241735 0.796834 -0.553733
    outer loop
      vertex -35.6776 29.05 2.60423
      vertex -34.8603 29.3249 2.64302
      vertex -35.0859 29.05 2.34592
    endloop
  endfacet
  facet normal 0.0695094 -0.705385 0.705408
    outer loop
      vertex 34.6188 -28.111 53.8651
      vertex 34 -28.8651 53.172
      vertex 34.754 -28.7908 53.172
    endloop
  endfacet
  facet normal -0.79683 -0.241763 0.553726
    outer loop
      vertex -37.7908 -25.754 53.172
      vertex -38.3249 -25.8603 52.357
      vertex -37.5708 -26.4791 53.172
    endloop
  endfacet
  facet normal 0.92008 -0.0905886 -0.381112
    outer loop
      vertex 38.6928 -25.9334 3.54858
      vertex 38.3249 -25.8603 2.64302
      vertex 38.7847 -25 3.54858
    endloop
  endfacet
  facet normal 0.0695354 -0.705385 -0.705405
    outer loop
      vertex 34.6188 -28.111 1.13495
      vertex 34 -28.8651 1.82803
      vertex 34 -28.172 1.13495
    endloop
  endfacet
  facet normal -0.0546843 -0.554732 -0.83023
    outer loop
      vertex -34 -28.172 1.13495
      vertex -34.6188 -28.111 1.13495
      vertex -34 -27.357 0.590394
    endloop
  endfacet
  facet normal -0.037673 -0.382395 -0.923231
    outer loop
      vertex -34 -27.357 0.590394
      vertex -34.0931 -27.05 0.467036
      vertex -34 -27.05 0.463237
    endloop
  endfacet
  facet normal -0.554794 -0.0546905 -0.830188
    outer loop
      vertex -37.172 -25 1.13495
      vertex -37 -25.5277 1.05477
      vertex -37.111 -25.6188 1.13495
    endloop
  endfacet
  facet normal -0.554684 -0.054643 -0.830265
    outer loop
      vertex -37 -25.5277 1.05477
      vertex -37.172 -25 1.13495
      vertex -37 -25 1.02004
    endloop
  endfacet
  facet normal -0.88472 -0.268393 -0.381099
    outer loop
      vertex -38.4205 -26.831 3.54858
      vertex -38.6928 -25.9334 3.54858
      vertex -38.3249 -25.8603 2.64302
    endloop
  endfacet
  facet normal -0.815378 0.435767 -0.381137
    outer loop
      vertex -38.0739 26.6875 2.64302
      vertex -38.4205 26.831 3.54858
      vertex -37.6665 27.4498 2.64302
    endloop
  endfacet
  facet normal -1 0 0
    outer loop
      vertex -38.9759 -25 4.50991
      vertex -38.9759 25 50.4901
      vertex -38.9759 25 4.50991
    endloop
  endfacet
  facet normal -1 -0 0
    outer loop
      vertex -38.9759 25 50.4901
      vertex -38.9759 -25 4.50991
      vertex -38.9759 -25 50.4901
    endloop
  endfacet
  facet normal -0.528213 -0.643699 -0.553753
    outer loop
      vertex -36.4498 -28.6665 2.64302
      vertex -37.1181 -28.1181 2.64302
      vertex -36.733 -27.733 1.82803
    endloop
  endfacet
  facet normal -0.625135 0.334103 -0.705395
    outer loop
      vertex -37.5708 26.4791 1.82803
      vertex -37 26.4429 1.30503
      vertex -37 26.2426 1.21016
    endloop
  endfacet
  facet normal -0.625139 0.334087 -0.705398
    outer loop
      vertex -37 26.4429 1.30503
      vertex -37.5708 26.4791 1.82803
      vertex -37.2137 27.1473 1.82803
    endloop
  endfacet
  facet normal -0.528215 -0.643702 0.553748
    outer loop
      vertex -36.733 -27.733 53.172
      vertex -37.1181 -28.1181 52.357
      vertex -36.4498 -28.6665 52.357
    endloop
  endfacet
  facet normal -3.42312e-19 -0.707107 0.707107
    outer loop
      vertex -34 -28.8651 53.172
      vertex 34 -28.172 53.8651
      vertex -34 -28.172 53.8651
    endloop
  endfacet
  facet normal -3.42312e-19 -0.707107 0.707107
    outer loop
      vertex 34 -28.172 53.8651
      vertex -34 -28.8651 53.172
      vertex 34 -28.8651 53.172
    endloop
  endfacet
  facet normal -0.0816599 -0.828688 0.553721
    outer loop
      vertex -34.754 -28.7908 53.172
      vertex -34.8603 -29.3249 52.357
      vertex -34 -28.8651 53.172
    endloop
  endfacet
  facet normal -0.0980014 -0.995186 0
    outer loop
      vertex -34.9708 -29.8803 4.50991
      vertex -34 -29.9759 50.4901
      vertex -34.9708 -29.8803 50.4901
    endloop
  endfacet
  facet normal -0.0980014 -0.995186 -0
    outer loop
      vertex -34 -29.9759 50.4901
      vertex -34.9708 -29.8803 4.50991
      vertex -34 -29.9759 4.50991
    endloop
  endfacet
  facet normal 0.472068 -0.881562 0
    outer loop
      vertex 35.9042 -29.5972 16.5
      vertex 35.9042 -29.5972 4.50991
      vertex 36 -29.5459 16.5
    endloop
  endfacet
  facet normal 0.472068 -0.881562 3.08988e-19
    outer loop
      vertex 36 -29.5459 38.5
      vertex 35.9042 -29.5972 50.4901
      vertex 35.9042 -29.5972 38.5
    endloop
  endfacet
  facet normal 0.471445 -0.881896 -6.40962e-06
    outer loop
      vertex 35.9042 -29.5972 50.4901
      vertex 36 -29.5459 38.5
      vertex 36.7645 -29.1373 50.4901
    endloop
  endfacet
  facet normal 0.471366 -0.881937 0
    outer loop
      vertex 36 -29.5459 16.5
      vertex 36.7645 -29.1373 50.4901
      vertex 36 -29.5459 38.5
    endloop
  endfacet
  facet normal 0.471445 -0.881896 6.40962e-06
    outer loop
      vertex 36.7645 -29.1373 4.50991
      vertex 36 -29.5459 16.5
      vertex 35.9042 -29.5972 4.50991
    endloop
  endfacet
  facet normal 0.471366 -0.881937 6.72686e-19
    outer loop
      vertex 36 -29.5459 16.5
      vertex 36.7645 -29.1373 4.50991
      vertex 36.7645 -29.1373 50.4901
    endloop
  endfacet
  facet normal 0.54799 -0.449699 0.705321
    outer loop
      vertex 36.2429 -27.2429 53.8651
      vertex 36.6657 -27.05 53.6596
      vertex 36.4012 -27.05 53.8651
    endloop
  endfacet
  facet normal 0.547979 -0.449594 0.705397
    outer loop
      vertex 36.6657 -27.05 53.6596
      vertex 36.2429 -27.2429 53.8651
      vertex 36.733 -27.733 53.172
    endloop
  endfacet
  facet normal 0.0961187 -0.976248 -0.194167
    outer loop
      vertex 34.9334 -29.6928 3.54858
      vertex 34 -29.9759 4.50991
      vertex 34 -29.7847 3.54858
    endloop
  endfacet
  facet normal 0.622273 -0.758336 0.194173
    outer loop
      vertex 37.3833 -28.3833 51.4514
      vertex 36.6582 -28.9783 51.4514
      vertex 37.5185 -28.5185 50.4901
    endloop
  endfacet
  facet normal -0.976249 -0.0961365 0.194156
    outer loop
      vertex -38.6928 -25.9334 51.4514
      vertex -38.9759 -25 50.4901
      vertex -38.8803 -25.9708 50.4901
    endloop
  endfacet
  facet normal -0.93874 -0.28472 -0.194171
    outer loop
      vertex -38.5972 -26.9042 4.50991
      vertex -38.8803 -25.9708 4.50991
      vertex -38.6928 -25.9334 3.54858
    endloop
  endfacet
  facet normal 0.0816158 0.828678 -0.553744
    outer loop
      vertex 34.8056 29.05 2.22357
      vertex 34.346 29.05 2.15583
      vertex 34.8603 29.3249 2.64302
    endloop
  endfacet
  facet normal -0.554708 0.0541488 0.830281
    outer loop
      vertex -37 25.5967 53.9407
      vertex -37.111 25.6188 53.8651
      vertex -37 25.5277 53.9452
    endloop
  endfacet
  facet normal -0.920085 0.0905861 0.3811
    outer loop
      vertex -38.3249 25.8603 52.357
      vertex -38.7847 25 51.4514
      vertex -38.4096 25 52.357
    endloop
  endfacet
  facet normal -0.624811 0.334321 0.705578
    outer loop
      vertex -37 27.0045 53.4289
      vertex -37.2137 27.1473 53.172
      vertex -37 26.4429 53.695
    endloop
  endfacet
  facet normal -0.528153 0.643703 0.553806
    outer loop
      vertex -37 28.215 52.357
      vertex -37.1181 28.1181 52.357
      vertex -37 28 52.6069
    endloop
  endfacet
  facet normal 0.353653 -0.430927 0.8302
    outer loop
      vertex 36.05 -27.05 54.0474
      vertex 35.7622 -27.6374 53.8651
      vertex 36.2429 -27.2429 53.8651
    endloop
  endfacet
  facet normal 0.353613 -0.430915 0.830223
    outer loop
      vertex 35.7622 -27.6374 53.8651
      vertex 36.05 -27.05 54.0474
      vertex 35.7044 -27.05 54.1946
    endloop
  endfacet
  facet normal 0.884689 0.268444 0.381134
    outer loop
      vertex 38.4205 26.831 51.4514
      vertex 38.0739 26.6875 52.357
      vertex 38.3249 25.8603 52.357
    endloop
  endfacet
  facet normal 0.828725 -0.0815913 -0.553676
    outer loop
      vertex 38.3249 -25.8603 2.64302
      vertex 37.8651 -25 1.82803
      vertex 38.4096 -25 2.64302
    endloop
  endfacet
  facet normal 0.93874 -0.28472 -0.194171
    outer loop
      vertex 38.8803 -25.9708 4.50991
      vertex 38.5972 -26.9042 4.50991
      vertex 38.6928 -25.9334 3.54858
    endloop
  endfacet
  facet normal 0.449663 -0.547916 0.705401
    outer loop
      vertex 36.2429 -27.2429 53.8651
      vertex 35.7622 -27.6374 53.8651
      vertex 36.733 -27.733 53.172
    endloop
  endfacet
  facet normal 0.241763 -0.79683 0.553726
    outer loop
      vertex 35.4791 -28.5708 53.172
      vertex 34.754 -28.7908 53.172
      vertex 34.8603 -29.3249 52.357
    endloop
  endfacet
  facet normal 0.037681 -0.382505 0.923185
    outer loop
      vertex 34 -27.05 54.5368
      vertex 34 -27.357 54.4096
      vertex 34.0931 -27.05 54.533
    endloop
  endfacet
  facet normal 0.0546507 -0.55471 0.830247
    outer loop
      vertex 34.4598 -27.3117 54.4096
      vertex 34 -27.357 54.4096
      vertex 34.6188 -28.111 53.8651
    endloop
  endfacet
  facet normal 0.161797 -0.533437 -0.830221
    outer loop
      vertex 34.6188 -28.111 1.13495
      vertex 34.4598 -27.3117 0.590394
      vertex 35.2139 -27.9305 1.13495
    endloop
  endfacet
  facet normal 0.828728 0.0815916 0.553672
    outer loop
      vertex 38.3249 25.8603 52.357
      vertex 37.8651 25 53.172
      vertex 38.4096 25 52.357
    endloop
  endfacet
  facet normal 0.884683 -0.268442 -0.381148
    outer loop
      vertex 38.4205 -26.831 3.54858
      vertex 38.0739 -26.6875 2.64302
      vertex 38.3249 -25.8603 2.64302
    endloop
  endfacet
  facet normal 0.956953 -0.290244 -3.34627e-19
    outer loop
      vertex 38.5972 -26.9042 50.4901
      vertex 38.8803 -25.9708 4.50991
      vertex 38.8803 -25.9708 50.4901
    endloop
  endfacet
  facet normal 0.956953 -0.290244 -3.34627e-19
    outer loop
      vertex 38.8803 -25.9708 4.50991
      vertex 38.5972 -26.9042 50.4901
      vertex 38.5972 -26.9042 4.50991
    endloop
  endfacet
  facet normal 0.678285 0.205709 -0.705417
    outer loop
      vertex 37 25.9848 1.13495
      vertex 37.7908 25.754 1.82803
      vertex 37.111 25.6188 1.13495
    endloop
  endfacet
  facet normal 0.678287 0.205774 -0.705397
    outer loop
      vertex 37.7908 25.754 1.82803
      vertex 37 25.9848 1.13495
      vertex 37 26.1767 1.19093
    endloop
  endfacet
  facet normal -0.462462 -0.865104 -0.194227
    outer loop
      vertex -35.9042 -29.5972 4.50991
      vertex -36.6582 -28.9783 3.54858
      vertex -35.831 -29.4205 3.54858
    endloop
  endfacet
  facet normal 0.161774 -0.533457 -0.830212
    outer loop
      vertex 35.2139 -27.9305 1.13495
      vertex 34.4598 -27.3117 0.590394
      vertex 34.902 -27.1776 0.590394
    endloop
  endfacet
  facet normal 0.111498 -0.367669 -0.923248
    outer loop
      vertex 34.4598 -27.3117 0.590394
      vertex 34.7973 -27.05 0.526935
      vertex 34.902 -27.1776 0.590394
    endloop
  endfacet
  facet normal 0.111549 -0.367728 -0.923219
    outer loop
      vertex 34.7973 -27.05 0.526935
      vertex 34.4598 -27.3117 0.590394
      vertex 34.4078 -27.05 0.479873
    endloop
  endfacet
  facet normal 1.08346e-18 -0.980789 -0.19507
    outer loop
      vertex -34 -29.7847 3.54858
      vertex -27.25 -29.9759 4.50991
      vertex -34 -29.9759 4.50991
    endloop
  endfacet
  facet normal 1.08346e-18 -0.980789 -0.19507
    outer loop
      vertex -27.25 -29.9759 4.50991
      vertex -34 -29.7847 3.54858
      vertex -27.25 -29.7847 3.54858
    endloop
  endfacet
  facet normal 1.4132e-19 -0.980789 -0.19507
    outer loop
      vertex -17.75 -29.7847 3.54858
      vertex 34 -29.9759 4.50991
      vertex -17.75 -29.9759 4.50991
    endloop
  endfacet
  facet normal 1.4132e-19 -0.980789 -0.19507
    outer loop
      vertex 34 -29.9759 4.50991
      vertex -17.75 -29.7847 3.54858
      vertex 34 -29.7847 3.54858
    endloop
  endfacet
  facet normal 0.547913 -0.449652 -0.705411
    outer loop
      vertex 36.2429 -27.2429 1.13495
      vertex 36.6657 -27.05 1.34039
      vertex 36.733 -27.733 1.82803
    endloop
  endfacet
  facet normal 0.547911 -0.449633 -0.705424
    outer loop
      vertex 36.6657 -27.05 1.34039
      vertex 36.2429 -27.2429 1.13495
      vertex 36.4012 -27.05 1.13495
    endloop
  endfacet
  facet normal -0.734412 0.392485 -0.55371
    outer loop
      vertex -37.5708 26.4791 1.82803
      vertex -37.6665 27.4498 2.64302
      vertex -37.2137 27.1473 1.82803
    endloop
  endfacet
  facet normal -1.07549e-19 0.980789 -0.19507
    outer loop
      vertex 34 29.7847 3.54858
      vertex -34 29.9759 4.50991
      vertex 34 29.9759 4.50991
    endloop
  endfacet
  facet normal -1.07549e-19 0.980789 -0.19507
    outer loop
      vertex -34 29.9759 4.50991
      vertex 34 29.7847 3.54858
      vertex -34 29.7847 3.54858
    endloop
  endfacet
  facet normal -0.392166 0.735106 -0.553015
    outer loop
      vertex -35.6776 29.05 2.60423
      vertex -35.7323 29.05 2.64302
      vertex -35.6875 29.0739 2.64302
    endloop
  endfacet
  facet normal -0.920079 -0.0905855 -0.381114
    outer loop
      vertex -38.3249 -25.8603 2.64302
      vertex -38.7847 -25 3.54858
      vertex -38.4096 -25 2.64302
    endloop
  endfacet
  facet normal -0.64368 -0.528286 -0.553706
    outer loop
      vertex -36.733 -27.733 1.82803
      vertex -37.6665 -27.4498 2.64302
      vertex -37.2137 -27.1473 1.82803
    endloop
  endfacet
  facet normal -0.828725 0.0815913 -0.553676
    outer loop
      vertex -37.8651 25 1.82803
      vertex -38.4096 25 2.64302
      vertex -38.3249 25.8603 2.64302
    endloop
  endfacet
  facet normal -0.528288 -0.643682 0.553701
    outer loop
      vertex -36.1473 -28.2137 53.172
      vertex -36.733 -27.733 53.172
      vertex -36.4498 -28.6665 52.357
    endloop
  endfacet
  facet normal 1.4392e-20 -0.831501 0.555524
    outer loop
      vertex -34 -29.4096 52.357
      vertex 34 -28.8651 53.172
      vertex -34 -28.8651 53.172
    endloop
  endfacet
  facet normal 1.4392e-20 -0.831501 0.555524
    outer loop
      vertex 34 -28.8651 53.172
      vertex -34 -29.4096 52.357
      vertex 34 -29.4096 52.357
    endloop
  endfacet
  facet normal -0.462467 -0.865102 -0.194222
    outer loop
      vertex -35.9042 -29.5972 4.50991
      vertex -36.7645 -29.1373 4.50991
      vertex -36.6582 -28.9783 3.54858
    endloop
  endfacet
  facet normal -0.643682 -0.528288 0.553701
    outer loop
      vertex -37.2137 -27.1473 53.172
      vertex -37.6665 -27.4498 52.357
      vertex -36.733 -27.733 53.172
    endloop
  endfacet
  facet normal -0.268394 -0.884725 0.381084
    outer loop
      vertex -34.8603 -29.3249 52.357
      vertex -35.831 -29.4205 51.4514
      vertex -34.9334 -29.6928 51.4514
    endloop
  endfacet
  facet normal 0.0816599 -0.828688 0.553721
    outer loop
      vertex 34.754 -28.7908 53.172
      vertex 34 -28.8651 53.172
      vertex 34.8603 -29.3249 52.357
    endloop
  endfacet
  facet normal -9.50009e-20 -0.923884 0.382673
    outer loop
      vertex -34 -29.7847 51.4514
      vertex 34 -29.4096 52.357
      vertex -34 -29.4096 52.357
    endloop
  endfacet
  facet normal -9.50009e-20 -0.923884 0.382673
    outer loop
      vertex 34 -29.4096 52.357
      vertex -34 -29.7847 51.4514
      vertex 34 -29.7847 51.4514
    endloop
  endfacet
  facet normal 0.815362 -0.435872 -0.381052
    outer loop
      vertex 37.9783 -27.6582 3.54858
      vertex 37.6665 -27.4498 2.64302
      vertex 38.4205 -26.831 3.54858
    endloop
  endfacet
  facet normal -0.0961367 -0.97625 -0.19415
    outer loop
      vertex -34 -29.9759 4.50991
      vertex -34.9708 -29.8803 4.50991
      vertex -34.9334 -29.6928 3.54858
    endloop
  endfacet
  facet normal 0.0816596 -0.828685 -0.553726
    outer loop
      vertex 34.8603 -29.3249 2.64302
      vertex 34 -28.8651 1.82803
      vertex 34.754 -28.7908 1.82803
    endloop
  endfacet
  facet normal 0.334145 -0.625082 -0.705422
    outer loop
      vertex 36.1473 -28.2137 1.82803
      vertex 35.2139 -27.9305 1.13495
      vertex 35.7622 -27.6374 1.13495
    endloop
  endfacet
  facet normal 0.773006 -0.634398 1.38133e-19
    outer loop
      vertex 37.5185 -28.5185 50.4901
      vertex 38.1373 -27.7645 4.50991
      vertex 38.1373 -27.7645 50.4901
    endloop
  endfacet
  facet normal 0.773006 -0.634398 1.38133e-19
    outer loop
      vertex 38.1373 -27.7645 4.50991
      vertex 37.5185 -28.5185 50.4901
      vertex 37.5185 -28.5185 4.50991
    endloop
  endfacet
  facet normal 0.0815916 -0.828728 0.553672
    outer loop
      vertex 34 -28.8651 53.172
      vertex 34 -29.4096 52.357
      vertex 34.8603 -29.3249 52.357
    endloop
  endfacet
  facet normal -0.705395 0.0695364 0.705395
    outer loop
      vertex -37.111 25.6188 53.8651
      vertex -37.8651 25 53.172
      vertex -37.172 25 53.8651
    endloop
  endfacet
  facet normal -0.705385 0.0695094 0.705408
    outer loop
      vertex -37.7908 25.754 53.172
      vertex -37.8651 25 53.172
      vertex -37.111 25.6188 53.8651
    endloop
  endfacet
  facet normal -0.758336 0.622273 0.194173
    outer loop
      vertex -37.5185 28.5185 50.4901
      vertex -37.9783 27.6582 51.4514
      vertex -37.3833 28.3833 51.4514
    endloop
  endfacet
  facet normal -0.734406 0.392493 0.553712
    outer loop
      vertex -37.6665 27.4498 52.357
      vertex -38.0739 26.6875 52.357
      vertex -37.5708 26.4791 53.172
    endloop
  endfacet
  facet normal 0.0378456 -0.382315 0.923257
    outer loop
      vertex 34.0931 -27.05 54.533
      vertex 34.4598 -27.3117 54.4096
      vertex 34.4078 -27.05 54.5201
    endloop
  endfacet
  facet normal 0.0376849 -0.382506 0.923184
    outer loop
      vertex 34.4598 -27.3117 54.4096
      vertex 34.0931 -27.05 54.533
      vertex 34 -27.357 54.4096
    endloop
  endfacet
  facet normal -0.734414 -0.392486 0.553706
    outer loop
      vertex -37.5708 -26.4791 53.172
      vertex -37.6665 -27.4498 52.357
      vertex -37.2137 -27.1473 53.172
    endloop
  endfacet
  facet normal -0.037681 -0.382505 0.923185
    outer loop
      vertex -34 -27.05 54.5368
      vertex -34.0931 -27.05 54.533
      vertex -34 -27.357 54.4096
    endloop
  endfacet
  facet normal 0.831497 0 -0.555529
    outer loop
      vertex 38.4096 -25 2.64302
      vertex 37.8651 25 1.82803
      vertex 38.4096 25 2.64302
    endloop
  endfacet
  facet normal 0.831497 0 -0.555529
    outer loop
      vertex 37.8651 25 1.82803
      vertex 38.4096 -25 2.64302
      vertex 37.8651 -25 1.82803
    endloop
  endfacet
  facet normal 0.625139 0.334087 0.705398
    outer loop
      vertex 37 26.4429 53.695
      vertex 37.5708 26.4791 53.172
      vertex 37.2137 27.1473 53.172
    endloop
  endfacet
  facet normal 0.625196 0.333881 0.705446
    outer loop
      vertex 37.5708 26.4791 53.172
      vertex 37 26.4429 53.695
      vertex 37 26.2426 53.7898
    endloop
  endfacet
  facet normal 0.643702 -0.528215 0.553748
    outer loop
      vertex 37.6665 -27.4498 52.357
      vertex 36.733 -27.733 53.172
      vertex 37.1181 -28.1181 52.357
    endloop
  endfacet
  facet normal 0.181193 -0.338815 0.923241
    outer loop
      vertex 35.1406 -27.05 54.4096
      vertex 34.8894 -27.05 54.4589
      vertex 34.902 -27.1776 54.4096
    endloop
  endfacet
  facet normal 0.976247 -0.0961186 0.194173
    outer loop
      vertex 38.7847 -25 51.4514
      vertex 38.6928 -25.9334 51.4514
      vertex 38.9759 -25 50.4901
    endloop
  endfacet
  facet normal 0.112292 -0.367333 0.923286
    outer loop
      vertex 34.8491 -27.05 54.4668
      vertex 34.7973 -27.05 54.4731
      vertex 34.902 -27.1776 54.4096
    endloop
  endfacet
  facet normal -3.52932e-19 -0.707097 -0.707117
    outer loop
      vertex -34 -28.172 1.13495
      vertex 34 -28.8651 1.82803
      vertex -34 -28.8651 1.82803
    endloop
  endfacet
  facet normal -3.52932e-19 -0.707097 -0.707117
    outer loop
      vertex 34 -28.8651 1.82803
      vertex -34 -28.172 1.13495
      vertex 34 -28.172 1.13495
    endloop
  endfacet
  facet normal 0.831501 -0 0.555524
    outer loop
      vertex 37.8651 -25 53.172
      vertex 38.4096 25 52.357
      vertex 37.8651 25 53.172
    endloop
  endfacet
  facet normal 0.831501 0 0.555524
    outer loop
      vertex 38.4096 25 52.357
      vertex 37.8651 -25 53.172
      vertex 38.4096 -25 52.357
    endloop
  endfacet
  facet normal 0.0546843 -0.554732 -0.83023
    outer loop
      vertex 34.6188 -28.111 1.13495
      vertex 34 -28.172 1.13495
      vertex 34 -27.357 0.590394
    endloop
  endfacet
  facet normal 0 -0.382667 -0.923887
    outer loop
      vertex -34 -27.357 0.590394
      vertex 34 -27.05 0.463237
      vertex 34 -27.357 0.590394
    endloop
  endfacet
  facet normal -0 -0.382667 -0.923887
    outer loop
      vertex 34 -27.05 0.463237
      vertex -34 -27.357 0.590394
      vertex -34 -27.05 0.463237
    endloop
  endfacet
  facet normal 0.815383 0.43577 0.381123
    outer loop
      vertex 38.4205 26.831 51.4514
      vertex 37.6665 27.4498 52.357
      vertex 38.0739 26.6875 52.357
    endloop
  endfacet
  facet normal -0.622358 0.758264 0.194182
    outer loop
      vertex -37 28.7957 51.0695
      vertex -37.3833 28.3833 51.4514
      vertex -37 28.6979 51.4514
    endloop
  endfacet
  facet normal -0.622363 0.758262 0.194175
    outer loop
      vertex -37.3833 28.3833 51.4514
      vertex -37 28.7957 51.0695
      vertex -37.5185 28.5185 50.4901
    endloop
  endfacet
  facet normal -1.2618e-19 0.923878 -0.382688
    outer loop
      vertex 34 29.4096 2.64302
      vertex -34 29.7847 3.54858
      vertex 34 29.7847 3.54858
    endloop
  endfacet
  facet normal -1.2618e-19 0.923878 -0.382688
    outer loop
      vertex -34 29.7847 3.54858
      vertex 34 29.4096 2.64302
      vertex -34 29.4096 2.64302
    endloop
  endfacet
  facet normal 0.97625 -0.0961367 -0.19415
    outer loop
      vertex 38.8803 -25.9708 4.50991
      vertex 38.6928 -25.9334 3.54858
      vertex 38.9759 -25 4.50991
    endloop
  endfacet
  facet normal 0.881896 -0.471445 4.303e-19
    outer loop
      vertex 38.1373 -27.7645 50.4901
      vertex 38.5972 -26.9042 4.50991
      vertex 38.5972 -26.9042 50.4901
    endloop
  endfacet
  facet normal 0.881896 -0.471445 4.303e-19
    outer loop
      vertex 38.5972 -26.9042 4.50991
      vertex 38.1373 -27.7645 50.4901
      vertex 38.1373 -27.7645 4.50991
    endloop
  endfacet
  facet normal 0.865102 -0.462467 -0.194222
    outer loop
      vertex 38.1373 -27.7645 4.50991
      vertex 37.9783 -27.6582 3.54858
      vertex 38.5972 -26.9042 4.50991
    endloop
  endfacet
  facet normal 0.865101 -0.462467 0.194228
    outer loop
      vertex 38.5972 -26.9042 50.4901
      vertex 37.9783 -27.6582 51.4514
      vertex 38.1373 -27.7645 50.4901
    endloop
  endfacet
  facet normal 0.758285 -0.622317 -0.194231
    outer loop
      vertex 38.1373 -27.7645 4.50991
      vertex 37.5185 -28.5185 4.50991
      vertex 37.9783 -27.6582 3.54858
    endloop
  endfacet
  facet normal -0.462467 -0.865101 0.194228
    outer loop
      vertex -36.6582 -28.9783 51.4514
      vertex -36.7645 -29.1373 50.4901
      vertex -35.9042 -29.5972 50.4901
    endloop
  endfacet
  facet normal -0.0816596 -0.828685 -0.553726
    outer loop
      vertex -34 -28.8651 1.82803
      vertex -34.8603 -29.3249 2.64302
      vertex -34.754 -28.7908 1.82803
    endloop
  endfacet
  facet normal -0.111648 -0.367559 -0.923274
    outer loop
      vertex -34.7973 -27.05 0.526935
      vertex -34.902 -27.1776 0.590394
      vertex -34.8491 -27.05 0.533199
    endloop
  endfacet
  facet normal -0.714721 -0.586483 -0.381067
    outer loop
      vertex -37.3833 -28.3833 3.54858
      vertex -37.9783 -27.6582 3.54858
      vertex -37.1181 -28.1181 2.64302
    endloop
  endfacet
  facet normal -0.449666 -0.547887 -0.705422
    outer loop
      vertex -36.1473 -28.2137 1.82803
      vertex -36.733 -27.733 1.82803
      vertex -35.7622 -27.6374 1.13495
    endloop
  endfacet
  facet normal 0.262675 -0.491686 -0.830209
    outer loop
      vertex 35.7622 -27.6374 1.13495
      vertex 35.1406 -27.05 0.590394
      vertex 35.3698 -27.05 0.662912
    endloop
  endfacet
  facet normal 0.26286 -0.491524 -0.830246
    outer loop
      vertex 35.1406 -27.05 0.590394
      vertex 35.7622 -27.6374 1.13495
      vertex 34.902 -27.1776 0.590394
    endloop
  endfacet
  facet normal 0.111648 -0.367559 -0.923274
    outer loop
      vertex 34.902 -27.1776 0.590394
      vertex 34.7973 -27.05 0.526935
      vertex 34.8491 -27.05 0.533199
    endloop
  endfacet
  facet normal -0.262796 -0.49161 -0.830216
    outer loop
      vertex -35.2139 -27.9305 1.13495
      vertex -35.7622 -27.6374 1.13495
      vertex -34.902 -27.1776 0.590394
    endloop
  endfacet
  facet normal -0.0816158 0.828678 -0.553744
    outer loop
      vertex -34.8056 29.05 2.22357
      vertex -34.8603 29.3249 2.64302
      vertex -34.346 29.05 2.15583
    endloop
  endfacet
  facet normal -0.555514 -8.19696e-20 -0.831507
    outer loop
      vertex -37.172 -25 1.13495
      vertex -37 25 1.02004
      vertex -37 -25 1.02004
    endloop
  endfacet
  facet normal -0.555514 -8.19696e-20 -0.831507
    outer loop
      vertex -37 25 1.02004
      vertex -37.172 -25 1.13495
      vertex -37.172 25 1.13495
    endloop
  endfacet
  facet normal -0.533455 0.161785 -0.830212
    outer loop
      vertex -37 25.5967 1.05932
      vertex -37.111 25.6188 1.13495
      vertex -37 25.9848 1.13495
    endloop
  endfacet
  facet normal -0.976247 0.0961186 0.194173
    outer loop
      vertex -38.6928 25.9334 51.4514
      vertex -38.9759 25 50.4901
      vertex -38.7847 25 51.4514
    endloop
  endfacet
  facet normal -0.462471 0.865109 -0.194183
    outer loop
      vertex -35.9042 29.5972 4.50991
      vertex -36.7061 29.05 3.98189
      vertex -36.7645 29.1373 4.50991
    endloop
  endfacet
  facet normal -0.462466 0.86511 -0.19419
    outer loop
      vertex -36.7061 29.05 3.98189
      vertex -35.9042 29.5972 4.50991
      vertex -36.5709 29.05 3.65991
    endloop
  endfacet
  facet normal -0.0980014 0.995186 0
    outer loop
      vertex -34 29.9759 49.4514
      vertex -34.9708 29.8803 50.4901
      vertex -34 29.9759 50.4901
    endloop
  endfacet
  facet normal -0.0978879 0.995197 0.000107142
    outer loop
      vertex -34.0163 29.9743 49.421
      vertex -34.9708 29.8803 50.4901
      vertex -34 29.9759 49.4514
    endloop
  endfacet
  facet normal -0.0977476 0.995211 0.000233593
    outer loop
      vertex -34.0789 29.9682 49.2146
      vertex -34.9708 29.8803 50.4901
      vertex -34.0163 29.9743 49.421
    endloop
  endfacet
  facet normal -0.0981966 0.995167 -8.34188e-05
    outer loop
      vertex -34.1 29.9661 49
      vertex -34.9708 29.8803 50.4901
      vertex -34.0789 29.9682 49.2146
    endloop
  endfacet
  facet normal -0.0978567 0.995201 0.000117171
    outer loop
      vertex -34.0789 29.9682 48.7854
      vertex -34.9708 29.8803 50.4901
      vertex -34.1 29.9661 49
    endloop
  endfacet
  facet normal -0.0995864 0.995029 -0.000796677
    outer loop
      vertex -34.0163 29.9743 48.579
      vertex -34.9708 29.8803 50.4901
      vertex -34.0789 29.9682 48.7854
    endloop
  endfacet
  facet normal -0.09769 0.995217 0
    outer loop
      vertex -34 29.9759 6.45138
      vertex -34.0163 29.9743 48.579
      vertex -34 29.9759 48.5486
    endloop
  endfacet
  facet normal -0.09769 0.995217 0
    outer loop
      vertex -34.0163 29.9743 6.42095
      vertex -34.0163 29.9743 48.579
      vertex -34 29.9759 6.45138
    endloop
  endfacet
  facet normal -0.0980068 0.995186 0
    outer loop
      vertex -34.0163 29.9743 48.579
      vertex -34.0163 29.9743 6.42095
      vertex -34.9708 29.8803 50.4901
    endloop
  endfacet
  facet normal -0.0995872 0.995029 0.00079713
    outer loop
      vertex -34.9708 29.8803 4.50991
      vertex -34.0163 29.9743 6.42095
      vertex -34.0789 29.9682 6.2146
    endloop
  endfacet
  facet normal -0.0978567 0.995201 -0.000117171
    outer loop
      vertex -34.9708 29.8803 4.50991
      vertex -34.0789 29.9682 6.2146
      vertex -34.1 29.9661 6
    endloop
  endfacet
  facet normal -0.0980014 0.995186 -5.58944e-18
    outer loop
      vertex -34.9708 29.8803 4.50991
      vertex -34 29.9759 5.54861
      vertex -34 29.9759 4.50991
    endloop
  endfacet
  facet normal -0.097888 0.995197 -0.000107052
    outer loop
      vertex -34 29.9759 5.54861
      vertex -34.9708 29.8803 4.50991
      vertex -34.0163 29.9743 5.57905
    endloop
  endfacet
  facet normal -0.0977476 0.995211 -0.000233633
    outer loop
      vertex -34.0163 29.9743 5.57905
      vertex -34.9708 29.8803 4.50991
      vertex -34.0789 29.9682 5.7854
    endloop
  endfacet
  facet normal -0.0980068 0.995186 -1.31453e-19
    outer loop
      vertex -34.0163 29.9743 6.42095
      vertex -34.9708 29.8803 4.50991
      vertex -34.9708 29.8803 50.4901
    endloop
  endfacet
  facet normal -0.0981966 0.995167 8.34189e-05
    outer loop
      vertex -34.0789 29.9682 5.7854
      vertex -34.9708 29.8803 4.50991
      vertex -34.1 29.9661 6
    endloop
  endfacet
  facet normal -0.758337 0.622273 -0.194167
    outer loop
      vertex -37.3833 28.3833 3.54858
      vertex -37.9783 27.6582 3.54858
      vertex -37.5185 28.5185 4.50991
    endloop
  endfacet
  facet normal -0.920079 0.0905855 -0.381114
    outer loop
      vertex -38.4096 25 2.64302
      vertex -38.7847 25 3.54858
      vertex -38.3249 25.8603 2.64302
    endloop
  endfacet
  facet normal -0.828685 -0.0816596 -0.553726
    outer loop
      vertex -37.7908 -25.754 1.82803
      vertex -38.3249 -25.8603 2.64302
      vertex -37.8651 -25 1.82803
    endloop
  endfacet
  facet normal -0.462462 -0.865103 0.194233
    outer loop
      vertex -35.831 -29.4205 51.4514
      vertex -36.6582 -28.9783 51.4514
      vertex -35.9042 -29.5972 50.4901
    endloop
  endfacet
  facet normal -0.995186 -0.0980014 1.26761e-19
    outer loop
      vertex -38.8803 -25.9708 4.50991
      vertex -38.9759 -25 50.4901
      vertex -38.9759 -25 4.50991
    endloop
  endfacet
  facet normal -0.995186 -0.0980014 1.26761e-19
    outer loop
      vertex -38.9759 -25 50.4901
      vertex -38.8803 -25.9708 4.50991
      vertex -38.8803 -25.9708 50.4901
    endloop
  endfacet
  facet normal -0.976248 -0.0961187 -0.194167
    outer loop
      vertex -38.6928 -25.9334 3.54858
      vertex -38.9759 -25 4.50991
      vertex -38.7847 -25 3.54858
    endloop
  endfacet
  facet normal -0.923878 0 -0.382688
    outer loop
      vertex -38.4096 -25 2.64302
      vertex -38.7847 25 3.54858
      vertex -38.4096 25 2.64302
    endloop
  endfacet
  facet normal -0.923878 -0 -0.382688
    outer loop
      vertex -38.7847 25 3.54858
      vertex -38.4096 -25 2.64302
      vertex -38.7847 -25 3.54858
    endloop
  endfacet
  facet normal -0.828685 0.0816596 -0.553726
    outer loop
      vertex -37.8651 25 1.82803
      vertex -38.3249 25.8603 2.64302
      vertex -37.7908 25.754 1.82803
    endloop
  endfacet
  facet normal -0.796827 0.241762 -0.55373
    outer loop
      vertex -37.7908 25.754 1.82803
      vertex -38.3249 25.8603 2.64302
      vertex -37.5708 26.4791 1.82803
    endloop
  endfacet
  facet normal 0.0695364 -0.705395 0.705395
    outer loop
      vertex 34 -28.172 53.8651
      vertex 34 -28.8651 53.172
      vertex 34.6188 -28.111 53.8651
    endloop
  endfacet
  facet normal -0.0378456 -0.382315 0.923257
    outer loop
      vertex -34.4598 -27.3117 54.4096
      vertex -34.0931 -27.05 54.533
      vertex -34.4078 -27.05 54.5201
    endloop
  endfacet
  facet normal -0.0376849 -0.382506 0.923184
    outer loop
      vertex -34.0931 -27.05 54.533
      vertex -34.4598 -27.3117 54.4096
      vertex -34 -27.357 54.4096
    endloop
  endfacet
  facet normal -0.0695094 -0.705385 0.705408
    outer loop
      vertex -34.6188 -28.111 53.8651
      vertex -34.754 -28.7908 53.172
      vertex -34 -28.8651 53.172
    endloop
  endfacet
  facet normal -0.205732 -0.67829 0.705405
    outer loop
      vertex -34.6188 -28.111 53.8651
      vertex -35.2139 -27.9305 53.8651
      vertex -34.754 -28.7908 53.172
    endloop
  endfacet
  facet normal -0.268444 -0.884689 0.381134
    outer loop
      vertex -35.6875 -29.0739 52.357
      vertex -35.831 -29.4205 51.4514
      vertex -34.8603 -29.3249 52.357
    endloop
  endfacet
  facet normal -0.622316 -0.758284 0.194236
    outer loop
      vertex -36.6582 -28.9783 51.4514
      vertex -37.5185 -28.5185 50.4901
      vertex -36.7645 -29.1373 50.4901
    endloop
  endfacet
  facet normal -0.796833 -0.241786 0.553712
    outer loop
      vertex -37.5708 -26.4791 53.172
      vertex -38.3249 -25.8603 52.357
      vertex -38.0739 -26.6875 52.357
    endloop
  endfacet
  facet normal -0.923884 0 0.382673
    outer loop
      vertex -38.7847 -25 51.4514
      vertex -38.4096 25 52.357
      vertex -38.7847 25 51.4514
    endloop
  endfacet
  facet normal -0.923884 0 0.382673
    outer loop
      vertex -38.4096 25 52.357
      vertex -38.7847 -25 51.4514
      vertex -38.4096 -25 52.357
    endloop
  endfacet
  facet normal -0.0961365 -0.976249 0.194156
    outer loop
      vertex -34.9334 -29.6928 51.4514
      vertex -34.9708 -29.8803 50.4901
      vertex -34 -29.9759 50.4901
    endloop
  endfacet
  facet normal 0 -1 0
    outer loop
      vertex -17.75 -29.9759 4.50991
      vertex -15.571 -29.9759 7.30429
      vertex -17.75 -29.9759 7.25
    endloop
  endfacet
  facet normal 0 -1 -0
    outer loop
      vertex -15.571 -29.9759 7.30429
      vertex -17.75 -29.9759 4.50991
      vertex -15.5 -29.9759 7.25168
    endloop
  endfacet
  facet normal 0 -1 -0
    outer loop
      vertex -15.5 -29.9759 7.25168
      vertex -17.75 -29.9759 4.50991
      vertex -15.4243 -29.9759 7.20627
    endloop
  endfacet
  facet normal 0 -1 -0
    outer loop
      vertex -15.4243 -29.9759 7.20627
      vertex -17.75 -29.9759 4.50991
      vertex -15.3444 -29.9759 7.16851
    endloop
  endfacet
  facet normal 0 -1 -0
    outer loop
      vertex -15.3444 -29.9759 7.16851
      vertex -17.75 -29.9759 4.50991
      vertex -15.2613 -29.9759 7.13875
    endloop
  endfacet
  facet normal 0 -1 -0
    outer loop
      vertex -15.2613 -29.9759 7.13875
      vertex -17.75 -29.9759 4.50991
      vertex -15.1756 -29.9759 7.11729
    endloop
  endfacet
  facet normal 0 -1 -0
    outer loop
      vertex -15.0882 -29.9759 7.10433
      vertex -17.75 -29.9759 4.50991
      vertex -15 -29.9759 7.1
    endloop
  endfacet
  facet normal 0 -1 -0
    outer loop
      vertex -15.1756 -29.9759 7.11729
      vertex -17.75 -29.9759 4.50991
      vertex -15.0882 -29.9759 7.10433
    endloop
  endfacet
  facet normal 0 -1 0
    outer loop
      vertex -14.1 -29.9759 8
      vertex -13.5 -29.9759 8
      vertex -14.1015 -29.9759 8.02955
    endloop
  endfacet
  facet normal -0 -1 0
    outer loop
      vertex -13.5 -29.9759 8
      vertex -14.1 -29.9759 8
      vertex -14.1043 -29.9759 7.91178
    endloop
  endfacet
  facet normal 0 -1 0
    outer loop
      vertex 2.71366 -29.9759 16.6664
      vertex 3 -29.9759 16.5
      vertex 3 -29.9759 17.1441
    endloop
  endfacet
  facet normal 0 -1 0
    outer loop
      vertex 1.5737 -29.9759 15.1293
      vertex 4.5 -29.9759 16.5
      vertex 3 -29.9759 16.5
    endloop
  endfacet
  facet normal 0 -1 -0
    outer loop
      vertex 4.5 -29.9759 16.5
      vertex 1.5737 -29.9759 15.1293
      vertex 6.5 -29.9759 16.5
    endloop
  endfacet
  facet normal 0 -1 0
    outer loop
      vertex 0.288582 -29.9759 13.7114
      vertex 6.5 -29.9759 16.5
      vertex 1.5737 -29.9759 15.1293
    endloop
  endfacet
  facet normal 0 -1 -0
    outer loop
      vertex 6.5 -29.9759 16.5
      vertex 0.288582 -29.9759 13.7114
      vertex 8 -29.9759 16.5
    endloop
  endfacet
  facet normal 0 -1 0
    outer loop
      vertex -1.12933 -29.9759 12.4263
      vertex 8 -29.9759 16.5
      vertex 0.288582 -29.9759 13.7114
    endloop
  endfacet
  facet normal 0 -1 -0
    outer loop
      vertex 8 -29.9759 16.5
      vertex -1.12933 -29.9759 12.4263
      vertex 10 -29.9759 16.5
    endloop
  endfacet
  facet normal 0 -1 -0
    outer loop
      vertex 10 -29.9759 16.5
      vertex -1.12933 -29.9759 12.4263
      vertex 11.5 -29.9759 16.5
    endloop
  endfacet
  facet normal 0 -1 0
    outer loop
      vertex -2.66638 -29.9759 11.2863
      vertex 11.5 -29.9759 16.5
      vertex -1.12933 -29.9759 12.4263
    endloop
  endfacet
  facet normal 0 -1 -0
    outer loop
      vertex 11.5 -29.9759 16.5
      vertex -2.66638 -29.9759 11.2863
      vertex 13.5 -29.9759 16.5
    endloop
  endfacet
  facet normal 0 -1 0
    outer loop
      vertex 34 -29.9759 4.50991
      vertex 13.5 -29.9759 16.5
      vertex -2.66638 -29.9759 11.2863
    endloop
  endfacet
  facet normal 0 -1 0
    outer loop
      vertex 15 -29.9759 16.5
      vertex 34 -29.9759 4.50991
      vertex 17 -29.9759 16.5
    endloop
  endfacet
  facet normal 0 -1 0
    outer loop
      vertex 17 -29.9759 16.5
      vertex 34 -29.9759 4.50991
      vertex 18.5 -29.9759 16.5
    endloop
  endfacet
  facet normal 0 -1 0
    outer loop
      vertex 18.5 -29.9759 16.5
      vertex 34 -29.9759 4.50991
      vertex 18.75 -29.9759 16.5
    endloop
  endfacet
  facet normal 0 -1 0
    outer loop
      vertex 18.75 -29.9759 16.5
      vertex 34 -29.9759 4.50991
      vertex 20.25 -29.9759 16.5
    endloop
  endfacet
  facet normal 0 -1 0
    outer loop
      vertex 20.25 -29.9759 16.5
      vertex 34 -29.9759 4.50991
      vertex 20.5 -29.9759 16.5
    endloop
  endfacet
  facet normal 0 -1 0
    outer loop
      vertex 25.5 -29.9759 16.5
      vertex 34 -29.9759 4.50991
      vertex 27.5 -29.9759 16.5
    endloop
  endfacet
  facet normal 0 -1 0
    outer loop
      vertex 27.5 -29.9759 16.5
      vertex 34 -29.9759 4.50991
      vertex 29 -29.9759 16.5
    endloop
  endfacet
  facet normal 0 -1 0
    outer loop
      vertex 29 -29.9759 16.5
      vertex 34 -29.9759 4.50991
      vertex 31 -29.9759 16.5
    endloop
  endfacet
  facet normal 0 -1 0
    outer loop
      vertex 22 -29.9759 16.5
      vertex 34 -29.9759 4.50991
      vertex 24 -29.9759 16.5
    endloop
  endfacet
  facet normal 0 -1 0
    outer loop
      vertex 1.5737 -29.9759 15.1293
      vertex 3 -29.9759 16.5
      vertex 2.71366 -29.9759 16.6664
    endloop
  endfacet
  facet normal 0 -1 0
    outer loop
      vertex 29 -29.9759 16.5
      vertex 31 -29.9759 38.5
      vertex 29 -29.9759 38.5
    endloop
  endfacet
  facet normal 0 -1 -0
    outer loop
      vertex 31 -29.9759 38.5
      vertex 29 -29.9759 16.5
      vertex 31 -29.9759 16.5
    endloop
  endfacet
  facet normal 0 -1 0
    outer loop
      vertex 25.5 -29.9759 16.5
      vertex 27.5 -29.9759 38.5
      vertex 25.5 -29.9759 38.5
    endloop
  endfacet
  facet normal 0 -1 -0
    outer loop
      vertex 27.5 -29.9759 38.5
      vertex 25.5 -29.9759 16.5
      vertex 27.5 -29.9759 16.5
    endloop
  endfacet
  facet normal 0 -1 0
    outer loop
      vertex 22 -29.9759 16.5
      vertex 24 -29.9759 38.5
      vertex 22 -29.9759 38.5
    endloop
  endfacet
  facet normal 0 -1 -0
    outer loop
      vertex 24 -29.9759 38.5
      vertex 22 -29.9759 16.5
      vertex 24 -29.9759 16.5
    endloop
  endfacet
  facet normal 0 -1 0
    outer loop
      vertex 20.25 -29.9759 16.5
      vertex 20.5 -29.9759 38.5
      vertex 20.25 -29.9759 38.5
    endloop
  endfacet
  facet normal 0 -1 -0
    outer loop
      vertex 20.5 -29.9759 38.5
      vertex 20.25 -29.9759 16.5
      vertex 20.5 -29.9759 16.5
    endloop
  endfacet
  facet normal 0 -1 0
    outer loop
      vertex 18.5 -29.9759 16.5
      vertex 18.75 -29.9759 38.5
      vertex 18.5 -29.9759 38.5
    endloop
  endfacet
  facet normal 0 -1 -0
    outer loop
      vertex 18.75 -29.9759 38.5
      vertex 18.5 -29.9759 16.5
      vertex 18.75 -29.9759 16.5
    endloop
  endfacet
  facet normal 0 -1 0
    outer loop
      vertex 15 -29.9759 16.5
      vertex 17 -29.9759 38.5
      vertex 15 -29.9759 38.5
    endloop
  endfacet
  facet normal 0 -1 -0
    outer loop
      vertex 17 -29.9759 38.5
      vertex 15 -29.9759 16.5
      vertex 17 -29.9759 16.5
    endloop
  endfacet
  facet normal 0 -1 0
    outer loop
      vertex 11.5 -29.9759 16.5
      vertex 13.5 -29.9759 38.5
      vertex 11.5 -29.9759 38.5
    endloop
  endfacet
  facet normal 0 -1 -0
    outer loop
      vertex 13.5 -29.9759 38.5
      vertex 11.5 -29.9759 16.5
      vertex 13.5 -29.9759 16.5
    endloop
  endfacet
  facet normal 0 -1 0
    outer loop
      vertex 8 -29.9759 16.5
      vertex 10 -29.9759 38.5
      vertex 8 -29.9759 38.5
    endloop
  endfacet
  facet normal 0 -1 -0
    outer loop
      vertex 10 -29.9759 38.5
      vertex 8 -29.9759 16.5
      vertex 10 -29.9759 16.5
    endloop
  endfacet
  facet normal 0 -1 0
    outer loop
      vertex 4.5 -29.9759 34.9954
      vertex 6.5 -29.9759 38.5
      vertex 4.5 -29.9759 38.5
    endloop
  endfacet
  facet normal 0 -1 0
    outer loop
      vertex 4.51565 -29.9759 34.9623
      vertex 6.5 -29.9759 38.5
      vertex 4.5 -29.9759 34.9954
    endloop
  endfacet
  facet normal 0 -1 0
    outer loop
      vertex 5.16034 -29.9759 33.1606
      vertex 6.5 -29.9759 38.5
      vertex 4.51565 -29.9759 34.9623
    endloop
  endfacet
  facet normal 0 -1 0
    outer loop
      vertex 5.62531 -29.9759 31.3043
      vertex 6.5 -29.9759 38.5
      vertex 5.16034 -29.9759 33.1606
    endloop
  endfacet
  facet normal 0 -1 0
    outer loop
      vertex 5.9061 -29.9759 29.4113
      vertex 6.5 -29.9759 38.5
      vertex 5.62531 -29.9759 31.3043
    endloop
  endfacet
  facet normal 0 -1 0
    outer loop
      vertex 6 -29.9759 27.5
      vertex 6.5 -29.9759 38.5
      vertex 5.9061 -29.9759 29.4113
    endloop
  endfacet
  facet normal 0 -1 0
    outer loop
      vertex 6.5 -29.9759 16.5
      vertex 4.5 -29.9759 20.0046
      vertex 4.5 -29.9759 16.5
    endloop
  endfacet
  facet normal 0 -1 0
    outer loop
      vertex 4.5 -29.9759 20.0046
      vertex 6.5 -29.9759 16.5
      vertex 4.51565 -29.9759 20.0377
    endloop
  endfacet
  facet normal 0 -1 0
    outer loop
      vertex 4.51565 -29.9759 20.0377
      vertex 6.5 -29.9759 16.5
      vertex 5.16034 -29.9759 21.8394
    endloop
  endfacet
  facet normal 0 -1 0
    outer loop
      vertex 6 -29.9759 27.5
      vertex 6.5 -29.9759 16.5
      vertex 6.5 -29.9759 38.5
    endloop
  endfacet
  facet normal 0 -1 0
    outer loop
      vertex 5.9061 -29.9759 25.5887
      vertex 6.5 -29.9759 16.5
      vertex 6 -29.9759 27.5
    endloop
  endfacet
  facet normal 0 -1 0
    outer loop
      vertex 5.62531 -29.9759 23.6957
      vertex 6.5 -29.9759 16.5
      vertex 5.9061 -29.9759 25.5887
    endloop
  endfacet
  facet normal 0 -1 0
    outer loop
      vertex 5.16034 -29.9759 21.8394
      vertex 6.5 -29.9759 16.5
      vertex 5.62531 -29.9759 23.6957
    endloop
  endfacet
  facet normal 0 -1 0
    outer loop
      vertex 2.71366 -29.9759 38.3336
      vertex 3 -29.9759 38.5
      vertex 1.5737 -29.9759 39.8707
    endloop
  endfacet
  facet normal 0 -1 -0
    outer loop
      vertex 3 -29.9759 38.5
      vertex 2.71366 -29.9759 38.3336
      vertex 3 -29.9759 37.8559
    endloop
  endfacet
  facet normal 0 -1 0
    outer loop
      vertex -11.5887 -29.9759 46.9061
      vertex -34 -29.9759 50.4901
      vertex -13.5 -29.9759 47
    endloop
  endfacet
  facet normal 0 -1 0
    outer loop
      vertex -34 -29.9759 50.4901
      vertex -15.4113 -29.9759 46.9061
      vertex -13.5 -29.9759 47
    endloop
  endfacet
  facet normal 0 -1 0
    outer loop
      vertex -34 -29.9759 50.4901
      vertex -17.3043 -29.9759 46.6253
      vertex -15.4113 -29.9759 46.9061
    endloop
  endfacet
  facet normal 0 -1 0
    outer loop
      vertex -34 -29.9759 50.4901
      vertex -19.1606 -29.9759 46.1603
      vertex -17.3043 -29.9759 46.6253
    endloop
  endfacet
  facet normal 0 -1 0
    outer loop
      vertex -34 -29.9759 50.4901
      vertex -20.9623 -29.9759 45.5157
      vertex -19.1606 -29.9759 46.1603
    endloop
  endfacet
  facet normal 0 -1 0
    outer loop
      vertex -34 -29.9759 50.4901
      vertex -22.6922 -29.9759 44.6975
      vertex -20.9623 -29.9759 45.5157
    endloop
  endfacet
  facet normal 0 -1 0
    outer loop
      vertex -34 -29.9759 50.4901
      vertex -24.3336 -29.9759 43.7137
      vertex -22.6922 -29.9759 44.6975
    endloop
  endfacet
  facet normal 0 -1 0
    outer loop
      vertex -34 -29.9759 50.4901
      vertex -25.8707 -29.9759 42.5737
      vertex -24.3336 -29.9759 43.7137
    endloop
  endfacet
  facet normal 0 -1 0
    outer loop
      vertex -34 -29.9759 50.4901
      vertex -27.2886 -29.9759 41.2886
      vertex -25.8707 -29.9759 42.5737
    endloop
  endfacet
  facet normal 0 -1 0
    outer loop
      vertex -34 -29.9759 50.4901
      vertex -28.5737 -29.9759 39.8707
      vertex -27.2886 -29.9759 41.2886
    endloop
  endfacet
  facet normal 0 -1 0
    outer loop
      vertex -34 -29.9759 50.4901
      vertex -29.7137 -29.9759 38.3336
      vertex -28.5737 -29.9759 39.8707
    endloop
  endfacet
  facet normal 0 -1 0
    outer loop
      vertex -34 -29.9759 50.4901
      vertex -30.6975 -29.9759 36.6922
      vertex -29.7137 -29.9759 38.3336
    endloop
  endfacet
  facet normal 0 -1 0
    outer loop
      vertex -34 -29.9759 50.4901
      vertex -31.5157 -29.9759 34.9623
      vertex -30.6975 -29.9759 36.6922
    endloop
  endfacet
  facet normal 0 -1 0
    outer loop
      vertex -34 -29.9759 50.4901
      vertex -32.1603 -29.9759 33.1606
      vertex -31.5157 -29.9759 34.9623
    endloop
  endfacet
  facet normal 0 -1 0
    outer loop
      vertex -34 -29.9759 50.4901
      vertex -32.6253 -29.9759 31.3043
      vertex -32.1603 -29.9759 33.1606
    endloop
  endfacet
  facet normal 0 -1 0
    outer loop
      vertex -34 -29.9759 50.4901
      vertex -32.9061 -29.9759 29.4113
      vertex -32.6253 -29.9759 31.3043
    endloop
  endfacet
  facet normal 0 -1 0
    outer loop
      vertex -34 -29.9759 50.4901
      vertex -33 -29.9759 27.5
      vertex -32.9061 -29.9759 29.4113
    endloop
  endfacet
  facet normal 0 -1 0
    outer loop
      vertex -17.3043 -29.9759 8.37469
      vertex -15.8957 -29.9759 8.08821
      vertex -15.8844 -29.9759 8.16407
    endloop
  endfacet
  facet normal 0 -1 0
    outer loop
      vertex -17.3043 -29.9759 8.37469
      vertex -15.9 -29.9759 8
      vertex -15.8957 -29.9759 8.08821
    endloop
  endfacet
  facet normal 0 -1 0
    outer loop
      vertex -17.75 -29.9759 7.25
      vertex -17.3043 -29.9759 8.37469
      vertex -19.1606 -29.9759 8.83966
    endloop
  endfacet
  facet normal 0 -1 0
    outer loop
      vertex -17.3043 -29.9759 8.37469
      vertex -15.8957 -29.9759 7.91178
      vertex -15.9 -29.9759 8
    endloop
  endfacet
  facet normal 0 -1 0
    outer loop
      vertex -17.3043 -29.9759 8.37469
      vertex -15.8827 -29.9759 7.82442
      vertex -15.8957 -29.9759 7.91178
    endloop
  endfacet
  facet normal 0 -1 0
    outer loop
      vertex -17.3043 -29.9759 8.37469
      vertex -15.8612 -29.9759 7.73874
      vertex -15.8827 -29.9759 7.82442
    endloop
  endfacet
  facet normal 0 -1 0
    outer loop
      vertex -17.75 -29.9759 7.25
      vertex -15.8612 -29.9759 7.73874
      vertex -17.3043 -29.9759 8.37469
    endloop
  endfacet
  facet normal 0 -1 -0
    outer loop
      vertex -15.8612 -29.9759 7.73874
      vertex -17.75 -29.9759 7.25
      vertex -15.8315 -29.9759 7.65558
    endloop
  endfacet
  facet normal 0 -1 0
    outer loop
      vertex -17.75 -29.9759 7.25
      vertex -20.9623 -29.9759 9.48435
      vertex -27.25 -29.9759 7.25
    endloop
  endfacet
  facet normal 0 -1 -0
    outer loop
      vertex -15.8315 -29.9759 7.65558
      vertex -17.75 -29.9759 7.25
      vertex -15.7937 -29.9759 7.57574
    endloop
  endfacet
  facet normal 0 -1 -0
    outer loop
      vertex -15.7937 -29.9759 7.57574
      vertex -17.75 -29.9759 7.25
      vertex -15.7483 -29.9759 7.49999
    endloop
  endfacet
  facet normal 0 -1 -0
    outer loop
      vertex -15.7483 -29.9759 7.49999
      vertex -17.75 -29.9759 7.25
      vertex -15.6957 -29.9759 7.42905
    endloop
  endfacet
  facet normal 0 -1 -0
    outer loop
      vertex -15.6957 -29.9759 7.42905
      vertex -17.75 -29.9759 7.25
      vertex -15.6364 -29.9759 7.3636
    endloop
  endfacet
  facet normal 0 -1 0
    outer loop
      vertex -20.9623 -29.9759 9.48435
      vertex -17.75 -29.9759 7.25
      vertex -19.1606 -29.9759 8.83966
    endloop
  endfacet
  facet normal 0 -1 -0
    outer loop
      vertex -15.6364 -29.9759 7.3636
      vertex -17.75 -29.9759 7.25
      vertex -15.571 -29.9759 7.30429
    endloop
  endfacet
  facet normal 0 -1 -0
    outer loop
      vertex -22.6922 -29.9759 10.3025
      vertex -27.25 -29.9759 7.25
      vertex -20.9623 -29.9759 9.48435
    endloop
  endfacet
  facet normal 0 -1 -0
    outer loop
      vertex -24.3336 -29.9759 11.2863
      vertex -27.25 -29.9759 7.25
      vertex -22.6922 -29.9759 10.3025
    endloop
  endfacet
  facet normal 0 -1 -0
    outer loop
      vertex -25.8707 -29.9759 12.4263
      vertex -27.25 -29.9759 7.25
      vertex -24.3336 -29.9759 11.2863
    endloop
  endfacet
  facet normal 0 -1 0
    outer loop
      vertex -27.2886 -29.9759 13.7114
      vertex -27.25 -29.9759 7.25
      vertex -25.8707 -29.9759 12.4263
    endloop
  endfacet
  facet normal 0 -1 0
    outer loop
      vertex -28.5737 -29.9759 15.1293
      vertex -27.25 -29.9759 7.25
      vertex -27.2886 -29.9759 13.7114
    endloop
  endfacet
  facet normal 0 -1 0
    outer loop
      vertex -34 -29.9759 4.50991
      vertex -28.5737 -29.9759 15.1293
      vertex -29.7137 -29.9759 16.6664
    endloop
  endfacet
  facet normal 0 -1 0
    outer loop
      vertex -34 -29.9759 4.50991
      vertex -29.7137 -29.9759 16.6664
      vertex -30.6975 -29.9759 18.3078
    endloop
  endfacet
  facet normal 0 -1 0
    outer loop
      vertex -34 -29.9759 4.50991
      vertex -30.6975 -29.9759 18.3078
      vertex -31.5157 -29.9759 20.0377
    endloop
  endfacet
  facet normal 0 -1 0
    outer loop
      vertex -34 -29.9759 4.50991
      vertex -31.5157 -29.9759 20.0377
      vertex -32.1603 -29.9759 21.8394
    endloop
  endfacet
  facet normal 0 -1 0
    outer loop
      vertex -34 -29.9759 4.50991
      vertex -33 -29.9759 27.5
      vertex -34 -29.9759 50.4901
    endloop
  endfacet
  facet normal 0 -1 0
    outer loop
      vertex -34 -29.9759 4.50991
      vertex -32.9061 -29.9759 25.5887
      vertex -33 -29.9759 27.5
    endloop
  endfacet
  facet normal 0 -1 0
    outer loop
      vertex -34 -29.9759 4.50991
      vertex -32.6253 -29.9759 23.6957
      vertex -32.9061 -29.9759 25.5887
    endloop
  endfacet
  facet normal 0 -1 0
    outer loop
      vertex -34 -29.9759 4.50991
      vertex -32.1603 -29.9759 21.8394
      vertex -32.6253 -29.9759 23.6957
    endloop
  endfacet
  facet normal 0 -1 -0
    outer loop
      vertex -28.5737 -29.9759 15.1293
      vertex -34 -29.9759 4.50991
      vertex -27.25 -29.9759 7.25
    endloop
  endfacet
  facet normal 0 -1 -0
    outer loop
      vertex -27.25 -29.9759 7.25
      vertex -34 -29.9759 4.50991
      vertex -27.25 -29.9759 4.50991
    endloop
  endfacet
  facet normal 0 -1 0
    outer loop
      vertex -34 -29.9759 50.4901
      vertex -11.5887 -29.9759 46.9061
      vertex 34 -29.9759 50.4901
    endloop
  endfacet
  facet normal 0 -1 0
    outer loop
      vertex -9.69574 -29.9759 46.6253
      vertex 34 -29.9759 50.4901
      vertex -11.5887 -29.9759 46.9061
    endloop
  endfacet
  facet normal 0 -1 0
    outer loop
      vertex -7.83945 -29.9759 46.1603
      vertex 34 -29.9759 50.4901
      vertex -9.69574 -29.9759 46.6253
    endloop
  endfacet
  facet normal 0 -1 0
    outer loop
      vertex -6.03767 -29.9759 45.5157
      vertex 34 -29.9759 50.4901
      vertex -7.83945 -29.9759 46.1603
    endloop
  endfacet
  facet normal 0 -1 0
    outer loop
      vertex -4.30776 -29.9759 44.6975
      vertex 34 -29.9759 50.4901
      vertex -6.03767 -29.9759 45.5157
    endloop
  endfacet
  facet normal 0 -1 0
    outer loop
      vertex -2.66638 -29.9759 43.7137
      vertex 34 -29.9759 50.4901
      vertex -4.30776 -29.9759 44.6975
    endloop
  endfacet
  facet normal 0 -1 0
    outer loop
      vertex 11.5 -29.9759 38.5
      vertex -2.66638 -29.9759 43.7137
      vertex -1.12933 -29.9759 42.5737
    endloop
  endfacet
  facet normal 0 -1 0
    outer loop
      vertex 8 -29.9759 38.5
      vertex -1.12933 -29.9759 42.5737
      vertex 0.288582 -29.9759 41.2886
    endloop
  endfacet
  facet normal 0 -1 0
    outer loop
      vertex 6.5 -29.9759 38.5
      vertex 0.288582 -29.9759 41.2886
      vertex 1.5737 -29.9759 39.8707
    endloop
  endfacet
  facet normal 0 -1 0
    outer loop
      vertex 4.5 -29.9759 38.5
      vertex 1.5737 -29.9759 39.8707
      vertex 3 -29.9759 38.5
    endloop
  endfacet
  facet normal 0 -1 0
    outer loop
      vertex 6.5 -29.9759 38.5
      vertex 1.5737 -29.9759 39.8707
      vertex 4.5 -29.9759 38.5
    endloop
  endfacet
  facet normal 0 -1 0
    outer loop
      vertex 0.288582 -29.9759 41.2886
      vertex 6.5 -29.9759 38.5
      vertex 8 -29.9759 38.5
    endloop
  endfacet
  facet normal 0 -1 0
    outer loop
      vertex -1.12933 -29.9759 42.5737
      vertex 8 -29.9759 38.5
      vertex 10 -29.9759 38.5
    endloop
  endfacet
  facet normal 0 -1 0
    outer loop
      vertex -1.12933 -29.9759 42.5737
      vertex 10 -29.9759 38.5
      vertex 11.5 -29.9759 38.5
    endloop
  endfacet
  facet normal 0 -1 0
    outer loop
      vertex -2.66638 -29.9759 43.7137
      vertex 11.5 -29.9759 38.5
      vertex 34 -29.9759 50.4901
    endloop
  endfacet
  facet normal 0 -1 0
    outer loop
      vertex 13.5 -29.9759 38.5
      vertex 34 -29.9759 50.4901
      vertex 11.5 -29.9759 38.5
    endloop
  endfacet
  facet normal 0 -1 0
    outer loop
      vertex 15 -29.9759 38.5
      vertex 34 -29.9759 50.4901
      vertex 13.5 -29.9759 38.5
    endloop
  endfacet
  facet normal 0 -1 0
    outer loop
      vertex 17 -29.9759 38.5
      vertex 34 -29.9759 50.4901
      vertex 15 -29.9759 38.5
    endloop
  endfacet
  facet normal 0 -1 0
    outer loop
      vertex 18.5 -29.9759 38.5
      vertex 34 -29.9759 50.4901
      vertex 17 -29.9759 38.5
    endloop
  endfacet
  facet normal 0 -1 0
    outer loop
      vertex 18.75 -29.9759 38.5
      vertex 34 -29.9759 50.4901
      vertex 18.5 -29.9759 38.5
    endloop
  endfacet
  facet normal 0 -1 0
    outer loop
      vertex 20.25 -29.9759 38.5
      vertex 34 -29.9759 50.4901
      vertex 18.75 -29.9759 38.5
    endloop
  endfacet
  facet normal 0 -1 0
    outer loop
      vertex 20.5 -29.9759 38.5
      vertex 34 -29.9759 50.4901
      vertex 20.25 -29.9759 38.5
    endloop
  endfacet
  facet normal 0 -1 0
    outer loop
      vertex 22 -29.9759 38.5
      vertex 34 -29.9759 50.4901
      vertex 20.5 -29.9759 38.5
    endloop
  endfacet
  facet normal 0 -1 0
    outer loop
      vertex 24 -29.9759 38.5
      vertex 34 -29.9759 50.4901
      vertex 22 -29.9759 38.5
    endloop
  endfacet
  facet normal 0 -1 0
    outer loop
      vertex 25.5 -29.9759 38.5
      vertex 34 -29.9759 50.4901
      vertex 24 -29.9759 38.5
    endloop
  endfacet
  facet normal 0 -1 0
    outer loop
      vertex 27.5 -29.9759 38.5
      vertex 34 -29.9759 50.4901
      vertex 25.5 -29.9759 38.5
    endloop
  endfacet
  facet normal 0 -1 0
    outer loop
      vertex 29 -29.9759 38.5
      vertex 34 -29.9759 50.4901
      vertex 27.5 -29.9759 38.5
    endloop
  endfacet
  facet normal 0 -1 0
    outer loop
      vertex 31 -29.9759 38.5
      vertex 34 -29.9759 50.4901
      vertex 29 -29.9759 38.5
    endloop
  endfacet
  facet normal 0 -1 0
    outer loop
      vertex 32.5 -29.9759 38.5
      vertex 34 -29.9759 50.4901
      vertex 31 -29.9759 38.5
    endloop
  endfacet
  facet normal 0 -1 0
    outer loop
      vertex 32.5 -29.9759 16.5
      vertex 34 -29.9759 50.4901
      vertex 32.5 -29.9759 38.5
    endloop
  endfacet
  facet normal 0 -1 0
    outer loop
      vertex 24 -29.9759 16.5
      vertex 34 -29.9759 4.50991
      vertex 25.5 -29.9759 16.5
    endloop
  endfacet
  facet normal 0 -1 0
    outer loop
      vertex 20.5 -29.9759 16.5
      vertex 34 -29.9759 4.50991
      vertex 22 -29.9759 16.5
    endloop
  endfacet
  facet normal 0 -1 0
    outer loop
      vertex 13.5 -29.9759 16.5
      vertex 34 -29.9759 4.50991
      vertex 15 -29.9759 16.5
    endloop
  endfacet
  facet normal 0 -1 0
    outer loop
      vertex 34 -29.9759 4.50991
      vertex -2.66638 -29.9759 11.2863
      vertex -4.30776 -29.9759 10.3025
    endloop
  endfacet
  facet normal 0 -1 0
    outer loop
      vertex 34 -29.9759 4.50991
      vertex -4.30776 -29.9759 10.3025
      vertex -6.03767 -29.9759 9.48435
    endloop
  endfacet
  facet normal 0 -1 0
    outer loop
      vertex 34 -29.9759 4.50991
      vertex -6.03767 -29.9759 9.48435
      vertex -7.83945 -29.9759 8.83966
    endloop
  endfacet
  facet normal 0 -1 0
    outer loop
      vertex -17.75 -29.9759 4.50991
      vertex -7.83945 -29.9759 8.83966
      vertex -9.69574 -29.9759 8.37469
    endloop
  endfacet
  facet normal 0 -1 0
    outer loop
      vertex -14.1173 -29.9759 7.82442
      vertex -13.5 -29.9759 8
      vertex -14.1043 -29.9759 7.91178
    endloop
  endfacet
  facet normal 0 -1 0
    outer loop
      vertex -14.1388 -29.9759 7.73874
      vertex -13.5 -29.9759 8
      vertex -14.1173 -29.9759 7.82442
    endloop
  endfacet
  facet normal 0 -1 0
    outer loop
      vertex -14.1685 -29.9759 7.65558
      vertex -13.5 -29.9759 8
      vertex -14.1388 -29.9759 7.73874
    endloop
  endfacet
  facet normal 0 -1 0
    outer loop
      vertex -14.2063 -29.9759 7.57574
      vertex -13.5 -29.9759 8
      vertex -14.1685 -29.9759 7.65558
    endloop
  endfacet
  facet normal 0 -1 0
    outer loop
      vertex -14.2517 -29.9759 7.49999
      vertex -13.5 -29.9759 8
      vertex -14.2063 -29.9759 7.57574
    endloop
  endfacet
  facet normal 0 -1 0
    outer loop
      vertex -14.3043 -29.9759 7.42905
      vertex -13.5 -29.9759 8
      vertex -14.2517 -29.9759 7.49999
    endloop
  endfacet
  facet normal 0 -1 -0
    outer loop
      vertex -13.5 -29.9759 8
      vertex -14.3043 -29.9759 7.42905
      vertex -11.5887 -29.9759 8.0939
    endloop
  endfacet
  facet normal 0 -1 0
    outer loop
      vertex -14.3636 -29.9759 7.3636
      vertex -11.5887 -29.9759 8.0939
      vertex -14.3043 -29.9759 7.42905
    endloop
  endfacet
  facet normal 0 -1 0
    outer loop
      vertex -14.429 -29.9759 7.30429
      vertex -11.5887 -29.9759 8.0939
      vertex -14.3636 -29.9759 7.3636
    endloop
  endfacet
  facet normal 0 -1 0
    outer loop
      vertex -14.5 -29.9759 7.25168
      vertex -11.5887 -29.9759 8.0939
      vertex -14.429 -29.9759 7.30429
    endloop
  endfacet
  facet normal 0 -1 0
    outer loop
      vertex -14.5757 -29.9759 7.20627
      vertex -11.5887 -29.9759 8.0939
      vertex -14.5 -29.9759 7.25168
    endloop
  endfacet
  facet normal 0 -1 0
    outer loop
      vertex -17.75 -29.9759 4.50991
      vertex -11.5887 -29.9759 8.0939
      vertex -14.5757 -29.9759 7.20627
    endloop
  endfacet
  facet normal 0 -1 -0
    outer loop
      vertex -11.5887 -29.9759 8.0939
      vertex -17.75 -29.9759 4.50991
      vertex -9.69574 -29.9759 8.37469
    endloop
  endfacet
  facet normal 0 -1 0
    outer loop
      vertex -17.75 -29.9759 4.50991
      vertex -14.5757 -29.9759 7.20627
      vertex -14.6556 -29.9759 7.16851
    endloop
  endfacet
  facet normal 0 -1 0
    outer loop
      vertex -17.75 -29.9759 4.50991
      vertex -14.6556 -29.9759 7.16851
      vertex -14.7387 -29.9759 7.13875
    endloop
  endfacet
  facet normal 0 -1 0
    outer loop
      vertex -17.75 -29.9759 4.50991
      vertex -14.7387 -29.9759 7.13875
      vertex -14.8244 -29.9759 7.11729
    endloop
  endfacet
  facet normal 0 -1 0
    outer loop
      vertex -17.75 -29.9759 4.50991
      vertex -14.9118 -29.9759 7.10433
      vertex -15 -29.9759 7.1
    endloop
  endfacet
  facet normal 0 -1 0
    outer loop
      vertex -17.75 -29.9759 4.50991
      vertex -14.8244 -29.9759 7.11729
      vertex -14.9118 -29.9759 7.10433
    endloop
  endfacet
  facet normal 0 -1 -0
    outer loop
      vertex -7.83945 -29.9759 8.83966
      vertex -17.75 -29.9759 4.50991
      vertex 34 -29.9759 4.50991
    endloop
  endfacet
  facet normal 0 -1 0
    outer loop
      vertex 32.5 -29.9759 16.5
      vertex 34 -29.9759 4.50991
      vertex 34 -29.9759 50.4901
    endloop
  endfacet
  facet normal 0 -1 0
    outer loop
      vertex 31 -29.9759 16.5
      vertex 34 -29.9759 4.50991
      vertex 32.5 -29.9759 16.5
    endloop
  endfacet
  facet normal 0.334099 -0.625161 0.705373
    outer loop
      vertex 36.1473 -28.2137 53.172
      vertex 35.2139 -27.9305 53.8651
      vertex 35.4791 -28.5708 53.172
    endloop
  endfacet
  facet normal 0.268393 -0.88472 -0.381099
    outer loop
      vertex 34.9334 -29.6928 3.54858
      vertex 34.8603 -29.3249 2.64302
      vertex 35.831 -29.4205 3.54858
    endloop
  endfacet
  facet normal 0.241762 -0.796827 -0.55373
    outer loop
      vertex 34.8603 -29.3249 2.64302
      vertex 34.754 -28.7908 1.82803
      vertex 35.4791 -28.5708 1.82803
    endloop
  endfacet
  facet normal 0.528213 -0.643699 -0.553753
    outer loop
      vertex 37.1181 -28.1181 2.64302
      vertex 36.4498 -28.6665 2.64302
      vertex 36.733 -27.733 1.82803
    endloop
  endfacet
  facet normal 0.0905886 -0.92008 -0.381112
    outer loop
      vertex 34.9334 -29.6928 3.54858
      vertex 34 -29.7847 3.54858
      vertex 34.8603 -29.3249 2.64302
    endloop
  endfacet
  facet normal 0.181059 -0.338784 -0.923278
    outer loop
      vertex 34.902 -27.1776 0.590394
      vertex 34.8491 -27.05 0.533199
      vertex 34.8894 -27.05 0.541102
    endloop
  endfacet
  facet normal 0.353653 -0.430927 -0.8302
    outer loop
      vertex 35.7622 -27.6374 1.13495
      vertex 36.05 -27.05 0.95265
      vertex 36.2429 -27.2429 1.13495
    endloop
  endfacet
  facet normal 0.353625 -0.430919 -0.830216
    outer loop
      vertex 36.05 -27.05 0.95265
      vertex 35.7622 -27.6374 1.13495
      vertex 35.7044 -27.05 0.805444
    endloop
  endfacet
  facet normal 0.241785 -0.79683 -0.553716
    outer loop
      vertex 35.6875 -29.0739 2.64302
      vertex 34.8603 -29.3249 2.64302
      vertex 35.4791 -28.5708 1.82803
    endloop
  endfacet
  facet normal 0.462467 -0.865102 -0.194222
    outer loop
      vertex 36.7645 -29.1373 4.50991
      vertex 35.9042 -29.5972 4.50991
      vertex 36.6582 -28.9783 3.54858
    endloop
  endfacet
  facet normal -0.678297 0.205839 0.705367
    outer loop
      vertex -37.7908 25.754 53.172
      vertex -37 25.9848 53.8651
      vertex -37 26.1767 53.8091
    endloop
  endfacet
  facet normal -0.678295 0.205712 0.705406
    outer loop
      vertex -37 25.9848 53.8651
      vertex -37.7908 25.754 53.172
      vertex -37.111 25.6188 53.8651
    endloop
  endfacet
  facet normal -0.828728 0.0815916 0.553672
    outer loop
      vertex -38.3249 25.8603 52.357
      vertex -38.4096 25 52.357
      vertex -37.8651 25 53.172
    endloop
  endfacet
  facet normal -0.677955 0.20661 0.705471
    outer loop
      vertex -37.5708 26.4791 53.172
      vertex -37 26.1767 53.8091
      vertex -37 26.2426 53.7898
    endloop
  endfacet
  facet normal -0.67829 0.205798 0.705386
    outer loop
      vertex -37 26.1767 53.8091
      vertex -37.5708 26.4791 53.172
      vertex -37.7908 25.754 53.172
    endloop
  endfacet
  facet normal -0.625139 0.334087 0.705398
    outer loop
      vertex -37.5708 26.4791 53.172
      vertex -37 26.4429 53.695
      vertex -37.2137 27.1473 53.172
    endloop
  endfacet
  facet normal -0.625196 0.333881 0.705446
    outer loop
      vertex -37 26.4429 53.695
      vertex -37.5708 26.4791 53.172
      vertex -37 26.2426 53.7898
    endloop
  endfacet
  facet normal -0.920085 -0.0905861 0.3811
    outer loop
      vertex -38.4096 -25 52.357
      vertex -38.7847 -25 51.4514
      vertex -38.3249 -25.8603 52.357
    endloop
  endfacet
  facet normal -0.707107 0 0.707107
    outer loop
      vertex -37.8651 -25 53.172
      vertex -37.172 25 53.8651
      vertex -37.8651 25 53.172
    endloop
  endfacet
  facet normal -0.707107 0 0.707107
    outer loop
      vertex -37.172 25 53.8651
      vertex -37.8651 -25 53.172
      vertex -37.172 -25 53.8651
    endloop
  endfacet
  facet normal -0.678295 -0.205712 0.705406
    outer loop
      vertex -37.7908 -25.754 53.172
      vertex -37 -25.9848 53.8651
      vertex -37.111 -25.6188 53.8651
    endloop
  endfacet
  facet normal -0.678297 -0.205839 0.705367
    outer loop
      vertex -37 -25.9848 53.8651
      vertex -37.7908 -25.754 53.172
      vertex -37 -26.1767 53.8091
    endloop
  endfacet
  facet normal -0.828688 0.0816599 0.553721
    outer loop
      vertex -37.7908 25.754 53.172
      vertex -38.3249 25.8603 52.357
      vertex -37.8651 25 53.172
    endloop
  endfacet
  facet normal -0.865102 0.462467 -0.194222
    outer loop
      vertex -37.9783 27.6582 3.54858
      vertex -38.5972 26.9042 4.50991
      vertex -38.1373 27.7645 4.50991
    endloop
  endfacet
  facet normal -0.773006 0.634398 1.38133e-19
    outer loop
      vertex -38.1373 27.7645 4.50991
      vertex -37.5185 28.5185 50.4901
      vertex -37.5185 28.5185 4.50991
    endloop
  endfacet
  facet normal -0.773006 0.634398 1.38133e-19
    outer loop
      vertex -37.5185 28.5185 50.4901
      vertex -38.1373 27.7645 4.50991
      vertex -38.1373 27.7645 50.4901
    endloop
  endfacet
  facet normal -0.547794 0.449553 0.705566
    outer loop
      vertex -37 27.4077 53.172
      vertex -37.2137 27.1473 53.172
      vertex -37 27.0045 53.4289
    endloop
  endfacet
  facet normal 0.28472 0.93874 -0.194171
    outer loop
      vertex 35.9042 29.5972 4.50991
      vertex 34.9334 29.6928 3.54858
      vertex 34.9708 29.8803 4.50991
    endloop
  endfacet
  facet normal -0.554648 -0.0547542 0.830282
    outer loop
      vertex -37.172 -25 53.8651
      vertex -37 -25.5277 53.9452
      vertex -37 -25 53.98
    endloop
  endfacet
  facet normal -0.554413 -0.0546528 0.830445
    outer loop
      vertex -37 -25.5277 53.9452
      vertex -37.172 -25 53.8651
      vertex -37.111 -25.6188 53.8651
    endloop
  endfacet
  facet normal -0.865103 -0.462462 0.194233
    outer loop
      vertex -38.4205 -26.831 51.4514
      vertex -38.5972 -26.9042 50.4901
      vertex -37.9783 -27.6582 51.4514
    endloop
  endfacet
  facet normal -0.622273 -0.758336 0.194173
    outer loop
      vertex -37.3833 -28.3833 51.4514
      vertex -37.5185 -28.5185 50.4901
      vertex -36.6582 -28.9783 51.4514
    endloop
  endfacet
  facet normal -0.980788 0 0.195076
    outer loop
      vertex -38.9759 -25 50.4901
      vertex -38.7847 25 51.4514
      vertex -38.9759 25 50.4901
    endloop
  endfacet
  facet normal -0.980788 0 0.195076
    outer loop
      vertex -38.7847 25 51.4514
      vertex -38.9759 -25 50.4901
      vertex -38.7847 -25 51.4514
    endloop
  endfacet
  facet normal 0.262615 -0.491687 0.830227
    outer loop
      vertex 35.1406 -27.05 54.4096
      vertex 35.7622 -27.6374 53.8651
      vertex 35.3698 -27.05 54.3371
    endloop
  endfacet
  facet normal 0.262842 -0.491489 0.830272
    outer loop
      vertex 35.7622 -27.6374 53.8651
      vertex 35.1406 -27.05 54.4096
      vertex 34.902 -27.1776 54.4096
    endloop
  endfacet
  facet normal 0.828688 0.0816599 0.553721
    outer loop
      vertex 38.3249 25.8603 52.357
      vertex 37.7908 25.754 53.172
      vertex 37.8651 25 53.172
    endloop
  endfacet
  facet normal 0.462467 -0.865101 0.194228
    outer loop
      vertex 36.6582 -28.9783 51.4514
      vertex 35.9042 -29.5972 50.4901
      vertex 36.7645 -29.1373 50.4901
    endloop
  endfacet
  facet normal 0.980789 0 -0.19507
    outer loop
      vertex 38.9759 -25 4.50991
      vertex 38.7847 25 3.54858
      vertex 38.9759 25 4.50991
    endloop
  endfacet
  facet normal 0.980789 0 -0.19507
    outer loop
      vertex 38.7847 25 3.54858
      vertex 38.9759 -25 4.50991
      vertex 38.7847 -25 3.54858
    endloop
  endfacet
  facet normal 0.714725 -0.586487 0.381053
    outer loop
      vertex 37.9783 -27.6582 51.4514
      vertex 37.1181 -28.1181 52.357
      vertex 37.3833 -28.3833 51.4514
    endloop
  endfacet
  facet normal 0.707107 -0 0.707107
    outer loop
      vertex 37.172 -25 53.8651
      vertex 37.8651 25 53.172
      vertex 37.172 25 53.8651
    endloop
  endfacet
  facet normal 0.707107 0 0.707107
    outer loop
      vertex 37.8651 25 53.172
      vertex 37.172 -25 53.8651
      vertex 37.8651 -25 53.172
    endloop
  endfacet
  facet normal 0.0905861 -0.920085 0.3811
    outer loop
      vertex 34 -29.4096 52.357
      vertex 34 -29.7847 51.4514
      vertex 34.8603 -29.3249 52.357
    endloop
  endfacet
  facet normal 0.205732 -0.67829 0.705405
    outer loop
      vertex 35.2139 -27.9305 53.8651
      vertex 34.6188 -28.111 53.8651
      vertex 34.754 -28.7908 53.172
    endloop
  endfacet
  facet normal 0.111559 -0.367872 0.92316
    outer loop
      vertex 34.7973 -27.05 54.4731
      vertex 34.4598 -27.3117 54.4096
      vertex 34.902 -27.1776 54.4096
    endloop
  endfacet
  facet normal 0.111406 -0.367695 0.923249
    outer loop
      vertex 34.4598 -27.3117 54.4096
      vertex 34.7973 -27.05 54.4731
      vertex 34.4078 -27.05 54.5201
    endloop
  endfacet
  facet normal 0.262777 -0.491575 0.830242
    outer loop
      vertex 35.7622 -27.6374 53.8651
      vertex 34.902 -27.1776 54.4096
      vertex 35.2139 -27.9305 53.8651
    endloop
  endfacet
  facet normal -0.111406 -0.367695 0.923249
    outer loop
      vertex -34.7973 -27.05 54.4731
      vertex -34.4598 -27.3117 54.4096
      vertex -34.4078 -27.05 54.5201
    endloop
  endfacet
  facet normal -0.111559 -0.367872 0.92316
    outer loop
      vertex -34.4598 -27.3117 54.4096
      vertex -34.7973 -27.05 54.4731
      vertex -34.902 -27.1776 54.4096
    endloop
  endfacet
  facet normal 0.976248 0.0961187 -0.194167
    outer loop
      vertex 38.7847 25 3.54858
      vertex 38.6928 25.9334 3.54858
      vertex 38.9759 25 4.50991
    endloop
  endfacet
  facet normal 0.815367 0.435874 0.381038
    outer loop
      vertex 37.9783 27.6582 51.4514
      vertex 37.6665 27.4498 52.357
      vertex 38.4205 26.831 51.4514
    endloop
  endfacet
  facet normal 0.79683 -0.241785 -0.553716
    outer loop
      vertex 38.0739 -26.6875 2.64302
      vertex 37.5708 -26.4791 1.82803
      vertex 38.3249 -25.8603 2.64302
    endloop
  endfacet
  facet normal -0.0695354 -0.705385 -0.705405
    outer loop
      vertex -34 -28.8651 1.82803
      vertex -34.6188 -28.111 1.13495
      vertex -34 -28.172 1.13495
    endloop
  endfacet
  facet normal 0.037673 -0.382395 -0.923231
    outer loop
      vertex 34.0931 -27.05 0.467036
      vertex 34 -27.357 0.590394
      vertex 34 -27.05 0.463237
    endloop
  endfacet
  facet normal -0.0905891 0.920086 0.381097
    outer loop
      vertex -34 29.7847 51.4514
      vertex -34.9334 29.6928 51.4514
      vertex -34.8603 29.3249 52.357
    endloop
  endfacet
  facet normal -0.392197 0.735163 0.552916
    outer loop
      vertex -35.6875 29.0739 52.357
      vertex -35.7323 29.05 52.357
      vertex -35.6776 29.05 52.3958
    endloop
  endfacet
  facet normal 0.268442 0.884683 -0.381148
    outer loop
      vertex 35.6875 29.0739 2.64302
      vertex 34.8603 29.3249 2.64302
      vertex 35.831 29.4205 3.54858
    endloop
  endfacet
  facet normal 0.0961187 0.976248 -0.194167
    outer loop
      vertex 34.9334 29.6928 3.54858
      vertex 34 29.7847 3.54858
      vertex 34 29.9759 4.50991
    endloop
  endfacet
  facet normal 0.828725 0.0815913 -0.553676
    outer loop
      vertex 38.4096 25 2.64302
      vertex 37.8651 25 1.82803
      vertex 38.3249 25.8603 2.64302
    endloop
  endfacet
  facet normal 0.758284 0.622316 0.194236
    outer loop
      vertex 38.1373 27.7645 50.4901
      vertex 37.5185 28.5185 50.4901
      vertex 37.9783 27.6582 51.4514
    endloop
  endfacet
  facet normal 0.976248 -0.0961187 -0.194167
    outer loop
      vertex 38.9759 -25 4.50991
      vertex 38.6928 -25.9334 3.54858
      vertex 38.7847 -25 3.54858
    endloop
  endfacet
  facet normal 0.88472 -0.268393 -0.381099
    outer loop
      vertex 38.4205 -26.831 3.54858
      vertex 38.3249 -25.8603 2.64302
      vertex 38.6928 -25.9334 3.54858
    endloop
  endfacet
  facet normal 0.392491 -0.734404 -0.553717
    outer loop
      vertex 35.6875 -29.0739 2.64302
      vertex 35.4791 -28.5708 1.82803
      vertex 36.4498 -28.6665 2.64302
    endloop
  endfacet
  facet normal 0.865104 -0.462462 -0.194227
    outer loop
      vertex 38.5972 -26.9042 4.50991
      vertex 37.9783 -27.6582 3.54858
      vertex 38.4205 -26.831 3.54858
    endloop
  endfacet
  facet normal 0.938712 -0.284772 -0.194227
    outer loop
      vertex 38.5972 -26.9042 4.50991
      vertex 38.4205 -26.831 3.54858
      vertex 38.6928 -25.9334 3.54858
    endloop
  endfacet
  facet normal -0.678287 -0.205774 -0.705397
    outer loop
      vertex -37.7908 -25.754 1.82803
      vertex -37 -25.9848 1.13495
      vertex -37 -26.1767 1.19093
    endloop
  endfacet
  facet normal -0.678285 -0.205709 -0.705417
    outer loop
      vertex -37 -25.9848 1.13495
      vertex -37.7908 -25.754 1.82803
      vertex -37.111 -25.6188 1.13495
    endloop
  endfacet
  facet normal -0.58649 -0.714718 -0.381061
    outer loop
      vertex -36.6582 -28.9783 3.54858
      vertex -37.1181 -28.1181 2.64302
      vertex -36.4498 -28.6665 2.64302
    endloop
  endfacet
  facet normal -0.0695084 -0.705375 -0.705418
    outer loop
      vertex -34 -28.8651 1.82803
      vertex -34.754 -28.7908 1.82803
      vertex -34.6188 -28.111 1.13495
    endloop
  endfacet
  facet normal -0.0905855 -0.920079 -0.381114
    outer loop
      vertex -34 -29.7847 3.54858
      vertex -34.8603 -29.3249 2.64302
      vertex -34 -29.4096 2.64302
    endloop
  endfacet
  facet normal -0.758284 -0.622316 0.194236
    outer loop
      vertex -37.9783 -27.6582 51.4514
      vertex -38.1373 -27.7645 50.4901
      vertex -37.5185 -28.5185 50.4901
    endloop
  endfacet
  facet normal -0.884689 -0.268444 0.381134
    outer loop
      vertex -38.3249 -25.8603 52.357
      vertex -38.4205 -26.831 51.4514
      vertex -38.0739 -26.6875 52.357
    endloop
  endfacet
  facet normal 0.181168 -0.338768 -0.923263
    outer loop
      vertex 34.902 -27.1776 0.590394
      vertex 34.8894 -27.05 0.541102
      vertex 35.1406 -27.05 0.590394
    endloop
  endfacet
  facet normal 0.35365 -0.430912 -0.830209
    outer loop
      vertex 35.7622 -27.6374 1.13495
      vertex 35.3698 -27.05 0.662912
      vertex 35.7044 -27.05 0.805444
    endloop
  endfacet
  facet normal -0.0546545 -0.55475 -0.83022
    outer loop
      vertex -34 -27.357 0.590394
      vertex -34.6188 -28.111 1.13495
      vertex -34.4598 -27.3117 0.590394
    endloop
  endfacet
  facet normal -0.24171 0.79683 -0.553749
    outer loop
      vertex -34.8056 29.05 2.22357
      vertex -35.0859 29.05 2.34592
      vertex -34.8603 29.3249 2.64302
    endloop
  endfacet
  facet normal -0.268442 0.884683 -0.381148
    outer loop
      vertex -35.6875 29.0739 2.64302
      vertex -35.831 29.4205 3.54858
      vertex -34.8603 29.3249 2.64302
    endloop
  endfacet
  facet normal -0.284772 0.938712 -0.194227
    outer loop
      vertex -35.831 29.4205 3.54858
      vertex -35.9042 29.5972 4.50991
      vertex -34.9334 29.6928 3.54858
    endloop
  endfacet
  facet normal -0.268393 0.88472 -0.381099
    outer loop
      vertex -34.8603 29.3249 2.64302
      vertex -35.831 29.4205 3.54858
      vertex -34.9334 29.6928 3.54858
    endloop
  endfacet
  facet normal -0.643684 0.528264 -0.553723
    outer loop
      vertex -37.6665 27.4498 2.64302
      vertex -37 28 2.39314
      vertex -37 27.652 2.06114
    endloop
  endfacet
  facet normal -0.643655 0.528177 -0.553839
    outer loop
      vertex -37 28 2.39314
      vertex -37.6665 27.4498 2.64302
      vertex -37.1181 28.1181 2.64302
    endloop
  endfacet
  facet normal -0.714718 0.58649 -0.381061
    outer loop
      vertex -37.6665 27.4498 2.64302
      vertex -37.9783 27.6582 3.54858
      vertex -37.1181 28.1181 2.64302
    endloop
  endfacet
  facet normal -0.938712 0.284772 -0.194227
    outer loop
      vertex -38.4205 26.831 3.54858
      vertex -38.6928 25.9334 3.54858
      vertex -38.5972 26.9042 4.50991
    endloop
  endfacet
  facet normal -0.938711 0.284772 0.194232
    outer loop
      vertex -38.5972 26.9042 50.4901
      vertex -38.6928 25.9334 51.4514
      vertex -38.4205 26.831 51.4514
    endloop
  endfacet
  facet normal -0.79683 0.241785 -0.553716
    outer loop
      vertex -37.5708 26.4791 1.82803
      vertex -38.3249 25.8603 2.64302
      vertex -38.0739 26.6875 2.64302
    endloop
  endfacet
  facet normal -0.758285 0.622317 -0.194231
    outer loop
      vertex -37.9783 27.6582 3.54858
      vertex -38.1373 27.7645 4.50991
      vertex -37.5185 28.5185 4.50991
    endloop
  endfacet
  facet normal -0.0961187 0.976248 -0.194167
    outer loop
      vertex -34 29.7847 3.54858
      vertex -34.9334 29.6928 3.54858
      vertex -34 29.9759 4.50991
    endloop
  endfacet
  facet normal -0.0905886 0.92008 -0.381112
    outer loop
      vertex -34.8603 29.3249 2.64302
      vertex -34.9334 29.6928 3.54858
      vertex -34 29.7847 3.54858
    endloop
  endfacet
  facet normal -0.734404 -0.392491 -0.553717
    outer loop
      vertex -37.6665 -27.4498 2.64302
      vertex -38.0739 -26.6875 2.64302
      vertex -37.5708 -26.4791 1.82803
    endloop
  endfacet
  facet normal -0.625139 -0.334087 -0.705398
    outer loop
      vertex -37.5708 -26.4791 1.82803
      vertex -37 -26.4429 1.30503
      vertex -37.2137 -27.1473 1.82803
    endloop
  endfacet
  facet normal -0.625135 -0.334103 -0.705395
    outer loop
      vertex -37 -26.4429 1.30503
      vertex -37.5708 -26.4791 1.82803
      vertex -37 -26.2426 1.21016
    endloop
  endfacet
  facet normal -0.705385 -0.0695354 -0.705405
    outer loop
      vertex -37.111 -25.6188 1.13495
      vertex -37.8651 -25 1.82803
      vertex -37.172 -25 1.13495
    endloop
  endfacet
  facet normal -0.705375 -0.0695084 -0.705418
    outer loop
      vertex -37.7908 -25.754 1.82803
      vertex -37.8651 -25 1.82803
      vertex -37.111 -25.6188 1.13495
    endloop
  endfacet
  facet normal -0.980789 0 -0.19507
    outer loop
      vertex -38.7847 -25 3.54858
      vertex -38.9759 25 4.50991
      vertex -38.7847 25 3.54858
    endloop
  endfacet
  facet normal -0.980789 -0 -0.19507
    outer loop
      vertex -38.9759 25 4.50991
      vertex -38.7847 -25 3.54858
      vertex -38.9759 -25 4.50991
    endloop
  endfacet
  facet normal -0.92008 0.0905886 -0.381112
    outer loop
      vertex -38.3249 25.8603 2.64302
      vertex -38.7847 25 3.54858
      vertex -38.6928 25.9334 3.54858
    endloop
  endfacet
  facet normal -0.707097 0 -0.707117
    outer loop
      vertex -37.172 -25 1.13495
      vertex -37.8651 25 1.82803
      vertex -37.172 25 1.13495
    endloop
  endfacet
  facet normal -0.707097 -0 -0.707117
    outer loop
      vertex -37.8651 25 1.82803
      vertex -37.172 -25 1.13495
      vertex -37.8651 -25 1.82803
    endloop
  endfacet
  facet normal -0.678274 0.205837 -0.70539
    outer loop
      vertex -37 26.1767 1.19093
      vertex -37.5708 26.4791 1.82803
      vertex -37 26.2426 1.21016
    endloop
  endfacet
  facet normal -0.67829 0.205798 -0.705386
    outer loop
      vertex -37.5708 26.4791 1.82803
      vertex -37 26.1767 1.19093
      vertex -37.7908 25.754 1.82803
    endloop
  endfacet
  facet normal -0.262777 -0.491575 0.830242
    outer loop
      vertex -34.902 -27.1776 54.4096
      vertex -35.7622 -27.6374 53.8651
      vertex -35.2139 -27.9305 53.8651
    endloop
  endfacet
  facet normal -0.262696 -0.491216 0.83048
    outer loop
      vertex -35.3698 -27.05 54.3371
      vertex -34.902 -27.1776 54.4096
      vertex -35.1406 -27.05 54.4096
    endloop
  endfacet
  facet normal -0.262761 -0.491596 0.830235
    outer loop
      vertex -34.902 -27.1776 54.4096
      vertex -35.3698 -27.05 54.3371
      vertex -35.7622 -27.6374 53.8651
    endloop
  endfacet
  facet normal -0.554708 -0.0541488 0.830281
    outer loop
      vertex -37 -25.5277 53.9452
      vertex -37.111 -25.6188 53.8651
      vertex -37 -25.5967 53.9407
    endloop
  endfacet
  facet normal 0 -0.382777 0.923841
    outer loop
      vertex -34 -27.05 54.5368
      vertex 34 -27.357 54.4096
      vertex 34 -27.05 54.5368
    endloop
  endfacet
  facet normal 0 -0.382777 0.923841
    outer loop
      vertex 34 -27.357 54.4096
      vertex -34 -27.05 54.5368
      vertex -34 -27.357 54.4096
    endloop
  endfacet
  facet normal -0.284772 -0.938711 0.194232
    outer loop
      vertex -35.831 -29.4205 51.4514
      vertex -35.9042 -29.5972 50.4901
      vertex -34.9334 -29.6928 51.4514
    endloop
  endfacet
  facet normal -0.586487 -0.714725 0.381053
    outer loop
      vertex -37.1181 -28.1181 52.357
      vertex -37.3833 -28.3833 51.4514
      vertex -36.6582 -28.9783 51.4514
    endloop
  endfacet
  facet normal -0.714725 -0.586487 0.381053
    outer loop
      vertex -37.1181 -28.1181 52.357
      vertex -37.9783 -27.6582 51.4514
      vertex -37.3833 -28.3833 51.4514
    endloop
  endfacet
  facet normal -0.938739 -0.284719 0.194177
    outer loop
      vertex -38.6928 -25.9334 51.4514
      vertex -38.8803 -25.9708 50.4901
      vertex -38.5972 -26.9042 50.4901
    endloop
  endfacet
  facet normal -0.815383 -0.43577 0.381123
    outer loop
      vertex -38.0739 -26.6875 52.357
      vertex -38.4205 -26.831 51.4514
      vertex -37.6665 -27.4498 52.357
    endloop
  endfacet
  facet normal -0.881896 -0.471445 -4.303e-19
    outer loop
      vertex -38.1373 -27.7645 4.50991
      vertex -38.5972 -26.9042 50.4901
      vertex -38.5972 -26.9042 4.50991
    endloop
  endfacet
  facet normal -0.881896 -0.471445 -4.303e-19
    outer loop
      vertex -38.5972 -26.9042 50.4901
      vertex -38.1373 -27.7645 4.50991
      vertex -38.1373 -27.7645 50.4901
    endloop
  endfacet
  facet normal -0.284719 -0.938739 0.194177
    outer loop
      vertex -34.9334 -29.6928 51.4514
      vertex -35.9042 -29.5972 50.4901
      vertex -34.9708 -29.8803 50.4901
    endloop
  endfacet
  facet normal -6.28924e-20 -0.980788 0.195076
    outer loop
      vertex -34 -29.9759 50.4901
      vertex 34 -29.7847 51.4514
      vertex -34 -29.7847 51.4514
    endloop
  endfacet
  facet normal -6.28924e-20 -0.980788 0.195076
    outer loop
      vertex 34 -29.7847 51.4514
      vertex -34 -29.9759 50.4901
      vertex 34 -29.9759 50.4901
    endloop
  endfacet
  facet normal 0.0961365 -0.976249 0.194156
    outer loop
      vertex 34.9334 -29.6928 51.4514
      vertex 34 -29.9759 50.4901
      vertex 34.9708 -29.8803 50.4901
    endloop
  endfacet
  facet normal 0.634398 -0.773006 0
    outer loop
      vertex 36.7645 -29.1373 4.50991
      vertex 37.5185 -28.5185 50.4901
      vertex 36.7645 -29.1373 50.4901
    endloop
  endfacet
  facet normal 0.634398 -0.773006 0
    outer loop
      vertex 37.5185 -28.5185 50.4901
      vertex 36.7645 -29.1373 4.50991
      vertex 37.5185 -28.5185 4.50991
    endloop
  endfacet
  facet normal 0 -0.923872 -0.382701
    outer loop
      vertex -34 -29.7847 3.54858
      vertex -27.25 -29.4539 2.75
      vertex -27.25 -29.7847 3.54858
    endloop
  endfacet
  facet normal 0 -0.923918 -0.382591
    outer loop
      vertex -27.25 -29.4539 2.75
      vertex -34 -29.4096 2.64302
      vertex -17.75 -29.4539 2.75
    endloop
  endfacet
  facet normal 1.79711e-06 -0.923878 -0.382688
    outer loop
      vertex -34 -29.4096 2.64302
      vertex -27.25 -29.4539 2.75
      vertex -34 -29.7847 3.54858
    endloop
  endfacet
  facet normal -6.2888e-20 -0.923872 -0.382701
    outer loop
      vertex -17.75 -29.4539 2.75
      vertex 34 -29.7847 3.54858
      vertex -17.75 -29.7847 3.54858
    endloop
  endfacet
  facet normal -2.34406e-07 -0.923878 -0.382688
    outer loop
      vertex -17.75 -29.4539 2.75
      vertex 34 -29.4096 2.64302
      vertex 34 -29.7847 3.54858
    endloop
  endfacet
  facet normal -0 -0.923918 -0.382591
    outer loop
      vertex 34 -29.4096 2.64302
      vertex -17.75 -29.4539 2.75
      vertex -34 -29.4096 2.64302
    endloop
  endfacet
  facet normal 0.284772 -0.938712 -0.194227
    outer loop
      vertex 35.9042 -29.5972 4.50991
      vertex 34.9334 -29.6928 3.54858
      vertex 35.831 -29.4205 3.54858
    endloop
  endfacet
  facet normal 0.0961367 -0.97625 -0.19415
    outer loop
      vertex 34.9708 -29.8803 4.50991
      vertex 34 -29.9759 4.50991
      vertex 34.9334 -29.6928 3.54858
    endloop
  endfacet
  facet normal 0.0905855 -0.920079 -0.381114
    outer loop
      vertex 34.8603 -29.3249 2.64302
      vertex 34 -29.7847 3.54858
      vertex 34 -29.4096 2.64302
    endloop
  endfacet
  facet normal 0.0815913 -0.828725 -0.553676
    outer loop
      vertex 34.8603 -29.3249 2.64302
      vertex 34 -29.4096 2.64302
      vertex 34 -28.8651 1.82803
    endloop
  endfacet
  facet normal 0.262796 -0.49161 -0.830216
    outer loop
      vertex 35.2139 -27.9305 1.13495
      vertex 34.902 -27.1776 0.590394
      vertex 35.7622 -27.6374 1.13495
    endloop
  endfacet
  facet normal 0.734404 -0.392491 -0.553717
    outer loop
      vertex 37.6665 -27.4498 2.64302
      vertex 37.5708 -26.4791 1.82803
      vertex 38.0739 -26.6875 2.64302
    endloop
  endfacet
  facet normal 0.334094 -0.625152 -0.705383
    outer loop
      vertex 35.4791 -28.5708 1.82803
      vertex 35.2139 -27.9305 1.13495
      vertex 36.1473 -28.2137 1.82803
    endloop
  endfacet
  facet normal 0.205798 -0.678292 -0.705385
    outer loop
      vertex 35.4791 -28.5708 1.82803
      vertex 34.754 -28.7908 1.82803
      vertex 35.2139 -27.9305 1.13495
    endloop
  endfacet
  facet normal -0.815383 0.43577 0.381123
    outer loop
      vertex -37.6665 27.4498 52.357
      vertex -38.4205 26.831 51.4514
      vertex -38.0739 26.6875 52.357
    endloop
  endfacet
  facet normal -0.734414 0.392486 0.553706
    outer loop
      vertex -37.2137 27.1473 53.172
      vertex -37.6665 27.4498 52.357
      vertex -37.5708 26.4791 53.172
    endloop
  endfacet
  facet normal -0.828728 -0.0815916 0.553672
    outer loop
      vertex -37.8651 -25 53.172
      vertex -38.4096 -25 52.357
      vertex -38.3249 -25.8603 52.357
    endloop
  endfacet
  facet normal -0.828688 -0.0816599 0.553721
    outer loop
      vertex -37.8651 -25 53.172
      vertex -38.3249 -25.8603 52.357
      vertex -37.7908 -25.754 53.172
    endloop
  endfacet
  facet normal -0.815362 0.435872 -0.381052
    outer loop
      vertex -37.6665 27.4498 2.64302
      vertex -38.4205 26.831 3.54858
      vertex -37.9783 27.6582 3.54858
    endloop
  endfacet
  facet normal -0.976249 0.0961365 0.194156
    outer loop
      vertex -38.8803 25.9708 50.4901
      vertex -38.9759 25 50.4901
      vertex -38.6928 25.9334 51.4514
    endloop
  endfacet
  facet normal -0.938739 0.284719 0.194177
    outer loop
      vertex -38.5972 26.9042 50.4901
      vertex -38.8803 25.9708 50.4901
      vertex -38.6928 25.9334 51.4514
    endloop
  endfacet
  facet normal -0.758284 0.622316 0.194236
    outer loop
      vertex -37.5185 28.5185 50.4901
      vertex -38.1373 27.7645 50.4901
      vertex -37.9783 27.6582 51.4514
    endloop
  endfacet
  facet normal -0.586485 0.714798 0.380918
    outer loop
      vertex -37 28.3389 52.1245
      vertex -37.1181 28.1181 52.357
      vertex -37 28.215 52.357
    endloop
  endfacet
  facet normal -0.435808 0.815391 0.381063
    outer loop
      vertex -35.831 29.4205 51.4514
      vertex -36.5242 29.05 51.4514
      vertex -36.1351 29.05 51.8964
    endloop
  endfacet
  facet normal -0.643671 0.52819 0.553808
    outer loop
      vertex -37.6665 27.4498 52.357
      vertex -37 28 52.6069
      vertex -37.1181 28.1181 52.357
    endloop
  endfacet
  facet normal -0.643693 0.528258 0.553717
    outer loop
      vertex -37 28 52.6069
      vertex -37.6665 27.4498 52.357
      vertex -37 27.652 52.9389
    endloop
  endfacet
  facet normal -0.643687 0.528282 0.553702
    outer loop
      vertex -37.2137 27.1473 53.172
      vertex -37 27.652 52.9389
      vertex -37.6665 27.4498 52.357
    endloop
  endfacet
  facet normal -0.643724 0.528279 0.553662
    outer loop
      vertex -37 27.652 52.9389
      vertex -37.2137 27.1473 53.172
      vertex -37 27.4077 53.172
    endloop
  endfacet
  facet normal -0.831501 0 0.555524
    outer loop
      vertex -38.4096 -25 52.357
      vertex -37.8651 25 53.172
      vertex -38.4096 25 52.357
    endloop
  endfacet
  facet normal -0.831501 0 0.555524
    outer loop
      vertex -37.8651 25 53.172
      vertex -38.4096 -25 52.357
      vertex -37.8651 -25 53.172
    endloop
  endfacet
  facet normal -0.241728 0.796833 0.553738
    outer loop
      vertex -34.8603 29.3249 52.357
      vertex -35.6776 29.05 52.3958
      vertex -35.0859 29.05 52.6541
    endloop
  endfacet
  facet normal -0.241944 0.797356 0.552888
    outer loop
      vertex -35.6776 29.05 52.3958
      vertex -34.8603 29.3249 52.357
      vertex -35.6875 29.0739 52.357
    endloop
  endfacet
  facet normal 0.554708 -0.0541488 0.830281
    outer loop
      vertex 37 -25.5277 53.9452
      vertex 37 -25.5967 53.9407
      vertex 37.111 -25.6188 53.8651
    endloop
  endfacet
  facet normal 0.284772 0.938712 -0.194227
    outer loop
      vertex 35.831 29.4205 3.54858
      vertex 34.9334 29.6928 3.54858
      vertex 35.9042 29.5972 4.50991
    endloop
  endfacet
  facet normal 0.624811 0.334321 0.705578
    outer loop
      vertex 37 27.0045 53.4289
      vertex 37 26.4429 53.695
      vertex 37.2137 27.1473 53.172
    endloop
  endfacet
  facet normal 0.938711 -0.284772 0.194232
    outer loop
      vertex 38.6928 -25.9334 51.4514
      vertex 38.4205 -26.831 51.4514
      vertex 38.5972 -26.9042 50.4901
    endloop
  endfacet
  facet normal 0.920085 -0.0905861 0.3811
    outer loop
      vertex 38.4096 -25 52.357
      vertex 38.3249 -25.8603 52.357
      vertex 38.7847 -25 51.4514
    endloop
  endfacet
  facet normal 0.705385 0.0695094 0.705408
    outer loop
      vertex 37.7908 25.754 53.172
      vertex 37.111 25.6188 53.8651
      vertex 37.8651 25 53.172
    endloop
  endfacet
  facet normal 0.284719 -0.938739 0.194177
    outer loop
      vertex 35.9042 -29.5972 50.4901
      vertex 34.9334 -29.6928 51.4514
      vertex 34.9708 -29.8803 50.4901
    endloop
  endfacet
  facet normal 0.205801 -0.678302 0.705374
    outer loop
      vertex 35.2139 -27.9305 53.8651
      vertex 34.754 -28.7908 53.172
      vertex 35.4791 -28.5708 53.172
    endloop
  endfacet
  facet normal 0.161763 -0.533419 0.830239
    outer loop
      vertex 34.902 -27.1776 54.4096
      vertex 34.4598 -27.3117 54.4096
      vertex 35.2139 -27.9305 53.8651
    endloop
  endfacet
  facet normal 0.161785 -0.533399 0.830247
    outer loop
      vertex 35.2139 -27.9305 53.8651
      vertex 34.4598 -27.3117 54.4096
      vertex 34.6188 -28.111 53.8651
    endloop
  endfacet
  facet normal 0.180988 -0.338846 0.92327
    outer loop
      vertex 34.8894 -27.05 54.4589
      vertex 34.8491 -27.05 54.4668
      vertex 34.902 -27.1776 54.4096
    endloop
  endfacet
  facet normal 0.0815882 0.828694 -0.553724
    outer loop
      vertex 34.346 29.05 2.15583
      vertex 34 29.4096 2.64302
      vertex 34.8603 29.3249 2.64302
    endloop
  endfacet
  facet normal 0.0816161 0.828701 -0.553709
    outer loop
      vertex 34 29.4096 2.64302
      vertex 34.346 29.05 2.15583
      vertex 34 29.05 2.10483
    endloop
  endfacet
  facet normal 0.0905855 0.920079 -0.381114
    outer loop
      vertex 34.8603 29.3249 2.64302
      vertex 34 29.4096 2.64302
      vertex 34 29.7847 3.54858
    endloop
  endfacet
  facet normal 0.643693 0.528258 0.553717
    outer loop
      vertex 37.6665 27.4498 52.357
      vertex 37 28 52.6069
      vertex 37 27.652 52.9389
    endloop
  endfacet
  facet normal 0.643671 0.52819 0.553808
    outer loop
      vertex 37 28 52.6069
      vertex 37.6665 27.4498 52.357
      vertex 37.1181 28.1181 52.357
    endloop
  endfacet
  facet normal 0.707097 0 -0.707117
    outer loop
      vertex 37.8651 -25 1.82803
      vertex 37.172 25 1.13495
      vertex 37.8651 25 1.82803
    endloop
  endfacet
  facet normal 0.707097 0 -0.707117
    outer loop
      vertex 37.172 25 1.13495
      vertex 37.8651 -25 1.82803
      vertex 37.172 -25 1.13495
    endloop
  endfacet
  facet normal 0.815378 -0.435767 -0.381137
    outer loop
      vertex 38.4205 -26.831 3.54858
      vertex 37.6665 -27.4498 2.64302
      vertex 38.0739 -26.6875 2.64302
    endloop
  endfacet
  facet normal 0.0546545 -0.55475 -0.83022
    outer loop
      vertex 34.6188 -28.111 1.13495
      vertex 34 -27.357 0.590394
      vertex 34.4598 -27.3117 0.590394
    endloop
  endfacet
  facet normal 0.0376594 -0.382412 -0.923224
    outer loop
      vertex 34.4598 -27.3117 0.590394
      vertex 34.0931 -27.05 0.467036
      vertex 34.4078 -27.05 0.479873
    endloop
  endfacet
  facet normal 0.037674 -0.382395 -0.923231
    outer loop
      vertex 34.0931 -27.05 0.467036
      vertex 34.4598 -27.3117 0.590394
      vertex 34 -27.357 0.590394
    endloop
  endfacet
  facet normal -0.111549 -0.367728 -0.923219
    outer loop
      vertex -34.4598 -27.3117 0.590394
      vertex -34.7973 -27.05 0.526935
      vertex -34.4078 -27.05 0.479873
    endloop
  endfacet
  facet normal -0.111498 -0.367669 -0.923248
    outer loop
      vertex -34.7973 -27.05 0.526935
      vertex -34.4598 -27.3117 0.590394
      vertex -34.902 -27.1776 0.590394
    endloop
  endfacet
  facet normal 0.268444 0.884689 0.381134
    outer loop
      vertex 35.831 29.4205 51.4514
      vertex 34.8603 29.3249 52.357
      vertex 35.6875 29.0739 52.357
    endloop
  endfacet
  facet normal -0.0905861 0.920085 0.3811
    outer loop
      vertex -34 29.7847 51.4514
      vertex -34.8603 29.3249 52.357
      vertex -34 29.4096 52.357
    endloop
  endfacet
  facet normal -0.0961367 0.97625 -0.19415
    outer loop
      vertex -34.9334 29.6928 3.54858
      vertex -34.9708 29.8803 4.50991
      vertex -34 29.9759 4.50991
    endloop
  endfacet
  facet normal -0.28472 0.93874 -0.194171
    outer loop
      vertex -34.9334 29.6928 3.54858
      vertex -35.9042 29.5972 4.50991
      vertex -34.9708 29.8803 4.50991
    endloop
  endfacet
  facet normal 0 1 0
    outer loop
      vertex -32.579 29.9759 4.98373
      vertex -34 29.9759 4.50991
      vertex -32.7854 29.9759 4.92114
    endloop
  endfacet
  facet normal 0 1 0
    outer loop
      vertex 33.2146 29.9759 4.92114
      vertex 34 29.9759 4.50991
      vertex 33 29.9759 4.9
    endloop
  endfacet
  facet normal 0 1 0
    outer loop
      vertex 33.421 29.9759 4.98373
      vertex 34 29.9759 4.50991
      vertex 33.2146 29.9759 4.92114
    endloop
  endfacet
  facet normal 0 1 0
    outer loop
      vertex 33.6111 29.9759 5.08538
      vertex 34 29.9759 4.50991
      vertex 33.421 29.9759 4.98373
    endloop
  endfacet
  facet normal 0 1 0
    outer loop
      vertex 33.7778 29.9759 5.22218
      vertex 34 29.9759 4.50991
      vertex 33.6111 29.9759 5.08538
    endloop
  endfacet
  facet normal 0 1 0
    outer loop
      vertex 33.9146 29.9759 5.38887
      vertex 34 29.9759 4.50991
      vertex 33.7778 29.9759 5.22218
    endloop
  endfacet
  facet normal 0 1 -0
    outer loop
      vertex 34 29.9759 4.50991
      vertex 33.9146 29.9759 5.38887
      vertex 34 29.9759 5.54861
    endloop
  endfacet
  facet normal 0 1 0
    outer loop
      vertex 32.2222 29.9759 6.77782
      vertex 32.2222 29.9759 48.2222
      vertex 32.3889 29.9759 6.91462
    endloop
  endfacet
  facet normal 0 1 0
    outer loop
      vertex -32.0854 29.9759 48.3889
      vertex -32.7854 29.9759 7.07886
      vertex -33 29.9759 7.1
    endloop
  endfacet
  facet normal 0 1 0
    outer loop
      vertex 32.2222 29.9759 48.2222
      vertex 32.2222 29.9759 6.77782
      vertex 32.0854 29.9759 48.3889
    endloop
  endfacet
  facet normal 0 1 0
    outer loop
      vertex -32.0854 29.9759 48.3889
      vertex -32.579 29.9759 7.01627
      vertex -32.7854 29.9759 7.07886
    endloop
  endfacet
  facet normal 0 1 0
    outer loop
      vertex 32.0854 29.9759 6.61113
      vertex 32.0854 29.9759 48.3889
      vertex 32.2222 29.9759 6.77782
    endloop
  endfacet
  facet normal 0 1 0
    outer loop
      vertex -32.0854 29.9759 48.3889
      vertex -32.3889 29.9759 6.91462
      vertex -32.579 29.9759 7.01627
    endloop
  endfacet
  facet normal 0 1 0
    outer loop
      vertex 32.0854 29.9759 48.3889
      vertex 32.0854 29.9759 6.61113
      vertex -32.0854 29.9759 48.3889
    endloop
  endfacet
  facet normal 0 1 0
    outer loop
      vertex -32.0854 29.9759 48.3889
      vertex -32.2222 29.9759 6.77782
      vertex -32.3889 29.9759 6.91462
    endloop
  endfacet
  facet normal 0 1 0
    outer loop
      vertex -32.0854 29.9759 6.61113
      vertex -32.0854 29.9759 48.3889
      vertex 32.0854 29.9759 6.61113
    endloop
  endfacet
  facet normal 0 1 0
    outer loop
      vertex -32.0854 29.9759 48.3889
      vertex -32.0854 29.9759 6.61113
      vertex -32.2222 29.9759 6.77782
    endloop
  endfacet
  facet normal 0 1 -0
    outer loop
      vertex 31.9837 29.9759 6.42095
      vertex -32.0854 29.9759 6.61113
      vertex 32.0854 29.9759 6.61113
    endloop
  endfacet
  facet normal 0 1 0
    outer loop
      vertex 31.9837 29.9759 6.42095
      vertex -31.9837 29.9759 6.42095
      vertex -32.0854 29.9759 6.61113
    endloop
  endfacet
  facet normal 0 1 -0
    outer loop
      vertex 31.9211 29.9759 6.2146
      vertex -31.9837 29.9759 6.42095
      vertex 31.9837 29.9759 6.42095
    endloop
  endfacet
  facet normal 0 1 0
    outer loop
      vertex 31.9211 29.9759 6.2146
      vertex -31.9211 29.9759 6.2146
      vertex -31.9837 29.9759 6.42095
    endloop
  endfacet
  facet normal 0 1 -0
    outer loop
      vertex 31.9 29.9759 6
      vertex -31.9211 29.9759 6.2146
      vertex 31.9211 29.9759 6.2146
    endloop
  endfacet
  facet normal 0 1 0
    outer loop
      vertex 31.9 29.9759 6
      vertex -31.9 29.9759 6
      vertex -31.9211 29.9759 6.2146
    endloop
  endfacet
  facet normal 0 1 0
    outer loop
      vertex 31.9211 29.9759 5.7854
      vertex -31.9 29.9759 6
      vertex 31.9 29.9759 6
    endloop
  endfacet
  facet normal 0 1 0
    outer loop
      vertex 31.9211 29.9759 5.7854
      vertex -31.9211 29.9759 5.7854
      vertex -31.9 29.9759 6
    endloop
  endfacet
  facet normal 0 1 0
    outer loop
      vertex 31.9837 29.9759 5.57905
      vertex -31.9211 29.9759 5.7854
      vertex 31.9211 29.9759 5.7854
    endloop
  endfacet
  facet normal 0 1 0
    outer loop
      vertex 31.9837 29.9759 5.57905
      vertex -31.9837 29.9759 5.57905
      vertex -31.9211 29.9759 5.7854
    endloop
  endfacet
  facet normal 0 1 0
    outer loop
      vertex 32.0854 29.9759 5.38887
      vertex -31.9837 29.9759 5.57905
      vertex 31.9837 29.9759 5.57905
    endloop
  endfacet
  facet normal 0 1 0
    outer loop
      vertex 32.0854 29.9759 5.38887
      vertex -32.0854 29.9759 5.38887
      vertex -31.9837 29.9759 5.57905
    endloop
  endfacet
  facet normal 0 1 0
    outer loop
      vertex 32.2222 29.9759 5.22218
      vertex -32.0854 29.9759 5.38887
      vertex 32.0854 29.9759 5.38887
    endloop
  endfacet
  facet normal 0 1 0
    outer loop
      vertex 32.2222 29.9759 5.22218
      vertex -32.2222 29.9759 5.22218
      vertex -32.0854 29.9759 5.38887
    endloop
  endfacet
  facet normal 0 1 0
    outer loop
      vertex 32.3889 29.9759 5.08538
      vertex -32.2222 29.9759 5.22218
      vertex 32.2222 29.9759 5.22218
    endloop
  endfacet
  facet normal 0 1 0
    outer loop
      vertex 32.3889 29.9759 5.08538
      vertex -32.3889 29.9759 5.08538
      vertex -32.2222 29.9759 5.22218
    endloop
  endfacet
  facet normal 0 1 0
    outer loop
      vertex 32.579 29.9759 4.98373
      vertex -32.3889 29.9759 5.08538
      vertex 32.3889 29.9759 5.08538
    endloop
  endfacet
  facet normal 0 1 0
    outer loop
      vertex 32.579 29.9759 4.98373
      vertex -32.579 29.9759 4.98373
      vertex -32.3889 29.9759 5.08538
    endloop
  endfacet
  facet normal 0 1 0
    outer loop
      vertex 34 29.9759 4.50991
      vertex 32.579 29.9759 4.98373
      vertex 32.7854 29.9759 4.92114
    endloop
  endfacet
  facet normal 0 1 0
    outer loop
      vertex 32.579 29.9759 4.98373
      vertex 34 29.9759 4.50991
      vertex -32.579 29.9759 4.98373
    endloop
  endfacet
  facet normal 0 1 0
    outer loop
      vertex 34 29.9759 4.50991
      vertex 32.7854 29.9759 4.92114
      vertex 33 29.9759 4.9
    endloop
  endfacet
  facet normal 0 1 0
    outer loop
      vertex -34 29.9759 4.50991
      vertex -32.579 29.9759 4.98373
      vertex 34 29.9759 4.50991
    endloop
  endfacet
  facet normal 0 1 0
    outer loop
      vertex -32.579 29.9759 47.9837
      vertex -33 29.9759 7.1
      vertex -32.7854 29.9759 47.9211
    endloop
  endfacet
  facet normal 0 1 0
    outer loop
      vertex 33.2146 29.9759 47.9211
      vertex 33 29.9759 7.1
      vertex 33 29.9759 47.9
    endloop
  endfacet
  facet normal 0 1 0
    outer loop
      vertex 33.2146 29.9759 7.07886
      vertex 33.2146 29.9759 47.9211
      vertex 33.421 29.9759 47.9837
    endloop
  endfacet
  facet normal 0 1 0
    outer loop
      vertex 33.421 29.9759 7.01627
      vertex 33.421 29.9759 47.9837
      vertex 33.6111 29.9759 48.0854
    endloop
  endfacet
  facet normal 0 1 0
    outer loop
      vertex 33.6111 29.9759 6.91462
      vertex 33.6111 29.9759 48.0854
      vertex 33.7778 29.9759 48.2222
    endloop
  endfacet
  facet normal 0 1 0
    outer loop
      vertex 33.7778 29.9759 6.77782
      vertex 33.7778 29.9759 48.2222
      vertex 33.9146 29.9759 48.3889
    endloop
  endfacet
  facet normal 0 1 0
    outer loop
      vertex 33.9146 29.9759 6.61113
      vertex 33.9146 29.9759 48.3889
      vertex 34 29.9759 48.5486
    endloop
  endfacet
  facet normal 0 1 0
    outer loop
      vertex 33.2146 29.9759 47.9211
      vertex 33.2146 29.9759 7.07886
      vertex 33 29.9759 7.1
    endloop
  endfacet
  facet normal 0 1 0
    outer loop
      vertex 33.421 29.9759 47.9837
      vertex 33.421 29.9759 7.01627
      vertex 33.2146 29.9759 7.07886
    endloop
  endfacet
  facet normal 0 1 0
    outer loop
      vertex 33.6111 29.9759 48.0854
      vertex 33.6111 29.9759 6.91462
      vertex 33.421 29.9759 7.01627
    endloop
  endfacet
  facet normal 0 1 0
    outer loop
      vertex 33.7778 29.9759 48.2222
      vertex 33.7778 29.9759 6.77782
      vertex 33.6111 29.9759 6.91462
    endloop
  endfacet
  facet normal 0 1 0
    outer loop
      vertex 33.9146 29.9759 48.3889
      vertex 33.9146 29.9759 6.61113
      vertex 33.7778 29.9759 6.77782
    endloop
  endfacet
  facet normal -0 1 0
    outer loop
      vertex 33.9146 29.9759 6.61113
      vertex 34 29.9759 48.5486
      vertex 34 29.9759 6.45138
    endloop
  endfacet
  facet normal 0 1 0
    outer loop
      vertex 34 29.9759 50.4901
      vertex 32.579 29.9759 50.0163
      vertex -34 29.9759 50.4901
    endloop
  endfacet
  facet normal 0 1 0
    outer loop
      vertex -34 29.9759 50.4901
      vertex -32.7854 29.9759 50.0789
      vertex -33 29.9759 50.1
    endloop
  endfacet
  facet normal 0 1 -0
    outer loop
      vertex -32.579 29.9759 50.0163
      vertex -34 29.9759 50.4901
      vertex 32.579 29.9759 50.0163
    endloop
  endfacet
  facet normal 0 1 0
    outer loop
      vertex -34 29.9759 50.4901
      vertex -32.579 29.9759 50.0163
      vertex -32.7854 29.9759 50.0789
    endloop
  endfacet
  facet normal 0 1 -0
    outer loop
      vertex 32.3889 29.9759 49.9146
      vertex -32.579 29.9759 50.0163
      vertex 32.579 29.9759 50.0163
    endloop
  endfacet
  facet normal 0 1 0
    outer loop
      vertex 32.3889 29.9759 49.9146
      vertex -32.3889 29.9759 49.9146
      vertex -32.579 29.9759 50.0163
    endloop
  endfacet
  facet normal 0 1 -0
    outer loop
      vertex 32.2222 29.9759 49.7778
      vertex -32.3889 29.9759 49.9146
      vertex 32.3889 29.9759 49.9146
    endloop
  endfacet
  facet normal 0 1 0
    outer loop
      vertex 32.2222 29.9759 49.7778
      vertex -32.2222 29.9759 49.7778
      vertex -32.3889 29.9759 49.9146
    endloop
  endfacet
  facet normal 0 1 -0
    outer loop
      vertex 32.0854 29.9759 49.6111
      vertex -32.2222 29.9759 49.7778
      vertex 32.2222 29.9759 49.7778
    endloop
  endfacet
  facet normal 0 1 0
    outer loop
      vertex 32.0854 29.9759 49.6111
      vertex -32.0854 29.9759 49.6111
      vertex -32.2222 29.9759 49.7778
    endloop
  endfacet
  facet normal 0 1 -0
    outer loop
      vertex 31.9837 29.9759 49.421
      vertex -32.0854 29.9759 49.6111
      vertex 32.0854 29.9759 49.6111
    endloop
  endfacet
  facet normal 0 1 0
    outer loop
      vertex 31.9837 29.9759 49.421
      vertex -31.9837 29.9759 49.421
      vertex -32.0854 29.9759 49.6111
    endloop
  endfacet
  facet normal 0 1 -0
    outer loop
      vertex 31.9211 29.9759 49.2146
      vertex -31.9837 29.9759 49.421
      vertex 31.9837 29.9759 49.421
    endloop
  endfacet
  facet normal 0 1 0
    outer loop
      vertex 31.9211 29.9759 49.2146
      vertex -31.9211 29.9759 49.2146
      vertex -31.9837 29.9759 49.421
    endloop
  endfacet
  facet normal 0 1 -0
    outer loop
      vertex 31.9 29.9759 49
      vertex -31.9211 29.9759 49.2146
      vertex 31.9211 29.9759 49.2146
    endloop
  endfacet
  facet normal 0 1 0
    outer loop
      vertex 31.9 29.9759 49
      vertex -31.9 29.9759 49
      vertex -31.9211 29.9759 49.2146
    endloop
  endfacet
  facet normal 0 1 0
    outer loop
      vertex 31.9211 29.9759 48.7854
      vertex -31.9 29.9759 49
      vertex 31.9 29.9759 49
    endloop
  endfacet
  facet normal 0 1 0
    outer loop
      vertex 31.9211 29.9759 48.7854
      vertex -31.9211 29.9759 48.7854
      vertex -31.9 29.9759 49
    endloop
  endfacet
  facet normal 0 1 0
    outer loop
      vertex 31.9837 29.9759 48.579
      vertex -31.9211 29.9759 48.7854
      vertex 31.9211 29.9759 48.7854
    endloop
  endfacet
  facet normal 0 1 0
    outer loop
      vertex 31.9837 29.9759 48.579
      vertex -31.9837 29.9759 48.579
      vertex -31.9211 29.9759 48.7854
    endloop
  endfacet
  facet normal 0 1 0
    outer loop
      vertex 32.0854 29.9759 48.3889
      vertex -31.9837 29.9759 48.579
      vertex 31.9837 29.9759 48.579
    endloop
  endfacet
  facet normal 0 1 0
    outer loop
      vertex 32.0854 29.9759 48.3889
      vertex -32.0854 29.9759 48.3889
      vertex -31.9837 29.9759 48.579
    endloop
  endfacet
  facet normal 0 1 0
    outer loop
      vertex 32.579 29.9759 47.9837
      vertex 32.579 29.9759 7.01627
      vertex 32.3889 29.9759 48.0854
    endloop
  endfacet
  facet normal 0 1 0
    outer loop
      vertex 32.3889 29.9759 6.91462
      vertex 32.3889 29.9759 48.0854
      vertex 32.579 29.9759 7.01627
    endloop
  endfacet
  facet normal 0 1 0
    outer loop
      vertex 32.579 29.9759 7.01627
      vertex 32.579 29.9759 47.9837
      vertex 32.7854 29.9759 7.07886
    endloop
  endfacet
  facet normal 0 1 0
    outer loop
      vertex 32.3889 29.9759 48.0854
      vertex 32.3889 29.9759 6.91462
      vertex 32.2222 29.9759 48.2222
    endloop
  endfacet
  facet normal 0 1 0
    outer loop
      vertex 32.7854 29.9759 47.9211
      vertex 32.7854 29.9759 7.07886
      vertex 32.579 29.9759 47.9837
    endloop
  endfacet
  facet normal 0 1 0
    outer loop
      vertex -32.0854 29.9759 48.3889
      vertex -33 29.9759 7.1
      vertex -32.2222 29.9759 48.2222
    endloop
  endfacet
  facet normal 0 1 0
    outer loop
      vertex 32.7854 29.9759 7.07886
      vertex 32.7854 29.9759 47.9211
      vertex 33 29.9759 7.1
    endloop
  endfacet
  facet normal 0 1 0
    outer loop
      vertex -32.2222 29.9759 48.2222
      vertex -33 29.9759 7.1
      vertex -32.3889 29.9759 48.0854
    endloop
  endfacet
  facet normal 0 1 -0
    outer loop
      vertex 33 29.9759 7.1
      vertex 32.7854 29.9759 47.9211
      vertex 33 29.9759 47.9
    endloop
  endfacet
  facet normal 0 1 0
    outer loop
      vertex -32.3889 29.9759 48.0854
      vertex -33 29.9759 7.1
      vertex -32.579 29.9759 47.9837
    endloop
  endfacet
  facet normal 0 1 0
    outer loop
      vertex 32.7854 29.9759 50.0789
      vertex 34 29.9759 50.4901
      vertex 33 29.9759 50.1
    endloop
  endfacet
  facet normal 0 1 0
    outer loop
      vertex 34 29.9759 50.4901
      vertex 33.2146 29.9759 50.0789
      vertex 33 29.9759 50.1
    endloop
  endfacet
  facet normal 0 1 0
    outer loop
      vertex 34 29.9759 50.4901
      vertex 33.421 29.9759 50.0163
      vertex 33.2146 29.9759 50.0789
    endloop
  endfacet
  facet normal 0 1 0
    outer loop
      vertex 34 29.9759 50.4901
      vertex 33.6111 29.9759 49.9146
      vertex 33.421 29.9759 50.0163
    endloop
  endfacet
  facet normal 0 1 0
    outer loop
      vertex 34 29.9759 50.4901
      vertex 33.7778 29.9759 49.7778
      vertex 33.6111 29.9759 49.9146
    endloop
  endfacet
  facet normal 0 1 0
    outer loop
      vertex 34 29.9759 50.4901
      vertex 33.9146 29.9759 49.6111
      vertex 33.7778 29.9759 49.7778
    endloop
  endfacet
  facet normal -0 1 0
    outer loop
      vertex 33.9146 29.9759 49.6111
      vertex 34 29.9759 50.4901
      vertex 34 29.9759 49.4514
    endloop
  endfacet
  facet normal 0 1 0
    outer loop
      vertex 32.579 29.9759 50.0163
      vertex 34 29.9759 50.4901
      vertex 32.7854 29.9759 50.0789
    endloop
  endfacet
  facet normal 0 1 -0
    outer loop
      vertex -33.2146 29.9759 50.0789
      vertex -34 29.9759 50.4901
      vertex -33 29.9759 50.1
    endloop
  endfacet
  facet normal 0 1 -0
    outer loop
      vertex -33.421 29.9759 50.0163
      vertex -34 29.9759 50.4901
      vertex -33.2146 29.9759 50.0789
    endloop
  endfacet
  facet normal 0 1 -0
    outer loop
      vertex -33.6111 29.9759 49.9146
      vertex -34 29.9759 50.4901
      vertex -33.421 29.9759 50.0163
    endloop
  endfacet
  facet normal 0 1 -0
    outer loop
      vertex -33.7778 29.9759 49.7778
      vertex -34 29.9759 50.4901
      vertex -33.6111 29.9759 49.9146
    endloop
  endfacet
  facet normal 0 1 -0
    outer loop
      vertex -33.9146 29.9759 49.6111
      vertex -34 29.9759 50.4901
      vertex -33.7778 29.9759 49.7778
    endloop
  endfacet
  facet normal 0 1 0
    outer loop
      vertex -34 29.9759 50.4901
      vertex -33.9146 29.9759 49.6111
      vertex -34 29.9759 49.4514
    endloop
  endfacet
  facet normal 0 1 0
    outer loop
      vertex -32.7854 29.9759 47.9211
      vertex -33 29.9759 7.1
      vertex -33 29.9759 47.9
    endloop
  endfacet
  facet normal 0 1 0
    outer loop
      vertex -33 29.9759 47.9
      vertex -33 29.9759 7.1
      vertex -33.2146 29.9759 47.9211
    endloop
  endfacet
  facet normal 0 1 0
    outer loop
      vertex -33.2146 29.9759 7.07886
      vertex -33.2146 29.9759 47.9211
      vertex -33 29.9759 7.1
    endloop
  endfacet
  facet normal 0 1 0
    outer loop
      vertex -33.2146 29.9759 47.9211
      vertex -33.2146 29.9759 7.07886
      vertex -33.421 29.9759 47.9837
    endloop
  endfacet
  facet normal 0 1 0
    outer loop
      vertex -33.421 29.9759 7.01627
      vertex -33.421 29.9759 47.9837
      vertex -33.2146 29.9759 7.07886
    endloop
  endfacet
  facet normal 0 1 0
    outer loop
      vertex -33.421 29.9759 47.9837
      vertex -33.421 29.9759 7.01627
      vertex -33.6111 29.9759 48.0854
    endloop
  endfacet
  facet normal 0 1 0
    outer loop
      vertex -33.6111 29.9759 6.91462
      vertex -33.6111 29.9759 48.0854
      vertex -33.421 29.9759 7.01627
    endloop
  endfacet
  facet normal 0 1 0
    outer loop
      vertex -33.6111 29.9759 48.0854
      vertex -33.6111 29.9759 6.91462
      vertex -33.7778 29.9759 48.2222
    endloop
  endfacet
  facet normal 0 1 0
    outer loop
      vertex -33.7778 29.9759 6.77782
      vertex -33.7778 29.9759 48.2222
      vertex -33.6111 29.9759 6.91462
    endloop
  endfacet
  facet normal 0 1 0
    outer loop
      vertex -33.7778 29.9759 48.2222
      vertex -33.7778 29.9759 6.77782
      vertex -33.9146 29.9759 48.3889
    endloop
  endfacet
  facet normal 0 1 0
    outer loop
      vertex -33.9146 29.9759 6.61113
      vertex -33.9146 29.9759 48.3889
      vertex -33.7778 29.9759 6.77782
    endloop
  endfacet
  facet normal 0 1 0
    outer loop
      vertex -33.9146 29.9759 48.3889
      vertex -33.9146 29.9759 6.61113
      vertex -34 29.9759 48.5486
    endloop
  endfacet
  facet normal 0 1 0
    outer loop
      vertex -34 29.9759 48.5486
      vertex -33.9146 29.9759 6.61113
      vertex -34 29.9759 6.45138
    endloop
  endfacet
  facet normal 0 1 0
    outer loop
      vertex -33.9146 29.9759 5.38887
      vertex -34 29.9759 4.50991
      vertex -34 29.9759 5.54861
    endloop
  endfacet
  facet normal 0 1 0
    outer loop
      vertex -33.7778 29.9759 5.22218
      vertex -34 29.9759 4.50991
      vertex -33.9146 29.9759 5.38887
    endloop
  endfacet
  facet normal 0 1 0
    outer loop
      vertex -33.6111 29.9759 5.08538
      vertex -34 29.9759 4.50991
      vertex -33.7778 29.9759 5.22218
    endloop
  endfacet
  facet normal 0 1 0
    outer loop
      vertex -33.421 29.9759 4.98373
      vertex -34 29.9759 4.50991
      vertex -33.6111 29.9759 5.08538
    endloop
  endfacet
  facet normal 0 1 0
    outer loop
      vertex -33.2146 29.9759 4.92114
      vertex -34 29.9759 4.50991
      vertex -33.421 29.9759 4.98373
    endloop
  endfacet
  facet normal 0 1 0
    outer loop
      vertex -33 29.9759 4.9
      vertex -34 29.9759 4.50991
      vertex -33.2146 29.9759 4.92114
    endloop
  endfacet
  facet normal 0 1 0
    outer loop
      vertex -32.7854 29.9759 4.92114
      vertex -34 29.9759 4.50991
      vertex -33 29.9759 4.9
    endloop
  endfacet
  facet normal 0.881896 0.471445 -4.303e-19
    outer loop
      vertex 38.5972 26.9042 50.4901
      vertex 38.1373 27.7645 4.50991
      vertex 38.1373 27.7645 50.4901
    endloop
  endfacet
  facet normal 0.881896 0.471445 -4.303e-19
    outer loop
      vertex 38.1373 27.7645 4.50991
      vertex 38.5972 26.9042 50.4901
      vertex 38.5972 26.9042 4.50991
    endloop
  endfacet
  facet normal 0.995186 0.0980014 1.26761e-19
    outer loop
      vertex 38.9759 25 50.4901
      vertex 38.8803 25.9708 4.50991
      vertex 38.8803 25.9708 50.4901
    endloop
  endfacet
  facet normal 0.995186 0.0980014 1.26761e-19
    outer loop
      vertex 38.8803 25.9708 4.50991
      vertex 38.9759 25 50.4901
      vertex 38.9759 25 4.50991
    endloop
  endfacet
  facet normal 0.920079 -0.0905855 -0.381114
    outer loop
      vertex 38.7847 -25 3.54858
      vertex 38.3249 -25.8603 2.64302
      vertex 38.4096 -25 2.64302
    endloop
  endfacet
  facet normal 0.714721 -0.586483 -0.381067
    outer loop
      vertex 37.3833 -28.3833 3.54858
      vertex 37.1181 -28.1181 2.64302
      vertex 37.9783 -27.6582 3.54858
    endloop
  endfacet
  facet normal 0.758337 -0.622273 -0.194167
    outer loop
      vertex 37.5185 -28.5185 4.50991
      vertex 37.3833 -28.3833 3.54858
      vertex 37.9783 -27.6582 3.54858
    endloop
  endfacet
  facet normal 0.4358 0.815375 -0.381107
    outer loop
      vertex 36.1351 29.05 3.10364
      vertex 35.831 29.4205 3.54858
      vertex 36.5242 29.05 3.54858
    endloop
  endfacet
  facet normal -0.533455 -0.161785 -0.830212
    outer loop
      vertex -37 -25.9848 1.13495
      vertex -37.111 -25.6188 1.13495
      vertex -37 -25.5967 1.05932
    endloop
  endfacet
  facet normal -0.554762 -0.0547455 -0.830206
    outer loop
      vertex -37 -25.5967 1.05932
      vertex -37.111 -25.6188 1.13495
      vertex -37 -25.5277 1.05477
    endloop
  endfacet
  facet normal -0.622317 -0.758285 -0.194231
    outer loop
      vertex -36.7645 -29.1373 4.50991
      vertex -37.5185 -28.5185 4.50991
      vertex -36.6582 -28.9783 3.54858
    endloop
  endfacet
  facet normal -0.734412 -0.392485 -0.55371
    outer loop
      vertex -37.2137 -27.1473 1.82803
      vertex -37.6665 -27.4498 2.64302
      vertex -37.5708 -26.4791 1.82803
    endloop
  endfacet
  facet normal -0.037674 -0.382395 -0.923231
    outer loop
      vertex -34.4598 -27.3117 0.590394
      vertex -34.0931 -27.05 0.467036
      vertex -34 -27.357 0.590394
    endloop
  endfacet
  facet normal -0.0376594 -0.382412 -0.923224
    outer loop
      vertex -34.0931 -27.05 0.467036
      vertex -34.4598 -27.3117 0.590394
      vertex -34.4078 -27.05 0.479873
    endloop
  endfacet
  facet normal -0.205729 -0.67828 -0.705416
    outer loop
      vertex -34.754 -28.7908 1.82803
      vertex -35.2139 -27.9305 1.13495
      vertex -34.6188 -28.111 1.13495
    endloop
  endfacet
  facet normal -0.284772 -0.938712 -0.194227
    outer loop
      vertex -34.9334 -29.6928 3.54858
      vertex -35.9042 -29.5972 4.50991
      vertex -35.831 -29.4205 3.54858
    endloop
  endfacet
  facet normal -0.268393 -0.88472 -0.381099
    outer loop
      vertex -34.9334 -29.6928 3.54858
      vertex -35.831 -29.4205 3.54858
      vertex -34.8603 -29.3249 2.64302
    endloop
  endfacet
  facet normal -0.0905855 0.920079 -0.381114
    outer loop
      vertex -34 29.4096 2.64302
      vertex -34.8603 29.3249 2.64302
      vertex -34 29.7847 3.54858
    endloop
  endfacet
  facet normal -0.0815882 0.828694 -0.553724
    outer loop
      vertex -34 29.4096 2.64302
      vertex -34.346 29.05 2.15583
      vertex -34.8603 29.3249 2.64302
    endloop
  endfacet
  facet normal -0.0816161 0.828701 -0.553709
    outer loop
      vertex -34.346 29.05 2.15583
      vertex -34 29.4096 2.64302
      vertex -34 29.05 2.10483
    endloop
  endfacet
  facet normal -0.622358 0.758265 -0.194177
    outer loop
      vertex -37.3833 28.3833 3.54858
      vertex -37 28.7957 3.93049
      vertex -37 28.6979 3.54858
    endloop
  endfacet
  facet normal -0.622364 0.758262 -0.194169
    outer loop
      vertex -37 28.7957 3.93049
      vertex -37.3833 28.3833 3.54858
      vertex -37.5185 28.5185 4.50991
    endloop
  endfacet
  facet normal -0.586538 0.714622 -0.381168
    outer loop
      vertex -37 28.3389 2.87552
      vertex -37.3833 28.3833 3.54858
      vertex -37 28.6979 3.54858
    endloop
  endfacet
  facet normal -0.58632 0.714858 -0.38106
    outer loop
      vertex -37.3833 28.3833 3.54858
      vertex -37 28.3389 2.87552
      vertex -37.1181 28.1181 2.64302
    endloop
  endfacet
  facet normal -0.586485 0.714798 -0.380918
    outer loop
      vertex -37 28.215 2.64302
      vertex -37.1181 28.1181 2.64302
      vertex -37 28.3389 2.87552
    endloop
  endfacet
  facet normal -0.435762 0.815381 -0.381137
    outer loop
      vertex -35.6875 29.0739 2.64302
      vertex -36.1351 29.05 3.10364
      vertex -35.831 29.4205 3.54858
    endloop
  endfacet
  facet normal -0.435261 0.815888 -0.380625
    outer loop
      vertex -36.1351 29.05 3.10364
      vertex -35.6875 29.0739 2.64302
      vertex -35.7323 29.05 2.64302
    endloop
  endfacet
  facet normal -0.625034 0.334162 -0.705456
    outer loop
      vertex -37 26.4429 1.30503
      vertex -37.2137 27.1473 1.82803
      vertex -37 27.0045 1.57105
    endloop
  endfacet
  facet normal -0.622229 0.758364 -0.194204
    outer loop
      vertex -36.7061 29.05 3.98189
      vertex -36.8709 29.05 4.50991
      vertex -36.7645 29.1373 4.50991
    endloop
  endfacet
  facet normal -0.62231 0.758326 -0.19409
    outer loop
      vertex -37 28.7957 3.93049
      vertex -37.5185 28.5185 4.50991
      vertex -37 28.944 4.50991
    endloop
  endfacet
  facet normal -0.93874 0.28472 -0.194171
    outer loop
      vertex -38.6928 25.9334 3.54858
      vertex -38.8803 25.9708 4.50991
      vertex -38.5972 26.9042 4.50991
    endloop
  endfacet
  facet normal -0.88472 0.268393 -0.381099
    outer loop
      vertex -38.3249 25.8603 2.64302
      vertex -38.6928 25.9334 3.54858
      vertex -38.4205 26.831 3.54858
    endloop
  endfacet
  facet normal -0.4358 0.815375 -0.381107
    outer loop
      vertex -36.1351 29.05 3.10364
      vertex -36.5242 29.05 3.54858
      vertex -35.831 29.4205 3.54858
    endloop
  endfacet
  facet normal -0.462429 0.865122 -0.194228
    outer loop
      vertex -35.831 29.4205 3.54858
      vertex -36.5709 29.05 3.65991
      vertex -35.9042 29.5972 4.50991
    endloop
  endfacet
  facet normal -0.462421 0.865183 -0.193973
    outer loop
      vertex -36.5709 29.05 3.65991
      vertex -35.831 29.4205 3.54858
      vertex -36.5242 29.05 3.54858
    endloop
  endfacet
  facet normal -0.79683 -0.241785 -0.553716
    outer loop
      vertex -38.0739 -26.6875 2.64302
      vertex -38.3249 -25.8603 2.64302
      vertex -37.5708 -26.4791 1.82803
    endloop
  endfacet
  facet normal -0.796827 -0.241762 -0.55373
    outer loop
      vertex -37.5708 -26.4791 1.82803
      vertex -38.3249 -25.8603 2.64302
      vertex -37.7908 -25.754 1.82803
    endloop
  endfacet
  facet normal -0.205798 -0.678292 -0.705385
    outer loop
      vertex -34.754 -28.7908 1.82803
      vertex -35.4791 -28.5708 1.82803
      vertex -35.2139 -27.9305 1.13495
    endloop
  endfacet
  facet normal -0.334145 -0.625082 -0.705422
    outer loop
      vertex -35.2139 -27.9305 1.13495
      vertex -36.1473 -28.2137 1.82803
      vertex -35.7622 -27.6374 1.13495
    endloop
  endfacet
  facet normal -0.622273 -0.758337 -0.194167
    outer loop
      vertex -36.6582 -28.9783 3.54858
      vertex -37.5185 -28.5185 4.50991
      vertex -37.3833 -28.3833 3.54858
    endloop
  endfacet
  facet normal -0.865102 -0.462467 -0.194222
    outer loop
      vertex -38.1373 -27.7645 4.50991
      vertex -38.5972 -26.9042 4.50991
      vertex -37.9783 -27.6582 3.54858
    endloop
  endfacet
  facet normal -0.758285 -0.622317 -0.194231
    outer loop
      vertex -37.5185 -28.5185 4.50991
      vertex -38.1373 -27.7645 4.50991
      vertex -37.9783 -27.6582 3.54858
    endloop
  endfacet
  facet normal -0.758337 -0.622273 -0.194167
    outer loop
      vertex -37.5185 -28.5185 4.50991
      vertex -37.9783 -27.6582 3.54858
      vertex -37.3833 -28.3833 3.54858
    endloop
  endfacet
  facet normal -0.554684 0.054643 -0.830265
    outer loop
      vertex -37.172 25 1.13495
      vertex -37 25.5277 1.05477
      vertex -37 25 1.02004
    endloop
  endfacet
  facet normal -0.554794 0.0546905 -0.830188
    outer loop
      vertex -37 25.5277 1.05477
      vertex -37.172 25 1.13495
      vertex -37.111 25.6188 1.13495
    endloop
  endfacet
  facet normal -0.0695364 -0.705395 0.705395
    outer loop
      vertex -34 -28.172 53.8651
      vertex -34.6188 -28.111 53.8651
      vertex -34 -28.8651 53.172
    endloop
  endfacet
  facet normal -0.0546805 -0.554693 0.830257
    outer loop
      vertex -34 -27.357 54.4096
      vertex -34.6188 -28.111 53.8651
      vertex -34 -28.172 53.8651
    endloop
  endfacet
  facet normal -0.392486 -0.734414 0.553706
    outer loop
      vertex -36.1473 -28.2137 53.172
      vertex -36.4498 -28.6665 52.357
      vertex -35.4791 -28.5708 53.172
    endloop
  endfacet
  facet normal -0.43577 -0.815383 0.381123
    outer loop
      vertex -35.6875 -29.0739 52.357
      vertex -36.4498 -28.6665 52.357
      vertex -35.831 -29.4205 51.4514
    endloop
  endfacet
  facet normal -0.290244 -0.956953 0
    outer loop
      vertex -35.9042 -29.5972 4.50991
      vertex -34.9708 -29.8803 50.4901
      vertex -35.9042 -29.5972 50.4901
    endloop
  endfacet
  facet normal -0.290244 -0.956953 -0
    outer loop
      vertex -34.9708 -29.8803 50.4901
      vertex -35.9042 -29.5972 4.50991
      vertex -34.9708 -29.8803 4.50991
    endloop
  endfacet
  facet normal -0.734406 -0.392493 0.553712
    outer loop
      vertex -37.5708 -26.4791 53.172
      vertex -38.0739 -26.6875 52.357
      vertex -37.6665 -27.4498 52.357
    endloop
  endfacet
  facet normal -0.865101 -0.462467 0.194228
    outer loop
      vertex -37.9783 -27.6582 51.4514
      vertex -38.5972 -26.9042 50.4901
      vertex -38.1373 -27.7645 50.4901
    endloop
  endfacet
  facet normal -0.956953 -0.290244 3.34627e-19
    outer loop
      vertex -38.5972 -26.9042 4.50991
      vertex -38.8803 -25.9708 50.4901
      vertex -38.8803 -25.9708 4.50991
    endloop
  endfacet
  facet normal -0.956953 -0.290244 3.34627e-19
    outer loop
      vertex -38.8803 -25.9708 50.4901
      vertex -38.5972 -26.9042 4.50991
      vertex -38.5972 -26.9042 50.4901
    endloop
  endfacet
  facet normal -0.920086 -0.0905891 0.381097
    outer loop
      vertex -38.3249 -25.8603 52.357
      vertex -38.7847 -25 51.4514
      vertex -38.6928 -25.9334 51.4514
    endloop
  endfacet
  facet normal -0.976247 -0.0961186 0.194173
    outer loop
      vertex -38.7847 -25 51.4514
      vertex -38.9759 -25 50.4901
      vertex -38.6928 -25.9334 51.4514
    endloop
  endfacet
  facet normal -0.758336 -0.622273 0.194173
    outer loop
      vertex -37.3833 -28.3833 51.4514
      vertex -37.9783 -27.6582 51.4514
      vertex -37.5185 -28.5185 50.4901
    endloop
  endfacet
  facet normal -0.773006 -0.634398 -1.38133e-19
    outer loop
      vertex -37.5185 -28.5185 4.50991
      vertex -38.1373 -27.7645 50.4901
      vertex -38.1373 -27.7645 4.50991
    endloop
  endfacet
  facet normal -0.773006 -0.634398 -1.38133e-19
    outer loop
      vertex -38.1373 -27.7645 50.4901
      vertex -37.5185 -28.5185 4.50991
      vertex -37.5185 -28.5185 50.4901
    endloop
  endfacet
  facet normal -0.0961186 -0.976247 0.194173
    outer loop
      vertex -34 -29.7847 51.4514
      vertex -34.9334 -29.6928 51.4514
      vertex -34 -29.9759 50.4901
    endloop
  endfacet
  facet normal -0.0905861 -0.920085 0.3811
    outer loop
      vertex -34 -29.4096 52.357
      vertex -34.8603 -29.3249 52.357
      vertex -34 -29.7847 51.4514
    endloop
  endfacet
  facet normal 0.43577 -0.815383 0.381123
    outer loop
      vertex 36.4498 -28.6665 52.357
      vertex 35.6875 -29.0739 52.357
      vertex 35.831 -29.4205 51.4514
    endloop
  endfacet
  facet normal 0.290244 -0.956953 0
    outer loop
      vertex 34.9708 -29.8803 4.50991
      vertex 35.9042 -29.5972 16.5
      vertex 34.9708 -29.8803 16.5
    endloop
  endfacet
  facet normal 0.290244 -0.956953 0
    outer loop
      vertex 35.9042 -29.5972 16.5
      vertex 34.9708 -29.8803 4.50991
      vertex 35.9042 -29.5972 4.50991
    endloop
  endfacet
  facet normal 0.290244 -0.956953 0
    outer loop
      vertex 34.9708 -29.8803 38.5
      vertex 35.9042 -29.5972 50.4901
      vertex 34.9708 -29.8803 50.4901
    endloop
  endfacet
  facet normal 0.290244 -0.956953 0
    outer loop
      vertex 35.9042 -29.5972 50.4901
      vertex 34.9708 -29.8803 38.5
      vertex 35.9042 -29.5972 38.5
    endloop
  endfacet
  facet normal 0.622316 -0.758284 0.194236
    outer loop
      vertex 37.5185 -28.5185 50.4901
      vertex 36.6582 -28.9783 51.4514
      vertex 36.7645 -29.1373 50.4901
    endloop
  endfacet
  facet normal 0.462462 -0.865103 0.194233
    outer loop
      vertex 36.6582 -28.9783 51.4514
      vertex 35.831 -29.4205 51.4514
      vertex 35.9042 -29.5972 50.4901
    endloop
  endfacet
  facet normal -0.0905886 -0.92008 -0.381112
    outer loop
      vertex -34 -29.7847 3.54858
      vertex -34.9334 -29.6928 3.54858
      vertex -34.8603 -29.3249 2.64302
    endloop
  endfacet
  facet normal -0.0961187 -0.976248 -0.194167
    outer loop
      vertex -34 -29.9759 4.50991
      vertex -34.9334 -29.6928 3.54858
      vertex -34 -29.7847 3.54858
    endloop
  endfacet
  facet normal 0.0980014 -0.995186 3.13262e-06
    outer loop
      vertex 34 -29.9759 50.4901
      vertex 34.5 -29.9267 38.5
      vertex 34.9708 -29.8803 50.4901
    endloop
  endfacet
  facet normal 0.097927 -0.995194 0
    outer loop
      vertex 34 -29.9759 50.4901
      vertex 34.5 -29.9267 16.5
      vertex 34.5 -29.9267 38.5
    endloop
  endfacet
  facet normal 0.097927 -0.995194 0
    outer loop
      vertex 34 -29.9759 4.50991
      vertex 34.5 -29.9267 16.5
      vertex 34 -29.9759 50.4901
    endloop
  endfacet
  facet normal 0.0980014 -0.995186 -3.13262e-06
    outer loop
      vertex 34.9708 -29.8803 4.50991
      vertex 34.5 -29.9267 16.5
      vertex 34 -29.9759 4.50991
    endloop
  endfacet
  facet normal 0.0980805 -0.995178 -8.53185e-20
    outer loop
      vertex 34.5 -29.9267 16.5
      vertex 34.9708 -29.8803 4.50991
      vertex 34.9708 -29.8803 16.5
    endloop
  endfacet
  facet normal 0.0980805 -0.995178 0
    outer loop
      vertex 34.9708 -29.8803 50.4901
      vertex 34.5 -29.9267 38.5
      vertex 34.9708 -29.8803 38.5
    endloop
  endfacet
  facet normal 0.449666 -0.547887 -0.705422
    outer loop
      vertex 36.1473 -28.2137 1.82803
      vertex 35.7622 -27.6374 1.13495
      vertex 36.733 -27.733 1.82803
    endloop
  endfacet
  facet normal 0.449657 -0.547908 -0.705411
    outer loop
      vertex 36.733 -27.733 1.82803
      vertex 35.7622 -27.6374 1.13495
      vertex 36.2429 -27.2429 1.13495
    endloop
  endfacet
  facet normal -0.865103 0.462462 0.194233
    outer loop
      vertex -37.9783 27.6582 51.4514
      vertex -38.5972 26.9042 50.4901
      vertex -38.4205 26.831 51.4514
    endloop
  endfacet
  facet normal -0.796833 0.241786 0.553712
    outer loop
      vertex -38.0739 26.6875 52.357
      vertex -38.3249 25.8603 52.357
      vertex -37.5708 26.4791 53.172
    endloop
  endfacet
  facet normal -0.290244 0.956953 0
    outer loop
      vertex -34.9708 29.8803 4.50991
      vertex -35.9042 29.5972 50.4901
      vertex -34.9708 29.8803 50.4901
    endloop
  endfacet
  facet normal -0.290244 0.956953 0
    outer loop
      vertex -35.9042 29.5972 50.4901
      vertex -34.9708 29.8803 4.50991
      vertex -35.9042 29.5972 4.50991
    endloop
  endfacet
  facet normal -0.586543 0.714628 0.381149
    outer loop
      vertex -37.3833 28.3833 51.4514
      vertex -37 28.3389 52.1245
      vertex -37 28.6979 51.4514
    endloop
  endfacet
  facet normal -0.586336 0.714853 0.381046
    outer loop
      vertex -37 28.3389 52.1245
      vertex -37.3833 28.3833 51.4514
      vertex -37.1181 28.1181 52.357
    endloop
  endfacet
  facet normal -0.705395 -0.0695364 0.705395
    outer loop
      vertex -37.172 -25 53.8651
      vertex -37.8651 -25 53.172
      vertex -37.111 -25.6188 53.8651
    endloop
  endfacet
  facet normal 0.533309 -0.161741 0.830314
    outer loop
      vertex 37 -25.5967 53.9407
      vertex 37 -25.9848 53.8651
      vertex 37.111 -25.6188 53.8651
    endloop
  endfacet
  facet normal 0.705395 -0.0695364 0.705395
    outer loop
      vertex 37.172 -25 53.8651
      vertex 37.111 -25.6188 53.8651
      vertex 37.8651 -25 53.172
    endloop
  endfacet
  facet normal 0.920086 0.0905891 0.381097
    outer loop
      vertex 38.6928 25.9334 51.4514
      vertex 38.3249 25.8603 52.357
      vertex 38.7847 25 51.4514
    endloop
  endfacet
  facet normal 0.462471 0.865109 -0.194183
    outer loop
      vertex 36.7061 29.05 3.98189
      vertex 35.9042 29.5972 4.50991
      vertex 36.7645 29.1373 4.50991
    endloop
  endfacet
  facet normal 0.462466 0.86511 -0.19419
    outer loop
      vertex 35.9042 29.5972 4.50991
      vertex 36.7061 29.05 3.98189
      vertex 36.5709 29.05 3.65991
    endloop
  endfacet
  facet normal 0.449672 -0.547895 0.705412
    outer loop
      vertex 36.733 -27.733 53.172
      vertex 35.7622 -27.6374 53.8651
      vertex 36.1473 -28.2137 53.172
    endloop
  endfacet
  facet normal 0.284772 -0.938711 0.194232
    outer loop
      vertex 35.831 -29.4205 51.4514
      vertex 34.9334 -29.6928 51.4514
      vertex 35.9042 -29.5972 50.4901
    endloop
  endfacet
  facet normal 0.938739 -0.284719 0.194177
    outer loop
      vertex 38.6928 -25.9334 51.4514
      vertex 38.5972 -26.9042 50.4901
      vertex 38.8803 -25.9708 50.4901
    endloop
  endfacet
  facet normal 0.435874 -0.815367 0.381038
    outer loop
      vertex 36.4498 -28.6665 52.357
      vertex 35.831 -29.4205 51.4514
      vertex 36.6582 -28.9783 51.4514
    endloop
  endfacet
  facet normal 0.678297 0.205839 0.705367
    outer loop
      vertex 37 25.9848 53.8651
      vertex 37.7908 25.754 53.172
      vertex 37 26.1767 53.8091
    endloop
  endfacet
  facet normal 0.678295 0.205712 0.705406
    outer loop
      vertex 37.7908 25.754 53.172
      vertex 37 25.9848 53.8651
      vertex 37.111 25.6188 53.8651
    endloop
  endfacet
  facet normal 0.435259 0.815882 0.380639
    outer loop
      vertex 36.1351 29.05 51.8964
      vertex 35.6875 29.0739 52.357
      vertex 35.7323 29.05 52.357
    endloop
  endfacet
  facet normal 0.435733 0.815403 0.381124
    outer loop
      vertex 35.6875 29.0739 52.357
      vertex 36.1351 29.05 51.8964
      vertex 35.831 29.4205 51.4514
    endloop
  endfacet
  facet normal 0.353581 -0.430924 0.830232
    outer loop
      vertex 35.7044 -27.05 54.1946
      vertex 35.3698 -27.05 54.3371
      vertex 35.7622 -27.6374 53.8651
    endloop
  endfacet
  facet normal 0.0905886 0.92008 -0.381112
    outer loop
      vertex 34.8603 29.3249 2.64302
      vertex 34 29.7847 3.54858
      vertex 34.9334 29.6928 3.54858
    endloop
  endfacet
  facet normal 0.758285 0.622317 -0.194231
    outer loop
      vertex 37.9783 27.6582 3.54858
      vertex 37.5185 28.5185 4.50991
      vertex 38.1373 27.7645 4.50991
    endloop
  endfacet
  facet normal 0.758337 0.622273 -0.194167
    outer loop
      vertex 37.9783 27.6582 3.54858
      vertex 37.3833 28.3833 3.54858
      vertex 37.5185 28.5185 4.50991
    endloop
  endfacet
  facet normal 0.625034 0.334162 -0.705456
    outer loop
      vertex 37.2137 27.1473 1.82803
      vertex 37 26.4429 1.30503
      vertex 37 27.0045 1.57105
    endloop
  endfacet
  facet normal 0.547888 -0.449666 -0.705421
    outer loop
      vertex 36.733 -27.733 1.82803
      vertex 37 -27.05 1.60003
      vertex 37.2137 -27.1473 1.82803
    endloop
  endfacet
  facet normal 0.547882 -0.449666 -0.705426
    outer loop
      vertex 37 -27.05 1.60003
      vertex 36.733 -27.733 1.82803
      vertex 36.6657 -27.05 1.34039
    endloop
  endfacet
  facet normal 0.548095 -0.449332 -0.705473
    outer loop
      vertex 37.2137 -27.1473 1.82803
      vertex 37 -27.05 1.60003
      vertex 37 -27.0045 1.57105
    endloop
  endfacet
  facet normal 0.625034 -0.334162 -0.705456
    outer loop
      vertex 37.2137 -27.1473 1.82803
      vertex 37 -27.0045 1.57105
      vertex 37 -26.4429 1.30503
    endloop
  endfacet
  facet normal 0.625139 -0.334087 -0.705398
    outer loop
      vertex 37 -26.4429 1.30503
      vertex 37.5708 -26.4791 1.82803
      vertex 37.2137 -27.1473 1.82803
    endloop
  endfacet
  facet normal 0.625135 -0.334103 -0.705395
    outer loop
      vertex 37.5708 -26.4791 1.82803
      vertex 37 -26.4429 1.30503
      vertex 37 -26.2426 1.21016
    endloop
  endfacet
  facet normal 0.796827 0.241762 -0.55373
    outer loop
      vertex 37.7908 25.754 1.82803
      vertex 37.5708 26.4791 1.82803
      vertex 38.3249 25.8603 2.64302
    endloop
  endfacet
  facet normal 0 -0.555563 -0.831474
    outer loop
      vertex -34 -28.172 1.13495
      vertex 34 -27.357 0.590394
      vertex 34 -28.172 1.13495
    endloop
  endfacet
  facet normal -0 -0.555563 -0.831474
    outer loop
      vertex 34 -27.357 0.590394
      vertex -34 -28.172 1.13495
      vertex -34 -27.357 0.590394
    endloop
  endfacet
  facet normal 0.643677 0.52829 -0.553706
    outer loop
      vertex 37.2137 27.1473 1.82803
      vertex 37 27.652 2.06114
      vertex 37.6665 27.4498 2.64302
    endloop
  endfacet
  facet normal 0.643732 0.528286 -0.553645
    outer loop
      vertex 37 27.652 2.06114
      vertex 37.2137 27.1473 1.82803
      vertex 37 27.4077 1.82803
    endloop
  endfacet
  facet normal 0.0980014 0.995186 5.58944e-18
    outer loop
      vertex 34.9708 29.8803 50.4901
      vertex 34 29.9759 49.4514
      vertex 34 29.9759 50.4901
    endloop
  endfacet
  facet normal 0.0978879 0.995197 0.000107142
    outer loop
      vertex 34.9708 29.8803 50.4901
      vertex 34.0163 29.9743 49.421
      vertex 34 29.9759 49.4514
    endloop
  endfacet
  facet normal 0.0977476 0.995211 0.000233593
    outer loop
      vertex 34.9708 29.8803 50.4901
      vertex 34.0789 29.9682 49.2146
      vertex 34.0163 29.9743 49.421
    endloop
  endfacet
  facet normal 0.0981966 0.995167 -8.34188e-05
    outer loop
      vertex 34.9708 29.8803 50.4901
      vertex 34.1 29.9661 49
      vertex 34.0789 29.9682 49.2146
    endloop
  endfacet
  facet normal 0.0978567 0.995201 0.000117171
    outer loop
      vertex 34.9708 29.8803 50.4901
      vertex 34.0789 29.9682 48.7854
      vertex 34.1 29.9661 49
    endloop
  endfacet
  facet normal 0.0995864 0.995029 -0.000796677
    outer loop
      vertex 34.9708 29.8803 50.4901
      vertex 34.0163 29.9743 48.579
      vertex 34.0789 29.9682 48.7854
    endloop
  endfacet
  facet normal 0.09769 0.995217 -1.679e-21
    outer loop
      vertex 34.0163 29.9743 48.579
      vertex 34 29.9759 6.45138
      vertex 34 29.9759 48.5486
    endloop
  endfacet
  facet normal 0.0980068 0.995186 -0
    outer loop
      vertex 34.0163 29.9743 6.42095
      vertex 34.0163 29.9743 48.579
      vertex 34.9708 29.8803 50.4901
    endloop
  endfacet
  facet normal 0.09769 0.995217 0
    outer loop
      vertex 34.0163 29.9743 48.579
      vertex 34.0163 29.9743 6.42095
      vertex 34 29.9759 6.45138
    endloop
  endfacet
  facet normal 0.0980068 0.995186 -0
    outer loop
      vertex 34.9708 29.8803 4.50991
      vertex 34.0163 29.9743 6.42095
      vertex 34.9708 29.8803 50.4901
    endloop
  endfacet
  facet normal 0.0995872 0.995029 0.00079713
    outer loop
      vertex 34.0163 29.9743 6.42095
      vertex 34.9708 29.8803 4.50991
      vertex 34.0789 29.9682 6.2146
    endloop
  endfacet
  facet normal 0.0978567 0.995201 -0.000117171
    outer loop
      vertex 34.0789 29.9682 6.2146
      vertex 34.9708 29.8803 4.50991
      vertex 34.1 29.9661 6
    endloop
  endfacet
  facet normal 0.0981966 0.995167 8.34189e-05
    outer loop
      vertex 34.9708 29.8803 4.50991
      vertex 34.0789 29.9682 5.7854
      vertex 34.1 29.9661 6
    endloop
  endfacet
  facet normal 0.0977476 0.995211 -0.000233633
    outer loop
      vertex 34.9708 29.8803 4.50991
      vertex 34.0163 29.9743 5.57905
      vertex 34.0789 29.9682 5.7854
    endloop
  endfacet
  facet normal 0.097888 0.995197 -0.000107052
    outer loop
      vertex 34.9708 29.8803 4.50991
      vertex 34 29.9759 5.54861
      vertex 34.0163 29.9743 5.57905
    endloop
  endfacet
  facet normal 0.0980014 0.995186 0
    outer loop
      vertex 34 29.9759 5.54861
      vertex 34.9708 29.8803 4.50991
      vertex 34 29.9759 4.50991
    endloop
  endfacet
  facet normal 1 -0 0
    outer loop
      vertex 38.9759 -25 50.4901
      vertex 38.9759 25 4.50991
      vertex 38.9759 25 50.4901
    endloop
  endfacet
  facet normal 1 0 0
    outer loop
      vertex 38.9759 25 4.50991
      vertex 38.9759 -25 50.4901
      vertex 38.9759 -25 4.50991
    endloop
  endfacet
  facet normal 0.435872 -0.815362 -0.381052
    outer loop
      vertex 36.6582 -28.9783 3.54858
      vertex 35.831 -29.4205 3.54858
      vertex 36.4498 -28.6665 2.64302
    endloop
  endfacet
  facet normal 0.268442 -0.884683 -0.381148
    outer loop
      vertex 35.831 -29.4205 3.54858
      vertex 34.8603 -29.3249 2.64302
      vertex 35.6875 -29.0739 2.64302
    endloop
  endfacet
  facet normal 0.67829 0.205798 -0.705386
    outer loop
      vertex 37 26.1767 1.19093
      vertex 37.5708 26.4791 1.82803
      vertex 37.7908 25.754 1.82803
    endloop
  endfacet
  facet normal 0.678274 0.205837 -0.70539
    outer loop
      vertex 37.5708 26.4791 1.82803
      vertex 37 26.1767 1.19093
      vertex 37 26.2426 1.21016
    endloop
  endfacet
  facet normal 0.705385 0.0695354 -0.705405
    outer loop
      vertex 37.172 25 1.13495
      vertex 37.111 25.6188 1.13495
      vertex 37.8651 25 1.82803
    endloop
  endfacet
  facet normal 0.24171 0.79683 -0.553749
    outer loop
      vertex 35.0859 29.05 2.34592
      vertex 34.8056 29.05 2.22357
      vertex 34.8603 29.3249 2.64302
    endloop
  endfacet
  facet normal -0.547911 -0.449633 -0.705424
    outer loop
      vertex -36.2429 -27.2429 1.13495
      vertex -36.6657 -27.05 1.34039
      vertex -36.4012 -27.05 1.13495
    endloop
  endfacet
  facet normal -0.547913 -0.449652 -0.705411
    outer loop
      vertex -36.6657 -27.05 1.34039
      vertex -36.2429 -27.2429 1.13495
      vertex -36.733 -27.733 1.82803
    endloop
  endfacet
  facet normal -0.430938 -0.353641 -0.830199
    outer loop
      vertex -36.2429 -27.2429 1.13495
      vertex -36.4012 -27.05 1.13495
      vertex -36.05 -27.05 0.95265
    endloop
  endfacet
  facet normal -0.262741 -0.4913 -0.830416
    outer loop
      vertex -34.902 -27.1776 0.590394
      vertex -35.3698 -27.05 0.662912
      vertex -35.1406 -27.05 0.590394
    endloop
  endfacet
  facet normal -0.262794 -0.491612 -0.830215
    outer loop
      vertex -35.3698 -27.05 0.662912
      vertex -34.902 -27.1776 0.590394
      vertex -35.7622 -27.6374 1.13495
    endloop
  endfacet
  facet normal -0.181168 -0.338768 -0.923263
    outer loop
      vertex -34.902 -27.1776 0.590394
      vertex -35.1406 -27.05 0.590394
      vertex -34.8894 -27.05 0.541102
    endloop
  endfacet
  facet normal -0.181059 -0.338784 -0.923278
    outer loop
      vertex -34.8491 -27.05 0.533199
      vertex -34.902 -27.1776 0.590394
      vertex -34.8894 -27.05 0.541102
    endloop
  endfacet
  facet normal -0.634398 -0.773006 0
    outer loop
      vertex -37.5185 -28.5185 4.50991
      vertex -36.7645 -29.1373 50.4901
      vertex -37.5185 -28.5185 50.4901
    endloop
  endfacet
  facet normal -0.634398 -0.773006 -0
    outer loop
      vertex -36.7645 -29.1373 50.4901
      vertex -37.5185 -28.5185 4.50991
      vertex -36.7645 -29.1373 4.50991
    endloop
  endfacet
  facet normal -0.554762 0.0547455 -0.830206
    outer loop
      vertex -37 25.5277 1.05477
      vertex -37.111 25.6188 1.13495
      vertex -37 25.5967 1.05932
    endloop
  endfacet
  facet normal -0.976248 0.0961187 -0.194167
    outer loop
      vertex -38.7847 25 3.54858
      vertex -38.9759 25 4.50991
      vertex -38.6928 25.9334 3.54858
    endloop
  endfacet
  facet normal -0.97625 0.0961367 -0.19415
    outer loop
      vertex -38.6928 25.9334 3.54858
      vertex -38.9759 25 4.50991
      vertex -38.8803 25.9708 4.50991
    endloop
  endfacet
  facet normal -0.643732 0.528286 -0.553645
    outer loop
      vertex -37.2137 27.1473 1.82803
      vertex -37 27.652 2.06114
      vertex -37 27.4077 1.82803
    endloop
  endfacet
  facet normal -0.643677 0.52829 -0.553706
    outer loop
      vertex -37 27.652 2.06114
      vertex -37.2137 27.1473 1.82803
      vertex -37.6665 27.4498 2.64302
    endloop
  endfacet
  facet normal -0.547879 0.449623 -0.705456
    outer loop
      vertex -37 27.0045 1.57105
      vertex -37.2137 27.1473 1.82803
      vertex -37 27.4077 1.82803
    endloop
  endfacet
  facet normal -0.241762 -0.796827 -0.55373
    outer loop
      vertex -34.8603 -29.3249 2.64302
      vertex -35.4791 -28.5708 1.82803
      vertex -34.754 -28.7908 1.82803
    endloop
  endfacet
  facet normal -0.586483 -0.714721 -0.381067
    outer loop
      vertex -36.6582 -28.9783 3.54858
      vertex -37.3833 -28.3833 3.54858
      vertex -37.1181 -28.1181 2.64302
    endloop
  endfacet
  facet normal -0.815378 -0.435767 -0.381137
    outer loop
      vertex -37.6665 -27.4498 2.64302
      vertex -38.4205 -26.831 3.54858
      vertex -38.0739 -26.6875 2.64302
    endloop
  endfacet
  facet normal -0.884683 -0.268442 -0.381148
    outer loop
      vertex -38.0739 -26.6875 2.64302
      vertex -38.4205 -26.831 3.54858
      vertex -38.3249 -25.8603 2.64302
    endloop
  endfacet
  facet normal -0.268442 -0.884683 -0.381148
    outer loop
      vertex -34.8603 -29.3249 2.64302
      vertex -35.831 -29.4205 3.54858
      vertex -35.6875 -29.0739 2.64302
    endloop
  endfacet
  facet normal -0.334094 -0.625152 -0.705383
    outer loop
      vertex -35.4791 -28.5708 1.82803
      vertex -36.1473 -28.2137 1.82803
      vertex -35.2139 -27.9305 1.13495
    endloop
  endfacet
  facet normal -0.865104 -0.462462 -0.194227
    outer loop
      vertex -37.9783 -27.6582 3.54858
      vertex -38.5972 -26.9042 4.50991
      vertex -38.4205 -26.831 3.54858
    endloop
  endfacet
  facet normal -0.643699 -0.528213 -0.553753
    outer loop
      vertex -37.1181 -28.1181 2.64302
      vertex -37.6665 -27.4498 2.64302
      vertex -36.733 -27.733 1.82803
    endloop
  endfacet
  facet normal -0.815362 -0.435872 -0.381052
    outer loop
      vertex -37.9783 -27.6582 3.54858
      vertex -38.4205 -26.831 3.54858
      vertex -37.6665 -27.4498 2.64302
    endloop
  endfacet
  facet normal -0.714718 -0.58649 -0.381061
    outer loop
      vertex -37.1181 -28.1181 2.64302
      vertex -37.9783 -27.6582 3.54858
      vertex -37.6665 -27.4498 2.64302
    endloop
  endfacet
  facet normal -0.831497 0 -0.555529
    outer loop
      vertex -37.8651 -25 1.82803
      vertex -38.4096 25 2.64302
      vertex -37.8651 25 1.82803
    endloop
  endfacet
  facet normal -0.831497 -0 -0.555529
    outer loop
      vertex -38.4096 25 2.64302
      vertex -37.8651 -25 1.82803
      vertex -38.4096 -25 2.64302
    endloop
  endfacet
  facet normal -0.828725 -0.0815913 -0.553676
    outer loop
      vertex -38.3249 -25.8603 2.64302
      vertex -38.4096 -25 2.64302
      vertex -37.8651 -25 1.82803
    endloop
  endfacet
  facet normal -0.705385 0.0695354 -0.705405
    outer loop
      vertex -37.172 25 1.13495
      vertex -37.8651 25 1.82803
      vertex -37.111 25.6188 1.13495
    endloop
  endfacet
  facet normal -0.705375 0.0695084 -0.705418
    outer loop
      vertex -37.111 25.6188 1.13495
      vertex -37.8651 25 1.82803
      vertex -37.7908 25.754 1.82803
    endloop
  endfacet
  facet normal -0.161785 -0.533399 0.830247
    outer loop
      vertex -34.4598 -27.3117 54.4096
      vertex -35.2139 -27.9305 53.8651
      vertex -34.6188 -28.111 53.8651
    endloop
  endfacet
  facet normal -0.0546507 -0.55471 0.830247
    outer loop
      vertex -34.4598 -27.3117 54.4096
      vertex -34.6188 -28.111 53.8651
      vertex -34 -27.357 54.4096
    endloop
  endfacet
  facet normal -0.624811 -0.334321 0.705578
    outer loop
      vertex -37 -26.4429 53.695
      vertex -37.2137 -27.1473 53.172
      vertex -37 -27.0045 53.4289
    endloop
  endfacet
  facet normal -0.435874 -0.815367 0.381038
    outer loop
      vertex -36.4498 -28.6665 52.357
      vertex -36.6582 -28.9783 51.4514
      vertex -35.831 -29.4205 51.4514
    endloop
  endfacet
  facet normal -0.586494 -0.714723 0.381047
    outer loop
      vertex -36.4498 -28.6665 52.357
      vertex -37.1181 -28.1181 52.357
      vertex -36.6582 -28.9783 51.4514
    endloop
  endfacet
  facet normal -0.0905891 -0.920086 0.381097
    outer loop
      vertex -34.8603 -29.3249 52.357
      vertex -34.9334 -29.6928 51.4514
      vertex -34 -29.7847 51.4514
    endloop
  endfacet
  facet normal -0.392493 -0.734406 0.553712
    outer loop
      vertex -35.4791 -28.5708 53.172
      vertex -36.4498 -28.6665 52.357
      vertex -35.6875 -29.0739 52.357
    endloop
  endfacet
  facet normal -0.884725 -0.268394 0.381084
    outer loop
      vertex -38.3249 -25.8603 52.357
      vertex -38.6928 -25.9334 51.4514
      vertex -38.4205 -26.831 51.4514
    endloop
  endfacet
  facet normal -0.938711 -0.284772 0.194232
    outer loop
      vertex -38.4205 -26.831 51.4514
      vertex -38.6928 -25.9334 51.4514
      vertex -38.5972 -26.9042 50.4901
    endloop
  endfacet
  facet normal -0.625196 -0.333881 0.705446
    outer loop
      vertex -37.5708 -26.4791 53.172
      vertex -37 -26.4429 53.695
      vertex -37 -26.2426 53.7898
    endloop
  endfacet
  facet normal -0.625139 -0.334087 0.705398
    outer loop
      vertex -37 -26.4429 53.695
      vertex -37.5708 -26.4791 53.172
      vertex -37.2137 -27.1473 53.172
    endloop
  endfacet
  facet normal -0.677955 -0.20661 0.705471
    outer loop
      vertex -37 -26.1767 53.8091
      vertex -37.5708 -26.4791 53.172
      vertex -37 -26.2426 53.7898
    endloop
  endfacet
  facet normal -0.67829 -0.205798 0.705386
    outer loop
      vertex -37.5708 -26.4791 53.172
      vertex -37 -26.1767 53.8091
      vertex -37.7908 -25.754 53.172
    endloop
  endfacet
  facet normal 0.0905891 -0.920086 0.381097
    outer loop
      vertex 34.8603 -29.3249 52.357
      vertex 34 -29.7847 51.4514
      vertex 34.9334 -29.6928 51.4514
    endloop
  endfacet
  facet normal 0.0961186 -0.976247 0.194173
    outer loop
      vertex 34 -29.7847 51.4514
      vertex 34 -29.9759 50.4901
      vertex 34.9334 -29.6928 51.4514
    endloop
  endfacet
  facet normal 0.758284 -0.622316 0.194236
    outer loop
      vertex 37.9783 -27.6582 51.4514
      vertex 37.5185 -28.5185 50.4901
      vertex 38.1373 -27.7645 50.4901
    endloop
  endfacet
  facet normal 0.865103 -0.462462 0.194233
    outer loop
      vertex 38.4205 -26.831 51.4514
      vertex 37.9783 -27.6582 51.4514
      vertex 38.5972 -26.9042 50.4901
    endloop
  endfacet
  facet normal -0.435872 -0.815362 -0.381052
    outer loop
      vertex -35.831 -29.4205 3.54858
      vertex -36.6582 -28.9783 3.54858
      vertex -36.4498 -28.6665 2.64302
    endloop
  endfacet
  facet normal -0.241785 -0.79683 -0.553716
    outer loop
      vertex -34.8603 -29.3249 2.64302
      vertex -35.6875 -29.0739 2.64302
      vertex -35.4791 -28.5708 1.82803
    endloop
  endfacet
  facet normal 0.58649 -0.714718 -0.381061
    outer loop
      vertex 36.6582 -28.9783 3.54858
      vertex 36.4498 -28.6665 2.64302
      vertex 37.1181 -28.1181 2.64302
    endloop
  endfacet
  facet normal 0.435767 -0.815378 -0.381137
    outer loop
      vertex 35.831 -29.4205 3.54858
      vertex 35.6875 -29.0739 2.64302
      vertex 36.4498 -28.6665 2.64302
    endloop
  endfacet
  facet normal -0.884725 0.268394 0.381084
    outer loop
      vertex -38.4205 26.831 51.4514
      vertex -38.6928 25.9334 51.4514
      vertex -38.3249 25.8603 52.357
    endloop
  endfacet
  facet normal -0.884689 0.268444 0.381134
    outer loop
      vertex -38.0739 26.6875 52.357
      vertex -38.4205 26.831 51.4514
      vertex -38.3249 25.8603 52.357
    endloop
  endfacet
  facet normal -0.881896 0.471445 4.303e-19
    outer loop
      vertex -38.5972 26.9042 4.50991
      vertex -38.1373 27.7645 50.4901
      vertex -38.1373 27.7645 4.50991
    endloop
  endfacet
  facet normal -0.881896 0.471445 4.303e-19
    outer loop
      vertex -38.1373 27.7645 50.4901
      vertex -38.5972 26.9042 4.50991
      vertex -38.5972 26.9042 50.4901
    endloop
  endfacet
  facet normal -0.956953 0.290244 -3.34627e-19
    outer loop
      vertex -38.8803 25.9708 4.50991
      vertex -38.5972 26.9042 50.4901
      vertex -38.5972 26.9042 4.50991
    endloop
  endfacet
  facet normal -0.956953 0.290244 -3.34627e-19
    outer loop
      vertex -38.5972 26.9042 50.4901
      vertex -38.8803 25.9708 4.50991
      vertex -38.8803 25.9708 50.4901
    endloop
  endfacet
  facet normal -0.634374 0.773027 0
    outer loop
      vertex -37 28.944 4.50991
      vertex -37.5185 28.5185 50.4901
      vertex -37 28.944 50.4901
    endloop
  endfacet
  facet normal -0.634374 0.773027 0
    outer loop
      vertex -37.5185 28.5185 50.4901
      vertex -37 28.944 4.50991
      vertex -37.5185 28.5185 4.50991
    endloop
  endfacet
  facet normal -0.634305 0.773083 0
    outer loop
      vertex -36.7645 29.1373 4.50991
      vertex -36.8709 29.05 50.4901
      vertex -36.7645 29.1373 50.4901
    endloop
  endfacet
  facet normal -0.634305 0.773083 0
    outer loop
      vertex -36.8709 29.05 50.4901
      vertex -36.7645 29.1373 4.50991
      vertex -36.8709 29.05 4.50991
    endloop
  endfacet
  facet normal -0.435259 0.815882 0.380639
    outer loop
      vertex -35.6875 29.0739 52.357
      vertex -36.1351 29.05 51.8964
      vertex -35.7323 29.05 52.357
    endloop
  endfacet
  facet normal -0.435733 0.815403 0.381124
    outer loop
      vertex -36.1351 29.05 51.8964
      vertex -35.6875 29.0739 52.357
      vertex -35.831 29.4205 51.4514
    endloop
  endfacet
  facet normal 0.0961186 0.976247 0.194173
    outer loop
      vertex 34 29.9759 50.4901
      vertex 34 29.7847 51.4514
      vertex 34.9334 29.6928 51.4514
    endloop
  endfacet
  facet normal -0.0961365 0.976249 0.194156
    outer loop
      vertex -34 29.9759 50.4901
      vertex -34.9708 29.8803 50.4901
      vertex -34.9334 29.6928 51.4514
    endloop
  endfacet
  facet normal -0.548795 -0.448202 0.705648
    outer loop
      vertex -37 -27.0045 53.4289
      vertex -37.2137 -27.1473 53.172
      vertex -37 -27.05 53.4
    endloop
  endfacet
  facet normal -0.547831 -0.44966 0.705469
    outer loop
      vertex -37 -27.05 53.4
      vertex -36.733 -27.733 53.172
      vertex -36.6657 -27.05 53.6596
    endloop
  endfacet
  facet normal -0.547888 -0.449666 0.705421
    outer loop
      vertex -36.733 -27.733 53.172
      vertex -37 -27.05 53.4
      vertex -37.2137 -27.1473 53.172
    endloop
  endfacet
  facet normal 0.678295 -0.205712 0.705406
    outer loop
      vertex 37 -25.9848 53.8651
      vertex 37.7908 -25.754 53.172
      vertex 37.111 -25.6188 53.8651
    endloop
  endfacet
  facet normal 0.678297 -0.205839 0.705367
    outer loop
      vertex 37.7908 -25.754 53.172
      vertex 37 -25.9848 53.8651
      vertex 37 -26.1767 53.8091
    endloop
  endfacet
  facet normal 0.67829 -0.205798 0.705386
    outer loop
      vertex 37 -26.1767 53.8091
      vertex 37.5708 -26.4791 53.172
      vertex 37.7908 -25.754 53.172
    endloop
  endfacet
  facet normal 0.677955 -0.20661 0.705471
    outer loop
      vertex 37.5708 -26.4791 53.172
      vertex 37 -26.1767 53.8091
      vertex 37 -26.2426 53.7898
    endloop
  endfacet
  facet normal 0.555481 -7.00331e-21 0.831529
    outer loop
      vertex 37 25 53.98
      vertex 37.172 -25 53.8651
      vertex 37.172 25 53.8651
    endloop
  endfacet
  facet normal 0.555481 -7.00331e-21 0.831529
    outer loop
      vertex 37.172 -25 53.8651
      vertex 37 25 53.98
      vertex 37 -25 53.98
    endloop
  endfacet
  facet normal 0.554648 -0.0547542 0.830282
    outer loop
      vertex 37 -25.5277 53.9452
      vertex 37.172 -25 53.8651
      vertex 37 -25 53.98
    endloop
  endfacet
  facet normal 0.554413 -0.0546528 0.830445
    outer loop
      vertex 37.172 -25 53.8651
      vertex 37 -25.5277 53.9452
      vertex 37.111 -25.6188 53.8651
    endloop
  endfacet
  facet normal 0.533309 0.161741 0.830314
    outer loop
      vertex 37 25.9848 53.8651
      vertex 37 25.5967 53.9407
      vertex 37.111 25.6188 53.8651
    endloop
  endfacet
  facet normal 0.796833 0.241786 0.553712
    outer loop
      vertex 38.0739 26.6875 52.357
      vertex 37.5708 26.4791 53.172
      vertex 38.3249 25.8603 52.357
    endloop
  endfacet
  facet normal 0.980788 -0 0.195076
    outer loop
      vertex 38.7847 -25 51.4514
      vertex 38.9759 25 50.4901
      vertex 38.7847 25 51.4514
    endloop
  endfacet
  facet normal 0.980788 0 0.195076
    outer loop
      vertex 38.9759 25 50.4901
      vertex 38.7847 -25 51.4514
      vertex 38.9759 -25 50.4901
    endloop
  endfacet
  facet normal 0.956953 0.290244 3.34627e-19
    outer loop
      vertex 38.8803 25.9708 50.4901
      vertex 38.5972 26.9042 4.50991
      vertex 38.5972 26.9042 50.4901
    endloop
  endfacet
  facet normal 0.956953 0.290244 3.34627e-19
    outer loop
      vertex 38.5972 26.9042 4.50991
      vertex 38.8803 25.9708 50.4901
      vertex 38.8803 25.9708 4.50991
    endloop
  endfacet
  facet normal 0.865102 0.462467 -0.194222
    outer loop
      vertex 38.5972 26.9042 4.50991
      vertex 37.9783 27.6582 3.54858
      vertex 38.1373 27.7645 4.50991
    endloop
  endfacet
  facet normal 0.46247 0.865108 0.19419
    outer loop
      vertex 35.9042 29.5972 50.4901
      vertex 36.7061 29.05 51.0181
      vertex 36.7645 29.1373 50.4901
    endloop
  endfacet
  facet normal 0.462475 0.865107 0.194182
    outer loop
      vertex 36.7061 29.05 51.0181
      vertex 35.9042 29.5972 50.4901
      vertex 36.5709 29.05 51.3401
    endloop
  endfacet
  facet normal 0.528288 -0.643682 0.553701
    outer loop
      vertex 36.733 -27.733 53.172
      vertex 36.1473 -28.2137 53.172
      vertex 36.4498 -28.6665 52.357
    endloop
  endfacet
  facet normal 0.392486 -0.734414 0.553706
    outer loop
      vertex 36.1473 -28.2137 53.172
      vertex 35.4791 -28.5708 53.172
      vertex 36.4498 -28.6665 52.357
    endloop
  endfacet
  facet normal 0.976249 -0.0961365 0.194156
    outer loop
      vertex 38.9759 -25 50.4901
      vertex 38.6928 -25.9334 51.4514
      vertex 38.8803 -25.9708 50.4901
    endloop
  endfacet
  facet normal 0.79683 -0.241763 0.553726
    outer loop
      vertex 37.7908 -25.754 53.172
      vertex 37.5708 -26.4791 53.172
      vertex 38.3249 -25.8603 52.357
    endloop
  endfacet
  facet normal 0.923884 -0 0.382673
    outer loop
      vertex 38.4096 -25 52.357
      vertex 38.7847 25 51.4514
      vertex 38.4096 25 52.357
    endloop
  endfacet
  facet normal 0.923884 0 0.382673
    outer loop
      vertex 38.7847 25 51.4514
      vertex 38.4096 -25 52.357
      vertex 38.7847 -25 51.4514
    endloop
  endfacet
  facet normal 0.734406 -0.392493 0.553712
    outer loop
      vertex 38.0739 -26.6875 52.357
      vertex 37.5708 -26.4791 53.172
      vertex 37.6665 -27.4498 52.357
    endloop
  endfacet
  facet normal 0.828728 -0.0815916 0.553672
    outer loop
      vertex 38.4096 -25 52.357
      vertex 37.8651 -25 53.172
      vertex 38.3249 -25.8603 52.357
    endloop
  endfacet
  facet normal 0.52814 0.643687 -0.553837
    outer loop
      vertex 37.1181 28.1181 2.64302
      vertex 37 28 2.39314
      vertex 37 28.215 2.64302
    endloop
  endfacet
  facet normal 0.97625 0.0961367 -0.19415
    outer loop
      vertex 38.9759 25 4.50991
      vertex 38.6928 25.9334 3.54858
      vertex 38.8803 25.9708 4.50991
    endloop
  endfacet
  facet normal 0.79683 0.241785 -0.553716
    outer loop
      vertex 38.3249 25.8603 2.64302
      vertex 37.5708 26.4791 1.82803
      vertex 38.0739 26.6875 2.64302
    endloop
  endfacet
  facet normal 0.828685 -0.0816596 -0.553726
    outer loop
      vertex 38.3249 -25.8603 2.64302
      vertex 37.7908 -25.754 1.82803
      vertex 37.8651 -25 1.82803
    endloop
  endfacet
  facet normal 0.533455 -0.161785 -0.830212
    outer loop
      vertex 37.111 -25.6188 1.13495
      vertex 37 -25.9848 1.13495
      vertex 37 -25.5967 1.05932
    endloop
  endfacet
  facet normal 0.64368 -0.528286 -0.553706
    outer loop
      vertex 37.6665 -27.4498 2.64302
      vertex 36.733 -27.733 1.82803
      vertex 37.2137 -27.1473 1.82803
    endloop
  endfacet
  facet normal 0.734412 -0.392485 -0.55371
    outer loop
      vertex 37.6665 -27.4498 2.64302
      vertex 37.2137 -27.1473 1.82803
      vertex 37.5708 -26.4791 1.82803
    endloop
  endfacet
  facet normal 0.555514 8.19696e-20 -0.831507
    outer loop
      vertex 37 -25 1.02004
      vertex 37.172 25 1.13495
      vertex 37.172 -25 1.13495
    endloop
  endfacet
  facet normal 0.555514 8.19696e-20 -0.831507
    outer loop
      vertex 37.172 25 1.13495
      vertex 37 -25 1.02004
      vertex 37 25 1.02004
    endloop
  endfacet
  facet normal 0.705385 -0.0695354 -0.705405
    outer loop
      vertex 37.8651 -25 1.82803
      vertex 37.111 -25.6188 1.13495
      vertex 37.172 -25 1.13495
    endloop
  endfacet
  facet normal 0.533455 0.161785 -0.830212
    outer loop
      vertex 37.111 25.6188 1.13495
      vertex 37 25.5967 1.05932
      vertex 37 25.9848 1.13495
    endloop
  endfacet
  facet normal 0.88472 0.268393 -0.381099
    outer loop
      vertex 38.6928 25.9334 3.54858
      vertex 38.3249 25.8603 2.64302
      vertex 38.4205 26.831 3.54858
    endloop
  endfacet
  facet normal -0.161797 -0.533437 -0.830221
    outer loop
      vertex -34.6188 -28.111 1.13495
      vertex -35.2139 -27.9305 1.13495
      vertex -34.4598 -27.3117 0.590394
    endloop
  endfacet
  facet normal -0.161774 -0.533457 -0.830212
    outer loop
      vertex -34.4598 -27.3117 0.590394
      vertex -35.2139 -27.9305 1.13495
      vertex -34.902 -27.1776 0.590394
    endloop
  endfacet
  facet normal -0.35365 -0.430912 -0.830209
    outer loop
      vertex -35.3698 -27.05 0.662912
      vertex -35.7622 -27.6374 1.13495
      vertex -35.7044 -27.05 0.805444
    endloop
  endfacet
  facet normal -0.52814 0.643687 -0.553837
    outer loop
      vertex -37 28 2.39314
      vertex -37.1181 28.1181 2.64302
      vertex -37 28.215 2.64302
    endloop
  endfacet
  facet normal -0.625034 -0.334162 -0.705456
    outer loop
      vertex -37 -27.0045 1.57105
      vertex -37.2137 -27.1473 1.82803
      vertex -37 -26.4429 1.30503
    endloop
  endfacet
  facet normal -0.547882 -0.449666 -0.705426
    outer loop
      vertex -36.733 -27.733 1.82803
      vertex -37 -27.05 1.60003
      vertex -36.6657 -27.05 1.34039
    endloop
  endfacet
  facet normal -0.548095 -0.449332 -0.705473
    outer loop
      vertex -37 -27.05 1.60003
      vertex -37.2137 -27.1473 1.82803
      vertex -37 -27.0045 1.57105
    endloop
  endfacet
  facet normal -0.547888 -0.449666 -0.705421
    outer loop
      vertex -37.2137 -27.1473 1.82803
      vertex -37 -27.05 1.60003
      vertex -36.733 -27.733 1.82803
    endloop
  endfacet
  facet normal -0.392485 -0.734412 -0.55371
    outer loop
      vertex -35.4791 -28.5708 1.82803
      vertex -36.4498 -28.6665 2.64302
      vertex -36.1473 -28.2137 1.82803
    endloop
  endfacet
  facet normal -0.528286 -0.64368 -0.553706
    outer loop
      vertex -36.4498 -28.6665 2.64302
      vertex -36.733 -27.733 1.82803
      vertex -36.1473 -28.2137 1.82803
    endloop
  endfacet
  facet normal -0.181193 -0.338815 0.923241
    outer loop
      vertex -34.8894 -27.05 54.4589
      vertex -35.1406 -27.05 54.4096
      vertex -34.902 -27.1776 54.4096
    endloop
  endfacet
  facet normal -0.205801 -0.678302 0.705374
    outer loop
      vertex -35.2139 -27.9305 53.8651
      vertex -35.4791 -28.5708 53.172
      vertex -34.754 -28.7908 53.172
    endloop
  endfacet
  facet normal -0.334099 -0.625161 0.705373
    outer loop
      vertex -35.2139 -27.9305 53.8651
      vertex -36.1473 -28.2137 53.172
      vertex -35.4791 -28.5708 53.172
    endloop
  endfacet
  facet normal -0.241763 -0.79683 0.553726
    outer loop
      vertex -34.754 -28.7908 53.172
      vertex -35.4791 -28.5708 53.172
      vertex -34.8603 -29.3249 52.357
    endloop
  endfacet
  facet normal -0.241786 -0.796833 0.553712
    outer loop
      vertex -35.4791 -28.5708 53.172
      vertex -35.6875 -29.0739 52.357
      vertex -34.8603 -29.3249 52.357
    endloop
  endfacet
  facet normal -0.714723 -0.586494 0.381047
    outer loop
      vertex -37.6665 -27.4498 52.357
      vertex -37.9783 -27.6582 51.4514
      vertex -37.1181 -28.1181 52.357
    endloop
  endfacet
  facet normal -0.815367 -0.435874 0.381038
    outer loop
      vertex -37.6665 -27.4498 52.357
      vertex -38.4205 -26.831 51.4514
      vertex -37.9783 -27.6582 51.4514
    endloop
  endfacet
  facet normal 0.268444 -0.884689 0.381134
    outer loop
      vertex 35.6875 -29.0739 52.357
      vertex 34.8603 -29.3249 52.357
      vertex 35.831 -29.4205 51.4514
    endloop
  endfacet
  facet normal 0.268394 -0.884725 0.381084
    outer loop
      vertex 35.831 -29.4205 51.4514
      vertex 34.8603 -29.3249 52.357
      vertex 34.9334 -29.6928 51.4514
    endloop
  endfacet
  facet normal 0.815367 -0.435874 0.381038
    outer loop
      vertex 38.4205 -26.831 51.4514
      vertex 37.6665 -27.4498 52.357
      vertex 37.9783 -27.6582 51.4514
    endloop
  endfacet
  facet normal 0.625196 -0.333881 0.705446
    outer loop
      vertex 37 -26.4429 53.695
      vertex 37.5708 -26.4791 53.172
      vertex 37 -26.2426 53.7898
    endloop
  endfacet
  facet normal 0.625139 -0.334087 0.705398
    outer loop
      vertex 37.5708 -26.4791 53.172
      vertex 37 -26.4429 53.695
      vertex 37.2137 -27.1473 53.172
    endloop
  endfacet
  facet normal -0.435767 -0.815378 -0.381137
    outer loop
      vertex -35.831 -29.4205 3.54858
      vertex -36.4498 -28.6665 2.64302
      vertex -35.6875 -29.0739 2.64302
    endloop
  endfacet
  facet normal -0.392491 -0.734404 -0.553717
    outer loop
      vertex -35.6875 -29.0739 2.64302
      vertex -36.4498 -28.6665 2.64302
      vertex -35.4791 -28.5708 1.82803
    endloop
  endfacet
  facet normal 0.622273 -0.758337 -0.194167
    outer loop
      vertex 37.5185 -28.5185 4.50991
      vertex 36.6582 -28.9783 3.54858
      vertex 37.3833 -28.3833 3.54858
    endloop
  endfacet
  facet normal 0.586483 -0.714721 -0.381067
    outer loop
      vertex 37.3833 -28.3833 3.54858
      vertex 36.6582 -28.9783 3.54858
      vertex 37.1181 -28.1181 2.64302
    endloop
  endfacet
  facet normal 0.392485 -0.734412 -0.55371
    outer loop
      vertex 36.4498 -28.6665 2.64302
      vertex 35.4791 -28.5708 1.82803
      vertex 36.1473 -28.2137 1.82803
    endloop
  endfacet
  facet normal 0.528286 -0.64368 -0.553706
    outer loop
      vertex 36.4498 -28.6665 2.64302
      vertex 36.1473 -28.2137 1.82803
      vertex 36.733 -27.733 1.82803
    endloop
  endfacet
  facet normal -0.865101 0.462467 0.194228
    outer loop
      vertex -38.1373 27.7645 50.4901
      vertex -38.5972 26.9042 50.4901
      vertex -37.9783 27.6582 51.4514
    endloop
  endfacet
  facet normal -0.471445 0.881896 0
    outer loop
      vertex -35.9042 29.5972 4.50991
      vertex -36.7645 29.1373 50.4901
      vertex -35.9042 29.5972 50.4901
    endloop
  endfacet
  facet normal -0.471445 0.881896 0
    outer loop
      vertex -36.7645 29.1373 50.4901
      vertex -35.9042 29.5972 4.50991
      vertex -36.7645 29.1373 4.50991
    endloop
  endfacet
  facet normal -0.622309 0.758325 0.194097
    outer loop
      vertex -37 28.944 50.4901
      vertex -37.5185 28.5185 50.4901
      vertex -37 28.7957 51.0695
    endloop
  endfacet
  facet normal -0.622228 0.758363 0.194211
    outer loop
      vertex -36.7645 29.1373 50.4901
      vertex -36.8709 29.05 50.4901
      vertex -36.7061 29.05 51.0181
    endloop
  endfacet
  facet normal -0.0816151 0.828706 0.553702
    outer loop
      vertex -34 29.4096 52.357
      vertex -34.346 29.05 52.8442
      vertex -34 29.05 52.8952
    endloop
  endfacet
  facet normal -0.0815887 0.828699 0.553716
    outer loop
      vertex -34.346 29.05 52.8442
      vertex -34 29.4096 52.357
      vertex -34.8603 29.3249 52.357
    endloop
  endfacet
  facet normal -0.268394 0.884725 0.381084
    outer loop
      vertex -34.9334 29.6928 51.4514
      vertex -35.831 29.4205 51.4514
      vertex -34.8603 29.3249 52.357
    endloop
  endfacet
  facet normal -0.462475 0.865107 0.194182
    outer loop
      vertex -35.9042 29.5972 50.4901
      vertex -36.7061 29.05 51.0181
      vertex -36.5709 29.05 51.3401
    endloop
  endfacet
  facet normal -0.46247 0.865108 0.19419
    outer loop
      vertex -36.7061 29.05 51.0181
      vertex -35.9042 29.5972 50.4901
      vertex -36.7645 29.1373 50.4901
    endloop
  endfacet
  facet normal -0.462416 0.865174 0.194024
    outer loop
      vertex -35.831 29.4205 51.4514
      vertex -36.5709 29.05 51.3401
      vertex -36.5242 29.05 51.4514
    endloop
  endfacet
  facet normal -0.462423 0.865124 0.194233
    outer loop
      vertex -36.5709 29.05 51.3401
      vertex -35.831 29.4205 51.4514
      vertex -35.9042 29.5972 50.4901
    endloop
  endfacet
  facet normal 0.624811 -0.334321 0.705578
    outer loop
      vertex 37 -26.4429 53.695
      vertex 37 -27.0045 53.4289
      vertex 37.2137 -27.1473 53.172
    endloop
  endfacet
  facet normal 0.548795 -0.448202 0.705648
    outer loop
      vertex 37 -27.05 53.4
      vertex 37.2137 -27.1473 53.172
      vertex 37 -27.0045 53.4289
    endloop
  endfacet
  facet normal 0.547888 -0.449666 0.705421
    outer loop
      vertex 37 -27.05 53.4
      vertex 36.733 -27.733 53.172
      vertex 37.2137 -27.1473 53.172
    endloop
  endfacet
  facet normal 0.547831 -0.44966 0.705469
    outer loop
      vertex 36.733 -27.733 53.172
      vertex 37 -27.05 53.4
      vertex 36.6657 -27.05 53.6596
    endloop
  endfacet
  facet normal 0.828688 -0.0816599 0.553721
    outer loop
      vertex 37.8651 -25 53.172
      vertex 37.7908 -25.754 53.172
      vertex 38.3249 -25.8603 52.357
    endloop
  endfacet
  facet normal 0.705385 -0.0695094 0.705408
    outer loop
      vertex 37.8651 -25 53.172
      vertex 37.111 -25.6188 53.8651
      vertex 37.7908 -25.754 53.172
    endloop
  endfacet
  facet normal 9.50009e-20 0.923884 0.382673
    outer loop
      vertex 34 29.7847 51.4514
      vertex -34 29.4096 52.357
      vertex 34 29.4096 52.357
    endloop
  endfacet
  facet normal 9.50009e-20 0.923884 0.382673
    outer loop
      vertex -34 29.4096 52.357
      vertex 34 29.7847 51.4514
      vertex -34 29.7847 51.4514
    endloop
  endfacet
  facet normal 0.938739 0.284719 0.194177
    outer loop
      vertex 38.8803 25.9708 50.4901
      vertex 38.5972 26.9042 50.4901
      vertex 38.6928 25.9334 51.4514
    endloop
  endfacet
  facet normal 0.865104 0.462462 -0.194227
    outer loop
      vertex 38.4205 26.831 3.54858
      vertex 37.9783 27.6582 3.54858
      vertex 38.5972 26.9042 4.50991
    endloop
  endfacet
  facet normal 0.284772 0.938711 0.194232
    outer loop
      vertex 35.9042 29.5972 50.4901
      vertex 34.9334 29.6928 51.4514
      vertex 35.831 29.4205 51.4514
    endloop
  endfacet
  facet normal 0.241786 -0.796833 0.553712
    outer loop
      vertex 35.4791 -28.5708 53.172
      vertex 34.8603 -29.3249 52.357
      vertex 35.6875 -29.0739 52.357
    endloop
  endfacet
  facet normal 0.392493 -0.734406 0.553712
    outer loop
      vertex 36.4498 -28.6665 52.357
      vertex 35.4791 -28.5708 53.172
      vertex 35.6875 -29.0739 52.357
    endloop
  endfacet
  facet normal 0.528215 -0.643702 0.553748
    outer loop
      vertex 36.733 -27.733 53.172
      vertex 36.4498 -28.6665 52.357
      vertex 37.1181 -28.1181 52.357
    endloop
  endfacet
  facet normal 0.586494 -0.714723 0.381047
    outer loop
      vertex 37.1181 -28.1181 52.357
      vertex 36.4498 -28.6665 52.357
      vertex 36.6582 -28.9783 51.4514
    endloop
  endfacet
  facet normal 0.884725 -0.268394 0.381084
    outer loop
      vertex 38.6928 -25.9334 51.4514
      vertex 38.3249 -25.8603 52.357
      vertex 38.4205 -26.831 51.4514
    endloop
  endfacet
  facet normal 0.920086 -0.0905891 0.381097
    outer loop
      vertex 38.7847 -25 51.4514
      vertex 38.3249 -25.8603 52.357
      vertex 38.6928 -25.9334 51.4514
    endloop
  endfacet
  facet normal 0.0961367 0.97625 -0.19415
    outer loop
      vertex 34.9334 29.6928 3.54858
      vertex 34 29.9759 4.50991
      vertex 34.9708 29.8803 4.50991
    endloop
  endfacet
  facet normal 0.268393 0.88472 -0.381099
    outer loop
      vertex 35.831 29.4205 3.54858
      vertex 34.8603 29.3249 2.64302
      vertex 34.9334 29.6928 3.54858
    endloop
  endfacet
  facet normal 0.290244 0.956953 -0
    outer loop
      vertex 35.9042 29.5972 4.50991
      vertex 34.9708 29.8803 50.4901
      vertex 35.9042 29.5972 50.4901
    endloop
  endfacet
  facet normal 0.290244 0.956953 0
    outer loop
      vertex 34.9708 29.8803 50.4901
      vertex 35.9042 29.5972 4.50991
      vertex 34.9708 29.8803 4.50991
    endloop
  endfacet
  facet normal 0.622364 0.758262 -0.194169
    outer loop
      vertex 37.3833 28.3833 3.54858
      vertex 37 28.7957 3.93049
      vertex 37.5185 28.5185 4.50991
    endloop
  endfacet
  facet normal 0.622358 0.758265 -0.194177
    outer loop
      vertex 37 28.7957 3.93049
      vertex 37.3833 28.3833 3.54858
      vertex 37 28.6979 3.54858
    endloop
  endfacet
  facet normal 0.92008 0.0905886 -0.381112
    outer loop
      vertex 38.7847 25 3.54858
      vertex 38.3249 25.8603 2.64302
      vertex 38.6928 25.9334 3.54858
    endloop
  endfacet
  facet normal 0.920079 0.0905855 -0.381114
    outer loop
      vertex 38.4096 25 2.64302
      vertex 38.3249 25.8603 2.64302
      vertex 38.7847 25 3.54858
    endloop
  endfacet
  facet normal 0.547879 0.449623 -0.705456
    outer loop
      vertex 37.2137 27.1473 1.82803
      vertex 37 27.0045 1.57105
      vertex 37 27.4077 1.82803
    endloop
  endfacet
  facet normal 0.815378 0.435767 -0.381137
    outer loop
      vertex 38.0739 26.6875 2.64302
      vertex 37.6665 27.4498 2.64302
      vertex 38.4205 26.831 3.54858
    endloop
  endfacet
  facet normal 0.678274 -0.205837 -0.70539
    outer loop
      vertex 37 -26.1767 1.19093
      vertex 37.5708 -26.4791 1.82803
      vertex 37 -26.2426 1.21016
    endloop
  endfacet
  facet normal 0.67829 -0.205798 -0.705386
    outer loop
      vertex 37.5708 -26.4791 1.82803
      vertex 37 -26.1767 1.19093
      vertex 37.7908 -25.754 1.82803
    endloop
  endfacet
  facet normal 0.796827 -0.241762 -0.55373
    outer loop
      vertex 38.3249 -25.8603 2.64302
      vertex 37.5708 -26.4791 1.82803
      vertex 37.7908 -25.754 1.82803
    endloop
  endfacet
  facet normal 0.714718 -0.58649 -0.381061
    outer loop
      vertex 37.9783 -27.6582 3.54858
      vertex 37.1181 -28.1181 2.64302
      vertex 37.6665 -27.4498 2.64302
    endloop
  endfacet
  facet normal 0.643699 -0.528213 -0.553753
    outer loop
      vertex 37.1181 -28.1181 2.64302
      vertex 36.733 -27.733 1.82803
      vertex 37.6665 -27.4498 2.64302
    endloop
  endfacet
  facet normal 0.554794 -0.0546905 -0.830188
    outer loop
      vertex 37 -25.5277 1.05477
      vertex 37.172 -25 1.13495
      vertex 37.111 -25.6188 1.13495
    endloop
  endfacet
  facet normal 0.554684 -0.054643 -0.830265
    outer loop
      vertex 37.172 -25 1.13495
      vertex 37 -25.5277 1.05477
      vertex 37 -25 1.02004
    endloop
  endfacet
  facet normal 0.554762 -0.0547455 -0.830206
    outer loop
      vertex 37.111 -25.6188 1.13495
      vertex 37 -25.5967 1.05932
      vertex 37 -25.5277 1.05477
    endloop
  endfacet
  facet normal 0.554762 0.0547455 -0.830206
    outer loop
      vertex 37.111 25.6188 1.13495
      vertex 37 25.5277 1.05477
      vertex 37 25.5967 1.05932
    endloop
  endfacet
  facet normal -0.353625 -0.430919 -0.830216
    outer loop
      vertex -35.7622 -27.6374 1.13495
      vertex -36.05 -27.05 0.95265
      vertex -35.7044 -27.05 0.805444
    endloop
  endfacet
  facet normal -0.353653 -0.430927 -0.8302
    outer loop
      vertex -36.05 -27.05 0.95265
      vertex -35.7622 -27.6374 1.13495
      vertex -36.2429 -27.2429 1.13495
    endloop
  endfacet
  facet normal -0.449657 -0.547908 -0.705411
    outer loop
      vertex -35.7622 -27.6374 1.13495
      vertex -36.733 -27.733 1.82803
      vertex -36.2429 -27.2429 1.13495
    endloop
  endfacet
  facet normal -0.180988 -0.338846 0.92327
    outer loop
      vertex -34.8894 -27.05 54.4589
      vertex -34.902 -27.1776 54.4096
      vertex -34.8491 -27.05 54.4668
    endloop
  endfacet
  facet normal -0.112292 -0.367333 0.923286
    outer loop
      vertex -34.8491 -27.05 54.4668
      vertex -34.902 -27.1776 54.4096
      vertex -34.7973 -27.05 54.4731
    endloop
  endfacet
  facet normal -0.430938 -0.353641 0.830199
    outer loop
      vertex -36.05 -27.05 54.0474
      vertex -36.4012 -27.05 53.8651
      vertex -36.2429 -27.2429 53.8651
    endloop
  endfacet
  facet normal -0.161763 -0.533419 0.830239
    outer loop
      vertex -34.902 -27.1776 54.4096
      vertex -35.2139 -27.9305 53.8651
      vertex -34.4598 -27.3117 54.4096
    endloop
  endfacet
  facet normal -0.533309 -0.161741 0.830314
    outer loop
      vertex -37 -25.5967 53.9407
      vertex -37.111 -25.6188 53.8651
      vertex -37 -25.9848 53.8651
    endloop
  endfacet
  facet normal -0.0816954 0.828637 0.553793
    outer loop
      vertex -34.346 29.05 52.8442
      vertex -34.8603 29.3249 52.357
      vertex -34.8056 29.05 52.7764
    endloop
  endfacet
  facet normal -0.268444 0.884689 0.381134
    outer loop
      vertex -34.8603 29.3249 52.357
      vertex -35.831 29.4205 51.4514
      vertex -35.6875 29.0739 52.357
    endloop
  endfacet
  facet normal 0.0816954 0.828637 0.553793
    outer loop
      vertex 34.8603 29.3249 52.357
      vertex 34.346 29.05 52.8442
      vertex 34.8056 29.05 52.7764
    endloop
  endfacet
  facet normal 0.284719 0.938739 0.194177
    outer loop
      vertex 34.9708 29.8803 50.4901
      vertex 34.9334 29.6928 51.4514
      vertex 35.9042 29.5972 50.4901
    endloop
  endfacet
  facet normal -0.284719 0.938739 0.194177
    outer loop
      vertex -34.9708 29.8803 50.4901
      vertex -35.9042 29.5972 50.4901
      vertex -34.9334 29.6928 51.4514
    endloop
  endfacet
  facet normal -0.284772 0.938711 0.194232
    outer loop
      vertex -34.9334 29.6928 51.4514
      vertex -35.9042 29.5972 50.4901
      vertex -35.831 29.4205 51.4514
    endloop
  endfacet
  facet normal 0.554708 0.0541488 0.830281
    outer loop
      vertex 37 25.5967 53.9407
      vertex 37 25.5277 53.9452
      vertex 37.111 25.6188 53.8651
    endloop
  endfacet
  facet normal 0.758336 0.622273 0.194173
    outer loop
      vertex 37.5185 28.5185 50.4901
      vertex 37.3833 28.3833 51.4514
      vertex 37.9783 27.6582 51.4514
    endloop
  endfacet
  facet normal 0.865103 0.462462 0.194233
    outer loop
      vertex 38.5972 26.9042 50.4901
      vertex 37.9783 27.6582 51.4514
      vertex 38.4205 26.831 51.4514
    endloop
  endfacet
  facet normal 0.622229 0.758364 -0.194204
    outer loop
      vertex 36.8709 29.05 4.50991
      vertex 36.7061 29.05 3.98189
      vertex 36.7645 29.1373 4.50991
    endloop
  endfacet
  facet normal 0.62231 0.758326 -0.19409
    outer loop
      vertex 37.5185 28.5185 4.50991
      vertex 37 28.7957 3.93049
      vertex 37 28.944 4.50991
    endloop
  endfacet
  facet normal 0.773006 0.634398 -1.38133e-19
    outer loop
      vertex 38.1373 27.7645 50.4901
      vertex 37.5185 28.5185 4.50991
      vertex 37.5185 28.5185 50.4901
    endloop
  endfacet
  facet normal 0.773006 0.634398 -1.38133e-19
    outer loop
      vertex 37.5185 28.5185 4.50991
      vertex 38.1373 27.7645 50.4901
      vertex 38.1373 27.7645 4.50991
    endloop
  endfacet
  facet normal 0.884683 0.268442 -0.381148
    outer loop
      vertex 38.3249 25.8603 2.64302
      vertex 38.0739 26.6875 2.64302
      vertex 38.4205 26.831 3.54858
    endloop
  endfacet
  facet normal 0.625135 0.334103 -0.705395
    outer loop
      vertex 37 26.4429 1.30503
      vertex 37.5708 26.4791 1.82803
      vertex 37 26.2426 1.21016
    endloop
  endfacet
  facet normal 0.625139 0.334087 -0.705398
    outer loop
      vertex 37.5708 26.4791 1.82803
      vertex 37 26.4429 1.30503
      vertex 37.2137 27.1473 1.82803
    endloop
  endfacet
  facet normal 0.758336 -0.622273 0.194173
    outer loop
      vertex 37.9783 -27.6582 51.4514
      vertex 37.3833 -28.3833 51.4514
      vertex 37.5185 -28.5185 50.4901
    endloop
  endfacet
  facet normal 0.586487 -0.714725 0.381053
    outer loop
      vertex 37.1181 -28.1181 52.357
      vertex 36.6582 -28.9783 51.4514
      vertex 37.3833 -28.3833 51.4514
    endloop
  endfacet
  facet normal 0.920085 0.0905861 0.3811
    outer loop
      vertex 38.7847 25 51.4514
      vertex 38.3249 25.8603 52.357
      vertex 38.4096 25 52.357
    endloop
  endfacet
  facet normal 0.796833 -0.241786 0.553712
    outer loop
      vertex 38.3249 -25.8603 52.357
      vertex 37.5708 -26.4791 53.172
      vertex 38.0739 -26.6875 52.357
    endloop
  endfacet
  facet normal 0.884689 -0.268444 0.381134
    outer loop
      vertex 38.3249 -25.8603 52.357
      vertex 38.0739 -26.6875 52.357
      vertex 38.4205 -26.831 51.4514
    endloop
  endfacet
  facet normal 0.462421 0.865183 -0.193973
    outer loop
      vertex 35.831 29.4205 3.54858
      vertex 36.5709 29.05 3.65991
      vertex 36.5242 29.05 3.54858
    endloop
  endfacet
  facet normal 0.462429 0.865122 -0.194228
    outer loop
      vertex 36.5709 29.05 3.65991
      vertex 35.831 29.4205 3.54858
      vertex 35.9042 29.5972 4.50991
    endloop
  endfacet
  facet normal 0.435261 0.815888 -0.380625
    outer loop
      vertex 35.6875 29.0739 2.64302
      vertex 36.1351 29.05 3.10364
      vertex 35.7323 29.05 2.64302
    endloop
  endfacet
  facet normal 0.435762 0.815381 -0.381137
    outer loop
      vertex 36.1351 29.05 3.10364
      vertex 35.6875 29.0739 2.64302
      vertex 35.831 29.4205 3.54858
    endloop
  endfacet
  facet normal 0.828685 0.0816596 -0.553726
    outer loop
      vertex 37.8651 25 1.82803
      vertex 37.7908 25.754 1.82803
      vertex 38.3249 25.8603 2.64302
    endloop
  endfacet
  facet normal 0.705375 0.0695084 -0.705418
    outer loop
      vertex 37.8651 25 1.82803
      vertex 37.111 25.6188 1.13495
      vertex 37.7908 25.754 1.82803
    endloop
  endfacet
  facet normal 0.714721 0.586483 -0.381067
    outer loop
      vertex 37.9783 27.6582 3.54858
      vertex 37.1181 28.1181 2.64302
      vertex 37.3833 28.3833 3.54858
    endloop
  endfacet
  facet normal 0.714718 0.58649 -0.381061
    outer loop
      vertex 37.6665 27.4498 2.64302
      vertex 37.1181 28.1181 2.64302
      vertex 37.9783 27.6582 3.54858
    endloop
  endfacet
  facet normal 0.678287 -0.205774 -0.705397
    outer loop
      vertex 37 -25.9848 1.13495
      vertex 37.7908 -25.754 1.82803
      vertex 37 -26.1767 1.19093
    endloop
  endfacet
  facet normal 0.678285 -0.205709 -0.705417
    outer loop
      vertex 37.7908 -25.754 1.82803
      vertex 37 -25.9848 1.13495
      vertex 37.111 -25.6188 1.13495
    endloop
  endfacet
  facet normal 0.705375 -0.0695084 -0.705418
    outer loop
      vertex 37.7908 -25.754 1.82803
      vertex 37.111 -25.6188 1.13495
      vertex 37.8651 -25 1.82803
    endloop
  endfacet
  facet normal -0.353581 -0.430924 0.830232
    outer loop
      vertex -35.7044 -27.05 54.1946
      vertex -35.7622 -27.6374 53.8651
      vertex -35.3698 -27.05 54.3371
    endloop
  endfacet
  facet normal -0.241632 0.79682 0.553798
    outer loop
      vertex -34.8603 29.3249 52.357
      vertex -35.0859 29.05 52.6541
      vertex -34.8056 29.05 52.7764
    endloop
  endfacet
  facet normal 0.714723 0.586494 0.381047
    outer loop
      vertex 37.9783 27.6582 51.4514
      vertex 37.1181 28.1181 52.357
      vertex 37.6665 27.4498 52.357
    endloop
  endfacet
  facet normal 0.547794 0.449553 0.705566
    outer loop
      vertex 37 27.4077 53.172
      vertex 37 27.0045 53.4289
      vertex 37.2137 27.1473 53.172
    endloop
  endfacet
  facet normal 0.0905891 0.920086 0.381097
    outer loop
      vertex 34.9334 29.6928 51.4514
      vertex 34 29.7847 51.4514
      vertex 34.8603 29.3249 52.357
    endloop
  endfacet
  facet normal 0.865101 0.462467 0.194228
    outer loop
      vertex 38.1373 27.7645 50.4901
      vertex 37.9783 27.6582 51.4514
      vertex 38.5972 26.9042 50.4901
    endloop
  endfacet
  facet normal 0.622228 0.758363 0.194211
    outer loop
      vertex 36.7645 29.1373 50.4901
      vertex 36.7061 29.05 51.0181
      vertex 36.8709 29.05 50.4901
    endloop
  endfacet
  facet normal 0.622309 0.758325 0.194097
    outer loop
      vertex 37 28.944 50.4901
      vertex 37 28.7957 51.0695
      vertex 37.5185 28.5185 50.4901
    endloop
  endfacet
  facet normal 0.622358 0.758264 0.194182
    outer loop
      vertex 37.3833 28.3833 51.4514
      vertex 37 28.7957 51.0695
      vertex 37 28.6979 51.4514
    endloop
  endfacet
  facet normal 0.622363 0.758262 0.194175
    outer loop
      vertex 37 28.7957 51.0695
      vertex 37.3833 28.3833 51.4514
      vertex 37.5185 28.5185 50.4901
    endloop
  endfacet
  facet normal 0.0961365 0.976249 0.194156
    outer loop
      vertex 34.9708 29.8803 50.4901
      vertex 34 29.9759 50.4901
      vertex 34.9334 29.6928 51.4514
    endloop
  endfacet
  facet normal 3.00733e-19 0.831479 0.555556
    outer loop
      vertex 34 29.4096 52.357
      vertex -34 29.05 52.8952
      vertex 34 29.05 52.8952
    endloop
  endfacet
  facet normal 3.00733e-19 0.831479 0.555556
    outer loop
      vertex -34 29.05 52.8952
      vertex 34 29.4096 52.357
      vertex -34 29.4096 52.357
    endloop
  endfacet
  facet normal 0.938712 0.284772 -0.194227
    outer loop
      vertex 38.6928 25.9334 3.54858
      vertex 38.4205 26.831 3.54858
      vertex 38.5972 26.9042 4.50991
    endloop
  endfacet
  facet normal 0.93874 0.28472 -0.194171
    outer loop
      vertex 38.6928 25.9334 3.54858
      vertex 38.5972 26.9042 4.50991
      vertex 38.8803 25.9708 4.50991
    endloop
  endfacet
  facet normal 0.714723 -0.586494 0.381047
    outer loop
      vertex 37.6665 -27.4498 52.357
      vertex 37.1181 -28.1181 52.357
      vertex 37.9783 -27.6582 51.4514
    endloop
  endfacet
  facet normal 0.815383 -0.43577 0.381123
    outer loop
      vertex 38.0739 -26.6875 52.357
      vertex 37.6665 -27.4498 52.357
      vertex 38.4205 -26.831 51.4514
    endloop
  endfacet
  facet normal 0.976247 0.0961186 0.194173
    outer loop
      vertex 38.9759 25 50.4901
      vertex 38.6928 25.9334 51.4514
      vertex 38.7847 25 51.4514
    endloop
  endfacet
  facet normal 0.976249 0.0961365 0.194156
    outer loop
      vertex 38.8803 25.9708 50.4901
      vertex 38.6928 25.9334 51.4514
      vertex 38.9759 25 50.4901
    endloop
  endfacet
  facet normal 0.471445 0.881896 -0
    outer loop
      vertex 36.7645 29.1373 4.50991
      vertex 35.9042 29.5972 50.4901
      vertex 36.7645 29.1373 50.4901
    endloop
  endfacet
  facet normal 0.471445 0.881896 0
    outer loop
      vertex 35.9042 29.5972 50.4901
      vertex 36.7645 29.1373 4.50991
      vertex 35.9042 29.5972 4.50991
    endloop
  endfacet
  facet normal 0.392166 0.735106 -0.553015
    outer loop
      vertex 35.7323 29.05 2.64302
      vertex 35.6776 29.05 2.60423
      vertex 35.6875 29.0739 2.64302
    endloop
  endfacet
  facet normal 0.241925 0.797294 -0.552987
    outer loop
      vertex 35.6776 29.05 2.60423
      vertex 34.8603 29.3249 2.64302
      vertex 35.6875 29.0739 2.64302
    endloop
  endfacet
  facet normal 0.241735 0.796834 -0.553733
    outer loop
      vertex 34.8603 29.3249 2.64302
      vertex 35.6776 29.05 2.60423
      vertex 35.0859 29.05 2.34592
    endloop
  endfacet
  facet normal 0.734412 0.392485 -0.55371
    outer loop
      vertex 37.5708 26.4791 1.82803
      vertex 37.2137 27.1473 1.82803
      vertex 37.6665 27.4498 2.64302
    endloop
  endfacet
  facet normal 0.734404 0.392491 -0.553717
    outer loop
      vertex 38.0739 26.6875 2.64302
      vertex 37.5708 26.4791 1.82803
      vertex 37.6665 27.4498 2.64302
    endloop
  endfacet
  facet normal 0.815362 0.435872 -0.381052
    outer loop
      vertex 38.4205 26.831 3.54858
      vertex 37.6665 27.4498 2.64302
      vertex 37.9783 27.6582 3.54858
    endloop
  endfacet
  facet normal 0.643655 0.528177 -0.553839
    outer loop
      vertex 37.6665 27.4498 2.64302
      vertex 37 28 2.39314
      vertex 37.1181 28.1181 2.64302
    endloop
  endfacet
  facet normal 0.643684 0.528264 -0.553723
    outer loop
      vertex 37 28 2.39314
      vertex 37.6665 27.4498 2.64302
      vertex 37 27.652 2.06114
    endloop
  endfacet
  facet normal 0.586485 0.714798 -0.380918
    outer loop
      vertex 37.1181 28.1181 2.64302
      vertex 37 28.215 2.64302
      vertex 37 28.3389 2.87552
    endloop
  endfacet
  facet normal 0.586538 0.714622 -0.381168
    outer loop
      vertex 37.3833 28.3833 3.54858
      vertex 37 28.3389 2.87552
      vertex 37 28.6979 3.54858
    endloop
  endfacet
  facet normal 0.58632 0.714858 -0.38106
    outer loop
      vertex 37 28.3389 2.87552
      vertex 37.3833 28.3833 3.54858
      vertex 37.1181 28.1181 2.64302
    endloop
  endfacet
  facet normal -0.54799 -0.449699 0.705321
    outer loop
      vertex -36.6657 -27.05 53.6596
      vertex -36.2429 -27.2429 53.8651
      vertex -36.4012 -27.05 53.8651
    endloop
  endfacet
  facet normal -0.547979 -0.449594 0.705397
    outer loop
      vertex -36.2429 -27.2429 53.8651
      vertex -36.6657 -27.05 53.6596
      vertex -36.733 -27.733 53.172
    endloop
  endfacet
  facet normal -0.449672 -0.547895 0.705412
    outer loop
      vertex -35.7622 -27.6374 53.8651
      vertex -36.733 -27.733 53.172
      vertex -36.1473 -28.2137 53.172
    endloop
  endfacet
  facet normal 0.734414 0.392486 0.553706
    outer loop
      vertex 37.6665 27.4498 52.357
      vertex 37.2137 27.1473 53.172
      vertex 37.5708 26.4791 53.172
    endloop
  endfacet
  facet normal 0.734406 0.392493 0.553712
    outer loop
      vertex 37.6665 27.4498 52.357
      vertex 37.5708 26.4791 53.172
      vertex 38.0739 26.6875 52.357
    endloop
  endfacet
  facet normal 0.268394 0.884725 0.381084
    outer loop
      vertex 34.9334 29.6928 51.4514
      vertex 34.8603 29.3249 52.357
      vertex 35.831 29.4205 51.4514
    endloop
  endfacet
  facet normal 0.392197 0.735163 0.552916
    outer loop
      vertex 35.6875 29.0739 52.357
      vertex 35.6776 29.05 52.3958
      vertex 35.7323 29.05 52.357
    endloop
  endfacet
  facet normal 0.634305 0.773083 -0
    outer loop
      vertex 36.8709 29.05 4.50991
      vertex 36.7645 29.1373 50.4901
      vertex 36.8709 29.05 50.4901
    endloop
  endfacet
  facet normal 0.634305 0.773083 0
    outer loop
      vertex 36.7645 29.1373 50.4901
      vertex 36.8709 29.05 4.50991
      vertex 36.7645 29.1373 4.50991
    endloop
  endfacet
  facet normal 0.634374 0.773027 -0
    outer loop
      vertex 37.5185 28.5185 4.50991
      vertex 37 28.944 50.4901
      vertex 37.5185 28.5185 50.4901
    endloop
  endfacet
  facet normal 0.634374 0.773027 0
    outer loop
      vertex 37 28.944 50.4901
      vertex 37.5185 28.5185 4.50991
      vertex 37 28.944 4.50991
    endloop
  endfacet
  facet normal 6.28924e-20 0.980788 0.195076
    outer loop
      vertex 34 29.9759 50.4901
      vertex -34 29.7847 51.4514
      vertex 34 29.7847 51.4514
    endloop
  endfacet
  facet normal 6.28924e-20 0.980788 0.195076
    outer loop
      vertex -34 29.7847 51.4514
      vertex 34 29.9759 50.4901
      vertex -34 29.9759 50.4901
    endloop
  endfacet
  facet normal 0.435808 0.815391 0.381063
    outer loop
      vertex 36.5242 29.05 51.4514
      vertex 35.831 29.4205 51.4514
      vertex 36.1351 29.05 51.8964
    endloop
  endfacet
  facet normal 0.462416 0.865174 0.194024
    outer loop
      vertex 36.5709 29.05 51.3401
      vertex 35.831 29.4205 51.4514
      vertex 36.5242 29.05 51.4514
    endloop
  endfacet
  facet normal 0.462423 0.865124 0.194233
    outer loop
      vertex 35.831 29.4205 51.4514
      vertex 36.5709 29.05 51.3401
      vertex 35.9042 29.5972 50.4901
    endloop
  endfacet
  facet normal 0.734414 -0.392486 0.553706
    outer loop
      vertex 37.5708 -26.4791 53.172
      vertex 37.2137 -27.1473 53.172
      vertex 37.6665 -27.4498 52.357
    endloop
  endfacet
  facet normal 0.643682 -0.528288 0.553701
    outer loop
      vertex 37.2137 -27.1473 53.172
      vertex 36.733 -27.733 53.172
      vertex 37.6665 -27.4498 52.357
    endloop
  endfacet
  facet normal 0.938711 0.284772 0.194232
    outer loop
      vertex 38.5972 26.9042 50.4901
      vertex 38.4205 26.831 51.4514
      vertex 38.6928 25.9334 51.4514
    endloop
  endfacet
  facet normal 0.884725 0.268394 0.381084
    outer loop
      vertex 38.4205 26.831 51.4514
      vertex 38.3249 25.8603 52.357
      vertex 38.6928 25.9334 51.4514
    endloop
  endfacet
  facet normal -0.449663 -0.547916 0.705401
    outer loop
      vertex -36.2429 -27.2429 53.8651
      vertex -36.733 -27.733 53.172
      vertex -35.7622 -27.6374 53.8651
    endloop
  endfacet
  facet normal -0.353613 -0.430915 0.830223
    outer loop
      vertex -36.05 -27.05 54.0474
      vertex -35.7622 -27.6374 53.8651
      vertex -35.7044 -27.05 54.1946
    endloop
  endfacet
  facet normal -0.353653 -0.430927 0.8302
    outer loop
      vertex -35.7622 -27.6374 53.8651
      vertex -36.05 -27.05 54.0474
      vertex -36.2429 -27.2429 53.8651
    endloop
  endfacet
  facet normal 0.677955 0.20661 0.705471
    outer loop
      vertex 37 26.1767 53.8091
      vertex 37.5708 26.4791 53.172
      vertex 37 26.2426 53.7898
    endloop
  endfacet
  facet normal 0.67829 0.205798 0.705386
    outer loop
      vertex 37.5708 26.4791 53.172
      vertex 37 26.1767 53.8091
      vertex 37.7908 25.754 53.172
    endloop
  endfacet
  facet normal 0.79683 0.241763 0.553726
    outer loop
      vertex 38.3249 25.8603 52.357
      vertex 37.5708 26.4791 53.172
      vertex 37.7908 25.754 53.172
    endloop
  endfacet
  facet normal 0.643724 0.528279 0.553662
    outer loop
      vertex 37.2137 27.1473 53.172
      vertex 37 27.652 52.9389
      vertex 37 27.4077 53.172
    endloop
  endfacet
  facet normal 0.643687 0.528282 0.553702
    outer loop
      vertex 37 27.652 52.9389
      vertex 37.2137 27.1473 53.172
      vertex 37.6665 27.4498 52.357
    endloop
  endfacet
  facet normal 0.0905861 0.920085 0.3811
    outer loop
      vertex 34 29.7847 51.4514
      vertex 34 29.4096 52.357
      vertex 34.8603 29.3249 52.357
    endloop
  endfacet
  facet normal 0.586485 0.714798 0.380918
    outer loop
      vertex 37 28.3389 52.1245
      vertex 37 28.215 52.357
      vertex 37.1181 28.1181 52.357
    endloop
  endfacet
  facet normal 0.0815887 0.828699 0.553716
    outer loop
      vertex 34 29.4096 52.357
      vertex 34.346 29.05 52.8442
      vertex 34.8603 29.3249 52.357
    endloop
  endfacet
  facet normal 0.0816151 0.828706 0.553702
    outer loop
      vertex 34.346 29.05 52.8442
      vertex 34 29.4096 52.357
      vertex 34 29.05 52.8952
    endloop
  endfacet
  facet normal 0.528153 0.643703 0.553806
    outer loop
      vertex 37 28.215 52.357
      vertex 37 28 52.6069
      vertex 37.1181 28.1181 52.357
    endloop
  endfacet
  facet normal 0.586336 0.714853 0.381046
    outer loop
      vertex 37.3833 28.3833 51.4514
      vertex 37 28.3389 52.1245
      vertex 37.1181 28.1181 52.357
    endloop
  endfacet
  facet normal 0.586543 0.714628 0.381149
    outer loop
      vertex 37 28.3389 52.1245
      vertex 37.3833 28.3833 51.4514
      vertex 37 28.6979 51.4514
    endloop
  endfacet
  facet normal 0.714725 0.586487 0.381053
    outer loop
      vertex 37.3833 28.3833 51.4514
      vertex 37.1181 28.1181 52.357
      vertex 37.9783 27.6582 51.4514
    endloop
  endfacet
  facet normal 0.241632 0.79682 0.553798
    outer loop
      vertex 34.8603 29.3249 52.357
      vertex 34.8056 29.05 52.7764
      vertex 35.0859 29.05 52.6541
    endloop
  endfacet
  facet normal 0.241944 0.797356 0.552888
    outer loop
      vertex 34.8603 29.3249 52.357
      vertex 35.6776 29.05 52.3958
      vertex 35.6875 29.0739 52.357
    endloop
  endfacet
  facet normal 0.241728 0.796833 0.553738
    outer loop
      vertex 35.6776 29.05 52.3958
      vertex 34.8603 29.3249 52.357
      vertex 35.0859 29.05 52.6541
    endloop
  endfacet
  facet normal -1 0 0
    outer loop
      vertex 37 25 1.02004
      vertex 37 28.944 4.50991
      vertex 37 28.7957 3.93049
    endloop
  endfacet
  facet normal -1 -0 0
    outer loop
      vertex 37 28.944 4.50991
      vertex 37 25 1.02004
      vertex 37 28.944 50.4901
    endloop
  endfacet
  facet normal -1 0 0
    outer loop
      vertex 37 28.3389 2.87552
      vertex 37 28.7957 3.93049
      vertex 37 28.6979 3.54858
    endloop
  endfacet
  facet normal -1 0 0
    outer loop
      vertex 37 25 53.98
      vertex 37 28.944 50.4901
      vertex 37 25 1.02004
    endloop
  endfacet
  facet normal -1 0 0
    outer loop
      vertex 37 27.652 2.06114
      vertex 37 28.7957 3.93049
      vertex 37 28.3389 2.87552
    endloop
  endfacet
  facet normal -1 0 0
    outer loop
      vertex 37 28.944 50.4901
      vertex 37 25 53.98
      vertex 37 28.7957 51.0695
    endloop
  endfacet
  facet normal -1 0 0
    outer loop
      vertex 37 28 2.39314
      vertex 37 28.3389 2.87552
      vertex 37 28.215 2.64302
    endloop
  endfacet
  facet normal -1 -0 -0
    outer loop
      vertex 37 27.652 52.9389
      vertex 37 28.7957 51.0695
      vertex 37 25 53.98
    endloop
  endfacet
  facet normal -1 0 0
    outer loop
      vertex 37 27.652 2.06114
      vertex 37 28.3389 2.87552
      vertex 37 28 2.39314
    endloop
  endfacet
  facet normal -1 0 0
    outer loop
      vertex 37 28.7957 51.0695
      vertex 37 28.3389 52.1245
      vertex 37 28.6979 51.4514
    endloop
  endfacet
  facet normal -1 0 0
    outer loop
      vertex 37 28.7957 3.93049
      vertex 37 27.652 2.06114
      vertex 37 25 1.02004
    endloop
  endfacet
  facet normal -1 0 0
    outer loop
      vertex 37 28.7957 51.0695
      vertex 37 27.652 52.9389
      vertex 37 28.3389 52.1245
    endloop
  endfacet
  facet normal -1 0 0
    outer loop
      vertex 37 27.0045 1.57105
      vertex 37 27.652 2.06114
      vertex 37 27.4077 1.82803
    endloop
  endfacet
  facet normal -1 0 0
    outer loop
      vertex 37 28.3389 52.1245
      vertex 37 28 52.6069
      vertex 37 28.215 52.357
    endloop
  endfacet
  facet normal -1 0 0
    outer loop
      vertex 37 26.4429 1.30503
      vertex 37 27.652 2.06114
      vertex 37 27.0045 1.57105
    endloop
  endfacet
  facet normal -1 0 0
    outer loop
      vertex 37 28.3389 52.1245
      vertex 37 27.652 52.9389
      vertex 37 28 52.6069
    endloop
  endfacet
  facet normal -1 0 0
    outer loop
      vertex 37 27.652 2.06114
      vertex 37 26.4429 1.30503
      vertex 37 25 1.02004
    endloop
  endfacet
  facet normal -1 -0 -0
    outer loop
      vertex 37 26.4429 53.695
      vertex 37 27.652 52.9389
      vertex 37 25 53.98
    endloop
  endfacet
  facet normal -1 0 0
    outer loop
      vertex 37 26.1767 1.19093
      vertex 37 26.4429 1.30503
      vertex 37 26.2426 1.21016
    endloop
  endfacet
  facet normal -1 0 0
    outer loop
      vertex 37 27.652 52.9389
      vertex 37 27.0045 53.4289
      vertex 37 27.4077 53.172
    endloop
  endfacet
  facet normal -1 0 0
    outer loop
      vertex 37 25.9848 1.13495
      vertex 37 26.4429 1.30503
      vertex 37 26.1767 1.19093
    endloop
  endfacet
  facet normal -1 0 0
    outer loop
      vertex 37 27.652 52.9389
      vertex 37 26.4429 53.695
      vertex 37 27.0045 53.4289
    endloop
  endfacet
  facet normal -1 0 0
    outer loop
      vertex 37 26.4429 1.30503
      vertex 37 25.9848 1.13495
      vertex 37 25.5277 1.05477
    endloop
  endfacet
  facet normal -1 -0 -0
    outer loop
      vertex 37 25.5277 53.9452
      vertex 37 26.4429 53.695
      vertex 37 25 53.98
    endloop
  endfacet
  facet normal -1 0 0
    outer loop
      vertex 37 25.5277 1.05477
      vertex 37 25.9848 1.13495
      vertex 37 25.5967 1.05932
    endloop
  endfacet
  facet normal -1 0 0
    outer loop
      vertex 37 26.4429 1.30503
      vertex 37 25.5277 1.05477
      vertex 37 25 1.02004
    endloop
  endfacet
  facet normal -1 0 0
    outer loop
      vertex 37 26.4429 53.695
      vertex 37 26.1767 53.8091
      vertex 37 26.2426 53.7898
    endloop
  endfacet
  facet normal -1 0 0
    outer loop
      vertex 37 25.9848 53.8651
      vertex 37 25.5277 53.9452
      vertex 37 25.5967 53.9407
    endloop
  endfacet
  facet normal -1 -0 -0
    outer loop
      vertex 37 25.9848 53.8651
      vertex 37 26.4429 53.695
      vertex 37 25.5277 53.9452
    endloop
  endfacet
  facet normal -1 0 0
    outer loop
      vertex 37 26.4429 53.695
      vertex 37 25.9848 53.8651
      vertex 37 26.1767 53.8091
    endloop
  endfacet
  facet normal -1 0 0
    outer loop
      vertex 37 -25 1.02004
      vertex 37 25 53.98
      vertex 37 25 1.02004
    endloop
  endfacet
  facet normal -1 0 0
    outer loop
      vertex 37 -25 1.02004
      vertex 37 -25 53.98
      vertex 37 25 53.98
    endloop
  endfacet
  facet normal -1 0 0
    outer loop
      vertex 37 -26.4429 1.30503
      vertex 37 -25 1.02004
      vertex 37 -25.5277 1.05477
    endloop
  endfacet
  facet normal -1 0 0
    outer loop
      vertex 37 -25 1.02004
      vertex 37 -27.05 1.60003
      vertex 37 -25 53.98
    endloop
  endfacet
  facet normal -1 0 0
    outer loop
      vertex 37 -25.9848 1.13495
      vertex 37 -25.5277 1.05477
      vertex 37 -25.5967 1.05932
    endloop
  endfacet
  facet normal -1 0 0
    outer loop
      vertex 37 -27.05 53.4
      vertex 37 -25 53.98
      vertex 37 -27.05 1.60003
    endloop
  endfacet
  facet normal -1 0 0
    outer loop
      vertex 37 -25.5277 1.05477
      vertex 37 -25.9848 1.13495
      vertex 37 -26.4429 1.30503
    endloop
  endfacet
  facet normal -1 0 -0
    outer loop
      vertex 37 -26.4429 53.695
      vertex 37 -25 53.98
      vertex 37 -27.05 53.4
    endloop
  endfacet
  facet normal -1 0 0
    outer loop
      vertex 37 -26.4429 1.30503
      vertex 37 -25.9848 1.13495
      vertex 37 -26.1767 1.19093
    endloop
  endfacet
  facet normal -1 0 0
    outer loop
      vertex 37 -25 53.98
      vertex 37 -26.4429 53.695
      vertex 37 -25.5277 53.9452
    endloop
  endfacet
  facet normal -1 0 0
    outer loop
      vertex 37 -26.4429 1.30503
      vertex 37 -26.1767 1.19093
      vertex 37 -26.2426 1.21016
    endloop
  endfacet
  facet normal -1 0 0
    outer loop
      vertex 37 -25 1.02004
      vertex 37 -26.4429 1.30503
      vertex 37 -27.05 1.60003
    endloop
  endfacet
  facet normal -1 0 -0
    outer loop
      vertex 37 -25.9848 53.8651
      vertex 37 -25.5277 53.9452
      vertex 37 -26.4429 53.695
    endloop
  endfacet
  facet normal -1 0 0
    outer loop
      vertex 37 -26.1767 53.8091
      vertex 37 -26.4429 53.695
      vertex 37 -26.2426 53.7898
    endloop
  endfacet
  facet normal -1 0 0
    outer loop
      vertex 37 -27.05 1.60003
      vertex 37 -26.4429 1.30503
      vertex 37 -27.0045 1.57105
    endloop
  endfacet
  facet normal -1 0 0
    outer loop
      vertex 37 -25.5277 53.9452
      vertex 37 -25.9848 53.8651
      vertex 37 -25.5967 53.9407
    endloop
  endfacet
  facet normal -1 0 0
    outer loop
      vertex 37 -25.9848 53.8651
      vertex 37 -26.4429 53.695
      vertex 37 -26.1767 53.8091
    endloop
  endfacet
  facet normal -1 0 0
    outer loop
      vertex 37 -26.4429 53.695
      vertex 37 -27.05 53.4
      vertex 37 -27.0045 53.4289
    endloop
  endfacet
  facet normal 1 0 0
    outer loop
      vertex -37 25 53.98
      vertex -37 28.944 50.4901
      vertex -37 28.7957 51.0695
    endloop
  endfacet
  facet normal 1 0 0
    outer loop
      vertex -37 28.944 50.4901
      vertex -37 25 53.98
      vertex -37 28.944 4.50991
    endloop
  endfacet
  facet normal 1 0 0
    outer loop
      vertex -37 28.3389 52.1245
      vertex -37 28.7957 51.0695
      vertex -37 28.6979 51.4514
    endloop
  endfacet
  facet normal 1 0 0
    outer loop
      vertex -37 25 1.02004
      vertex -37 28.944 4.50991
      vertex -37 25 53.98
    endloop
  endfacet
  facet normal 1 0 0
    outer loop
      vertex -37 27.652 52.9389
      vertex -37 28.7957 51.0695
      vertex -37 28.3389 52.1245
    endloop
  endfacet
  facet normal 1 0 0
    outer loop
      vertex -37 28.944 4.50991
      vertex -37 25 1.02004
      vertex -37 28.7957 3.93049
    endloop
  endfacet
  facet normal 1 0 0
    outer loop
      vertex -37 28 52.6069
      vertex -37 28.3389 52.1245
      vertex -37 28.215 52.357
    endloop
  endfacet
  facet normal 1 0 -0
    outer loop
      vertex -37 27.652 2.06114
      vertex -37 28.7957 3.93049
      vertex -37 25 1.02004
    endloop
  endfacet
  facet normal 1 0 0
    outer loop
      vertex -37 27.652 52.9389
      vertex -37 28.3389 52.1245
      vertex -37 28 52.6069
    endloop
  endfacet
  facet normal 1 0 0
    outer loop
      vertex -37 28.7957 3.93049
      vertex -37 28.3389 2.87552
      vertex -37 28.6979 3.54858
    endloop
  endfacet
  facet normal 1 0 0
    outer loop
      vertex -37 28.7957 51.0695
      vertex -37 27.652 52.9389
      vertex -37 25 53.98
    endloop
  endfacet
  facet normal 1 0 0
    outer loop
      vertex -37 28.7957 3.93049
      vertex -37 27.652 2.06114
      vertex -37 28.3389 2.87552
    endloop
  endfacet
  facet normal 1 0 0
    outer loop
      vertex -37 27.0045 53.4289
      vertex -37 27.652 52.9389
      vertex -37 27.4077 53.172
    endloop
  endfacet
  facet normal 1 0 0
    outer loop
      vertex -37 28.3389 2.87552
      vertex -37 28 2.39314
      vertex -37 28.215 2.64302
    endloop
  endfacet
  facet normal 1 0 0
    outer loop
      vertex -37 26.4429 53.695
      vertex -37 27.652 52.9389
      vertex -37 27.0045 53.4289
    endloop
  endfacet
  facet normal 1 0 0
    outer loop
      vertex -37 28.3389 2.87552
      vertex -37 27.652 2.06114
      vertex -37 28 2.39314
    endloop
  endfacet
  facet normal 1 0 0
    outer loop
      vertex -37 27.652 52.9389
      vertex -37 26.4429 53.695
      vertex -37 25 53.98
    endloop
  endfacet
  facet normal 1 0 -0
    outer loop
      vertex -37 26.4429 1.30503
      vertex -37 27.652 2.06114
      vertex -37 25 1.02004
    endloop
  endfacet
  facet normal 1 0 0
    outer loop
      vertex -37 26.1767 53.8091
      vertex -37 26.4429 53.695
      vertex -37 26.2426 53.7898
    endloop
  endfacet
  facet normal 1 0 0
    outer loop
      vertex -37 27.652 2.06114
      vertex -37 27.0045 1.57105
      vertex -37 27.4077 1.82803
    endloop
  endfacet
  facet normal 1 0 0
    outer loop
      vertex -37 25.9848 53.8651
      vertex -37 26.4429 53.695
      vertex -37 26.1767 53.8091
    endloop
  endfacet
  facet normal 1 0 0
    outer loop
      vertex -37 27.652 2.06114
      vertex -37 26.4429 1.30503
      vertex -37 27.0045 1.57105
    endloop
  endfacet
  facet normal 1 0 0
    outer loop
      vertex -37 26.4429 53.695
      vertex -37 25.9848 53.8651
      vertex -37 25.5277 53.9452
    endloop
  endfacet
  facet normal 1 0 -0
    outer loop
      vertex -37 25.5277 1.05477
      vertex -37 26.4429 1.30503
      vertex -37 25 1.02004
    endloop
  endfacet
  facet normal 1 0 0
    outer loop
      vertex -37 25.5277 53.9452
      vertex -37 25.9848 53.8651
      vertex -37 25.5967 53.9407
    endloop
  endfacet
  facet normal 1 0 0
    outer loop
      vertex -37 26.4429 53.695
      vertex -37 25.5277 53.9452
      vertex -37 25 53.98
    endloop
  endfacet
  facet normal 1 0 0
    outer loop
      vertex -37 26.4429 1.30503
      vertex -37 26.1767 1.19093
      vertex -37 26.2426 1.21016
    endloop
  endfacet
  facet normal 1 0 0
    outer loop
      vertex -37 25.9848 1.13495
      vertex -37 25.5277 1.05477
      vertex -37 25.5967 1.05932
    endloop
  endfacet
  facet normal 1 0 -0
    outer loop
      vertex -37 25.9848 1.13495
      vertex -37 26.4429 1.30503
      vertex -37 25.5277 1.05477
    endloop
  endfacet
  facet normal 1 0 0
    outer loop
      vertex -37 26.4429 1.30503
      vertex -37 25.9848 1.13495
      vertex -37 26.1767 1.19093
    endloop
  endfacet
  facet normal 1 -0 0
    outer loop
      vertex -37 -25 53.98
      vertex -37 25 1.02004
      vertex -37 25 53.98
    endloop
  endfacet
  facet normal 1 0 0
    outer loop
      vertex -37 -25 53.98
      vertex -37 -25 1.02004
      vertex -37 25 1.02004
    endloop
  endfacet
  facet normal 1 0 0
    outer loop
      vertex -37 -26.4429 53.695
      vertex -37 -25 53.98
      vertex -37 -25.5277 53.9452
    endloop
  endfacet
  facet normal 1 0 0
    outer loop
      vertex -37 -25 53.98
      vertex -37 -27.05 53.4
      vertex -37 -25 1.02004
    endloop
  endfacet
  facet normal 1 0 0
    outer loop
      vertex -37 -25.9848 53.8651
      vertex -37 -25.5277 53.9452
      vertex -37 -25.5967 53.9407
    endloop
  endfacet
  facet normal 1 -0 0
    outer loop
      vertex -37 -27.05 1.60003
      vertex -37 -25 1.02004
      vertex -37 -27.05 53.4
    endloop
  endfacet
  facet normal 1 0 0
    outer loop
      vertex -37 -25.5277 53.9452
      vertex -37 -25.9848 53.8651
      vertex -37 -26.4429 53.695
    endloop
  endfacet
  facet normal 1 -0 -0
    outer loop
      vertex -37 -26.4429 1.30503
      vertex -37 -25 1.02004
      vertex -37 -27.05 1.60003
    endloop
  endfacet
  facet normal 1 0 0
    outer loop
      vertex -37 -26.4429 53.695
      vertex -37 -25.9848 53.8651
      vertex -37 -26.1767 53.8091
    endloop
  endfacet
  facet normal 1 0 0
    outer loop
      vertex -37 -25 1.02004
      vertex -37 -26.4429 1.30503
      vertex -37 -25.5277 1.05477
    endloop
  endfacet
  facet normal 1 0 0
    outer loop
      vertex -37 -26.4429 53.695
      vertex -37 -26.1767 53.8091
      vertex -37 -26.2426 53.7898
    endloop
  endfacet
  facet normal 1 0 0
    outer loop
      vertex -37 -25 53.98
      vertex -37 -26.4429 53.695
      vertex -37 -27.05 53.4
    endloop
  endfacet
  facet normal 1 -0 -0
    outer loop
      vertex -37 -25.9848 1.13495
      vertex -37 -25.5277 1.05477
      vertex -37 -26.4429 1.30503
    endloop
  endfacet
  facet normal 1 0 0
    outer loop
      vertex -37 -26.1767 1.19093
      vertex -37 -26.4429 1.30503
      vertex -37 -26.2426 1.21016
    endloop
  endfacet
  facet normal 1 0 0
    outer loop
      vertex -37 -27.05 53.4
      vertex -37 -26.4429 53.695
      vertex -37 -27.0045 53.4289
    endloop
  endfacet
  facet normal 1 0 0
    outer loop
      vertex -37 -25.5277 1.05477
      vertex -37 -25.9848 1.13495
      vertex -37 -25.5967 1.05932
    endloop
  endfacet
  facet normal 1 0 0
    outer loop
      vertex -37 -25.9848 1.13495
      vertex -37 -26.4429 1.30503
      vertex -37 -26.1767 1.19093
    endloop
  endfacet
  facet normal 1 0 0
    outer loop
      vertex -37 -26.4429 1.30503
      vertex -37 -27.05 1.60003
      vertex -37 -27.0045 1.57105
    endloop
  endfacet
  facet normal 0 -1 0
    outer loop
      vertex -32.2222 29.05 6.77782
      vertex -32.2222 29.05 48.2222
      vertex -32.3889 29.05 6.91462
    endloop
  endfacet
  facet normal 0 -1 0
    outer loop
      vertex 32.0854 29.05 48.3889
      vertex 32.7854 29.05 7.07886
      vertex 33 29.05 7.1
    endloop
  endfacet
  facet normal 0 -1 0
    outer loop
      vertex -32.2222 29.05 48.2222
      vertex -32.2222 29.05 6.77782
      vertex -32.0854 29.05 48.3889
    endloop
  endfacet
  facet normal 0 -1 0
    outer loop
      vertex 32.0854 29.05 48.3889
      vertex 32.579 29.05 7.01627
      vertex 32.7854 29.05 7.07886
    endloop
  endfacet
  facet normal 0 -1 0
    outer loop
      vertex -32.0854 29.05 6.61113
      vertex -32.0854 29.05 48.3889
      vertex -32.2222 29.05 6.77782
    endloop
  endfacet
  facet normal 0 -1 0
    outer loop
      vertex 32.0854 29.05 48.3889
      vertex 32.3889 29.05 6.91462
      vertex 32.579 29.05 7.01627
    endloop
  endfacet
  facet normal 0 -1 0
    outer loop
      vertex -32.0854 29.05 48.3889
      vertex -32.0854 29.05 6.61113
      vertex 32.0854 29.05 48.3889
    endloop
  endfacet
  facet normal 0 -1 0
    outer loop
      vertex 32.0854 29.05 48.3889
      vertex 32.2222 29.05 6.77782
      vertex 32.3889 29.05 6.91462
    endloop
  endfacet
  facet normal 0 -1 0
    outer loop
      vertex 32.0854 29.05 6.61113
      vertex 32.0854 29.05 48.3889
      vertex -32.0854 29.05 6.61113
    endloop
  endfacet
  facet normal 0 -1 0
    outer loop
      vertex 32.0854 29.05 48.3889
      vertex 32.0854 29.05 6.61113
      vertex 32.2222 29.05 6.77782
    endloop
  endfacet
  facet normal 0 -1 0
    outer loop
      vertex -31.9837 29.05 6.42095
      vertex 32.0854 29.05 6.61113
      vertex -32.0854 29.05 6.61113
    endloop
  endfacet
  facet normal 0 -1 0
    outer loop
      vertex -31.9837 29.05 6.42095
      vertex 31.9837 29.05 6.42095
      vertex 32.0854 29.05 6.61113
    endloop
  endfacet
  facet normal 0 -1 0
    outer loop
      vertex -31.9211 29.05 6.2146
      vertex 31.9837 29.05 6.42095
      vertex -31.9837 29.05 6.42095
    endloop
  endfacet
  facet normal 0 -1 0
    outer loop
      vertex -31.9211 29.05 6.2146
      vertex 31.9211 29.05 6.2146
      vertex 31.9837 29.05 6.42095
    endloop
  endfacet
  facet normal 0 -1 0
    outer loop
      vertex -31.9 29.05 6
      vertex 31.9211 29.05 6.2146
      vertex -31.9211 29.05 6.2146
    endloop
  endfacet
  facet normal 0 -1 0
    outer loop
      vertex -31.9 29.05 6
      vertex 31.9 29.05 6
      vertex 31.9211 29.05 6.2146
    endloop
  endfacet
  facet normal 0 -1 0
    outer loop
      vertex -31.9211 29.05 5.7854
      vertex 31.9 29.05 6
      vertex -31.9 29.05 6
    endloop
  endfacet
  facet normal 0 -1 0
    outer loop
      vertex -31.9211 29.05 5.7854
      vertex 31.9211 29.05 5.7854
      vertex 31.9 29.05 6
    endloop
  endfacet
  facet normal 0 -1 0
    outer loop
      vertex -31.9837 29.05 5.57905
      vertex 31.9211 29.05 5.7854
      vertex -31.9211 29.05 5.7854
    endloop
  endfacet
  facet normal 0 -1 0
    outer loop
      vertex -31.9837 29.05 5.57905
      vertex 31.9837 29.05 5.57905
      vertex 31.9211 29.05 5.7854
    endloop
  endfacet
  facet normal 0 -1 0
    outer loop
      vertex -32.0854 29.05 5.38887
      vertex 31.9837 29.05 5.57905
      vertex -31.9837 29.05 5.57905
    endloop
  endfacet
  facet normal 0 -1 0
    outer loop
      vertex -32.0854 29.05 5.38887
      vertex 32.0854 29.05 5.38887
      vertex 31.9837 29.05 5.57905
    endloop
  endfacet
  facet normal 0 -1 0
    outer loop
      vertex -34 29.05 2.10483
      vertex -32.0854 29.05 5.38887
      vertex -32.2222 29.05 5.22218
    endloop
  endfacet
  facet normal 0 -1 -0
    outer loop
      vertex -32.0854 29.05 5.38887
      vertex -34 29.05 2.10483
      vertex 32.0854 29.05 5.38887
    endloop
  endfacet
  facet normal 0 -1 0
    outer loop
      vertex -34 29.05 2.10483
      vertex -32.2222 29.05 5.22218
      vertex -32.3889 29.05 5.08538
    endloop
  endfacet
  facet normal 0 -1 0
    outer loop
      vertex 34 29.05 2.10483
      vertex 32.0854 29.05 5.38887
      vertex -34 29.05 2.10483
    endloop
  endfacet
  facet normal 0 -1 0
    outer loop
      vertex -34 29.05 2.10483
      vertex -32.3889 29.05 5.08538
      vertex -32.579 29.05 4.98373
    endloop
  endfacet
  facet normal 0 -1 0
    outer loop
      vertex 32.0854 29.05 5.38887
      vertex 34 29.05 2.10483
      vertex 32.2222 29.05 5.22218
    endloop
  endfacet
  facet normal 0 -1 0
    outer loop
      vertex -34 29.05 2.10483
      vertex -32.579 29.05 4.98373
      vertex -32.7854 29.05 4.92114
    endloop
  endfacet
  facet normal 0 -1 0
    outer loop
      vertex 32.2222 29.05 5.22218
      vertex 34 29.05 2.10483
      vertex 32.3889 29.05 5.08538
    endloop
  endfacet
  facet normal 0 -1 0
    outer loop
      vertex -34 29.05 2.10483
      vertex -32.7854 29.05 4.92114
      vertex -33 29.05 4.9
    endloop
  endfacet
  facet normal 0 -1 0
    outer loop
      vertex 32.3889 29.05 5.08538
      vertex 34 29.05 2.10483
      vertex 32.579 29.05 4.98373
    endloop
  endfacet
  facet normal 0 -1 0
    outer loop
      vertex -32.3889 29.05 49.9146
      vertex -34 29.05 52.8952
      vertex -32.579 29.05 50.0163
    endloop
  endfacet
  facet normal 0 -1 0
    outer loop
      vertex 34 29.05 52.8952
      vertex 32.7854 29.05 50.0789
      vertex 33 29.05 50.1
    endloop
  endfacet
  facet normal 0 -1 0
    outer loop
      vertex -32.2222 29.05 49.7778
      vertex -34 29.05 52.8952
      vertex -32.3889 29.05 49.9146
    endloop
  endfacet
  facet normal 0 -1 0
    outer loop
      vertex 34 29.05 52.8952
      vertex 32.579 29.05 50.0163
      vertex 32.7854 29.05 50.0789
    endloop
  endfacet
  facet normal 0 -1 0
    outer loop
      vertex -32.0854 29.05 49.6111
      vertex -34 29.05 52.8952
      vertex -32.2222 29.05 49.7778
    endloop
  endfacet
  facet normal 0 -1 0
    outer loop
      vertex 34 29.05 52.8952
      vertex 32.3889 29.05 49.9146
      vertex 32.579 29.05 50.0163
    endloop
  endfacet
  facet normal 0 -1 0
    outer loop
      vertex -34 29.05 52.8952
      vertex -32.0854 29.05 49.6111
      vertex 34 29.05 52.8952
    endloop
  endfacet
  facet normal 0 -1 0
    outer loop
      vertex 34 29.05 52.8952
      vertex 32.2222 29.05 49.7778
      vertex 32.3889 29.05 49.9146
    endloop
  endfacet
  facet normal 0 -1 0
    outer loop
      vertex 32.0854 29.05 49.6111
      vertex 34 29.05 52.8952
      vertex -32.0854 29.05 49.6111
    endloop
  endfacet
  facet normal 0 -1 0
    outer loop
      vertex 34 29.05 52.8952
      vertex 32.0854 29.05 49.6111
      vertex 32.2222 29.05 49.7778
    endloop
  endfacet
  facet normal 0 -1 0
    outer loop
      vertex -31.9837 29.05 49.421
      vertex 32.0854 29.05 49.6111
      vertex -32.0854 29.05 49.6111
    endloop
  endfacet
  facet normal 0 -1 0
    outer loop
      vertex -31.9837 29.05 49.421
      vertex 31.9837 29.05 49.421
      vertex 32.0854 29.05 49.6111
    endloop
  endfacet
  facet normal 0 -1 0
    outer loop
      vertex -31.9211 29.05 49.2146
      vertex 31.9837 29.05 49.421
      vertex -31.9837 29.05 49.421
    endloop
  endfacet
  facet normal 0 -1 0
    outer loop
      vertex -31.9211 29.05 49.2146
      vertex 31.9211 29.05 49.2146
      vertex 31.9837 29.05 49.421
    endloop
  endfacet
  facet normal 0 -1 0
    outer loop
      vertex -31.9 29.05 49
      vertex 31.9211 29.05 49.2146
      vertex -31.9211 29.05 49.2146
    endloop
  endfacet
  facet normal 0 -1 0
    outer loop
      vertex -31.9 29.05 49
      vertex 31.9 29.05 49
      vertex 31.9211 29.05 49.2146
    endloop
  endfacet
  facet normal 0 -1 0
    outer loop
      vertex -31.9211 29.05 48.7854
      vertex 31.9 29.05 49
      vertex -31.9 29.05 49
    endloop
  endfacet
  facet normal 0 -1 0
    outer loop
      vertex -31.9211 29.05 48.7854
      vertex 31.9211 29.05 48.7854
      vertex 31.9 29.05 49
    endloop
  endfacet
  facet normal 0 -1 0
    outer loop
      vertex -31.9837 29.05 48.579
      vertex 31.9211 29.05 48.7854
      vertex -31.9211 29.05 48.7854
    endloop
  endfacet
  facet normal 0 -1 0
    outer loop
      vertex -31.9837 29.05 48.579
      vertex 31.9837 29.05 48.579
      vertex 31.9211 29.05 48.7854
    endloop
  endfacet
  facet normal 0 -1 0
    outer loop
      vertex -32.0854 29.05 48.3889
      vertex 31.9837 29.05 48.579
      vertex -31.9837 29.05 48.579
    endloop
  endfacet
  facet normal 0 -1 0
    outer loop
      vertex -32.0854 29.05 48.3889
      vertex 32.0854 29.05 48.3889
      vertex 31.9837 29.05 48.579
    endloop
  endfacet
  facet normal 0 -1 0
    outer loop
      vertex -32.579 29.05 47.9837
      vertex -32.579 29.05 7.01627
      vertex -32.3889 29.05 48.0854
    endloop
  endfacet
  facet normal 0 -1 0
    outer loop
      vertex -32.3889 29.05 6.91462
      vertex -32.3889 29.05 48.0854
      vertex -32.579 29.05 7.01627
    endloop
  endfacet
  facet normal 0 -1 0
    outer loop
      vertex -32.579 29.05 7.01627
      vertex -32.579 29.05 47.9837
      vertex -32.7854 29.05 7.07886
    endloop
  endfacet
  facet normal 0 -1 0
    outer loop
      vertex -32.3889 29.05 48.0854
      vertex -32.3889 29.05 6.91462
      vertex -32.2222 29.05 48.2222
    endloop
  endfacet
  facet normal 0 -1 0
    outer loop
      vertex -32.7854 29.05 47.9211
      vertex -32.7854 29.05 7.07886
      vertex -32.579 29.05 47.9837
    endloop
  endfacet
  facet normal 0 -1 0
    outer loop
      vertex 32.0854 29.05 48.3889
      vertex 33 29.05 7.1
      vertex 32.2222 29.05 48.2222
    endloop
  endfacet
  facet normal 0 -1 0
    outer loop
      vertex -32.7854 29.05 7.07886
      vertex -32.7854 29.05 47.9211
      vertex -33 29.05 7.1
    endloop
  endfacet
  facet normal 0 -1 0
    outer loop
      vertex 32.2222 29.05 48.2222
      vertex 33 29.05 7.1
      vertex 32.3889 29.05 48.0854
    endloop
  endfacet
  facet normal 0 -1 0
    outer loop
      vertex -33 29.05 7.1
      vertex -32.7854 29.05 47.9211
      vertex -33 29.05 47.9
    endloop
  endfacet
  facet normal 0 -1 0
    outer loop
      vertex 32.3889 29.05 48.0854
      vertex 33 29.05 7.1
      vertex 32.579 29.05 47.9837
    endloop
  endfacet
  facet normal 0 -1 0
    outer loop
      vertex -33.421 29.05 50.0163
      vertex -34 29.05 52.8952
      vertex -34.346 29.05 52.8442
    endloop
  endfacet
  facet normal 0 -1 0
    outer loop
      vertex -32.7854 29.05 50.0789
      vertex -34 29.05 52.8952
      vertex -33 29.05 50.1
    endloop
  endfacet
  facet normal 0 -1 0
    outer loop
      vertex -35.0859 29.05 52.6541
      vertex -34.346 29.05 52.8442
      vertex -34.8056 29.05 52.7764
    endloop
  endfacet
  facet normal 0 -1 0
    outer loop
      vertex -32.579 29.05 50.0163
      vertex -34 29.05 52.8952
      vertex -32.7854 29.05 50.0789
    endloop
  endfacet
  facet normal 0 -1 -0
    outer loop
      vertex -34.346 29.05 52.8442
      vertex -35.0859 29.05 52.6541
      vertex -33.6111 29.05 49.9146
    endloop
  endfacet
  facet normal 0 -1 0
    outer loop
      vertex 33.2146 29.05 50.0789
      vertex 34 29.05 52.8952
      vertex 33 29.05 50.1
    endloop
  endfacet
  facet normal 0 -1 0
    outer loop
      vertex -33.7778 29.05 49.7778
      vertex -35.0859 29.05 52.6541
      vertex -35.6776 29.05 52.3958
    endloop
  endfacet
  facet normal 0 -1 0
    outer loop
      vertex 33.421 29.05 50.0163
      vertex 34 29.05 52.8952
      vertex 33.2146 29.05 50.0789
    endloop
  endfacet
  facet normal 0 -1 0
    outer loop
      vertex -36.1351 29.05 51.8964
      vertex -35.6776 29.05 52.3958
      vertex -35.7323 29.05 52.357
    endloop
  endfacet
  facet normal 0 -1 -0
    outer loop
      vertex 34 29.05 52.8952
      vertex 33.421 29.05 50.0163
      vertex 34.346 29.05 52.8442
    endloop
  endfacet
  facet normal 0 -1 -0
    outer loop
      vertex -35.6776 29.05 52.3958
      vertex -36.1351 29.05 51.8964
      vertex -33.7778 29.05 49.7778
    endloop
  endfacet
  facet normal 0 -1 0
    outer loop
      vertex 33.6111 29.05 49.9146
      vertex 34.346 29.05 52.8442
      vertex 33.421 29.05 50.0163
    endloop
  endfacet
  facet normal 0 -1 0
    outer loop
      vertex -36.5709 29.05 51.3401
      vertex -36.1351 29.05 51.8964
      vertex -36.5242 29.05 51.4514
    endloop
  endfacet
  facet normal -0 -1 0
    outer loop
      vertex 35.0859 29.05 52.6541
      vertex 34.346 29.05 52.8442
      vertex 33.6111 29.05 49.9146
    endloop
  endfacet
  facet normal 0 -1 0
    outer loop
      vertex -33.9146 29.05 49.6111
      vertex -36.1351 29.05 51.8964
      vertex -36.5709 29.05 51.3401
    endloop
  endfacet
  facet normal 0 -1 0
    outer loop
      vertex 34.346 29.05 52.8442
      vertex 35.0859 29.05 52.6541
      vertex 34.8056 29.05 52.7764
    endloop
  endfacet
  facet normal 0 -1 0
    outer loop
      vertex -33.9146 29.05 49.6111
      vertex -36.5709 29.05 51.3401
      vertex -36.7061 29.05 51.0181
    endloop
  endfacet
  facet normal 0 -1 0
    outer loop
      vertex 33.7778 29.05 49.7778
      vertex 35.0859 29.05 52.6541
      vertex 33.6111 29.05 49.9146
    endloop
  endfacet
  facet normal 0 -1 0
    outer loop
      vertex -33.9146 29.05 49.6111
      vertex -36.7061 29.05 51.0181
      vertex -36.8709 29.05 50.4901
    endloop
  endfacet
  facet normal 0 -1 -0
    outer loop
      vertex 35.0859 29.05 52.6541
      vertex 33.7778 29.05 49.7778
      vertex 35.6776 29.05 52.3958
    endloop
  endfacet
  facet normal -0 -1 0
    outer loop
      vertex 36.1351 29.05 51.8964
      vertex 35.6776 29.05 52.3958
      vertex 33.7778 29.05 49.7778
    endloop
  endfacet
  facet normal 0 -1 0
    outer loop
      vertex -34 29.05 52.8952
      vertex -33.2146 29.05 50.0789
      vertex -33 29.05 50.1
    endloop
  endfacet
  facet normal 0 -1 0
    outer loop
      vertex -34 29.05 52.8952
      vertex -33.421 29.05 50.0163
      vertex -33.2146 29.05 50.0789
    endloop
  endfacet
  facet normal 0 -1 0
    outer loop
      vertex -34.346 29.05 52.8442
      vertex -33.6111 29.05 49.9146
      vertex -33.421 29.05 50.0163
    endloop
  endfacet
  facet normal 0 -1 0
    outer loop
      vertex -35.0859 29.05 52.6541
      vertex -33.7778 29.05 49.7778
      vertex -33.6111 29.05 49.9146
    endloop
  endfacet
  facet normal 0 -1 0
    outer loop
      vertex -36.1351 29.05 51.8964
      vertex -33.9146 29.05 49.6111
      vertex -33.7778 29.05 49.7778
    endloop
  endfacet
  facet normal 0 -1 0
    outer loop
      vertex -36.8709 29.05 50.4901
      vertex -34.0163 29.05 49.421
      vertex -33.9146 29.05 49.6111
    endloop
  endfacet
  facet normal 0 -1 0
    outer loop
      vertex -36.8709 29.05 50.4901
      vertex -34.0789 29.05 49.2146
      vertex -34.0163 29.05 49.421
    endloop
  endfacet
  facet normal 0 -1 0
    outer loop
      vertex -36.8709 29.05 50.4901
      vertex -34.1 29.05 49
      vertex -34.0789 29.05 49.2146
    endloop
  endfacet
  facet normal 0 -1 0
    outer loop
      vertex -36.8709 29.05 50.4901
      vertex -34.0789 29.05 48.7854
      vertex -34.1 29.05 49
    endloop
  endfacet
  facet normal 0 -1 0
    outer loop
      vertex -36.8709 29.05 50.4901
      vertex -34.0163 29.05 48.579
      vertex -34.0789 29.05 48.7854
    endloop
  endfacet
  facet normal 0 -1 0
    outer loop
      vertex -36.8709 29.05 50.4901
      vertex -33.9146 29.05 48.3889
      vertex -34.0163 29.05 48.579
    endloop
  endfacet
  facet normal 0 -1 0
    outer loop
      vertex -36.8709 29.05 50.4901
      vertex -33.7778 29.05 48.2222
      vertex -33.9146 29.05 48.3889
    endloop
  endfacet
  facet normal 0 -1 0
    outer loop
      vertex -33.7778 29.05 6.77782
      vertex -33.7778 29.05 48.2222
      vertex -36.8709 29.05 50.4901
    endloop
  endfacet
  facet normal 0 -1 0
    outer loop
      vertex 32.579 29.05 47.9837
      vertex 33 29.05 7.1
      vertex 32.7854 29.05 47.9211
    endloop
  endfacet
  facet normal 0 -1 0
    outer loop
      vertex -33.2146 29.05 47.9211
      vertex -33 29.05 7.1
      vertex -33 29.05 47.9
    endloop
  endfacet
  facet normal 0 -1 0
    outer loop
      vertex -33.2146 29.05 7.07886
      vertex -33.2146 29.05 47.9211
      vertex -33.421 29.05 47.9837
    endloop
  endfacet
  facet normal 0 -1 0
    outer loop
      vertex -33.421 29.05 7.01627
      vertex -33.421 29.05 47.9837
      vertex -33.6111 29.05 48.0854
    endloop
  endfacet
  facet normal 0 -1 0
    outer loop
      vertex -33.7778 29.05 48.2222
      vertex -33.7778 29.05 6.77782
      vertex -33.6111 29.05 48.0854
    endloop
  endfacet
  facet normal 0 -1 0
    outer loop
      vertex -33.2146 29.05 47.9211
      vertex -33.2146 29.05 7.07886
      vertex -33 29.05 7.1
    endloop
  endfacet
  facet normal 0 -1 0
    outer loop
      vertex -33.421 29.05 47.9837
      vertex -33.421 29.05 7.01627
      vertex -33.2146 29.05 7.07886
    endloop
  endfacet
  facet normal 0 -1 0
    outer loop
      vertex -33.6111 29.05 48.0854
      vertex -33.6111 29.05 6.91462
      vertex -33.421 29.05 7.01627
    endloop
  endfacet
  facet normal 0 -1 -0
    outer loop
      vertex -33.6111 29.05 48.0854
      vertex -33.7778 29.05 6.77782
      vertex -33.6111 29.05 6.91462
    endloop
  endfacet
  facet normal 0 -1 0
    outer loop
      vertex -36.8709 29.05 4.50991
      vertex -33.7778 29.05 6.77782
      vertex -36.8709 29.05 50.4901
    endloop
  endfacet
  facet normal 0 -1 0
    outer loop
      vertex -33.7778 29.05 6.77782
      vertex -36.8709 29.05 4.50991
      vertex -33.9146 29.05 6.61113
    endloop
  endfacet
  facet normal 0 -1 0
    outer loop
      vertex -33.9146 29.05 6.61113
      vertex -36.8709 29.05 4.50991
      vertex -34.0163 29.05 6.42095
    endloop
  endfacet
  facet normal 0 -1 0
    outer loop
      vertex -34.0163 29.05 6.42095
      vertex -36.8709 29.05 4.50991
      vertex -34.0789 29.05 6.2146
    endloop
  endfacet
  facet normal 0 -1 -0
    outer loop
      vertex -33.7778 29.05 5.22218
      vertex -35.0859 29.05 2.34592
      vertex -33.6111 29.05 5.08538
    endloop
  endfacet
  facet normal 0 -1 0
    outer loop
      vertex -35.0859 29.05 2.34592
      vertex -33.7778 29.05 5.22218
      vertex -36.1351 29.05 3.10364
    endloop
  endfacet
  facet normal 0 -1 -0
    outer loop
      vertex -33.9146 29.05 5.38887
      vertex -36.1351 29.05 3.10364
      vertex -33.7778 29.05 5.22218
    endloop
  endfacet
  facet normal 0 -1 0
    outer loop
      vertex -36.1351 29.05 3.10364
      vertex -33.9146 29.05 5.38887
      vertex -36.5709 29.05 3.65991
    endloop
  endfacet
  facet normal 0 -1 0
    outer loop
      vertex -36.5709 29.05 3.65991
      vertex -33.9146 29.05 5.38887
      vertex -36.7061 29.05 3.98189
    endloop
  endfacet
  facet normal 0 -1 0
    outer loop
      vertex -36.7061 29.05 3.98189
      vertex -33.9146 29.05 5.38887
      vertex -36.8709 29.05 4.50991
    endloop
  endfacet
  facet normal 0 -1 -0
    outer loop
      vertex -34.0163 29.05 5.57905
      vertex -36.8709 29.05 4.50991
      vertex -33.9146 29.05 5.38887
    endloop
  endfacet
  facet normal 0 -1 -0
    outer loop
      vertex -34.0789 29.05 5.7854
      vertex -36.8709 29.05 4.50991
      vertex -34.0163 29.05 5.57905
    endloop
  endfacet
  facet normal 0 -1 -0
    outer loop
      vertex -34.1 29.05 6
      vertex -36.8709 29.05 4.50991
      vertex -34.0789 29.05 5.7854
    endloop
  endfacet
  facet normal 0 -1 0
    outer loop
      vertex -34.0789 29.05 6.2146
      vertex -36.8709 29.05 4.50991
      vertex -34.1 29.05 6
    endloop
  endfacet
  facet normal 0 -1 0
    outer loop
      vertex 35.6776 29.05 52.3958
      vertex 36.1351 29.05 51.8964
      vertex 35.7323 29.05 52.357
    endloop
  endfacet
  facet normal 0 -1 0
    outer loop
      vertex 33.9146 29.05 49.6111
      vertex 36.1351 29.05 51.8964
      vertex 33.7778 29.05 49.7778
    endloop
  endfacet
  facet normal 0 -1 0
    outer loop
      vertex 36.1351 29.05 51.8964
      vertex 36.5709 29.05 51.3401
      vertex 36.5242 29.05 51.4514
    endloop
  endfacet
  facet normal 0 -1 -0
    outer loop
      vertex 36.1351 29.05 51.8964
      vertex 33.9146 29.05 49.6111
      vertex 36.5709 29.05 51.3401
    endloop
  endfacet
  facet normal 0 -1 -0
    outer loop
      vertex 36.5709 29.05 51.3401
      vertex 33.9146 29.05 49.6111
      vertex 36.7061 29.05 51.0181
    endloop
  endfacet
  facet normal 0 -1 -0
    outer loop
      vertex 36.7061 29.05 51.0181
      vertex 33.9146 29.05 49.6111
      vertex 36.8709 29.05 50.4901
    endloop
  endfacet
  facet normal 0 -1 0
    outer loop
      vertex 34.0163 29.05 49.421
      vertex 36.8709 29.05 50.4901
      vertex 33.9146 29.05 49.6111
    endloop
  endfacet
  facet normal 0 -1 0
    outer loop
      vertex 34.0789 29.05 49.2146
      vertex 36.8709 29.05 50.4901
      vertex 34.0163 29.05 49.421
    endloop
  endfacet
  facet normal 0 -1 0
    outer loop
      vertex 34.1 29.05 49
      vertex 36.8709 29.05 50.4901
      vertex 34.0789 29.05 49.2146
    endloop
  endfacet
  facet normal 0 -1 0
    outer loop
      vertex 34.0789 29.05 48.7854
      vertex 36.8709 29.05 50.4901
      vertex 34.1 29.05 49
    endloop
  endfacet
  facet normal 0 -1 0
    outer loop
      vertex 34.0163 29.05 48.579
      vertex 36.8709 29.05 50.4901
      vertex 34.0789 29.05 48.7854
    endloop
  endfacet
  facet normal 0 -1 0
    outer loop
      vertex 33.9146 29.05 48.3889
      vertex 36.8709 29.05 50.4901
      vertex 34.0163 29.05 48.579
    endloop
  endfacet
  facet normal 0 -1 0
    outer loop
      vertex 33.7778 29.05 48.2222
      vertex 36.8709 29.05 50.4901
      vertex 33.9146 29.05 48.3889
    endloop
  endfacet
  facet normal 0 -1 0
    outer loop
      vertex 33.7778 29.05 6.77782
      vertex 33.7778 29.05 48.2222
      vertex 33.6111 29.05 48.0854
    endloop
  endfacet
  facet normal 0 -1 0
    outer loop
      vertex 32.7854 29.05 47.9211
      vertex 33 29.05 7.1
      vertex 33 29.05 47.9
    endloop
  endfacet
  facet normal 0 -1 0
    outer loop
      vertex 33 29.05 47.9
      vertex 33 29.05 7.1
      vertex 33.2146 29.05 47.9211
    endloop
  endfacet
  facet normal 0 -1 0
    outer loop
      vertex 33.2146 29.05 7.07886
      vertex 33.2146 29.05 47.9211
      vertex 33 29.05 7.1
    endloop
  endfacet
  facet normal 0 -1 0
    outer loop
      vertex 33.2146 29.05 47.9211
      vertex 33.2146 29.05 7.07886
      vertex 33.421 29.05 47.9837
    endloop
  endfacet
  facet normal 0 -1 0
    outer loop
      vertex 33.421 29.05 7.01627
      vertex 33.421 29.05 47.9837
      vertex 33.2146 29.05 7.07886
    endloop
  endfacet
  facet normal 0 -1 0
    outer loop
      vertex 33.421 29.05 47.9837
      vertex 33.421 29.05 7.01627
      vertex 33.6111 29.05 48.0854
    endloop
  endfacet
  facet normal 0 -1 0
    outer loop
      vertex 33.6111 29.05 6.91462
      vertex 33.6111 29.05 48.0854
      vertex 33.421 29.05 7.01627
    endloop
  endfacet
  facet normal 0 -1 0
    outer loop
      vertex 33.7778 29.05 6.77782
      vertex 33.6111 29.05 48.0854
      vertex 33.6111 29.05 6.91462
    endloop
  endfacet
  facet normal 0 -1 0
    outer loop
      vertex 33.7778 29.05 48.2222
      vertex 33.7778 29.05 6.77782
      vertex 36.8709 29.05 50.4901
    endloop
  endfacet
  facet normal 0 -1 0
    outer loop
      vertex 36.8709 29.05 4.50991
      vertex 33.7778 29.05 6.77782
      vertex 33.9146 29.05 6.61113
    endloop
  endfacet
  facet normal 0 -1 0
    outer loop
      vertex 36.8709 29.05 4.50991
      vertex 33.9146 29.05 6.61113
      vertex 34.0163 29.05 6.42095
    endloop
  endfacet
  facet normal 0 -1 0
    outer loop
      vertex 36.8709 29.05 4.50991
      vertex 34.0163 29.05 6.42095
      vertex 34.0789 29.05 6.2146
    endloop
  endfacet
  facet normal 0 -1 0
    outer loop
      vertex 36.8709 29.05 4.50991
      vertex 34.0789 29.05 6.2146
      vertex 34.1 29.05 6
    endloop
  endfacet
  facet normal 0 -1 0
    outer loop
      vertex 33.7778 29.05 6.77782
      vertex 36.8709 29.05 4.50991
      vertex 36.8709 29.05 50.4901
    endloop
  endfacet
  facet normal 0 -1 0
    outer loop
      vertex 34.0789 29.05 5.7854
      vertex 36.8709 29.05 4.50991
      vertex 34.1 29.05 6
    endloop
  endfacet
  facet normal 0 -1 0
    outer loop
      vertex 34.0163 29.05 5.57905
      vertex 36.8709 29.05 4.50991
      vertex 34.0789 29.05 5.7854
    endloop
  endfacet
  facet normal 0 -1 0
    outer loop
      vertex 33.9146 29.05 5.38887
      vertex 36.8709 29.05 4.50991
      vertex 34.0163 29.05 5.57905
    endloop
  endfacet
  facet normal 0 -1 0
    outer loop
      vertex 36.1351 29.05 3.10364
      vertex 33.9146 29.05 5.38887
      vertex 33.7778 29.05 5.22218
    endloop
  endfacet
  facet normal 0 -1 0
    outer loop
      vertex 35.0859 29.05 2.34592
      vertex 33.7778 29.05 5.22218
      vertex 33.6111 29.05 5.08538
    endloop
  endfacet
  facet normal 0 -1 0
    outer loop
      vertex 34.346 29.05 2.15583
      vertex 33.6111 29.05 5.08538
      vertex 33.421 29.05 4.98373
    endloop
  endfacet
  facet normal 0 -1 0
    outer loop
      vertex 34 29.05 2.10483
      vertex 33.421 29.05 4.98373
      vertex 33.2146 29.05 4.92114
    endloop
  endfacet
  facet normal 0 -1 0
    outer loop
      vertex 34 29.05 2.10483
      vertex 33.2146 29.05 4.92114
      vertex 33 29.05 4.9
    endloop
  endfacet
  facet normal 0 -1 0
    outer loop
      vertex 32.579 29.05 4.98373
      vertex 34 29.05 2.10483
      vertex 32.7854 29.05 4.92114
    endloop
  endfacet
  facet normal 0 -1 0
    outer loop
      vertex -34.346 29.05 2.15583
      vertex -33.6111 29.05 5.08538
      vertex -35.0859 29.05 2.34592
    endloop
  endfacet
  facet normal 0 -1 0
    outer loop
      vertex 32.7854 29.05 4.92114
      vertex 34 29.05 2.10483
      vertex 33 29.05 4.9
    endloop
  endfacet
  facet normal 0 -1 -0
    outer loop
      vertex -33.6111 29.05 5.08538
      vertex -34.346 29.05 2.15583
      vertex -33.421 29.05 4.98373
    endloop
  endfacet
  facet normal 0 -1 0
    outer loop
      vertex 33.421 29.05 4.98373
      vertex 34 29.05 2.10483
      vertex 34.346 29.05 2.15583
    endloop
  endfacet
  facet normal 0 -1 0
    outer loop
      vertex -36.1351 29.05 3.10364
      vertex -36.5709 29.05 3.65991
      vertex -36.5242 29.05 3.54858
    endloop
  endfacet
  facet normal 0 -1 0
    outer loop
      vertex 33.6111 29.05 5.08538
      vertex 34.346 29.05 2.15583
      vertex 35.0859 29.05 2.34592
    endloop
  endfacet
  facet normal 0 -1 0
    outer loop
      vertex -34 29.05 2.10483
      vertex -33.421 29.05 4.98373
      vertex -34.346 29.05 2.15583
    endloop
  endfacet
  facet normal 0 -1 0
    outer loop
      vertex 33.9146 29.05 5.38887
      vertex 36.1351 29.05 3.10364
      vertex 36.5709 29.05 3.65991
    endloop
  endfacet
  facet normal 0 -1 0
    outer loop
      vertex -35.6776 29.05 2.60423
      vertex -36.1351 29.05 3.10364
      vertex -35.7323 29.05 2.64302
    endloop
  endfacet
  facet normal 0 -1 0
    outer loop
      vertex 33.9146 29.05 5.38887
      vertex 36.7061 29.05 3.98189
      vertex 36.8709 29.05 4.50991
    endloop
  endfacet
  facet normal 0 -1 0
    outer loop
      vertex -36.1351 29.05 3.10364
      vertex -35.6776 29.05 2.60423
      vertex -35.0859 29.05 2.34592
    endloop
  endfacet
  facet normal 0 -1 0
    outer loop
      vertex 36.5709 29.05 3.65991
      vertex 36.1351 29.05 3.10364
      vertex 36.5242 29.05 3.54858
    endloop
  endfacet
  facet normal 0 -1 -0
    outer loop
      vertex -33.421 29.05 4.98373
      vertex -34 29.05 2.10483
      vertex -33.2146 29.05 4.92114
    endloop
  endfacet
  facet normal 0 -1 0
    outer loop
      vertex 33.9146 29.05 5.38887
      vertex 36.5709 29.05 3.65991
      vertex 36.7061 29.05 3.98189
    endloop
  endfacet
  facet normal 0 -1 0
    outer loop
      vertex -34.346 29.05 2.15583
      vertex -35.0859 29.05 2.34592
      vertex -34.8056 29.05 2.22357
    endloop
  endfacet
  facet normal 0 -1 -0
    outer loop
      vertex -33.2146 29.05 4.92114
      vertex -34 29.05 2.10483
      vertex -33 29.05 4.9
    endloop
  endfacet
  facet normal 0 -1 0
    outer loop
      vertex 33.7778 29.05 5.22218
      vertex 35.0859 29.05 2.34592
      vertex 36.1351 29.05 3.10364
    endloop
  endfacet
  facet normal 0 -1 0
    outer loop
      vertex 35.0859 29.05 2.34592
      vertex 34.346 29.05 2.15583
      vertex 34.8056 29.05 2.22357
    endloop
  endfacet
  facet normal -0 -1 0
    outer loop
      vertex 35.6776 29.05 2.60423
      vertex 36.1351 29.05 3.10364
      vertex 35.0859 29.05 2.34592
    endloop
  endfacet
  facet normal 0 -1 0
    outer loop
      vertex 36.1351 29.05 3.10364
      vertex 35.6776 29.05 2.60423
      vertex 35.7323 29.05 2.64302
    endloop
  endfacet
  facet normal 0 1 0
    outer loop
      vertex -15.4243 -27.05 7.20627
      vertex -17.75 -27.05 7.25
      vertex -15.5 -27.05 7.25168
    endloop
  endfacet
  facet normal 0 1 0
    outer loop
      vertex -17.75 -27.05 2.75
      vertex -15.4243 -27.05 7.20627
      vertex -15.3444 -27.05 7.16851
    endloop
  endfacet
  facet normal 0 1 0
    outer loop
      vertex -17.75 -27.05 2.75
      vertex -15.3444 -27.05 7.16851
      vertex -15.2613 -27.05 7.13875
    endloop
  endfacet
  facet normal 0 1 0
    outer loop
      vertex -17.75 -27.05 2.75
      vertex -15.2613 -27.05 7.13875
      vertex -15.1756 -27.05 7.11729
    endloop
  endfacet
  facet normal 0 1 0
    outer loop
      vertex -17.75 -27.05 2.75
      vertex -15.1756 -27.05 7.11729
      vertex -15.0882 -27.05 7.10433
    endloop
  endfacet
  facet normal 0 1 0
    outer loop
      vertex -15.4243 -27.05 7.20627
      vertex -17.75 -27.05 2.75
      vertex -17.75 -27.05 7.25
    endloop
  endfacet
  facet normal 0 1 0
    outer loop
      vertex -17.75 -27.05 2.75
      vertex -15.0882 -27.05 7.10433
      vertex -15 -27.05 7.1
    endloop
  endfacet
  facet normal 0 1 0
    outer loop
      vertex 6.5 -27.05 38.5
      vertex 4.5 -27.05 34.9954
      vertex 4.5 -27.05 38.5
    endloop
  endfacet
  facet normal 0 1 0
    outer loop
      vertex 6.5 -27.05 38.5
      vertex 4.51565 -27.05 34.9623
      vertex 4.5 -27.05 34.9954
    endloop
  endfacet
  facet normal 0 1 0
    outer loop
      vertex 6.5 -27.05 38.5
      vertex 5.16034 -27.05 33.1606
      vertex 4.51565 -27.05 34.9623
    endloop
  endfacet
  facet normal 0 1 0
    outer loop
      vertex 6.5 -27.05 38.5
      vertex 5.62531 -27.05 31.3043
      vertex 5.16034 -27.05 33.1606
    endloop
  endfacet
  facet normal 0 1 0
    outer loop
      vertex 6.5 -27.05 38.5
      vertex 5.9061 -27.05 29.4113
      vertex 5.62531 -27.05 31.3043
    endloop
  endfacet
  facet normal 0 1 0
    outer loop
      vertex 6.5 -27.05 38.5
      vertex 6 -27.05 27.5
      vertex 5.9061 -27.05 29.4113
    endloop
  endfacet
  facet normal 0 1 -0
    outer loop
      vertex 6.5 -27.05 16.5
      vertex 6 -27.05 27.5
      vertex 6.5 -27.05 38.5
    endloop
  endfacet
  facet normal 0 1 0
    outer loop
      vertex 6.5 -27.05 16.5
      vertex 5.9061 -27.05 25.5887
      vertex 6 -27.05 27.5
    endloop
  endfacet
  facet normal 0 1 0
    outer loop
      vertex 6.5 -27.05 16.5
      vertex 5.62531 -27.05 23.6957
      vertex 5.9061 -27.05 25.5887
    endloop
  endfacet
  facet normal 0 1 0
    outer loop
      vertex 6.5 -27.05 16.5
      vertex 5.16034 -27.05 21.8394
      vertex 5.62531 -27.05 23.6957
    endloop
  endfacet
  facet normal 0 1 0
    outer loop
      vertex 6.5 -27.05 16.5
      vertex 4.51565 -27.05 20.0377
      vertex 5.16034 -27.05 21.8394
    endloop
  endfacet
  facet normal 0 1 0
    outer loop
      vertex 6.5 -27.05 16.5
      vertex 4.5 -27.05 20.0046
      vertex 4.51565 -27.05 20.0377
    endloop
  endfacet
  facet normal 0 1 0
    outer loop
      vertex 4.5 -27.05 20.0046
      vertex 6.5 -27.05 16.5
      vertex 4.5 -27.05 16.5
    endloop
  endfacet
  facet normal 0 1 -0
    outer loop
      vertex 10 -27.05 16.5
      vertex 8 -27.05 38.5
      vertex 10 -27.05 38.5
    endloop
  endfacet
  facet normal 0 1 0
    outer loop
      vertex 8 -27.05 38.5
      vertex 10 -27.05 16.5
      vertex 8 -27.05 16.5
    endloop
  endfacet
  facet normal 0 1 -0
    outer loop
      vertex 13.5 -27.05 16.5
      vertex 11.5 -27.05 38.5
      vertex 13.5 -27.05 38.5
    endloop
  endfacet
  facet normal 0 1 0
    outer loop
      vertex 11.5 -27.05 38.5
      vertex 13.5 -27.05 16.5
      vertex 11.5 -27.05 16.5
    endloop
  endfacet
  facet normal 0 1 -0
    outer loop
      vertex 17 -27.05 16.5
      vertex 15 -27.05 38.5
      vertex 17 -27.05 38.5
    endloop
  endfacet
  facet normal 0 1 0
    outer loop
      vertex 15 -27.05 38.5
      vertex 17 -27.05 16.5
      vertex 15 -27.05 16.5
    endloop
  endfacet
  facet normal 0 1 -0
    outer loop
      vertex 18.75 -27.05 16.5
      vertex 18.5 -27.05 38.5
      vertex 18.75 -27.05 38.5
    endloop
  endfacet
  facet normal 0 1 0
    outer loop
      vertex 18.5 -27.05 38.5
      vertex 18.75 -27.05 16.5
      vertex 18.5 -27.05 16.5
    endloop
  endfacet
  facet normal 0 1 -0
    outer loop
      vertex 20.5 -27.05 16.5
      vertex 20.25 -27.05 38.5
      vertex 20.5 -27.05 38.5
    endloop
  endfacet
  facet normal 0 1 0
    outer loop
      vertex 20.25 -27.05 38.5
      vertex 20.5 -27.05 16.5
      vertex 20.25 -27.05 16.5
    endloop
  endfacet
  facet normal 0 1 -0
    outer loop
      vertex 24 -27.05 16.5
      vertex 22 -27.05 38.5
      vertex 24 -27.05 38.5
    endloop
  endfacet
  facet normal 0 1 0
    outer loop
      vertex 22 -27.05 38.5
      vertex 24 -27.05 16.5
      vertex 22 -27.05 16.5
    endloop
  endfacet
  facet normal 0 1 -0
    outer loop
      vertex 27.5 -27.05 16.5
      vertex 25.5 -27.05 38.5
      vertex 27.5 -27.05 38.5
    endloop
  endfacet
  facet normal 0 1 0
    outer loop
      vertex 25.5 -27.05 38.5
      vertex 27.5 -27.05 16.5
      vertex 25.5 -27.05 16.5
    endloop
  endfacet
  facet normal 0 1 -0
    outer loop
      vertex 31 -27.05 16.5
      vertex 29 -27.05 38.5
      vertex 31 -27.05 38.5
    endloop
  endfacet
  facet normal 0 1 0
    outer loop
      vertex 29 -27.05 38.5
      vertex 31 -27.05 16.5
      vertex 29 -27.05 16.5
    endloop
  endfacet
  facet normal 0 1 -0
    outer loop
      vertex 34.5 -27.05 16.5
      vertex 32.5 -27.05 38.5
      vertex 34.5 -27.05 38.5
    endloop
  endfacet
  facet normal 0 1 0
    outer loop
      vertex 32.5 -27.05 38.5
      vertex 34.5 -27.05 16.5
      vertex 32.5 -27.05 16.5
    endloop
  endfacet
  facet normal 0 1 0
    outer loop
      vertex 37 -27.05 53.4
      vertex 34 -27.05 54.5368
      vertex 34.0931 -27.05 54.533
    endloop
  endfacet
  facet normal 0 1 0
    outer loop
      vertex 34 -27.05 54.5368
      vertex -11.5887 -27.05 46.9061
      vertex -34 -27.05 54.5368
    endloop
  endfacet
  facet normal 0 1 0
    outer loop
      vertex 35.7044 -27.05 54.1946
      vertex 34.0931 -27.05 54.533
      vertex 34.4078 -27.05 54.5201
    endloop
  endfacet
  facet normal -0 1 -0
    outer loop
      vertex -13.5 -27.05 47
      vertex -34 -27.05 54.5368
      vertex -11.5887 -27.05 46.9061
    endloop
  endfacet
  facet normal 0 1 0
    outer loop
      vertex 35.7044 -27.05 54.1946
      vertex 34.4078 -27.05 54.5201
      vertex 34.7973 -27.05 54.4731
    endloop
  endfacet
  facet normal 0 1 -0
    outer loop
      vertex -15.4113 -27.05 46.9061
      vertex -34 -27.05 54.5368
      vertex -13.5 -27.05 47
    endloop
  endfacet
  facet normal 0 1 0
    outer loop
      vertex 34.8894 -27.05 54.4589
      vertex 34.7973 -27.05 54.4731
      vertex 34.8491 -27.05 54.4668
    endloop
  endfacet
  facet normal 0 1 -0
    outer loop
      vertex -17.3043 -27.05 46.6253
      vertex -34 -27.05 54.5368
      vertex -15.4113 -27.05 46.9061
    endloop
  endfacet
  facet normal 0 1 0
    outer loop
      vertex 34.7973 -27.05 54.4731
      vertex 34.8894 -27.05 54.4589
      vertex 35.7044 -27.05 54.1946
    endloop
  endfacet
  facet normal 0 1 -0
    outer loop
      vertex -19.1606 -27.05 46.1603
      vertex -34 -27.05 54.5368
      vertex -17.3043 -27.05 46.6253
    endloop
  endfacet
  facet normal 0 1 0
    outer loop
      vertex 35.3698 -27.05 54.3371
      vertex 34.8894 -27.05 54.4589
      vertex 35.1406 -27.05 54.4096
    endloop
  endfacet
  facet normal 0 1 -0
    outer loop
      vertex -20.9623 -27.05 45.5157
      vertex -34 -27.05 54.5368
      vertex -19.1606 -27.05 46.1603
    endloop
  endfacet
  facet normal 0 1 0
    outer loop
      vertex 34.8894 -27.05 54.4589
      vertex 35.3698 -27.05 54.3371
      vertex 35.7044 -27.05 54.1946
    endloop
  endfacet
  facet normal 0 1 -0
    outer loop
      vertex -22.6922 -27.05 44.6975
      vertex -34 -27.05 54.5368
      vertex -20.9623 -27.05 45.5157
    endloop
  endfacet
  facet normal 0 1 0
    outer loop
      vertex 36.6657 -27.05 53.6596
      vertex 34.0931 -27.05 54.533
      vertex 35.7044 -27.05 54.1946
    endloop
  endfacet
  facet normal 0 1 -0
    outer loop
      vertex -24.3336 -27.05 43.7137
      vertex -34 -27.05 54.5368
      vertex -22.6922 -27.05 44.6975
    endloop
  endfacet
  facet normal 0 1 0
    outer loop
      vertex 36.6657 -27.05 53.6596
      vertex 35.7044 -27.05 54.1946
      vertex 36.05 -27.05 54.0474
    endloop
  endfacet
  facet normal 0 1 -0
    outer loop
      vertex -25.8707 -27.05 42.5737
      vertex -34 -27.05 54.5368
      vertex -24.3336 -27.05 43.7137
    endloop
  endfacet
  facet normal 0 1 0
    outer loop
      vertex 36.6657 -27.05 53.6596
      vertex 36.05 -27.05 54.0474
      vertex 36.4012 -27.05 53.8651
    endloop
  endfacet
  facet normal 0 1 -0
    outer loop
      vertex -27.2886 -27.05 41.2886
      vertex -34 -27.05 54.5368
      vertex -25.8707 -27.05 42.5737
    endloop
  endfacet
  facet normal 0 1 0
    outer loop
      vertex 34.0931 -27.05 54.533
      vertex 36.6657 -27.05 53.6596
      vertex 37 -27.05 53.4
    endloop
  endfacet
  facet normal -0 1 0
    outer loop
      vertex -37 -27.05 53.4
      vertex -34 -27.05 54.5368
      vertex -27.2886 -27.05 41.2886
    endloop
  endfacet
  facet normal 0 1 0
    outer loop
      vertex 34 -27.05 54.5368
      vertex 37 -27.05 53.4
      vertex 32.5 -27.05 38.5
    endloop
  endfacet
  facet normal 0 1 0
    outer loop
      vertex -34 -27.05 54.5368
      vertex -37 -27.05 53.4
      vertex -34.0931 -27.05 54.533
    endloop
  endfacet
  facet normal -0 1 0
    outer loop
      vertex -36.6657 -27.05 53.6596
      vertex -34.0931 -27.05 54.533
      vertex -37 -27.05 53.4
    endloop
  endfacet
  facet normal 0 1 0
    outer loop
      vertex -34.0931 -27.05 54.533
      vertex -35.7044 -27.05 54.1946
      vertex -34.4078 -27.05 54.5201
    endloop
  endfacet
  facet normal 0 1 0
    outer loop
      vertex 34 -27.05 54.5368
      vertex -9.69574 -27.05 46.6253
      vertex -11.5887 -27.05 46.9061
    endloop
  endfacet
  facet normal 0 1 0
    outer loop
      vertex 34 -27.05 54.5368
      vertex -7.83945 -27.05 46.1603
      vertex -9.69574 -27.05 46.6253
    endloop
  endfacet
  facet normal 0 1 0
    outer loop
      vertex 34 -27.05 54.5368
      vertex -6.03767 -27.05 45.5157
      vertex -7.83945 -27.05 46.1603
    endloop
  endfacet
  facet normal 0 1 0
    outer loop
      vertex 34 -27.05 54.5368
      vertex -4.30776 -27.05 44.6975
      vertex -6.03767 -27.05 45.5157
    endloop
  endfacet
  facet normal 0 1 0
    outer loop
      vertex 34 -27.05 54.5368
      vertex -2.66638 -27.05 43.7137
      vertex -4.30776 -27.05 44.6975
    endloop
  endfacet
  facet normal 0 1 0
    outer loop
      vertex 34 -27.05 54.5368
      vertex 13.5 -27.05 38.5
      vertex 11.5 -27.05 38.5
    endloop
  endfacet
  facet normal 0 1 0
    outer loop
      vertex 34 -27.05 54.5368
      vertex 11.5 -27.05 38.5
      vertex -2.66638 -27.05 43.7137
    endloop
  endfacet
  facet normal 0 1 -0
    outer loop
      vertex 10 -27.05 38.5
      vertex -1.12933 -27.05 42.5737
      vertex 11.5 -27.05 38.5
    endloop
  endfacet
  facet normal 0 1 0
    outer loop
      vertex 34.5 -27.05 38.5
      vertex 37 -27.05 53.4
      vertex 36 -27.05 38.5
    endloop
  endfacet
  facet normal 0 1 0
    outer loop
      vertex 37 -27.05 53.4
      vertex 36 -27.05 16.5
      vertex 36 -27.05 38.5
    endloop
  endfacet
  facet normal 0 1 0
    outer loop
      vertex 37 -27.05 1.60003
      vertex 34.5 -27.05 16.5
      vertex 36 -27.05 16.5
    endloop
  endfacet
  facet normal 0 1 0
    outer loop
      vertex 34.5 -27.05 16.5
      vertex 37 -27.05 1.60003
      vertex 32.5 -27.05 16.5
    endloop
  endfacet
  facet normal 0 1 -0
    outer loop
      vertex 34 -27.05 0.463237
      vertex 32.5 -27.05 16.5
      vertex 37 -27.05 1.60003
    endloop
  endfacet
  facet normal 0 1 0
    outer loop
      vertex 31 -27.05 16.5
      vertex 34 -27.05 0.463237
      vertex 29 -27.05 16.5
    endloop
  endfacet
  facet normal 0 1 0
    outer loop
      vertex 29 -27.05 16.5
      vertex 34 -27.05 0.463237
      vertex 27.5 -27.05 16.5
    endloop
  endfacet
  facet normal 0 1 0
    outer loop
      vertex 27.5 -27.05 16.5
      vertex 34 -27.05 0.463237
      vertex 25.5 -27.05 16.5
    endloop
  endfacet
  facet normal 0 1 0
    outer loop
      vertex 25.5 -27.05 16.5
      vertex 34 -27.05 0.463237
      vertex 24 -27.05 16.5
    endloop
  endfacet
  facet normal 0 1 0
    outer loop
      vertex 24 -27.05 16.5
      vertex 34 -27.05 0.463237
      vertex 22 -27.05 16.5
    endloop
  endfacet
  facet normal 0 1 0
    outer loop
      vertex 22 -27.05 16.5
      vertex 34 -27.05 0.463237
      vertex 20.5 -27.05 16.5
    endloop
  endfacet
  facet normal 0 1 0
    outer loop
      vertex 20.5 -27.05 16.5
      vertex 34 -27.05 0.463237
      vertex 20.25 -27.05 16.5
    endloop
  endfacet
  facet normal 0 1 0
    outer loop
      vertex 20.25 -27.05 16.5
      vertex 34 -27.05 0.463237
      vertex 18.75 -27.05 16.5
    endloop
  endfacet
  facet normal 0 1 0
    outer loop
      vertex 18.75 -27.05 16.5
      vertex 34 -27.05 0.463237
      vertex 18.5 -27.05 16.5
    endloop
  endfacet
  facet normal 0 1 0
    outer loop
      vertex 18.5 -27.05 16.5
      vertex 34 -27.05 0.463237
      vertex 17 -27.05 16.5
    endloop
  endfacet
  facet normal 0 1 0
    outer loop
      vertex 17 -27.05 16.5
      vertex 34 -27.05 0.463237
      vertex 15 -27.05 16.5
    endloop
  endfacet
  facet normal 0 1 0
    outer loop
      vertex 15 -27.05 16.5
      vertex 34 -27.05 0.463237
      vertex 13.5 -27.05 16.5
    endloop
  endfacet
  facet normal 0 1 0
    outer loop
      vertex 13.5 -27.05 16.5
      vertex 34 -27.05 0.463237
      vertex 11.5 -27.05 16.5
    endloop
  endfacet
  facet normal -0 1 0
    outer loop
      vertex -1.12933 -27.05 12.4263
      vertex 11.5 -27.05 16.5
      vertex 34 -27.05 0.463237
    endloop
  endfacet
  facet normal 0 1 0
    outer loop
      vertex 11.5 -27.05 16.5
      vertex -1.12933 -27.05 12.4263
      vertex 10 -27.05 16.5
    endloop
  endfacet
  facet normal 0 1 0
    outer loop
      vertex 10 -27.05 16.5
      vertex -1.12933 -27.05 12.4263
      vertex 8 -27.05 16.5
    endloop
  endfacet
  facet normal -0 1 0
    outer loop
      vertex 0.288582 -27.05 13.7114
      vertex 8 -27.05 16.5
      vertex -1.12933 -27.05 12.4263
    endloop
  endfacet
  facet normal -0 1 0
    outer loop
      vertex 1.5737 -27.05 15.1293
      vertex 6.5 -27.05 16.5
      vertex 0.288582 -27.05 13.7114
    endloop
  endfacet
  facet normal 0 1 0
    outer loop
      vertex 4.5 -27.05 16.5
      vertex 1.5737 -27.05 15.1293
      vertex 3 -27.05 16.5
    endloop
  endfacet
  facet normal 0 1 0
    outer loop
      vertex 6.5 -27.05 16.5
      vertex 1.5737 -27.05 15.1293
      vertex 4.5 -27.05 16.5
    endloop
  endfacet
  facet normal 0 1 0
    outer loop
      vertex 8 -27.05 16.5
      vertex 0.288582 -27.05 13.7114
      vertex 6.5 -27.05 16.5
    endloop
  endfacet
  facet normal 0 1 0
    outer loop
      vertex -1.12933 -27.05 12.4263
      vertex 34 -27.05 0.463237
      vertex -2.66638 -27.05 11.2863
    endloop
  endfacet
  facet normal 0 1 0
    outer loop
      vertex -2.66638 -27.05 11.2863
      vertex 34 -27.05 0.463237
      vertex -4.30776 -27.05 10.3025
    endloop
  endfacet
  facet normal 0 1 0
    outer loop
      vertex -4.30776 -27.05 10.3025
      vertex 34 -27.05 0.463237
      vertex -6.03767 -27.05 9.48435
    endloop
  endfacet
  facet normal -0 1 0
    outer loop
      vertex -17.75 -27.05 2.75
      vertex -6.03767 -27.05 9.48435
      vertex 34 -27.05 0.463237
    endloop
  endfacet
  facet normal 0 1 0
    outer loop
      vertex -13.5 -27.05 8
      vertex -14.1043 -27.05 7.91178
      vertex -14.1 -27.05 8
    endloop
  endfacet
  facet normal 0 1 0
    outer loop
      vertex -14.3043 -27.05 7.42905
      vertex -13.5 -27.05 8
      vertex -11.5887 -27.05 8.0939
    endloop
  endfacet
  facet normal 0 1 0
    outer loop
      vertex -13.5 -27.05 8
      vertex -14.1173 -27.05 7.82442
      vertex -14.1043 -27.05 7.91178
    endloop
  endfacet
  facet normal 0 1 0
    outer loop
      vertex -13.5 -27.05 8
      vertex -14.1388 -27.05 7.73874
      vertex -14.1173 -27.05 7.82442
    endloop
  endfacet
  facet normal 0 1 0
    outer loop
      vertex -13.5 -27.05 8
      vertex -14.1685 -27.05 7.65558
      vertex -14.1388 -27.05 7.73874
    endloop
  endfacet
  facet normal 0 1 0
    outer loop
      vertex -17.75 -27.05 2.75
      vertex -11.5887 -27.05 8.0939
      vertex -9.69574 -27.05 8.37469
    endloop
  endfacet
  facet normal 0 1 0
    outer loop
      vertex -13.5 -27.05 8
      vertex -14.2063 -27.05 7.57574
      vertex -14.1685 -27.05 7.65558
    endloop
  endfacet
  facet normal 0 1 0
    outer loop
      vertex -13.5 -27.05 8
      vertex -14.2517 -27.05 7.49999
      vertex -14.2063 -27.05 7.57574
    endloop
  endfacet
  facet normal 0 1 0
    outer loop
      vertex -6.03767 -27.05 9.48435
      vertex -17.75 -27.05 2.75
      vertex -7.83945 -27.05 8.83966
    endloop
  endfacet
  facet normal 0 1 0
    outer loop
      vertex -7.83945 -27.05 8.83966
      vertex -17.75 -27.05 2.75
      vertex -9.69574 -27.05 8.37469
    endloop
  endfacet
  facet normal 0 1 0
    outer loop
      vertex -13.5 -27.05 8
      vertex -14.3043 -27.05 7.42905
      vertex -14.2517 -27.05 7.49999
    endloop
  endfacet
  facet normal 0 1 0
    outer loop
      vertex -11.5887 -27.05 8.0939
      vertex -14.3636 -27.05 7.3636
      vertex -14.3043 -27.05 7.42905
    endloop
  endfacet
  facet normal -0 1 0
    outer loop
      vertex -14.5757 -27.05 7.20627
      vertex -11.5887 -27.05 8.0939
      vertex -17.75 -27.05 2.75
    endloop
  endfacet
  facet normal 0 1 0
    outer loop
      vertex -11.5887 -27.05 8.0939
      vertex -14.429 -27.05 7.30429
      vertex -14.3636 -27.05 7.3636
    endloop
  endfacet
  facet normal 0 1 0
    outer loop
      vertex -11.5887 -27.05 8.0939
      vertex -14.5 -27.05 7.25168
      vertex -14.429 -27.05 7.30429
    endloop
  endfacet
  facet normal 0 1 0
    outer loop
      vertex -11.5887 -27.05 8.0939
      vertex -14.5757 -27.05 7.20627
      vertex -14.5 -27.05 7.25168
    endloop
  endfacet
  facet normal 0 1 0
    outer loop
      vertex -14.5757 -27.05 7.20627
      vertex -17.75 -27.05 2.75
      vertex -14.6556 -27.05 7.16851
    endloop
  endfacet
  facet normal 0 1 0
    outer loop
      vertex -14.9118 -27.05 7.10433
      vertex -17.75 -27.05 2.75
      vertex -15 -27.05 7.1
    endloop
  endfacet
  facet normal 0 1 0
    outer loop
      vertex -14.8244 -27.05 7.11729
      vertex -17.75 -27.05 2.75
      vertex -14.9118 -27.05 7.10433
    endloop
  endfacet
  facet normal 0 1 0
    outer loop
      vertex -14.6556 -27.05 7.16851
      vertex -17.75 -27.05 2.75
      vertex -14.7387 -27.05 7.13875
    endloop
  endfacet
  facet normal 0 1 0
    outer loop
      vertex -14.7387 -27.05 7.13875
      vertex -17.75 -27.05 2.75
      vertex -14.8244 -27.05 7.11729
    endloop
  endfacet
  facet normal 0 1 0
    outer loop
      vertex 32.5 -27.05 16.5
      vertex 34 -27.05 0.463237
      vertex 31 -27.05 16.5
    endloop
  endfacet
  facet normal 0 1 -0
    outer loop
      vertex 37 -27.05 1.60003
      vertex 36 -27.05 16.5
      vertex 37 -27.05 53.4
    endloop
  endfacet
  facet normal 0 1 0
    outer loop
      vertex -34.4078 -27.05 54.5201
      vertex -35.7044 -27.05 54.1946
      vertex -34.7973 -27.05 54.4731
    endloop
  endfacet
  facet normal -0 1 0
    outer loop
      vertex -34.8894 -27.05 54.4589
      vertex -34.7973 -27.05 54.4731
      vertex -35.7044 -27.05 54.1946
    endloop
  endfacet
  facet normal 0 1 0
    outer loop
      vertex -34.7973 -27.05 54.4731
      vertex -34.8894 -27.05 54.4589
      vertex -34.8491 -27.05 54.4668
    endloop
  endfacet
  facet normal -0 1 0
    outer loop
      vertex -35.3698 -27.05 54.3371
      vertex -34.8894 -27.05 54.4589
      vertex -35.7044 -27.05 54.1946
    endloop
  endfacet
  facet normal 0 1 0
    outer loop
      vertex -34.8894 -27.05 54.4589
      vertex -35.3698 -27.05 54.3371
      vertex -35.1406 -27.05 54.4096
    endloop
  endfacet
  facet normal 0 1 0
    outer loop
      vertex -36.05 -27.05 54.0474
      vertex -36.6657 -27.05 53.6596
      vertex -36.4012 -27.05 53.8651
    endloop
  endfacet
  facet normal 0 1 0
    outer loop
      vertex -34.0931 -27.05 54.533
      vertex -36.6657 -27.05 53.6596
      vertex -35.7044 -27.05 54.1946
    endloop
  endfacet
  facet normal 0 1 0
    outer loop
      vertex -35.7044 -27.05 54.1946
      vertex -36.6657 -27.05 53.6596
      vertex -36.05 -27.05 54.0474
    endloop
  endfacet
  facet normal 0 1 -0
    outer loop
      vertex -28.5737 -27.05 39.8707
      vertex -37 -27.05 53.4
      vertex -27.2886 -27.05 41.2886
    endloop
  endfacet
  facet normal 0 1 -0
    outer loop
      vertex -29.7137 -27.05 38.3336
      vertex -37 -27.05 53.4
      vertex -28.5737 -27.05 39.8707
    endloop
  endfacet
  facet normal 0 1 -0
    outer loop
      vertex -30.6975 -27.05 36.6922
      vertex -37 -27.05 53.4
      vertex -29.7137 -27.05 38.3336
    endloop
  endfacet
  facet normal 0 1 -0
    outer loop
      vertex -31.5157 -27.05 34.9623
      vertex -37 -27.05 53.4
      vertex -30.6975 -27.05 36.6922
    endloop
  endfacet
  facet normal 0 1 -0
    outer loop
      vertex -32.1603 -27.05 33.1606
      vertex -37 -27.05 53.4
      vertex -31.5157 -27.05 34.9623
    endloop
  endfacet
  facet normal 0 1 -0
    outer loop
      vertex -32.6253 -27.05 31.3043
      vertex -37 -27.05 53.4
      vertex -32.1603 -27.05 33.1606
    endloop
  endfacet
  facet normal 0 1 -0
    outer loop
      vertex -32.9061 -27.05 29.4113
      vertex -37 -27.05 53.4
      vertex -32.6253 -27.05 31.3043
    endloop
  endfacet
  facet normal 0 1 -0
    outer loop
      vertex -33 -27.05 27.5
      vertex -37 -27.05 53.4
      vertex -32.9061 -27.05 29.4113
    endloop
  endfacet
  facet normal 0 1 0
    outer loop
      vertex -37 -27.05 1.60003
      vertex -33 -27.05 27.5
      vertex -32.9061 -27.05 25.5887
    endloop
  endfacet
  facet normal 0 1 -0
    outer loop
      vertex -15.8957 -27.05 8.08821
      vertex -17.3043 -27.05 8.37469
      vertex -15.8844 -27.05 8.16407
    endloop
  endfacet
  facet normal 0 1 -0
    outer loop
      vertex -15.9 -27.05 8
      vertex -17.3043 -27.05 8.37469
      vertex -15.8957 -27.05 8.08821
    endloop
  endfacet
  facet normal 0 1 0
    outer loop
      vertex -15.8957 -27.05 7.91178
      vertex -17.3043 -27.05 8.37469
      vertex -15.9 -27.05 8
    endloop
  endfacet
  facet normal 0 1 0
    outer loop
      vertex -15.8827 -27.05 7.82442
      vertex -17.3043 -27.05 8.37469
      vertex -15.8957 -27.05 7.91178
    endloop
  endfacet
  facet normal 0 1 0
    outer loop
      vertex -15.8612 -27.05 7.73874
      vertex -17.3043 -27.05 8.37469
      vertex -15.8827 -27.05 7.82442
    endloop
  endfacet
  facet normal 0 1 0
    outer loop
      vertex -17.3043 -27.05 8.37469
      vertex -15.8612 -27.05 7.73874
      vertex -17.75 -27.05 7.25
    endloop
  endfacet
  facet normal 0 1 0
    outer loop
      vertex -17.75 -27.05 7.25
      vertex -15.8612 -27.05 7.73874
      vertex -15.8315 -27.05 7.65558
    endloop
  endfacet
  facet normal 0 1 0
    outer loop
      vertex -17.75 -27.05 7.25
      vertex -15.8315 -27.05 7.65558
      vertex -15.7937 -27.05 7.57574
    endloop
  endfacet
  facet normal 0 1 0
    outer loop
      vertex -17.3043 -27.05 8.37469
      vertex -17.75 -27.05 7.25
      vertex -19.1606 -27.05 8.83966
    endloop
  endfacet
  facet normal 0 1 0
    outer loop
      vertex -17.75 -27.05 7.25
      vertex -15.7937 -27.05 7.57574
      vertex -15.7483 -27.05 7.49999
    endloop
  endfacet
  facet normal 0 1 0
    outer loop
      vertex -17.75 -27.05 7.25
      vertex -15.7483 -27.05 7.49999
      vertex -15.6957 -27.05 7.42905
    endloop
  endfacet
  facet normal 0 1 0
    outer loop
      vertex -17.75 -27.05 7.25
      vertex -15.6957 -27.05 7.42905
      vertex -15.6364 -27.05 7.3636
    endloop
  endfacet
  facet normal 0 1 0
    outer loop
      vertex -17.75 -27.05 7.25
      vertex -15.6364 -27.05 7.3636
      vertex -15.571 -27.05 7.30429
    endloop
  endfacet
  facet normal 0 1 0
    outer loop
      vertex -17.75 -27.05 7.25
      vertex -15.571 -27.05 7.30429
      vertex -15.5 -27.05 7.25168
    endloop
  endfacet
  facet normal 0 1 0
    outer loop
      vertex -19.1606 -27.05 8.83966
      vertex -17.75 -27.05 7.25
      vertex -20.9623 -27.05 9.48435
    endloop
  endfacet
  facet normal 0 1 0
    outer loop
      vertex -27.25 -27.05 7.25
      vertex -20.9623 -27.05 9.48435
      vertex -17.75 -27.05 7.25
    endloop
  endfacet
  facet normal 0 1 0
    outer loop
      vertex -20.9623 -27.05 9.48435
      vertex -27.25 -27.05 7.25
      vertex -22.6922 -27.05 10.3025
    endloop
  endfacet
  facet normal 0 1 0
    outer loop
      vertex -22.6922 -27.05 10.3025
      vertex -27.25 -27.05 7.25
      vertex -24.3336 -27.05 11.2863
    endloop
  endfacet
  facet normal 0 1 0
    outer loop
      vertex -27.25 -27.05 7.25
      vertex -25.8707 -27.05 12.4263
      vertex -24.3336 -27.05 11.2863
    endloop
  endfacet
  facet normal 0 1 -0
    outer loop
      vertex -27.25 -27.05 7.25
      vertex -27.2886 -27.05 13.7114
      vertex -25.8707 -27.05 12.4263
    endloop
  endfacet
  facet normal 0 1 0
    outer loop
      vertex -27.25 -27.05 7.25
      vertex -28.5737 -27.05 15.1293
      vertex -27.2886 -27.05 13.7114
    endloop
  endfacet
  facet normal 0 1 0
    outer loop
      vertex -37 -27.05 1.60003
      vertex -28.5737 -27.05 15.1293
      vertex -27.25 -27.05 7.25
    endloop
  endfacet
  facet normal 0 1 0
    outer loop
      vertex -28.5737 -27.05 15.1293
      vertex -37 -27.05 1.60003
      vertex -29.7137 -27.05 16.6664
    endloop
  endfacet
  facet normal 0 1 0
    outer loop
      vertex -29.7137 -27.05 16.6664
      vertex -37 -27.05 1.60003
      vertex -30.6975 -27.05 18.3078
    endloop
  endfacet
  facet normal 0 1 0
    outer loop
      vertex -30.6975 -27.05 18.3078
      vertex -37 -27.05 1.60003
      vertex -31.5157 -27.05 20.0377
    endloop
  endfacet
  facet normal 0 1 0
    outer loop
      vertex -34 -27.05 0.463237
      vertex -27.25 -27.05 7.25
      vertex -27.25 -27.05 2.75
    endloop
  endfacet
  facet normal 0 1 0
    outer loop
      vertex -33 -27.05 27.5
      vertex -37 -27.05 1.60003
      vertex -37 -27.05 53.4
    endloop
  endfacet
  facet normal 0 1 0
    outer loop
      vertex -32.6253 -27.05 23.6957
      vertex -37 -27.05 1.60003
      vertex -32.9061 -27.05 25.5887
    endloop
  endfacet
  facet normal 0 1 0
    outer loop
      vertex -32.1603 -27.05 21.8394
      vertex -37 -27.05 1.60003
      vertex -32.6253 -27.05 23.6957
    endloop
  endfacet
  facet normal 0 1 0
    outer loop
      vertex -31.5157 -27.05 20.0377
      vertex -37 -27.05 1.60003
      vertex -32.1603 -27.05 21.8394
    endloop
  endfacet
  facet normal 0 1 0
    outer loop
      vertex -34 -27.05 0.463237
      vertex -17.75 -27.05 2.75
      vertex 34 -27.05 0.463237
    endloop
  endfacet
  facet normal 0 1 0
    outer loop
      vertex 34.0931 -27.05 0.467036
      vertex 37 -27.05 1.60003
      vertex 36.6657 -27.05 1.34039
    endloop
  endfacet
  facet normal 0 1 0
    outer loop
      vertex -17.75 -27.05 2.75
      vertex -34 -27.05 0.463237
      vertex -27.25 -27.05 2.75
    endloop
  endfacet
  facet normal 0 1 0
    outer loop
      vertex 36.05 -27.05 0.95265
      vertex 36.6657 -27.05 1.34039
      vertex 36.4012 -27.05 1.13495
    endloop
  endfacet
  facet normal 0 1 0
    outer loop
      vertex -27.25 -27.05 7.25
      vertex -34 -27.05 0.463237
      vertex -37 -27.05 1.60003
    endloop
  endfacet
  facet normal 0 1 0
    outer loop
      vertex 35.7044 -27.05 0.805444
      vertex 36.6657 -27.05 1.34039
      vertex 36.05 -27.05 0.95265
    endloop
  endfacet
  facet normal -0 1 -0
    outer loop
      vertex -34.0931 -27.05 0.467036
      vertex -37 -27.05 1.60003
      vertex -34 -27.05 0.463237
    endloop
  endfacet
  facet normal 0 1 0
    outer loop
      vertex 34.0931 -27.05 0.467036
      vertex 36.6657 -27.05 1.34039
      vertex 35.7044 -27.05 0.805444
    endloop
  endfacet
  facet normal 0 1 0
    outer loop
      vertex -37 -27.05 1.60003
      vertex -34.0931 -27.05 0.467036
      vertex -36.6657 -27.05 1.34039
    endloop
  endfacet
  facet normal 0 1 0
    outer loop
      vertex 34.7973 -27.05 0.526935
      vertex 35.7044 -27.05 0.805444
      vertex 35.3698 -27.05 0.662912
    endloop
  endfacet
  facet normal 0 1 0
    outer loop
      vertex -36.6657 -27.05 1.34039
      vertex -36.05 -27.05 0.95265
      vertex -36.4012 -27.05 1.13495
    endloop
  endfacet
  facet normal 0 1 0
    outer loop
      vertex 34.8894 -27.05 0.541102
      vertex 35.3698 -27.05 0.662912
      vertex 35.1406 -27.05 0.590394
    endloop
  endfacet
  facet normal 0 1 0
    outer loop
      vertex -36.6657 -27.05 1.34039
      vertex -35.7044 -27.05 0.805444
      vertex -36.05 -27.05 0.95265
    endloop
  endfacet
  facet normal 0 1 0
    outer loop
      vertex 34.7973 -27.05 0.526935
      vertex 35.3698 -27.05 0.662912
      vertex 34.8894 -27.05 0.541102
    endloop
  endfacet
  facet normal 0 1 0
    outer loop
      vertex -36.6657 -27.05 1.34039
      vertex -34.0931 -27.05 0.467036
      vertex -35.7044 -27.05 0.805444
    endloop
  endfacet
  facet normal 0 1 0
    outer loop
      vertex 34.7973 -27.05 0.526935
      vertex 34.8894 -27.05 0.541102
      vertex 34.8491 -27.05 0.533199
    endloop
  endfacet
  facet normal -0 1 -0
    outer loop
      vertex -34.4078 -27.05 0.479873
      vertex -35.7044 -27.05 0.805444
      vertex -34.0931 -27.05 0.467036
    endloop
  endfacet
  facet normal 0 1 0
    outer loop
      vertex 34.4078 -27.05 0.479873
      vertex 35.7044 -27.05 0.805444
      vertex 34.7973 -27.05 0.526935
    endloop
  endfacet
  facet normal 0 1 0
    outer loop
      vertex -35.7044 -27.05 0.805444
      vertex -34.7973 -27.05 0.526935
      vertex -35.3698 -27.05 0.662912
    endloop
  endfacet
  facet normal 0 1 0
    outer loop
      vertex 35.7044 -27.05 0.805444
      vertex 34.4078 -27.05 0.479873
      vertex 34.0931 -27.05 0.467036
    endloop
  endfacet
  facet normal 0 1 0
    outer loop
      vertex 37 -27.05 1.60003
      vertex 34.0931 -27.05 0.467036
      vertex 34 -27.05 0.463237
    endloop
  endfacet
  facet normal 0 1 0
    outer loop
      vertex -35.3698 -27.05 0.662912
      vertex -34.8894 -27.05 0.541102
      vertex -35.1406 -27.05 0.590394
    endloop
  endfacet
  facet normal 0 1 0
    outer loop
      vertex -35.7044 -27.05 0.805444
      vertex -34.4078 -27.05 0.479873
      vertex -34.7973 -27.05 0.526935
    endloop
  endfacet
  facet normal 0 1 0
    outer loop
      vertex -34.8894 -27.05 0.541102
      vertex -34.7973 -27.05 0.526935
      vertex -34.8491 -27.05 0.533199
    endloop
  endfacet
  facet normal 0 1 0
    outer loop
      vertex -35.3698 -27.05 0.662912
      vertex -34.7973 -27.05 0.526935
      vertex -34.8894 -27.05 0.541102
    endloop
  endfacet
  facet normal 0 1 0
    outer loop
      vertex 32.5 -27.05 38.5
      vertex 37 -27.05 53.4
      vertex 34.5 -27.05 38.5
    endloop
  endfacet
  facet normal 0 1 0
    outer loop
      vertex 34 -27.05 54.5368
      vertex 32.5 -27.05 38.5
      vertex 31 -27.05 38.5
    endloop
  endfacet
  facet normal 0 1 0
    outer loop
      vertex 34 -27.05 54.5368
      vertex 31 -27.05 38.5
      vertex 29 -27.05 38.5
    endloop
  endfacet
  facet normal 0 1 0
    outer loop
      vertex 34 -27.05 54.5368
      vertex 29 -27.05 38.5
      vertex 27.5 -27.05 38.5
    endloop
  endfacet
  facet normal 0 1 0
    outer loop
      vertex 34 -27.05 54.5368
      vertex 27.5 -27.05 38.5
      vertex 25.5 -27.05 38.5
    endloop
  endfacet
  facet normal 0 1 0
    outer loop
      vertex 34 -27.05 54.5368
      vertex 25.5 -27.05 38.5
      vertex 24 -27.05 38.5
    endloop
  endfacet
  facet normal 0 1 0
    outer loop
      vertex 34 -27.05 54.5368
      vertex 24 -27.05 38.5
      vertex 22 -27.05 38.5
    endloop
  endfacet
  facet normal 0 1 0
    outer loop
      vertex 34 -27.05 54.5368
      vertex 22 -27.05 38.5
      vertex 20.5 -27.05 38.5
    endloop
  endfacet
  facet normal 0 1 0
    outer loop
      vertex 34 -27.05 54.5368
      vertex 20.5 -27.05 38.5
      vertex 20.25 -27.05 38.5
    endloop
  endfacet
  facet normal 0 1 0
    outer loop
      vertex 34 -27.05 54.5368
      vertex 20.25 -27.05 38.5
      vertex 18.75 -27.05 38.5
    endloop
  endfacet
  facet normal 0 1 0
    outer loop
      vertex 34 -27.05 54.5368
      vertex 18.75 -27.05 38.5
      vertex 18.5 -27.05 38.5
    endloop
  endfacet
  facet normal 0 1 0
    outer loop
      vertex 34 -27.05 54.5368
      vertex 18.5 -27.05 38.5
      vertex 17 -27.05 38.5
    endloop
  endfacet
  facet normal 0 1 0
    outer loop
      vertex 34 -27.05 54.5368
      vertex 17 -27.05 38.5
      vertex 15 -27.05 38.5
    endloop
  endfacet
  facet normal 0 1 0
    outer loop
      vertex 34 -27.05 54.5368
      vertex 15 -27.05 38.5
      vertex 13.5 -27.05 38.5
    endloop
  endfacet
  facet normal 0 1 0
    outer loop
      vertex -2.66638 -27.05 43.7137
      vertex 11.5 -27.05 38.5
      vertex -1.12933 -27.05 42.5737
    endloop
  endfacet
  facet normal 0 1 -0
    outer loop
      vertex 8 -27.05 38.5
      vertex -1.12933 -27.05 42.5737
      vertex 10 -27.05 38.5
    endloop
  endfacet
  facet normal 0 1 0
    outer loop
      vertex -1.12933 -27.05 42.5737
      vertex 8 -27.05 38.5
      vertex 0.288582 -27.05 41.2886
    endloop
  endfacet
  facet normal 0 1 -0
    outer loop
      vertex 6.5 -27.05 38.5
      vertex 0.288582 -27.05 41.2886
      vertex 8 -27.05 38.5
    endloop
  endfacet
  facet normal 0 1 0
    outer loop
      vertex 0.288582 -27.05 41.2886
      vertex 6.5 -27.05 38.5
      vertex 1.5737 -27.05 39.8707
    endloop
  endfacet
  facet normal 0 1 -0
    outer loop
      vertex 4.5 -27.05 38.5
      vertex 1.5737 -27.05 39.8707
      vertex 6.5 -27.05 38.5
    endloop
  endfacet
  facet normal 0 1 -0
    outer loop
      vertex 3 -27.05 38.5
      vertex 1.5737 -27.05 39.8707
      vertex 4.5 -27.05 38.5
    endloop
  endfacet
  facet normal 0 1 0
    outer loop
      vertex 3 -27.05 38.5
      vertex 2.71366 -27.05 38.3336
      vertex 1.5737 -27.05 39.8707
    endloop
  endfacet
  facet normal -0 1 0
    outer loop
      vertex 2.71366 -27.05 38.3336
      vertex 3 -27.05 38.5
      vertex 3 -27.05 37.8559
    endloop
  endfacet
  facet normal 0 1 -0
    outer loop
      vertex 3 -27.05 16.5
      vertex 2.71366 -27.05 16.6664
      vertex 3 -27.05 17.1441
    endloop
  endfacet
  facet normal 0 1 0
    outer loop
      vertex 2.71366 -27.05 16.6664
      vertex 3 -27.05 16.5
      vertex 1.5737 -27.05 15.1293
    endloop
  endfacet
  facet normal 0 1 0
    outer loop
      vertex -14.1015 -27.05 8.02955
      vertex -13.5 -27.05 8
      vertex -14.1 -27.05 8
    endloop
  endfacet
  facet normal -0.989177 0 -0.146725
    outer loop
      vertex 5.9061 -29.9759 29.4113
      vertex 5.62531 -27.05 31.3043
      vertex 5.9061 -27.05 29.4113
    endloop
  endfacet
  facet normal -0.989177 -0 -0.146725
    outer loop
      vertex 5.62531 -27.05 31.3043
      vertex 5.9061 -29.9759 29.4113
      vertex 5.62531 -29.9759 31.3043
    endloop
  endfacet
  facet normal -0.998795 0 -0.0490697
    outer loop
      vertex 6 -29.9759 27.5
      vertex 5.9061 -27.05 29.4113
      vertex 6 -27.05 27.5
    endloop
  endfacet
  facet normal -0.998795 -0 -0.0490697
    outer loop
      vertex 5.9061 -27.05 29.4113
      vertex 6 -29.9759 27.5
      vertex 5.9061 -29.9759 29.4113
    endloop
  endfacet
  facet normal -0.970032 0 -0.242976
    outer loop
      vertex 5.62531 -29.9759 31.3043
      vertex 5.16034 -27.05 33.1606
      vertex 5.62531 -27.05 31.3043
    endloop
  endfacet
  facet normal -0.970032 -0 -0.242976
    outer loop
      vertex 5.16034 -27.05 33.1606
      vertex 5.62531 -29.9759 31.3043
      vertex 5.16034 -29.9759 33.1606
    endloop
  endfacet
  facet normal 0.242976 9.06082e-18 0.970032
    outer loop
      vertex -19.1606 -27.05 8.83966
      vertex -17.3043 -29.9759 8.37469
      vertex -17.3043 -27.05 8.37469
    endloop
  endfacet
  facet normal 0.242976 9.06082e-18 0.970032
    outer loop
      vertex -17.3043 -29.9759 8.37469
      vertex -19.1606 -27.05 8.83966
      vertex -19.1606 -29.9759 8.83966
    endloop
  endfacet
  facet normal -0.941539 0 -0.336904
    outer loop
      vertex 5.16034 -29.9759 33.1606
      vertex 4.51565 -27.05 34.9623
      vertex 5.16034 -27.05 33.1606
    endloop
  endfacet
  facet normal -0.941539 -0 -0.336904
    outer loop
      vertex 4.51565 -27.05 34.9623
      vertex 5.16034 -29.9759 33.1606
      vertex 4.51565 -29.9759 34.9623
    endloop
  endfacet
  facet normal -0.336849 1.69776e-17 -0.941559
    outer loop
      vertex -7.83945 -29.9759 46.1603
      vertex -6.03767 -27.05 45.5157
      vertex -6.03767 -29.9759 45.5157
    endloop
  endfacet
  facet normal -0.336849 1.69776e-17 -0.941559
    outer loop
      vertex -6.03767 -27.05 45.5157
      vertex -7.83945 -29.9759 46.1603
      vertex -7.83945 -27.05 46.1603
    endloop
  endfacet
  facet normal 0.998795 -0 0.0490697
    outer loop
      vertex -33 -29.9759 27.5
      vertex -32.9061 -27.05 25.5887
      vertex -33 -27.05 27.5
    endloop
  endfacet
  facet normal 0.998795 0 0.0490697
    outer loop
      vertex -32.9061 -27.05 25.5887
      vertex -33 -29.9759 27.5
      vertex -32.9061 -29.9759 25.5887
    endloop
  endfacet
  facet normal 0.514096 -8.57471e-18 -0.857733
    outer loop
      vertex -24.3336 -29.9759 43.7137
      vertex -22.6922 -27.05 44.6975
      vertex -22.6922 -29.9759 44.6975
    endloop
  endfacet
  facet normal 0.514096 -8.57471e-18 -0.857733
    outer loop
      vertex -22.6922 -27.05 44.6975
      vertex -24.3336 -29.9759 43.7137
      vertex -24.3336 -27.05 43.7137
    endloop
  endfacet
  facet normal -0.336891 1.95124e-17 0.941544
    outer loop
      vertex -7.83945 -27.05 8.83966
      vertex -6.03767 -29.9759 9.48435
      vertex -6.03767 -27.05 9.48435
    endloop
  endfacet
  facet normal -0.336891 1.95124e-17 0.941544
    outer loop
      vertex -6.03767 -29.9759 9.48435
      vertex -7.83945 -27.05 8.83966
      vertex -7.83945 -29.9759 8.83966
    endloop
  endfacet
  facet normal 0.803205 -0 0.595702
    outer loop
      vertex -29.7137 -29.9759 16.6664
      vertex -28.5737 -27.05 15.1293
      vertex -29.7137 -27.05 16.6664
    endloop
  endfacet
  facet normal 0.803205 0 0.595702
    outer loop
      vertex -28.5737 -27.05 15.1293
      vertex -29.7137 -29.9759 16.6664
      vertex -28.5737 -29.9759 15.1293
    endloop
  endfacet
  facet normal 0.903986 -0 0.427563
    outer loop
      vertex -31.5157 -29.9759 20.0377
      vertex -30.6975 -27.05 18.3078
      vertex -31.5157 -27.05 20.0377
    endloop
  endfacet
  facet normal 0.903986 0 0.427563
    outer loop
      vertex -30.6975 -27.05 18.3078
      vertex -31.5157 -29.9759 20.0377
      vertex -30.6975 -29.9759 18.3078
    endloop
  endfacet
  facet normal 0.242991 4.47201e-18 -0.970029
    outer loop
      vertex -19.1606 -29.9759 46.1603
      vertex -17.3043 -27.05 46.6253
      vertex -17.3043 -29.9759 46.6253
    endloop
  endfacet
  facet normal 0.242991 4.47201e-18 -0.970029
    outer loop
      vertex -17.3043 -27.05 46.6253
      vertex -19.1606 -29.9759 46.1603
      vertex -19.1606 -27.05 46.1603
    endloop
  endfacet
  facet normal 0.857733 -0 0.514096
    outer loop
      vertex -30.6975 -29.9759 18.3078
      vertex -29.7137 -27.05 16.6664
      vertex -30.6975 -27.05 18.3078
    endloop
  endfacet
  facet normal 0.857733 0 0.514096
    outer loop
      vertex -29.7137 -27.05 16.6664
      vertex -30.6975 -29.9759 18.3078
      vertex -29.7137 -29.9759 16.6664
    endloop
  endfacet
  facet normal 0.671556 4.82348e-18 -0.740954
    outer loop
      vertex -27.2886 -29.9759 41.2886
      vertex -25.8707 -27.05 42.5737
      vertex -25.8707 -29.9759 42.5737
    endloop
  endfacet
  facet normal 0.671556 4.82348e-18 -0.740954
    outer loop
      vertex -25.8707 -27.05 42.5737
      vertex -27.2886 -29.9759 41.2886
      vertex -27.2886 -27.05 41.2886
    endloop
  endfacet
  facet normal 0.989177 -0 0.14673
    outer loop
      vertex -32.9061 -29.9759 25.5887
      vertex -32.6253 -27.05 23.6957
      vertex -32.9061 -27.05 25.5887
    endloop
  endfacet
  facet normal 0.989177 0 0.14673
    outer loop
      vertex -32.6253 -27.05 23.6957
      vertex -32.9061 -29.9759 25.5887
      vertex -32.6253 -29.9759 23.6957
    endloop
  endfacet
  facet normal 0.941554 -0 0.336863
    outer loop
      vertex -32.1603 -29.9759 21.8394
      vertex -31.5157 -27.05 20.0377
      vertex -32.1603 -27.05 21.8394
    endloop
  endfacet
  facet normal 0.941554 0 0.336863
    outer loop
      vertex -31.5157 -27.05 20.0377
      vertex -32.1603 -29.9759 21.8394
      vertex -31.5157 -29.9759 20.0377
    endloop
  endfacet
  facet normal -0.803215 0 0.595689
    outer loop
      vertex 1.5737 -29.9759 15.1293
      vertex 2.71366 -27.05 16.6664
      vertex 1.5737 -27.05 15.1293
    endloop
  endfacet
  facet normal -0.803215 0 0.595689
    outer loop
      vertex 2.71366 -27.05 16.6664
      vertex 1.5737 -29.9759 15.1293
      vertex 2.71366 -29.9759 16.6664
    endloop
  endfacet
  facet normal -0.146733 -1.40973e-18 -0.989176
    outer loop
      vertex -11.5887 -29.9759 46.9061
      vertex -9.69574 -27.05 46.6253
      vertex -9.69574 -29.9759 46.6253
    endloop
  endfacet
  facet normal -0.146733 -1.40973e-18 -0.989176
    outer loop
      vertex -9.69574 -27.05 46.6253
      vertex -11.5887 -29.9759 46.9061
      vertex -11.5887 -27.05 46.9061
    endloop
  endfacet
  facet normal -0.242977 -9.54646e-18 0.970032
    outer loop
      vertex -9.69574 -27.05 8.37469
      vertex -7.83945 -29.9759 8.83966
      vertex -7.83945 -27.05 8.83966
    endloop
  endfacet
  facet normal -0.242977 -9.54646e-18 0.970032
    outer loop
      vertex -7.83945 -29.9759 8.83966
      vertex -9.69574 -27.05 8.37469
      vertex -9.69574 -29.9759 8.37469
    endloop
  endfacet
  facet normal -0.989177 0 0.146725
    outer loop
      vertex 5.62531 -29.9759 23.6957
      vertex 5.9061 -27.05 25.5887
      vertex 5.62531 -27.05 23.6957
    endloop
  endfacet
  facet normal -0.989177 0 0.146725
    outer loop
      vertex 5.9061 -27.05 25.5887
      vertex 5.62531 -29.9759 23.6957
      vertex 5.9061 -29.9759 25.5887
    endloop
  endfacet
  facet normal -0.857715 0 0.514126
    outer loop
      vertex 2.71366 -29.9759 16.6664
      vertex 3 -27.05 17.1441
      vertex 2.71366 -27.05 16.6664
    endloop
  endfacet
  facet normal -0.857715 0 0.514126
    outer loop
      vertex 3 -27.05 17.1441
      vertex 2.71366 -29.9759 16.6664
      vertex 3 -29.9759 17.1441
    endloop
  endfacet
  facet normal -0.514101 -1.90459e-17 0.85773
    outer loop
      vertex -4.30776 -27.05 10.3025
      vertex -2.66638 -29.9759 11.2863
      vertex -2.66638 -27.05 11.2863
    endloop
  endfacet
  facet normal -0.514101 -1.90459e-17 0.85773
    outer loop
      vertex -2.66638 -29.9759 11.2863
      vertex -4.30776 -27.05 10.3025
      vertex -4.30776 -29.9759 10.3025
    endloop
  endfacet
  facet normal 0.336904 3.68214e-19 0.941539
    outer loop
      vertex -20.9623 -27.05 9.48435
      vertex -19.1606 -29.9759 8.83966
      vertex -19.1606 -27.05 8.83966
    endloop
  endfacet
  facet normal 0.336904 3.68214e-19 0.941539
    outer loop
      vertex -19.1606 -29.9759 8.83966
      vertex -20.9623 -27.05 9.48435
      vertex -20.9623 -29.9759 9.48435
    endloop
  endfacet
  facet normal -0.427561 1.88637e-17 -0.903987
    outer loop
      vertex -6.03767 -29.9759 45.5157
      vertex -4.30776 -27.05 44.6975
      vertex -4.30776 -29.9759 44.6975
    endloop
  endfacet
  facet normal -0.427561 1.88637e-17 -0.903987
    outer loop
      vertex -4.30776 -27.05 44.6975
      vertex -6.03767 -29.9759 45.5157
      vertex -6.03767 -27.05 45.5157
    endloop
  endfacet
  facet normal -0.671553 1.09207e-17 -0.740956
    outer loop
      vertex -1.12933 -29.9759 42.5737
      vertex 0.288582 -27.05 41.2886
      vertex 0.288582 -29.9759 41.2886
    endloop
  endfacet
  facet normal -0.671553 1.09207e-17 -0.740956
    outer loop
      vertex 0.288582 -27.05 41.2886
      vertex -1.12933 -29.9759 42.5737
      vertex -1.12933 -27.05 42.5737
    endloop
  endfacet
  facet normal 0.427563 -8.97335e-18 -0.903986
    outer loop
      vertex -22.6922 -29.9759 44.6975
      vertex -20.9623 -27.05 45.5157
      vertex -20.9623 -29.9759 45.5157
    endloop
  endfacet
  facet normal 0.427563 -8.97335e-18 -0.903986
    outer loop
      vertex -20.9623 -27.05 45.5157
      vertex -22.6922 -29.9759 44.6975
      vertex -22.6922 -27.05 44.6975
    endloop
  endfacet
  facet normal 0.595702 -1.20959e-17 -0.803205
    outer loop
      vertex -25.8707 -29.9759 42.5737
      vertex -24.3336 -27.05 43.7137
      vertex -24.3336 -29.9759 43.7137
    endloop
  endfacet
  facet normal 0.595702 -1.20959e-17 -0.803205
    outer loop
      vertex -24.3336 -27.05 43.7137
      vertex -25.8707 -29.9759 42.5737
      vertex -25.8707 -27.05 42.5737
    endloop
  endfacet
  facet normal -0.803215 0 -0.595689
    outer loop
      vertex 2.71366 -29.9759 38.3336
      vertex 1.5737 -27.05 39.8707
      vertex 2.71366 -27.05 38.3336
    endloop
  endfacet
  facet normal -0.803215 -0 -0.595689
    outer loop
      vertex 1.5737 -27.05 39.8707
      vertex 2.71366 -29.9759 38.3336
      vertex 1.5737 -29.9759 39.8707
    endloop
  endfacet
  facet normal 0.857733 0 -0.514096
    outer loop
      vertex -29.7137 -29.9759 38.3336
      vertex -30.6975 -27.05 36.6922
      vertex -29.7137 -27.05 38.3336
    endloop
  endfacet
  facet normal 0.857733 0 -0.514096
    outer loop
      vertex -30.6975 -27.05 36.6922
      vertex -29.7137 -29.9759 38.3336
      vertex -30.6975 -29.9759 36.6922
    endloop
  endfacet
  facet normal -0.857715 0 -0.514126
    outer loop
      vertex 3 -29.9759 37.8559
      vertex 2.71366 -27.05 38.3336
      vertex 3 -27.05 37.8559
    endloop
  endfacet
  facet normal -0.857715 -0 -0.514126
    outer loop
      vertex 2.71366 -27.05 38.3336
      vertex 3 -29.9759 37.8559
      vertex 2.71366 -29.9759 38.3336
    endloop
  endfacet
  facet normal 0.595702 -1.57899e-17 0.803205
    outer loop
      vertex -25.8707 -27.05 12.4263
      vertex -24.3336 -29.9759 11.2863
      vertex -24.3336 -27.05 11.2863
    endloop
  endfacet
  facet normal 0.595702 -1.57899e-17 0.803205
    outer loop
      vertex -24.3336 -29.9759 11.2863
      vertex -25.8707 -27.05 12.4263
      vertex -25.8707 -29.9759 12.4263
    endloop
  endfacet
  facet normal 0.803205 0 -0.595702
    outer loop
      vertex -28.5737 -29.9759 39.8707
      vertex -29.7137 -27.05 38.3336
      vertex -28.5737 -27.05 39.8707
    endloop
  endfacet
  facet normal 0.803205 0 -0.595702
    outer loop
      vertex -29.7137 -27.05 38.3336
      vertex -28.5737 -29.9759 39.8707
      vertex -29.7137 -29.9759 38.3336
    endloop
  endfacet
  facet normal 0.514096 -7.03422e-18 0.857733
    outer loop
      vertex -24.3336 -27.05 11.2863
      vertex -22.6922 -29.9759 10.3025
      vertex -22.6922 -27.05 10.3025
    endloop
  endfacet
  facet normal 0.514096 -7.03422e-18 0.857733
    outer loop
      vertex -22.6922 -29.9759 10.3025
      vertex -24.3336 -27.05 11.2863
      vertex -24.3336 -29.9759 11.2863
    endloop
  endfacet
  facet normal -0.514101 -5.02126e-18 -0.85773
    outer loop
      vertex -4.30776 -29.9759 44.6975
      vertex -2.66638 -27.05 43.7137
      vertex -2.66638 -29.9759 43.7137
    endloop
  endfacet
  facet normal -0.514101 -5.02126e-18 -0.85773
    outer loop
      vertex -2.66638 -27.05 43.7137
      vertex -4.30776 -29.9759 44.6975
      vertex -4.30776 -27.05 44.6975
    endloop
  endfacet
  facet normal -0.595715 -5.8882e-19 -0.803196
    outer loop
      vertex -2.66638 -29.9759 43.7137
      vertex -1.12933 -27.05 42.5737
      vertex -1.12933 -29.9759 42.5737
    endloop
  endfacet
  facet normal -0.595715 -5.8882e-19 -0.803196
    outer loop
      vertex -1.12933 -27.05 42.5737
      vertex -2.66638 -29.9759 43.7137
      vertex -2.66638 -27.05 43.7137
    endloop
  endfacet
  facet normal -0.146728 -3.77142e-19 0.989177
    outer loop
      vertex -11.5887 -27.05 8.0939
      vertex -9.69574 -29.9759 8.37469
      vertex -9.69574 -27.05 8.37469
    endloop
  endfacet
  facet normal -0.146728 -3.77142e-19 0.989177
    outer loop
      vertex -9.69574 -29.9759 8.37469
      vertex -11.5887 -27.05 8.0939
      vertex -11.5887 -29.9759 8.0939
    endloop
  endfacet
  facet normal -0.970032 0 0.242976
    outer loop
      vertex 5.16034 -29.9759 21.8394
      vertex 5.62531 -27.05 23.6957
      vertex 5.16034 -27.05 21.8394
    endloop
  endfacet
  facet normal -0.970032 0 0.242976
    outer loop
      vertex 5.62531 -27.05 23.6957
      vertex 5.16034 -29.9759 21.8394
      vertex 5.62531 -29.9759 23.6957
    endloop
  endfacet
  facet normal -0.941539 0 0.336904
    outer loop
      vertex 4.51565 -29.9759 20.0377
      vertex 5.16034 -27.05 21.8394
      vertex 4.51565 -27.05 20.0377
    endloop
  endfacet
  facet normal -0.941539 0 0.336904
    outer loop
      vertex 5.16034 -27.05 21.8394
      vertex 4.51565 -29.9759 20.0377
      vertex 5.16034 -29.9759 21.8394
    endloop
  endfacet
  facet normal -0.740949 0 -0.671561
    outer loop
      vertex 1.5737 -29.9759 39.8707
      vertex 0.288582 -27.05 41.2886
      vertex 1.5737 -27.05 39.8707
    endloop
  endfacet
  facet normal -0.740949 -0 -0.671561
    outer loop
      vertex 0.288582 -27.05 41.2886
      vertex 1.5737 -29.9759 39.8707
      vertex 0.288582 -29.9759 41.2886
    endloop
  endfacet
  facet normal 0.0490697 2.38935e-18 -0.998795
    outer loop
      vertex -15.4113 -29.9759 46.9061
      vertex -13.5 -27.05 47
      vertex -13.5 -29.9759 47
    endloop
  endfacet
  facet normal 0.0490697 2.38935e-18 -0.998795
    outer loop
      vertex -13.5 -27.05 47
      vertex -15.4113 -29.9759 46.9061
      vertex -15.4113 -27.05 46.9061
    endloop
  endfacet
  facet normal -0.0490697 -2.38935e-18 -0.998795
    outer loop
      vertex -13.5 -29.9759 47
      vertex -11.5887 -27.05 46.9061
      vertex -11.5887 -29.9759 46.9061
    endloop
  endfacet
  facet normal -0.0490697 -2.38935e-18 -0.998795
    outer loop
      vertex -11.5887 -27.05 46.9061
      vertex -13.5 -29.9759 47
      vertex -13.5 -27.05 47
    endloop
  endfacet
  facet normal -0.904043 0 -0.42744
    outer loop
      vertex 4.51565 -29.9759 34.9623
      vertex 4.5 -27.05 34.9954
      vertex 4.51565 -27.05 34.9623
    endloop
  endfacet
  facet normal -0.904043 -0 -0.42744
    outer loop
      vertex 4.5 -27.05 34.9954
      vertex 4.51565 -29.9759 34.9623
      vertex 4.5 -29.9759 34.9954
    endloop
  endfacet
  facet normal -0.671553 -1.09207e-17 0.740956
    outer loop
      vertex -1.12933 -27.05 12.4263
      vertex 0.288582 -29.9759 13.7114
      vertex 0.288582 -27.05 13.7114
    endloop
  endfacet
  facet normal -0.671553 -1.09207e-17 0.740956
    outer loop
      vertex 0.288582 -29.9759 13.7114
      vertex -1.12933 -27.05 12.4263
      vertex -1.12933 -29.9759 12.4263
    endloop
  endfacet
  facet normal -0.998795 0 0.0490697
    outer loop
      vertex 5.9061 -29.9759 25.5887
      vertex 6 -27.05 27.5
      vertex 5.9061 -27.05 25.5887
    endloop
  endfacet
  facet normal -0.998795 0 0.0490697
    outer loop
      vertex 6 -27.05 27.5
      vertex 5.9061 -29.9759 25.5887
      vertex 6 -29.9759 27.5
    endloop
  endfacet
  facet normal 0.049068 -5.08445e-19 0.998795
    outer loop
      vertex -14.1015 -27.05 8.02955
      vertex -13.5 -29.9759 8
      vertex -13.5 -27.05 8
    endloop
  endfacet
  facet normal 0.049068 -5.08445e-19 0.998795
    outer loop
      vertex -13.5 -29.9759 8
      vertex -14.1015 -27.05 8.02955
      vertex -14.1015 -29.9759 8.02955
    endloop
  endfacet
  facet normal 0.740954 0 -0.671556
    outer loop
      vertex -27.2886 -29.9759 41.2886
      vertex -28.5737 -27.05 39.8707
      vertex -27.2886 -27.05 41.2886
    endloop
  endfacet
  facet normal 0.740954 0 -0.671556
    outer loop
      vertex -28.5737 -27.05 39.8707
      vertex -27.2886 -29.9759 41.2886
      vertex -28.5737 -29.9759 39.8707
    endloop
  endfacet
  facet normal 0.14673 9.46251e-18 -0.989177
    outer loop
      vertex -17.3043 -29.9759 46.6253
      vertex -15.4113 -27.05 46.9061
      vertex -15.4113 -29.9759 46.9061
    endloop
  endfacet
  facet normal 0.14673 9.46251e-18 -0.989177
    outer loop
      vertex -15.4113 -27.05 46.9061
      vertex -17.3043 -29.9759 46.6253
      vertex -17.3043 -27.05 46.6253
    endloop
  endfacet
  facet normal 0.336863 1.53954e-17 -0.941554
    outer loop
      vertex -20.9623 -29.9759 45.5157
      vertex -19.1606 -27.05 46.1603
      vertex -19.1606 -29.9759 46.1603
    endloop
  endfacet
  facet normal 0.336863 1.53954e-17 -0.941554
    outer loop
      vertex -19.1606 -27.05 46.1603
      vertex -20.9623 -29.9759 45.5157
      vertex -20.9623 -27.05 45.5157
    endloop
  endfacet
  facet normal 0.903986 0 -0.427563
    outer loop
      vertex -30.6975 -29.9759 36.6922
      vertex -31.5157 -27.05 34.9623
      vertex -30.6975 -27.05 36.6922
    endloop
  endfacet
  facet normal 0.903986 0 -0.427563
    outer loop
      vertex -31.5157 -27.05 34.9623
      vertex -30.6975 -29.9759 36.6922
      vertex -31.5157 -29.9759 34.9623
    endloop
  endfacet
  facet normal 0.740954 -0 0.671556
    outer loop
      vertex -28.5737 -29.9759 15.1293
      vertex -27.2886 -27.05 13.7114
      vertex -28.5737 -27.05 15.1293
    endloop
  endfacet
  facet normal 0.740954 0 0.671556
    outer loop
      vertex -27.2886 -27.05 13.7114
      vertex -28.5737 -29.9759 15.1293
      vertex -27.2886 -29.9759 13.7114
    endloop
  endfacet
  facet normal 0.671556 -4.82348e-18 0.740954
    outer loop
      vertex -27.2886 -27.05 13.7114
      vertex -25.8707 -29.9759 12.4263
      vertex -25.8707 -27.05 12.4263
    endloop
  endfacet
  facet normal 0.671556 -4.82348e-18 0.740954
    outer loop
      vertex -25.8707 -29.9759 12.4263
      vertex -27.2886 -27.05 13.7114
      vertex -27.2886 -29.9759 13.7114
    endloop
  endfacet
  facet normal 0.989177 0 -0.14673
    outer loop
      vertex -32.6253 -29.9759 31.3043
      vertex -32.9061 -27.05 29.4113
      vertex -32.6253 -27.05 31.3043
    endloop
  endfacet
  facet normal 0.989177 0 -0.14673
    outer loop
      vertex -32.9061 -27.05 29.4113
      vertex -32.6253 -29.9759 31.3043
      vertex -32.9061 -29.9759 29.4113
    endloop
  endfacet
  facet normal 0.970029 0 -0.242991
    outer loop
      vertex -32.1603 -29.9759 33.1606
      vertex -32.6253 -27.05 31.3043
      vertex -32.1603 -27.05 33.1606
    endloop
  endfacet
  facet normal 0.970029 0 -0.242991
    outer loop
      vertex -32.6253 -27.05 31.3043
      vertex -32.1603 -29.9759 33.1606
      vertex -32.6253 -29.9759 31.3043
    endloop
  endfacet
  facet normal 0.970029 -0 0.242991
    outer loop
      vertex -32.6253 -29.9759 23.6957
      vertex -32.1603 -27.05 21.8394
      vertex -32.6253 -27.05 23.6957
    endloop
  endfacet
  facet normal 0.970029 0 0.242991
    outer loop
      vertex -32.1603 -27.05 21.8394
      vertex -32.6253 -29.9759 23.6957
      vertex -32.1603 -29.9759 21.8394
    endloop
  endfacet
  facet normal 0.427542 1.61812e-17 0.903996
    outer loop
      vertex -22.6922 -27.05 10.3025
      vertex -20.9623 -29.9759 9.48435
      vertex -20.9623 -27.05 9.48435
    endloop
  endfacet
  facet normal 0.427542 1.61812e-17 0.903996
    outer loop
      vertex -20.9623 -29.9759 9.48435
      vertex -22.6922 -27.05 10.3025
      vertex -22.6922 -29.9759 10.3025
    endloop
  endfacet
  facet normal -0.42754 -1.86856e-17 0.903997
    outer loop
      vertex -6.03767 -27.05 9.48435
      vertex -4.30776 -29.9759 10.3025
      vertex -4.30776 -27.05 10.3025
    endloop
  endfacet
  facet normal -0.42754 -1.86856e-17 0.903997
    outer loop
      vertex -4.30776 -29.9759 10.3025
      vertex -6.03767 -27.05 9.48435
      vertex -6.03767 -29.9759 9.48435
    endloop
  endfacet
  facet normal -0.904043 0 0.42744
    outer loop
      vertex 4.5 -29.9759 20.0046
      vertex 4.51565 -27.05 20.0377
      vertex 4.5 -27.05 20.0046
    endloop
  endfacet
  facet normal -0.904043 0 0.42744
    outer loop
      vertex 4.51565 -27.05 20.0377
      vertex 4.5 -29.9759 20.0046
      vertex 4.51565 -29.9759 20.0377
    endloop
  endfacet
  facet normal 0.941554 0 -0.336863
    outer loop
      vertex -31.5157 -29.9759 34.9623
      vertex -32.1603 -27.05 33.1606
      vertex -31.5157 -27.05 34.9623
    endloop
  endfacet
  facet normal 0.941554 0 -0.336863
    outer loop
      vertex -32.1603 -27.05 33.1606
      vertex -31.5157 -29.9759 34.9623
      vertex -32.1603 -29.9759 33.1606
    endloop
  endfacet
  facet normal -0.242992 -8.43164e-18 -0.970028
    outer loop
      vertex -9.69574 -29.9759 46.6253
      vertex -7.83945 -27.05 46.1603
      vertex -7.83945 -29.9759 46.1603
    endloop
  endfacet
  facet normal -0.242992 -8.43164e-18 -0.970028
    outer loop
      vertex -7.83945 -27.05 46.1603
      vertex -9.69574 -29.9759 46.6253
      vertex -9.69574 -27.05 46.6253
    endloop
  endfacet
  facet normal -0.595715 -1.11654e-17 0.803196
    outer loop
      vertex -2.66638 -27.05 11.2863
      vertex -1.12933 -29.9759 12.4263
      vertex -1.12933 -27.05 12.4263
    endloop
  endfacet
  facet normal -0.595715 -1.11654e-17 0.803196
    outer loop
      vertex -1.12933 -29.9759 12.4263
      vertex -2.66638 -27.05 11.2863
      vertex -2.66638 -29.9759 11.2863
    endloop
  endfacet
  facet normal -0.0490697 -9.65696e-19 0.998795
    outer loop
      vertex -13.5 -27.05 8
      vertex -11.5887 -29.9759 8.0939
      vertex -11.5887 -27.05 8.0939
    endloop
  endfacet
  facet normal -0.0490697 -9.65696e-19 0.998795
    outer loop
      vertex -11.5887 -29.9759 8.0939
      vertex -13.5 -27.05 8
      vertex -13.5 -29.9759 8
    endloop
  endfacet
  facet normal 0.146729 1.48939e-18 0.989177
    outer loop
      vertex -17.3043 -27.05 8.37469
      vertex -15.8844 -29.9759 8.16407
      vertex -15.8844 -27.05 8.16407
    endloop
  endfacet
  facet normal 0.146729 1.48939e-18 0.989177
    outer loop
      vertex -15.8844 -29.9759 8.16407
      vertex -17.3043 -27.05 8.37469
      vertex -17.3043 -29.9759 8.37469
    endloop
  endfacet
  facet normal 0.998795 0 -0.0490697
    outer loop
      vertex -32.9061 -29.9759 29.4113
      vertex -33 -27.05 27.5
      vertex -32.9061 -27.05 29.4113
    endloop
  endfacet
  facet normal 0.998795 0 -0.0490697
    outer loop
      vertex -33 -27.05 27.5
      vertex -32.9061 -29.9759 29.4113
      vertex -33 -29.9759 27.5
    endloop
  endfacet
  facet normal -0.740949 0 0.671561
    outer loop
      vertex 0.288582 -29.9759 13.7114
      vertex 1.5737 -27.05 15.1293
      vertex 0.288582 -27.05 13.7114
    endloop
  endfacet
  facet normal -0.740949 0 0.671561
    outer loop
      vertex 1.5737 -27.05 15.1293
      vertex 0.288582 -29.9759 13.7114
      vertex 1.5737 -29.9759 15.1293
    endloop
  endfacet
  facet normal -1 0 0
    outer loop
      vertex -17.75 -29.7847 3.54858
      vertex -17.75 -27.05 2.75
      vertex -17.75 -29.4539 2.75
    endloop
  endfacet
  facet normal -1 0 0
    outer loop
      vertex -17.75 -29.9759 4.50991
      vertex -17.75 -27.05 2.75
      vertex -17.75 -29.7847 3.54858
    endloop
  endfacet
  facet normal -1 0 0
    outer loop
      vertex -17.75 -27.05 2.75
      vertex -17.75 -29.9759 4.50991
      vertex -17.75 -27.05 7.25
    endloop
  endfacet
  facet normal -1 -0 0
    outer loop
      vertex -17.75 -27.05 7.25
      vertex -17.75 -29.9759 4.50991
      vertex -17.75 -29.9759 7.25
    endloop
  endfacet
  facet normal 0 0 -1
    outer loop
      vertex -27.25 -29.9759 7.25
      vertex -17.75 -27.05 7.25
      vertex -17.75 -29.9759 7.25
    endloop
  endfacet
  facet normal -0 0 -1
    outer loop
      vertex -17.75 -27.05 7.25
      vertex -27.25 -29.9759 7.25
      vertex -27.25 -27.05 7.25
    endloop
  endfacet
  facet normal -0 0 1
    outer loop
      vertex -27.25 -27.05 2.75
      vertex -17.75 -29.4539 2.75
      vertex -17.75 -27.05 2.75
    endloop
  endfacet
  facet normal 0 0 1
    outer loop
      vertex -17.75 -29.4539 2.75
      vertex -27.25 -27.05 2.75
      vertex -27.25 -29.4539 2.75
    endloop
  endfacet
  facet normal 1 -0 0
    outer loop
      vertex -27.25 -29.9759 4.50991
      vertex -27.25 -27.05 2.75
      vertex -27.25 -27.05 7.25
    endloop
  endfacet
  facet normal 1 0 0
    outer loop
      vertex -27.25 -27.05 2.75
      vertex -27.25 -29.7847 3.54858
      vertex -27.25 -29.4539 2.75
    endloop
  endfacet
  facet normal 1 0 0
    outer loop
      vertex -27.25 -29.9759 4.50991
      vertex -27.25 -27.05 7.25
      vertex -27.25 -29.9759 7.25
    endloop
  endfacet
  facet normal 1 0 0
    outer loop
      vertex -27.25 -27.05 2.75
      vertex -27.25 -29.9759 4.50991
      vertex -27.25 -29.7847 3.54858
    endloop
  endfacet
  facet normal -0.998714 0 -0.0506961
    outer loop
      vertex -14.1 -29.9759 8
      vertex -14.1015 -27.05 8.02955
      vertex -14.1 -27.05 8
    endloop
  endfacet
  facet normal -0.998714 -0 -0.0506961
    outer loop
      vertex -14.1015 -27.05 8.02955
      vertex -14.1 -29.9759 8
      vertex -14.1015 -29.9759 8.02955
    endloop
  endfacet
  facet normal 0.903821 -0 0.427911
    outer loop
      vertex -15.8315 -29.9759 7.65558
      vertex -15.7937 -27.05 7.57574
      vertex -15.8315 -27.05 7.65558
    endloop
  endfacet
  facet normal 0.903821 0 0.427911
    outer loop
      vertex -15.7937 -27.05 7.57574
      vertex -15.8315 -29.9759 7.65558
      vertex -15.7937 -29.9759 7.57574
    endloop
  endfacet
  facet normal 0.941742 -0 0.336336
    outer loop
      vertex -15.8612 -29.9759 7.73874
      vertex -15.8315 -27.05 7.65558
      vertex -15.8612 -27.05 7.73874
    endloop
  endfacet
  facet normal 0.941742 0 0.336336
    outer loop
      vertex -15.8315 -27.05 7.65558
      vertex -15.8612 -29.9759 7.73874
      vertex -15.8315 -29.9759 7.65558
    endloop
  endfacet
  facet normal 0.242908 2.86004e-19 0.970049
    outer loop
      vertex -15.2613 -27.05 7.13875
      vertex -15.1756 -29.9759 7.11729
      vertex -15.1756 -27.05 7.11729
    endloop
  endfacet
  facet normal 0.242908 2.86004e-19 0.970049
    outer loop
      vertex -15.1756 -29.9759 7.11729
      vertex -15.2613 -27.05 7.13875
      vertex -15.2613 -29.9759 7.13875
    endloop
  endfacet
  facet normal -0.514412 -8.3248e-19 0.857543
    outer loop
      vertex -14.5757 -27.05 7.20627
      vertex -14.5 -29.9759 7.25168
      vertex -14.5 -27.05 7.25168
    endloop
  endfacet
  facet normal -0.514412 -8.3248e-19 0.857543
    outer loop
      vertex -14.5 -29.9759 7.25168
      vertex -14.5757 -27.05 7.20627
      vertex -14.5757 -29.9759 7.20627
    endloop
  endfacet
  facet normal -0.803276 0 0.595607
    outer loop
      vertex -14.3043 -29.9759 7.42905
      vertex -14.2517 -27.05 7.49999
      vertex -14.3043 -27.05 7.42905
    endloop
  endfacet
  facet normal -0.803276 0 0.595607
    outer loop
      vertex -14.2517 -27.05 7.49999
      vertex -14.3043 -29.9759 7.42905
      vertex -14.2517 -29.9759 7.49999
    endloop
  endfacet
  facet normal -0.242908 -2.86004e-19 0.970049
    outer loop
      vertex -14.8244 -27.05 7.11729
      vertex -14.7387 -29.9759 7.13875
      vertex -14.7387 -27.05 7.13875
    endloop
  endfacet
  facet normal -0.242908 -2.86004e-19 0.970049
    outer loop
      vertex -14.7387 -29.9759 7.13875
      vertex -14.8244 -27.05 7.11729
      vertex -14.8244 -29.9759 7.11729
    endloop
  endfacet
  facet normal -0.857743 0 0.514079
    outer loop
      vertex -14.2517 -29.9759 7.49999
      vertex -14.2063 -27.05 7.57574
      vertex -14.2517 -27.05 7.49999
    endloop
  endfacet
  facet normal -0.857743 0 0.514079
    outer loop
      vertex -14.2063 -27.05 7.57574
      vertex -14.2517 -29.9759 7.49999
      vertex -14.2063 -29.9759 7.57574
    endloop
  endfacet
  facet normal -0.337154 -7.55643e-19 0.941449
    outer loop
      vertex -14.7387 -27.05 7.13875
      vertex -14.6556 -29.9759 7.16851
      vertex -14.6556 -27.05 7.16851
    endloop
  endfacet
  facet normal -0.337154 -7.55643e-19 0.941449
    outer loop
      vertex -14.6556 -29.9759 7.16851
      vertex -14.7387 -27.05 7.13875
      vertex -14.7387 -29.9759 7.13875
    endloop
  endfacet
  facet normal 0.989108 -0 0.147189
    outer loop
      vertex -15.8957 -29.9759 7.91178
      vertex -15.8827 -27.05 7.82442
      vertex -15.8957 -27.05 7.91178
    endloop
  endfacet
  facet normal 0.989108 0 0.147189
    outer loop
      vertex -15.8827 -27.05 7.82442
      vertex -15.8957 -29.9759 7.91178
      vertex -15.8827 -29.9759 7.82442
    endloop
  endfacet
  facet normal 0.803276 -0 0.595607
    outer loop
      vertex -15.7483 -29.9759 7.49999
      vertex -15.6957 -27.05 7.42905
      vertex -15.7483 -27.05 7.49999
    endloop
  endfacet
  facet normal 0.803276 0 0.595607
    outer loop
      vertex -15.6957 -27.05 7.42905
      vertex -15.7483 -29.9759 7.49999
      vertex -15.6957 -29.9759 7.42905
    endloop
  endfacet
  facet normal -0.998814 0 0.048684
    outer loop
      vertex -14.1043 -29.9759 7.91178
      vertex -14.1 -27.05 8
      vertex -14.1043 -27.05 7.91178
    endloop
  endfacet
  facet normal -0.998814 0 0.048684
    outer loop
      vertex -14.1 -27.05 8
      vertex -14.1043 -29.9759 7.91178
      vertex -14.1 -29.9759 8
    endloop
  endfacet
  facet normal 0.998814 -0 0.048684
    outer loop
      vertex -15.9 -29.9759 8
      vertex -15.8957 -27.05 7.91178
      vertex -15.9 -27.05 8
    endloop
  endfacet
  facet normal 0.998814 0 0.048684
    outer loop
      vertex -15.8957 -27.05 7.91178
      vertex -15.9 -29.9759 8
      vertex -15.8957 -29.9759 7.91178
    endloop
  endfacet
  facet normal -0.989108 0 0.147189
    outer loop
      vertex -14.1173 -29.9759 7.82442
      vertex -14.1043 -27.05 7.91178
      vertex -14.1173 -27.05 7.82442
    endloop
  endfacet
  facet normal -0.989108 0 0.147189
    outer loop
      vertex -14.1043 -27.05 7.91178
      vertex -14.1173 -29.9759 7.82442
      vertex -14.1043 -29.9759 7.91178
    endloop
  endfacet
  facet normal 0.595355 -2.77489e-19 0.803463
    outer loop
      vertex -15.571 -27.05 7.30429
      vertex -15.5 -29.9759 7.25168
      vertex -15.5 -27.05 7.25168
    endloop
  endfacet
  facet normal 0.595355 -2.77489e-19 0.803463
    outer loop
      vertex -15.5 -29.9759 7.25168
      vertex -15.571 -27.05 7.30429
      vertex -15.571 -29.9759 7.30429
    endloop
  endfacet
  facet normal -0.969929 0 0.243388
    outer loop
      vertex -14.1388 -29.9759 7.73874
      vertex -14.1173 -27.05 7.82442
      vertex -14.1388 -27.05 7.73874
    endloop
  endfacet
  facet normal -0.969929 0 0.243388
    outer loop
      vertex -14.1173 -27.05 7.82442
      vertex -14.1388 -29.9759 7.73874
      vertex -14.1173 -29.9759 7.82442
    endloop
  endfacet
  facet normal 0.337154 7.55643e-19 0.941449
    outer loop
      vertex -15.3444 -27.05 7.16851
      vertex -15.2613 -29.9759 7.13875
      vertex -15.2613 -27.05 7.13875
    endloop
  endfacet
  facet normal 0.337154 7.55643e-19 0.941449
    outer loop
      vertex -15.2613 -29.9759 7.13875
      vertex -15.3444 -27.05 7.16851
      vertex -15.3444 -29.9759 7.16851
    endloop
  endfacet
  facet normal 0.514412 8.3248e-19 0.857543
    outer loop
      vertex -15.5 -27.05 7.25168
      vertex -15.4243 -29.9759 7.20627
      vertex -15.4243 -27.05 7.20627
    endloop
  endfacet
  facet normal 0.514412 8.3248e-19 0.857543
    outer loop
      vertex -15.4243 -29.9759 7.20627
      vertex -15.5 -27.05 7.25168
      vertex -15.5 -29.9759 7.25168
    endloop
  endfacet
  facet normal -0.14668 2.23641e-19 0.989184
    outer loop
      vertex -14.9118 -27.05 7.10433
      vertex -14.8244 -29.9759 7.11729
      vertex -14.8244 -27.05 7.11729
    endloop
  endfacet
  facet normal -0.14668 2.23641e-19 0.989184
    outer loop
      vertex -14.8244 -29.9759 7.11729
      vertex -14.9118 -27.05 7.10433
      vertex -14.9118 -29.9759 7.10433
    endloop
  endfacet
  facet normal -0.941742 0 0.336336
    outer loop
      vertex -14.1685 -29.9759 7.65558
      vertex -14.1388 -27.05 7.73874
      vertex -14.1685 -27.05 7.65558
    endloop
  endfacet
  facet normal -0.941742 0 0.336336
    outer loop
      vertex -14.1388 -27.05 7.73874
      vertex -14.1685 -29.9759 7.65558
      vertex -14.1388 -29.9759 7.73874
    endloop
  endfacet
  facet normal 0.857743 -0 0.514079
    outer loop
      vertex -15.7937 -29.9759 7.57574
      vertex -15.7483 -27.05 7.49999
      vertex -15.7937 -27.05 7.57574
    endloop
  endfacet
  facet normal 0.857743 0 0.514079
    outer loop
      vertex -15.7483 -27.05 7.49999
      vertex -15.7937 -29.9759 7.57574
      vertex -15.7483 -29.9759 7.49999
    endloop
  endfacet
  facet normal -0.671776 6.57884e-19 0.740754
    outer loop
      vertex -14.429 -27.05 7.30429
      vertex -14.3636 -29.9759 7.3636
      vertex -14.3636 -27.05 7.3636
    endloop
  endfacet
  facet normal -0.671776 6.57884e-19 0.740754
    outer loop
      vertex -14.3636 -29.9759 7.3636
      vertex -14.429 -27.05 7.30429
      vertex -14.429 -29.9759 7.30429
    endloop
  endfacet
  facet normal 0.0490339 -6.3237e-21 0.998797
    outer loop
      vertex -15.0882 -27.05 7.10433
      vertex -15 -29.9759 7.1
      vertex -15 -27.05 7.1
    endloop
  endfacet
  facet normal 0.0490339 -6.3237e-21 0.998797
    outer loop
      vertex -15 -29.9759 7.1
      vertex -15.0882 -27.05 7.10433
      vertex -15.0882 -29.9759 7.10433
    endloop
  endfacet
  facet normal 0.741066 -0 0.671432
    outer loop
      vertex -15.6957 -29.9759 7.42905
      vertex -15.6364 -27.05 7.3636
      vertex -15.6957 -27.05 7.42905
    endloop
  endfacet
  facet normal 0.741066 0 0.671432
    outer loop
      vertex -15.6364 -27.05 7.3636
      vertex -15.6957 -29.9759 7.42905
      vertex -15.6364 -29.9759 7.3636
    endloop
  endfacet
  facet normal 0.671776 -6.57884e-19 0.740754
    outer loop
      vertex -15.6364 -27.05 7.3636
      vertex -15.571 -29.9759 7.30429
      vertex -15.571 -27.05 7.30429
    endloop
  endfacet
  facet normal 0.671776 -6.57884e-19 0.740754
    outer loop
      vertex -15.571 -29.9759 7.30429
      vertex -15.6364 -27.05 7.3636
      vertex -15.6364 -29.9759 7.3636
    endloop
  endfacet
  facet normal 0.989087 0 -0.147333
    outer loop
      vertex -15.8844 -29.9759 8.16407
      vertex -15.8957 -27.05 8.08821
      vertex -15.8844 -27.05 8.16407
    endloop
  endfacet
  facet normal 0.989087 0 -0.147333
    outer loop
      vertex -15.8957 -27.05 8.08821
      vertex -15.8844 -29.9759 8.16407
      vertex -15.8957 -29.9759 8.08821
    endloop
  endfacet
  facet normal 0.969929 -0 0.243388
    outer loop
      vertex -15.8827 -29.9759 7.82442
      vertex -15.8612 -27.05 7.73874
      vertex -15.8827 -27.05 7.82442
    endloop
  endfacet
  facet normal 0.969929 0 0.243388
    outer loop
      vertex -15.8612 -27.05 7.73874
      vertex -15.8827 -29.9759 7.82442
      vertex -15.8612 -29.9759 7.73874
    endloop
  endfacet
  facet normal 0.427279 -5.85419e-19 0.90412
    outer loop
      vertex -15.4243 -27.05 7.20627
      vertex -15.3444 -29.9759 7.16851
      vertex -15.3444 -27.05 7.16851
    endloop
  endfacet
  facet normal 0.427279 -5.85419e-19 0.90412
    outer loop
      vertex -15.3444 -29.9759 7.16851
      vertex -15.4243 -27.05 7.20627
      vertex -15.4243 -29.9759 7.20627
    endloop
  endfacet
  facet normal -0.427279 5.85419e-19 0.90412
    outer loop
      vertex -14.6556 -27.05 7.16851
      vertex -14.5757 -29.9759 7.20627
      vertex -14.5757 -27.05 7.20627
    endloop
  endfacet
  facet normal -0.427279 5.85419e-19 0.90412
    outer loop
      vertex -14.5757 -29.9759 7.20627
      vertex -14.6556 -27.05 7.16851
      vertex -14.6556 -29.9759 7.16851
    endloop
  endfacet
  facet normal -0.903821 0 0.427911
    outer loop
      vertex -14.2063 -29.9759 7.57574
      vertex -14.1685 -27.05 7.65558
      vertex -14.2063 -27.05 7.57574
    endloop
  endfacet
  facet normal -0.903821 0 0.427911
    outer loop
      vertex -14.1685 -27.05 7.65558
      vertex -14.2063 -29.9759 7.57574
      vertex -14.1685 -29.9759 7.65558
    endloop
  endfacet
  facet normal -0.595355 2.77489e-19 0.803463
    outer loop
      vertex -14.5 -27.05 7.25168
      vertex -14.429 -29.9759 7.30429
      vertex -14.429 -27.05 7.30429
    endloop
  endfacet
  facet normal -0.595355 2.77489e-19 0.803463
    outer loop
      vertex -14.429 -29.9759 7.30429
      vertex -14.5 -27.05 7.25168
      vertex -14.5 -29.9759 7.25168
    endloop
  endfacet
  facet normal -0.0490339 6.3237e-21 0.998797
    outer loop
      vertex -15 -27.05 7.1
      vertex -14.9118 -29.9759 7.10433
      vertex -14.9118 -27.05 7.10433
    endloop
  endfacet
  facet normal -0.0490339 6.3237e-21 0.998797
    outer loop
      vertex -14.9118 -29.9759 7.10433
      vertex -15 -27.05 7.1
      vertex -15 -29.9759 7.1
    endloop
  endfacet
  facet normal 0.14668 -2.23641e-19 0.989184
    outer loop
      vertex -15.1756 -27.05 7.11729
      vertex -15.0882 -29.9759 7.10433
      vertex -15.0882 -27.05 7.10433
    endloop
  endfacet
  facet normal 0.14668 -2.23641e-19 0.989184
    outer loop
      vertex -15.0882 -29.9759 7.10433
      vertex -15.1756 -27.05 7.11729
      vertex -15.1756 -29.9759 7.11729
    endloop
  endfacet
  facet normal 0.998814 0 -0.0486895
    outer loop
      vertex -15.8957 -29.9759 8.08821
      vertex -15.9 -27.05 8
      vertex -15.8957 -27.05 8.08821
    endloop
  endfacet
  facet normal 0.998814 0 -0.0486895
    outer loop
      vertex -15.9 -27.05 8
      vertex -15.8957 -29.9759 8.08821
      vertex -15.9 -29.9759 8
    endloop
  endfacet
  facet normal -0.741066 0 0.671432
    outer loop
      vertex -14.3636 -29.9759 7.3636
      vertex -14.3043 -27.05 7.42905
      vertex -14.3636 -27.05 7.3636
    endloop
  endfacet
  facet normal -0.741066 0 0.671432
    outer loop
      vertex -14.3043 -27.05 7.42905
      vertex -14.3636 -29.9759 7.3636
      vertex -14.3043 -29.9759 7.42905
    endloop
  endfacet
  facet normal 0.471369 -8.86569e-19 0.881936
    outer loop
      vertex -31.852 20 8.77164
      vertex -31.3333 12 8.49441
      vertex -31.3333 20 8.49441
    endloop
  endfacet
  facet normal 0.471369 -8.86569e-19 0.881936
    outer loop
      vertex -31.3333 12 8.49441
      vertex -31.852 20 8.77164
      vertex -31.852 12 8.77164
    endloop
  endfacet
  facet normal 0.956901 -0 0.290413
    outer loop
      vertex -30.2284 12 7.14805
      vertex -30.0576 20 6.58527
      vertex -30.2284 20 7.14805
    endloop
  endfacet
  facet normal 0.956901 0 0.290413
    outer loop
      vertex -30.0576 20 6.58527
      vertex -30.2284 12 7.14805
      vertex -30.0576 12 6.58527
    endloop
  endfacet
  facet normal 0.995192 -0 0.0979429
    outer loop
      vertex -30.0576 12 6.58527
      vertex -30 20 6
      vertex -30.0576 20 6.58527
    endloop
  endfacet
  facet normal 0.995192 0 0.0979429
    outer loop
      vertex -30 20 6
      vertex -30.0576 12 6.58527
      vertex -30 12 6
    endloop
  endfacet
  facet normal 0.881942 -0 0.471358
    outer loop
      vertex -30.5056 12 7.66671
      vertex -30.2284 20 7.14805
      vertex -30.5056 20 7.66671
    endloop
  endfacet
  facet normal 0.881942 0 0.471358
    outer loop
      vertex -30.2284 20 7.14805
      vertex -30.5056 12 7.66671
      vertex -30.2284 12 7.14805
    endloop
  endfacet
  facet normal 0.0980053 -6.93771e-19 0.995186
    outer loop
      vertex -33 20 9
      vertex -32.4147 12 8.94236
      vertex -32.4147 20 8.94236
    endloop
  endfacet
  facet normal 0.0980053 -6.93771e-19 0.995186
    outer loop
      vertex -32.4147 12 8.94236
      vertex -33 20 9
      vertex -33 12 9
    endloop
  endfacet
  facet normal 0.0980053 5.73429e-19 -0.995186
    outer loop
      vertex -33 12 3
      vertex -32.4147 20 3.05764
      vertex -32.4147 12 3.05764
    endloop
  endfacet
  facet normal 0.0980053 5.73429e-19 -0.995186
    outer loop
      vertex -32.4147 20 3.05764
      vertex -33 12 3
      vertex -33 20 3
    endloop
  endfacet
  facet normal 0.290326 7.33619e-21 0.956928
    outer loop
      vertex -32.4147 20 8.94236
      vertex -31.852 12 8.77164
      vertex -31.852 20 8.77164
    endloop
  endfacet
  facet normal 0.290326 7.33619e-21 0.956928
    outer loop
      vertex -31.852 12 8.77164
      vertex -32.4147 20 8.94236
      vertex -32.4147 12 8.94236
    endloop
  endfacet
  facet normal 0.634403 -6.17784e-19 0.773003
    outer loop
      vertex -31.3333 20 8.49441
      vertex -30.8787 12 8.12132
      vertex -30.8787 20 8.12132
    endloop
  endfacet
  facet normal 0.634403 -6.17784e-19 0.773003
    outer loop
      vertex -30.8787 12 8.12132
      vertex -31.3333 20 8.49441
      vertex -31.3333 12 8.49441
    endloop
  endfacet
  facet normal 0.773001 0 -0.634405
    outer loop
      vertex -30.5056 12 4.33329
      vertex -30.8787 20 3.87868
      vertex -30.5056 20 4.33329
    endloop
  endfacet
  facet normal 0.773001 0 -0.634405
    outer loop
      vertex -30.8787 20 3.87868
      vertex -30.5056 12 4.33329
      vertex -30.8787 12 3.87868
    endloop
  endfacet
  facet normal -0.634403 2.06008e-18 0.773003
    outer loop
      vertex -35.1213 20 8.12132
      vertex -34.6667 12 8.49441
      vertex -34.6667 20 8.49441
    endloop
  endfacet
  facet normal -0.634403 2.06008e-18 0.773003
    outer loop
      vertex -34.6667 12 8.49441
      vertex -35.1213 20 8.12132
      vertex -35.1213 12 8.12132
    endloop
  endfacet
  facet normal 0.471369 -1.48248e-18 -0.881936
    outer loop
      vertex -31.852 12 3.22836
      vertex -31.3333 20 3.50559
      vertex -31.3333 12 3.50559
    endloop
  endfacet
  facet normal 0.471369 -1.48248e-18 -0.881936
    outer loop
      vertex -31.3333 20 3.50559
      vertex -31.852 12 3.22836
      vertex -31.852 20 3.22836
    endloop
  endfacet
  facet normal -0.881942 0 -0.471358
    outer loop
      vertex -35.4944 12 4.33329
      vertex -35.7716 20 4.85195
      vertex -35.4944 20 4.33329
    endloop
  endfacet
  facet normal -0.881942 -0 -0.471358
    outer loop
      vertex -35.7716 20 4.85195
      vertex -35.4944 12 4.33329
      vertex -35.7716 12 4.85195
    endloop
  endfacet
  facet normal 0.995192 0 -0.0979429
    outer loop
      vertex -30 12 6
      vertex -30.0576 20 5.41473
      vertex -30 20 6
    endloop
  endfacet
  facet normal 0.995192 0 -0.0979429
    outer loop
      vertex -30.0576 20 5.41473
      vertex -30 12 6
      vertex -30.0576 12 5.41473
    endloop
  endfacet
  facet normal -0.471369 -1.55292e-18 -0.881936
    outer loop
      vertex -34.6667 12 3.50559
      vertex -34.148 20 3.22836
      vertex -34.148 12 3.22836
    endloop
  endfacet
  facet normal -0.471369 -1.55292e-18 -0.881936
    outer loop
      vertex -34.148 20 3.22836
      vertex -34.6667 12 3.50559
      vertex -34.6667 20 3.50559
    endloop
  endfacet
  facet normal -0.290326 -8.79613e-19 0.956928
    outer loop
      vertex -34.148 20 8.77164
      vertex -33.5853 12 8.94236
      vertex -33.5853 20 8.94236
    endloop
  endfacet
  facet normal -0.290326 -8.79613e-19 0.956928
    outer loop
      vertex -33.5853 12 8.94236
      vertex -34.148 20 8.77164
      vertex -34.148 12 8.77164
    endloop
  endfacet
  facet normal -0.0980053 -5.73429e-19 -0.995186
    outer loop
      vertex -33.5853 12 3.05764
      vertex -33 20 3
      vertex -33 12 3
    endloop
  endfacet
  facet normal -0.0980053 -5.73429e-19 -0.995186
    outer loop
      vertex -33 20 3
      vertex -33.5853 12 3.05764
      vertex -33.5853 20 3.05764
    endloop
  endfacet
  facet normal 0 1 0
    outer loop
      vertex -33 20 7.6
      vertex -33 20 9
      vertex -32.4147 20 8.94236
    endloop
  endfacet
  facet normal 0 1 0
    outer loop
      vertex -32.6879 20 7.56926
      vertex -32.4147 20 8.94236
      vertex -31.852 20 8.77164
    endloop
  endfacet
  facet normal 0 1 0
    outer loop
      vertex -33 20 9
      vertex -33 20 7.6
      vertex -33.5853 20 8.94236
    endloop
  endfacet
  facet normal 0 1 0
    outer loop
      vertex -32.3877 20 7.47821
      vertex -31.852 20 8.77164
      vertex -31.3333 20 8.49441
    endloop
  endfacet
  facet normal 0 1 -0
    outer loop
      vertex -33.3121 20 7.56926
      vertex -33.5853 20 8.94236
      vertex -33 20 7.6
    endloop
  endfacet
  facet normal 0 1 0
    outer loop
      vertex -32.1111 20 7.33035
      vertex -31.3333 20 8.49441
      vertex -30.8787 20 8.12132
    endloop
  endfacet
  facet normal 0 1 0
    outer loop
      vertex -33.5853 20 8.94236
      vertex -33.3121 20 7.56926
      vertex -34.148 20 8.77164
    endloop
  endfacet
  facet normal 0 1 0
    outer loop
      vertex -31.8686 20 7.13137
      vertex -30.8787 20 8.12132
      vertex -30.5056 20 7.66671
    endloop
  endfacet
  facet normal 0 1 -0
    outer loop
      vertex -33.6123 20 7.47821
      vertex -34.148 20 8.77164
      vertex -33.3121 20 7.56926
    endloop
  endfacet
  facet normal 0 1 0
    outer loop
      vertex -34.148 20 8.77164
      vertex -33.6123 20 7.47821
      vertex -34.6667 20 8.49441
    endloop
  endfacet
  facet normal 0 1 0
    outer loop
      vertex -32.4147 20 8.94236
      vertex -32.6879 20 7.56926
      vertex -33 20 7.6
    endloop
  endfacet
  facet normal 0 1 0
    outer loop
      vertex -31.852 20 8.77164
      vertex -32.3877 20 7.47821
      vertex -32.6879 20 7.56926
    endloop
  endfacet
  facet normal 0 1 0
    outer loop
      vertex -31.3333 20 8.49441
      vertex -32.1111 20 7.33035
      vertex -32.3877 20 7.47821
    endloop
  endfacet
  facet normal 0 1 0
    outer loop
      vertex -31.6696 20 6.88891
      vertex -30.5056 20 7.66671
      vertex -30.2284 20 7.14805
    endloop
  endfacet
  facet normal 0 1 0
    outer loop
      vertex -30.8787 20 8.12132
      vertex -31.8686 20 7.13137
      vertex -32.1111 20 7.33035
    endloop
  endfacet
  facet normal 0 1 0
    outer loop
      vertex -30.5056 20 7.66671
      vertex -31.6696 20 6.88891
      vertex -31.8686 20 7.13137
    endloop
  endfacet
  facet normal 0 1 0
    outer loop
      vertex -30.2284 20 7.14805
      vertex -31.5218 20 6.61229
      vertex -31.6696 20 6.88891
    endloop
  endfacet
  facet normal 0 1 0
    outer loop
      vertex -30.0576 20 6.58527
      vertex -31.5218 20 6.61229
      vertex -30.2284 20 7.14805
    endloop
  endfacet
  facet normal 0 1 0
    outer loop
      vertex -30.0576 20 6.58527
      vertex -31.4307 20 6.31214
      vertex -31.5218 20 6.61229
    endloop
  endfacet
  facet normal 0 1 0
    outer loop
      vertex -30 20 6
      vertex -31.4307 20 6.31214
      vertex -30.0576 20 6.58527
    endloop
  endfacet
  facet normal 0 1 0
    outer loop
      vertex -30 20 6
      vertex -31.4 20 6
      vertex -31.4307 20 6.31214
    endloop
  endfacet
  facet normal 0 1 0
    outer loop
      vertex -30 20 6
      vertex -31.4307 20 5.68786
      vertex -31.4 20 6
    endloop
  endfacet
  facet normal 0 1 -0
    outer loop
      vertex -30.0576 20 5.41473
      vertex -31.4307 20 5.68786
      vertex -30 20 6
    endloop
  endfacet
  facet normal 0 1 0
    outer loop
      vertex -30.0576 20 5.41473
      vertex -31.5218 20 5.38771
      vertex -31.4307 20 5.68786
    endloop
  endfacet
  facet normal 0 1 -0
    outer loop
      vertex -30.2284 20 4.85195
      vertex -31.5218 20 5.38771
      vertex -30.0576 20 5.41473
    endloop
  endfacet
  facet normal 0 1 0
    outer loop
      vertex -31.5218 20 5.38771
      vertex -30.2284 20 4.85195
      vertex -31.6696 20 5.11109
    endloop
  endfacet
  facet normal 0 1 -0
    outer loop
      vertex -30.5056 20 4.33329
      vertex -31.6696 20 5.11109
      vertex -30.2284 20 4.85195
    endloop
  endfacet
  facet normal 0 1 0
    outer loop
      vertex -31.6696 20 5.11109
      vertex -30.5056 20 4.33329
      vertex -31.8686 20 4.86863
    endloop
  endfacet
  facet normal 0 1 -0
    outer loop
      vertex -30.8787 20 3.87868
      vertex -31.8686 20 4.86863
      vertex -30.5056 20 4.33329
    endloop
  endfacet
  facet normal 0 1 0
    outer loop
      vertex -31.8686 20 4.86863
      vertex -30.8787 20 3.87868
      vertex -32.1111 20 4.66965
    endloop
  endfacet
  facet normal 0 1 0
    outer loop
      vertex -32.1111 20 4.66965
      vertex -31.3333 20 3.50559
      vertex -32.3877 20 4.52179
    endloop
  endfacet
  facet normal 0 1 -0
    outer loop
      vertex -31.3333 20 3.50559
      vertex -32.1111 20 4.66965
      vertex -30.8787 20 3.87868
    endloop
  endfacet
  facet normal 0 1 -0
    outer loop
      vertex -33.8889 20 7.33035
      vertex -34.6667 20 8.49441
      vertex -33.6123 20 7.47821
    endloop
  endfacet
  facet normal 0 1 0
    outer loop
      vertex -34.6667 20 8.49441
      vertex -33.8889 20 7.33035
      vertex -35.1213 20 8.12132
    endloop
  endfacet
  facet normal 0 1 -0
    outer loop
      vertex -34.1314 20 7.13137
      vertex -35.1213 20 8.12132
      vertex -33.8889 20 7.33035
    endloop
  endfacet
  facet normal 0 1 0
    outer loop
      vertex -35.1213 20 8.12132
      vertex -34.1314 20 7.13137
      vertex -35.4944 20 7.66671
    endloop
  endfacet
  facet normal 0 1 -0
    outer loop
      vertex -34.3304 20 6.88891
      vertex -35.4944 20 7.66671
      vertex -34.1314 20 7.13137
    endloop
  endfacet
  facet normal 0 1 0
    outer loop
      vertex -35.4944 20 7.66671
      vertex -34.3304 20 6.88891
      vertex -35.7716 20 7.14805
    endloop
  endfacet
  facet normal 0 1 -0
    outer loop
      vertex -34.4782 20 6.61229
      vertex -35.7716 20 7.14805
      vertex -34.3304 20 6.88891
    endloop
  endfacet
  facet normal 0 1 0
    outer loop
      vertex -34.4782 20 6.61229
      vertex -35.9424 20 6.58527
      vertex -35.7716 20 7.14805
    endloop
  endfacet
  facet normal 0 1 -0
    outer loop
      vertex -34.5693 20 6.31214
      vertex -35.9424 20 6.58527
      vertex -34.4782 20 6.61229
    endloop
  endfacet
  facet normal 0 1 -0
    outer loop
      vertex -34.6 20 6
      vertex -35.9424 20 6.58527
      vertex -34.5693 20 6.31214
    endloop
  endfacet
  facet normal 0 1 0
    outer loop
      vertex -34.6 20 6
      vertex -36 20 6
      vertex -35.9424 20 6.58527
    endloop
  endfacet
  facet normal 0 1 0
    outer loop
      vertex -34.5693 20 5.68786
      vertex -36 20 6
      vertex -34.6 20 6
    endloop
  endfacet
  facet normal 0 1 0
    outer loop
      vertex -34.5693 20 5.68786
      vertex -35.9424 20 5.41473
      vertex -36 20 6
    endloop
  endfacet
  facet normal 0 1 0
    outer loop
      vertex -34.4782 20 5.38771
      vertex -35.9424 20 5.41473
      vertex -34.5693 20 5.68786
    endloop
  endfacet
  facet normal 0 1 0
    outer loop
      vertex -35.7716 20 4.85195
      vertex -34.4782 20 5.38771
      vertex -34.3304 20 5.11109
    endloop
  endfacet
  facet normal 0 1 0
    outer loop
      vertex -35.4944 20 4.33329
      vertex -34.3304 20 5.11109
      vertex -34.1314 20 4.86863
    endloop
  endfacet
  facet normal 0 1 0
    outer loop
      vertex -34.4782 20 5.38771
      vertex -35.7716 20 4.85195
      vertex -35.9424 20 5.41473
    endloop
  endfacet
  facet normal 0 1 0
    outer loop
      vertex -35.1213 20 3.87868
      vertex -34.1314 20 4.86863
      vertex -33.8889 20 4.66965
    endloop
  endfacet
  facet normal 0 1 0
    outer loop
      vertex -34.6667 20 3.50559
      vertex -33.8889 20 4.66965
      vertex -33.6123 20 4.52179
    endloop
  endfacet
  facet normal 0 1 0
    outer loop
      vertex -34.148 20 3.22836
      vertex -33.6123 20 4.52179
      vertex -33.3121 20 4.43074
    endloop
  endfacet
  facet normal 0 1 0
    outer loop
      vertex -34.3304 20 5.11109
      vertex -35.4944 20 4.33329
      vertex -35.7716 20 4.85195
    endloop
  endfacet
  facet normal 0 1 0
    outer loop
      vertex -33.5853 20 3.05764
      vertex -33.3121 20 4.43074
      vertex -33 20 4.4
    endloop
  endfacet
  facet normal 0 1 -0
    outer loop
      vertex -31.852 20 3.22836
      vertex -32.3877 20 4.52179
      vertex -31.3333 20 3.50559
    endloop
  endfacet
  facet normal 0 1 0
    outer loop
      vertex -32.3877 20 4.52179
      vertex -31.852 20 3.22836
      vertex -32.6879 20 4.43074
    endloop
  endfacet
  facet normal 0 1 0
    outer loop
      vertex -34.1314 20 4.86863
      vertex -35.1213 20 3.87868
      vertex -35.4944 20 4.33329
    endloop
  endfacet
  facet normal 0 1 -0
    outer loop
      vertex -32.4147 20 3.05764
      vertex -32.6879 20 4.43074
      vertex -31.852 20 3.22836
    endloop
  endfacet
  facet normal 0 1 0
    outer loop
      vertex -33.8889 20 4.66965
      vertex -34.6667 20 3.50559
      vertex -35.1213 20 3.87868
    endloop
  endfacet
  facet normal 0 1 0
    outer loop
      vertex -32.6879 20 4.43074
      vertex -32.4147 20 3.05764
      vertex -33 20 4.4
    endloop
  endfacet
  facet normal 0 1 0
    outer loop
      vertex -33.6123 20 4.52179
      vertex -34.148 20 3.22836
      vertex -34.6667 20 3.50559
    endloop
  endfacet
  facet normal 0 1 0
    outer loop
      vertex -33 20 3
      vertex -33 20 4.4
      vertex -32.4147 20 3.05764
    endloop
  endfacet
  facet normal 0 1 0
    outer loop
      vertex -33.3121 20 4.43074
      vertex -33.5853 20 3.05764
      vertex -34.148 20 3.22836
    endloop
  endfacet
  facet normal 0 1 0
    outer loop
      vertex -33 20 4.4
      vertex -33 20 3
      vertex -33.5853 20 3.05764
    endloop
  endfacet
  facet normal -0.881942 0 0.471358
    outer loop
      vertex -35.7716 12 7.14805
      vertex -35.4944 20 7.66671
      vertex -35.7716 20 7.14805
    endloop
  endfacet
  facet normal -0.881942 0 0.471358
    outer loop
      vertex -35.4944 20 7.66671
      vertex -35.7716 12 7.14805
      vertex -35.4944 12 7.66671
    endloop
  endfacet
  facet normal 0.290326 -6.39775e-20 -0.956928
    outer loop
      vertex -32.4147 12 3.05764
      vertex -31.852 20 3.22836
      vertex -31.852 12 3.22836
    endloop
  endfacet
  facet normal 0.290326 -6.39775e-20 -0.956928
    outer loop
      vertex -31.852 20 3.22836
      vertex -32.4147 12 3.05764
      vertex -32.4147 20 3.05764
    endloop
  endfacet
  facet normal 0 -1 0
    outer loop
      vertex -33 12 7.6
      vertex -33 12 9
      vertex -33.5853 12 8.94236
    endloop
  endfacet
  facet normal 0 -1 0
    outer loop
      vertex -33.3121 12 7.56926
      vertex -33.5853 12 8.94236
      vertex -34.148 12 8.77164
    endloop
  endfacet
  facet normal 0 -1 0
    outer loop
      vertex -33 12 9
      vertex -33 12 7.6
      vertex -32.4147 12 8.94236
    endloop
  endfacet
  facet normal 0 -1 0
    outer loop
      vertex -33.6123 12 7.47821
      vertex -34.148 12 8.77164
      vertex -34.6667 12 8.49441
    endloop
  endfacet
  facet normal 0 -1 0
    outer loop
      vertex -32.6879 12 7.56926
      vertex -32.4147 12 8.94236
      vertex -33 12 7.6
    endloop
  endfacet
  facet normal 0 -1 0
    outer loop
      vertex -33.8889 12 7.33035
      vertex -34.6667 12 8.49441
      vertex -35.1213 12 8.12132
    endloop
  endfacet
  facet normal 0 -1 -0
    outer loop
      vertex -32.4147 12 8.94236
      vertex -32.6879 12 7.56926
      vertex -31.852 12 8.77164
    endloop
  endfacet
  facet normal 0 -1 0
    outer loop
      vertex -34.1314 12 7.13137
      vertex -35.1213 12 8.12132
      vertex -35.4944 12 7.66671
    endloop
  endfacet
  facet normal 0 -1 0
    outer loop
      vertex -32.3877 12 7.47821
      vertex -31.852 12 8.77164
      vertex -32.6879 12 7.56926
    endloop
  endfacet
  facet normal 0 -1 -0
    outer loop
      vertex -31.852 12 8.77164
      vertex -32.3877 12 7.47821
      vertex -31.3333 12 8.49441
    endloop
  endfacet
  facet normal 0 -1 0
    outer loop
      vertex -33.5853 12 8.94236
      vertex -33.3121 12 7.56926
      vertex -33 12 7.6
    endloop
  endfacet
  facet normal 0 -1 0
    outer loop
      vertex -34.148 12 8.77164
      vertex -33.6123 12 7.47821
      vertex -33.3121 12 7.56926
    endloop
  endfacet
  facet normal 0 -1 0
    outer loop
      vertex -34.6667 12 8.49441
      vertex -33.8889 12 7.33035
      vertex -33.6123 12 7.47821
    endloop
  endfacet
  facet normal 0 -1 0
    outer loop
      vertex -34.3304 12 6.88891
      vertex -35.4944 12 7.66671
      vertex -35.7716 12 7.14805
    endloop
  endfacet
  facet normal 0 -1 0
    outer loop
      vertex -35.1213 12 8.12132
      vertex -34.1314 12 7.13137
      vertex -33.8889 12 7.33035
    endloop
  endfacet
  facet normal 0 -1 0
    outer loop
      vertex -35.4944 12 7.66671
      vertex -34.3304 12 6.88891
      vertex -34.1314 12 7.13137
    endloop
  endfacet
  facet normal 0 -1 0
    outer loop
      vertex -35.7716 12 7.14805
      vertex -34.4782 12 6.61229
      vertex -34.3304 12 6.88891
    endloop
  endfacet
  facet normal 0 -1 0
    outer loop
      vertex -35.9424 12 6.58527
      vertex -34.4782 12 6.61229
      vertex -35.7716 12 7.14805
    endloop
  endfacet
  facet normal 0 -1 0
    outer loop
      vertex -35.9424 12 6.58527
      vertex -34.5693 12 6.31214
      vertex -34.4782 12 6.61229
    endloop
  endfacet
  facet normal 0 -1 0
    outer loop
      vertex -36 12 6
      vertex -34.5693 12 6.31214
      vertex -35.9424 12 6.58527
    endloop
  endfacet
  facet normal 0 -1 0
    outer loop
      vertex -36 12 6
      vertex -34.6 12 6
      vertex -34.5693 12 6.31214
    endloop
  endfacet
  facet normal 0 -1 0
    outer loop
      vertex -36 12 6
      vertex -34.5693 12 5.68786
      vertex -34.6 12 6
    endloop
  endfacet
  facet normal 0 -1 0
    outer loop
      vertex -35.9424 12 5.41473
      vertex -34.5693 12 5.68786
      vertex -36 12 6
    endloop
  endfacet
  facet normal 0 -1 0
    outer loop
      vertex -35.9424 12 5.41473
      vertex -34.4782 12 5.38771
      vertex -34.5693 12 5.68786
    endloop
  endfacet
  facet normal 0 -1 0
    outer loop
      vertex -35.7716 12 4.85195
      vertex -34.4782 12 5.38771
      vertex -35.9424 12 5.41473
    endloop
  endfacet
  facet normal 0 -1 -0
    outer loop
      vertex -34.4782 12 5.38771
      vertex -35.7716 12 4.85195
      vertex -34.3304 12 5.11109
    endloop
  endfacet
  facet normal 0 -1 0
    outer loop
      vertex -35.4944 12 4.33329
      vertex -34.3304 12 5.11109
      vertex -35.7716 12 4.85195
    endloop
  endfacet
  facet normal 0 -1 -0
    outer loop
      vertex -34.3304 12 5.11109
      vertex -35.4944 12 4.33329
      vertex -34.1314 12 4.86863
    endloop
  endfacet
  facet normal 0 -1 0
    outer loop
      vertex -35.1213 12 3.87868
      vertex -34.1314 12 4.86863
      vertex -35.4944 12 4.33329
    endloop
  endfacet
  facet normal 0 -1 -0
    outer loop
      vertex -34.1314 12 4.86863
      vertex -35.1213 12 3.87868
      vertex -33.8889 12 4.66965
    endloop
  endfacet
  facet normal 0 -1 -0
    outer loop
      vertex -33.8889 12 4.66965
      vertex -34.6667 12 3.50559
      vertex -33.6123 12 4.52179
    endloop
  endfacet
  facet normal 0 -1 0
    outer loop
      vertex -34.6667 12 3.50559
      vertex -33.8889 12 4.66965
      vertex -35.1213 12 3.87868
    endloop
  endfacet
  facet normal 0 -1 0
    outer loop
      vertex -32.1111 12 7.33035
      vertex -31.3333 12 8.49441
      vertex -32.3877 12 7.47821
    endloop
  endfacet
  facet normal 0 -1 -0
    outer loop
      vertex -31.3333 12 8.49441
      vertex -32.1111 12 7.33035
      vertex -30.8787 12 8.12132
    endloop
  endfacet
  facet normal 0 -1 0
    outer loop
      vertex -31.8686 12 7.13137
      vertex -30.8787 12 8.12132
      vertex -32.1111 12 7.33035
    endloop
  endfacet
  facet normal 0 -1 -0
    outer loop
      vertex -30.8787 12 8.12132
      vertex -31.8686 12 7.13137
      vertex -30.5056 12 7.66671
    endloop
  endfacet
  facet normal 0 -1 0
    outer loop
      vertex -31.6696 12 6.88891
      vertex -30.5056 12 7.66671
      vertex -31.8686 12 7.13137
    endloop
  endfacet
  facet normal 0 -1 -0
    outer loop
      vertex -30.5056 12 7.66671
      vertex -31.6696 12 6.88891
      vertex -30.2284 12 7.14805
    endloop
  endfacet
  facet normal 0 -1 0
    outer loop
      vertex -31.5218 12 6.61229
      vertex -30.2284 12 7.14805
      vertex -31.6696 12 6.88891
    endloop
  endfacet
  facet normal 0 -1 0
    outer loop
      vertex -31.5218 12 6.61229
      vertex -30.0576 12 6.58527
      vertex -30.2284 12 7.14805
    endloop
  endfacet
  facet normal 0 -1 0
    outer loop
      vertex -31.4307 12 6.31214
      vertex -30.0576 12 6.58527
      vertex -31.5218 12 6.61229
    endloop
  endfacet
  facet normal 0 -1 0
    outer loop
      vertex -31.4 12 6
      vertex -30.0576 12 6.58527
      vertex -31.4307 12 6.31214
    endloop
  endfacet
  facet normal 0 -1 0
    outer loop
      vertex -31.4 12 6
      vertex -30 12 6
      vertex -30.0576 12 6.58527
    endloop
  endfacet
  facet normal 0 -1 0
    outer loop
      vertex -31.4307 12 5.68786
      vertex -30 12 6
      vertex -31.4 12 6
    endloop
  endfacet
  facet normal 0 -1 0
    outer loop
      vertex -31.4307 12 5.68786
      vertex -30.0576 12 5.41473
      vertex -30 12 6
    endloop
  endfacet
  facet normal 0 -1 0
    outer loop
      vertex -31.5218 12 5.38771
      vertex -30.0576 12 5.41473
      vertex -31.4307 12 5.68786
    endloop
  endfacet
  facet normal 0 -1 0
    outer loop
      vertex -30.2284 12 4.85195
      vertex -31.5218 12 5.38771
      vertex -31.6696 12 5.11109
    endloop
  endfacet
  facet normal 0 -1 0
    outer loop
      vertex -30.5056 12 4.33329
      vertex -31.6696 12 5.11109
      vertex -31.8686 12 4.86863
    endloop
  endfacet
  facet normal 0 -1 0
    outer loop
      vertex -31.5218 12 5.38771
      vertex -30.2284 12 4.85195
      vertex -30.0576 12 5.41473
    endloop
  endfacet
  facet normal 0 -1 0
    outer loop
      vertex -30.8787 12 3.87868
      vertex -31.8686 12 4.86863
      vertex -32.1111 12 4.66965
    endloop
  endfacet
  facet normal 0 -1 0
    outer loop
      vertex -31.3333 12 3.50559
      vertex -32.1111 12 4.66965
      vertex -32.3877 12 4.52179
    endloop
  endfacet
  facet normal 0 -1 0
    outer loop
      vertex -31.852 12 3.22836
      vertex -32.3877 12 4.52179
      vertex -32.6879 12 4.43074
    endloop
  endfacet
  facet normal 0 -1 0
    outer loop
      vertex -31.6696 12 5.11109
      vertex -30.5056 12 4.33329
      vertex -30.2284 12 4.85195
    endloop
  endfacet
  facet normal 0 -1 0
    outer loop
      vertex -32.4147 12 3.05764
      vertex -32.6879 12 4.43074
      vertex -33 12 4.4
    endloop
  endfacet
  facet normal 0 -1 0
    outer loop
      vertex -34.148 12 3.22836
      vertex -33.6123 12 4.52179
      vertex -34.6667 12 3.50559
    endloop
  endfacet
  facet normal 0 -1 -0
    outer loop
      vertex -33.6123 12 4.52179
      vertex -34.148 12 3.22836
      vertex -33.3121 12 4.43074
    endloop
  endfacet
  facet normal 0 -1 0
    outer loop
      vertex -31.8686 12 4.86863
      vertex -30.8787 12 3.87868
      vertex -30.5056 12 4.33329
    endloop
  endfacet
  facet normal 0 -1 0
    outer loop
      vertex -33.5853 12 3.05764
      vertex -33.3121 12 4.43074
      vertex -34.148 12 3.22836
    endloop
  endfacet
  facet normal 0 -1 0
    outer loop
      vertex -32.1111 12 4.66965
      vertex -31.3333 12 3.50559
      vertex -30.8787 12 3.87868
    endloop
  endfacet
  facet normal 0 -1 -0
    outer loop
      vertex -33.3121 12 4.43074
      vertex -33.5853 12 3.05764
      vertex -33 12 4.4
    endloop
  endfacet
  facet normal 0 -1 0
    outer loop
      vertex -32.3877 12 4.52179
      vertex -31.852 12 3.22836
      vertex -31.3333 12 3.50559
    endloop
  endfacet
  facet normal 0 -1 0
    outer loop
      vertex -33 12 3
      vertex -33 12 4.4
      vertex -33.5853 12 3.05764
    endloop
  endfacet
  facet normal 0 -1 0
    outer loop
      vertex -32.6879 12 4.43074
      vertex -32.4147 12 3.05764
      vertex -31.852 12 3.22836
    endloop
  endfacet
  facet normal 0 -1 0
    outer loop
      vertex -33 12 4.4
      vertex -33 12 3
      vertex -32.4147 12 3.05764
    endloop
  endfacet
  facet normal -0.290326 9.36255e-19 -0.956928
    outer loop
      vertex -34.148 12 3.22836
      vertex -33.5853 20 3.05764
      vertex -33.5853 12 3.05764
    endloop
  endfacet
  facet normal -0.290326 9.36255e-19 -0.956928
    outer loop
      vertex -33.5853 20 3.05764
      vertex -34.148 12 3.22836
      vertex -34.148 20 3.22836
    endloop
  endfacet
  facet normal 0.956901 0 -0.290413
    outer loop
      vertex -30.0576 12 5.41473
      vertex -30.2284 20 4.85195
      vertex -30.0576 20 5.41473
    endloop
  endfacet
  facet normal 0.956901 0 -0.290413
    outer loop
      vertex -30.2284 20 4.85195
      vertex -30.0576 12 5.41473
      vertex -30.2284 12 4.85195
    endloop
  endfacet
  facet normal 0.773001 -0 0.634405
    outer loop
      vertex -30.8787 12 8.12132
      vertex -30.5056 20 7.66671
      vertex -30.8787 20 8.12132
    endloop
  endfacet
  facet normal 0.773001 0 0.634405
    outer loop
      vertex -30.5056 20 7.66671
      vertex -30.8787 12 8.12132
      vertex -30.5056 12 7.66671
    endloop
  endfacet
  facet normal 0.634403 2.23187e-18 -0.773003
    outer loop
      vertex -31.3333 12 3.50559
      vertex -30.8787 20 3.87868
      vertex -30.8787 12 3.87868
    endloop
  endfacet
  facet normal 0.634403 2.23187e-18 -0.773003
    outer loop
      vertex -30.8787 20 3.87868
      vertex -31.3333 12 3.50559
      vertex -31.3333 20 3.50559
    endloop
  endfacet
  facet normal -0.471369 -1.97706e-18 0.881936
    outer loop
      vertex -34.6667 20 8.49441
      vertex -34.148 12 8.77164
      vertex -34.148 20 8.77164
    endloop
  endfacet
  facet normal -0.471369 -1.97706e-18 0.881936
    outer loop
      vertex -34.148 12 8.77164
      vertex -34.6667 20 8.49441
      vertex -34.6667 12 8.49441
    endloop
  endfacet
  facet normal -0.634403 2.22528e-18 -0.773003
    outer loop
      vertex -35.1213 12 3.87868
      vertex -34.6667 20 3.50559
      vertex -34.6667 12 3.50559
    endloop
  endfacet
  facet normal -0.634403 2.22528e-18 -0.773003
    outer loop
      vertex -34.6667 20 3.50559
      vertex -35.1213 12 3.87868
      vertex -35.1213 20 3.87868
    endloop
  endfacet
  facet normal -0.0980053 6.93771e-19 0.995186
    outer loop
      vertex -33.5853 20 8.94236
      vertex -33 12 9
      vertex -33 20 9
    endloop
  endfacet
  facet normal -0.0980053 6.93771e-19 0.995186
    outer loop
      vertex -33 12 9
      vertex -33.5853 20 8.94236
      vertex -33.5853 12 8.94236
    endloop
  endfacet
  facet normal 0.881942 0 -0.471358
    outer loop
      vertex -30.2284 12 4.85195
      vertex -30.5056 20 4.33329
      vertex -30.2284 20 4.85195
    endloop
  endfacet
  facet normal 0.881942 0 -0.471358
    outer loop
      vertex -30.5056 20 4.33329
      vertex -30.2284 12 4.85195
      vertex -30.5056 12 4.33329
    endloop
  endfacet
  facet normal -0.956901 0 -0.290413
    outer loop
      vertex -35.7716 12 4.85195
      vertex -35.9424 20 5.41473
      vertex -35.7716 20 4.85195
    endloop
  endfacet
  facet normal -0.956901 -0 -0.290413
    outer loop
      vertex -35.9424 20 5.41473
      vertex -35.7716 12 4.85195
      vertex -35.9424 12 5.41473
    endloop
  endfacet
  facet normal -0.995192 0 -0.0979429
    outer loop
      vertex -35.9424 12 5.41473
      vertex -36 20 6
      vertex -35.9424 20 5.41473
    endloop
  endfacet
  facet normal -0.995192 -0 -0.0979429
    outer loop
      vertex -36 20 6
      vertex -35.9424 12 5.41473
      vertex -36 12 6
    endloop
  endfacet
  facet normal -0.773001 0 -0.634405
    outer loop
      vertex -35.1213 12 3.87868
      vertex -35.4944 20 4.33329
      vertex -35.1213 20 3.87868
    endloop
  endfacet
  facet normal -0.773001 -0 -0.634405
    outer loop
      vertex -35.4944 20 4.33329
      vertex -35.1213 12 3.87868
      vertex -35.4944 12 4.33329
    endloop
  endfacet
  facet normal -0.773001 0 0.634405
    outer loop
      vertex -35.4944 12 7.66671
      vertex -35.1213 20 8.12132
      vertex -35.4944 20 7.66671
    endloop
  endfacet
  facet normal -0.773001 0 0.634405
    outer loop
      vertex -35.1213 20 8.12132
      vertex -35.4944 12 7.66671
      vertex -35.1213 12 8.12132
    endloop
  endfacet
  facet normal -0.956901 0 0.290413
    outer loop
      vertex -35.9424 12 6.58527
      vertex -35.7716 20 7.14805
      vertex -35.9424 20 6.58527
    endloop
  endfacet
  facet normal -0.956901 0 0.290413
    outer loop
      vertex -35.7716 20 7.14805
      vertex -35.9424 12 6.58527
      vertex -35.7716 12 7.14805
    endloop
  endfacet
  facet normal -0.995192 0 0.0979429
    outer loop
      vertex -36 12 6
      vertex -35.9424 20 6.58527
      vertex -36 20 6
    endloop
  endfacet
  facet normal -0.995192 0 0.0979429
    outer loop
      vertex -35.9424 20 6.58527
      vertex -36 12 6
      vertex -35.9424 12 6.58527
    endloop
  endfacet
  facet normal -0.956896 0 -0.290432
    outer loop
      vertex -31.4307 12 6.31214
      vertex -31.5218 20 6.61229
      vertex -31.4307 20 6.31214
    endloop
  endfacet
  facet normal -0.956896 -0 -0.290432
    outer loop
      vertex -31.5218 20 6.61229
      vertex -31.4307 12 6.31214
      vertex -31.5218 12 6.61229
    endloop
  endfacet
  facet normal -0.995198 0 -0.097881
    outer loop
      vertex -31.4 12 6
      vertex -31.4307 20 6.31214
      vertex -31.4 20 6
    endloop
  endfacet
  facet normal -0.995198 -0 -0.097881
    outer loop
      vertex -31.4307 20 6.31214
      vertex -31.4 12 6
      vertex -31.4307 12 6.31214
    endloop
  endfacet
  facet normal -0.881996 0 -0.471257
    outer loop
      vertex -31.5218 12 6.61229
      vertex -31.6696 20 6.88891
      vertex -31.5218 20 6.61229
    endloop
  endfacet
  facet normal -0.881996 -0 -0.471257
    outer loop
      vertex -31.6696 20 6.88891
      vertex -31.5218 12 6.61229
      vertex -31.6696 12 6.88891
    endloop
  endfacet
  facet normal 0.634327 -9.68381e-19 -0.773065
    outer loop
      vertex -34.1314 12 7.13137
      vertex -33.8889 20 7.33035
      vertex -33.8889 12 7.33035
    endloop
  endfacet
  facet normal 0.634327 -9.68381e-19 -0.773065
    outer loop
      vertex -33.8889 20 7.33035
      vertex -34.1314 12 7.13137
      vertex -34.1314 20 7.13137
    endloop
  endfacet
  facet normal -0.290242 4.77524e-19 -0.956953
    outer loop
      vertex -32.6879 12 7.56926
      vertex -32.3877 20 7.47821
      vertex -32.3877 12 7.47821
    endloop
  endfacet
  facet normal -0.290242 4.77524e-19 -0.956953
    outer loop
      vertex -32.3877 20 7.47821
      vertex -32.6879 12 7.56926
      vertex -32.6879 20 7.56926
    endloop
  endfacet
  facet normal -0.772982 0 -0.634428
    outer loop
      vertex -31.6696 12 6.88891
      vertex -31.8686 20 7.13137
      vertex -31.6696 20 6.88891
    endloop
  endfacet
  facet normal -0.772982 -0 -0.634428
    outer loop
      vertex -31.8686 20 7.13137
      vertex -31.6696 12 6.88891
      vertex -31.8686 12 7.13137
    endloop
  endfacet
  facet normal 0.772982 0 -0.634428
    outer loop
      vertex -34.1314 12 7.13137
      vertex -34.3304 20 6.88891
      vertex -34.1314 20 7.13137
    endloop
  endfacet
  facet normal 0.772982 0 -0.634428
    outer loop
      vertex -34.3304 20 6.88891
      vertex -34.1314 12 7.13137
      vertex -34.3304 12 6.88891
    endloop
  endfacet
  facet normal 0.881996 -0 0.471257
    outer loop
      vertex -34.4782 12 5.38771
      vertex -34.3304 20 5.11109
      vertex -34.4782 20 5.38771
    endloop
  endfacet
  facet normal 0.881996 0 0.471257
    outer loop
      vertex -34.3304 20 5.11109
      vertex -34.4782 12 5.38771
      vertex -34.3304 12 5.11109
    endloop
  endfacet
  facet normal -0.881996 0 0.471257
    outer loop
      vertex -31.6696 12 5.11109
      vertex -31.5218 20 5.38771
      vertex -31.6696 20 5.11109
    endloop
  endfacet
  facet normal -0.881996 0 0.471257
    outer loop
      vertex -31.5218 20 5.38771
      vertex -31.6696 12 5.11109
      vertex -31.5218 12 5.38771
    endloop
  endfacet
  facet normal 0.290242 -4.77524e-19 -0.956953
    outer loop
      vertex -33.6123 12 7.47821
      vertex -33.3121 20 7.56926
      vertex -33.3121 12 7.56926
    endloop
  endfacet
  facet normal 0.290242 -4.77524e-19 -0.956953
    outer loop
      vertex -33.3121 20 7.56926
      vertex -33.6123 12 7.47821
      vertex -33.6123 20 7.47821
    endloop
  endfacet
  facet normal -0.290242 -4.77524e-19 0.956953
    outer loop
      vertex -32.6879 20 4.43074
      vertex -32.3877 12 4.52179
      vertex -32.3877 20 4.52179
    endloop
  endfacet
  facet normal -0.290242 -4.77524e-19 0.956953
    outer loop
      vertex -32.3877 12 4.52179
      vertex -32.6879 20 4.43074
      vertex -32.6879 12 4.43074
    endloop
  endfacet
  facet normal -0.634327 9.68381e-19 -0.773065
    outer loop
      vertex -32.1111 12 7.33035
      vertex -31.8686 20 7.13137
      vertex -31.8686 12 7.13137
    endloop
  endfacet
  facet normal -0.634327 9.68381e-19 -0.773065
    outer loop
      vertex -31.8686 20 7.13137
      vertex -32.1111 12 7.33035
      vertex -32.1111 20 7.33035
    endloop
  endfacet
  facet normal -0.634327 -9.68381e-19 0.773065
    outer loop
      vertex -32.1111 20 4.66965
      vertex -31.8686 12 4.86863
      vertex -31.8686 20 4.86863
    endloop
  endfacet
  facet normal -0.634327 -9.68381e-19 0.773065
    outer loop
      vertex -31.8686 12 4.86863
      vertex -32.1111 20 4.66965
      vertex -32.1111 12 4.66965
    endloop
  endfacet
  facet normal -0.471432 7.40199e-19 0.881902
    outer loop
      vertex -32.3877 20 4.52179
      vertex -32.1111 12 4.66965
      vertex -32.1111 20 4.66965
    endloop
  endfacet
  facet normal -0.471432 7.40199e-19 0.881902
    outer loop
      vertex -32.1111 12 4.66965
      vertex -32.3877 20 4.52179
      vertex -32.3877 12 4.52179
    endloop
  endfacet
  facet normal 0.634327 9.68381e-19 0.773065
    outer loop
      vertex -34.1314 20 4.86863
      vertex -33.8889 12 4.66965
      vertex -33.8889 20 4.66965
    endloop
  endfacet
  facet normal 0.634327 9.68381e-19 0.773065
    outer loop
      vertex -33.8889 12 4.66965
      vertex -34.1314 20 4.86863
      vertex -34.1314 12 4.86863
    endloop
  endfacet
  facet normal -0.772982 0 0.634428
    outer loop
      vertex -31.8686 12 4.86863
      vertex -31.6696 20 5.11109
      vertex -31.8686 20 4.86863
    endloop
  endfacet
  facet normal -0.772982 0 0.634428
    outer loop
      vertex -31.6696 20 5.11109
      vertex -31.8686 12 4.86863
      vertex -31.6696 12 5.11109
    endloop
  endfacet
  facet normal -0.995198 0 0.097881
    outer loop
      vertex -31.4307 12 5.68786
      vertex -31.4 20 6
      vertex -31.4307 20 5.68786
    endloop
  endfacet
  facet normal -0.995198 0 0.097881
    outer loop
      vertex -31.4 20 6
      vertex -31.4307 12 5.68786
      vertex -31.4 12 6
    endloop
  endfacet
  facet normal -0.956896 0 0.290432
    outer loop
      vertex -31.5218 12 5.38771
      vertex -31.4307 20 5.68786
      vertex -31.5218 20 5.38771
    endloop
  endfacet
  facet normal -0.956896 0 0.290432
    outer loop
      vertex -31.4307 20 5.68786
      vertex -31.5218 12 5.38771
      vertex -31.4307 12 5.68786
    endloop
  endfacet
  facet normal 0.471432 7.40199e-19 -0.881902
    outer loop
      vertex -33.8889 12 7.33035
      vertex -33.6123 20 7.47821
      vertex -33.6123 12 7.47821
    endloop
  endfacet
  facet normal 0.471432 7.40199e-19 -0.881902
    outer loop
      vertex -33.6123 20 7.47821
      vertex -33.8889 12 7.33035
      vertex -33.8889 20 7.33035
    endloop
  endfacet
  facet normal -0.471432 -7.40199e-19 -0.881902
    outer loop
      vertex -32.3877 12 7.47821
      vertex -32.1111 20 7.33035
      vertex -32.1111 12 7.33035
    endloop
  endfacet
  facet normal -0.471432 -7.40199e-19 -0.881902
    outer loop
      vertex -32.1111 20 7.33035
      vertex -32.3877 12 7.47821
      vertex -32.3877 20 7.47821
    endloop
  endfacet
  facet normal 0.956896 0 -0.290432
    outer loop
      vertex -34.4782 12 6.61229
      vertex -34.5693 20 6.31214
      vertex -34.4782 20 6.61229
    endloop
  endfacet
  facet normal 0.956896 0 -0.290432
    outer loop
      vertex -34.5693 20 6.31214
      vertex -34.4782 12 6.61229
      vertex -34.5693 12 6.31214
    endloop
  endfacet
  facet normal -0.0980198 -2.22691e-19 0.995184
    outer loop
      vertex -33 20 4.4
      vertex -32.6879 12 4.43074
      vertex -32.6879 20 4.43074
    endloop
  endfacet
  facet normal -0.0980198 -2.22691e-19 0.995184
    outer loop
      vertex -32.6879 12 4.43074
      vertex -33 20 4.4
      vertex -33 12 4.4
    endloop
  endfacet
  facet normal 0.0980198 -2.22691e-19 -0.995184
    outer loop
      vertex -33.3121 12 7.56926
      vertex -33 20 7.6
      vertex -33 12 7.6
    endloop
  endfacet
  facet normal 0.0980198 -2.22691e-19 -0.995184
    outer loop
      vertex -33 20 7.6
      vertex -33.3121 12 7.56926
      vertex -33.3121 20 7.56926
    endloop
  endfacet
  facet normal 0.881996 0 -0.471257
    outer loop
      vertex -34.3304 12 6.88891
      vertex -34.4782 20 6.61229
      vertex -34.3304 20 6.88891
    endloop
  endfacet
  facet normal 0.881996 0 -0.471257
    outer loop
      vertex -34.4782 20 6.61229
      vertex -34.3304 12 6.88891
      vertex -34.4782 12 6.61229
    endloop
  endfacet
  facet normal 0.956896 -0 0.290432
    outer loop
      vertex -34.5693 12 5.68786
      vertex -34.4782 20 5.38771
      vertex -34.5693 20 5.68786
    endloop
  endfacet
  facet normal 0.956896 0 0.290432
    outer loop
      vertex -34.4782 20 5.38771
      vertex -34.5693 12 5.68786
      vertex -34.4782 12 5.38771
    endloop
  endfacet
  facet normal 0.995198 -0 0.097881
    outer loop
      vertex -34.6 12 6
      vertex -34.5693 20 5.68786
      vertex -34.6 20 6
    endloop
  endfacet
  facet normal 0.995198 0 0.097881
    outer loop
      vertex -34.5693 20 5.68786
      vertex -34.6 12 6
      vertex -34.5693 12 5.68786
    endloop
  endfacet
  facet normal 0.772982 -0 0.634428
    outer loop
      vertex -34.3304 12 5.11109
      vertex -34.1314 20 4.86863
      vertex -34.3304 20 5.11109
    endloop
  endfacet
  facet normal 0.772982 0 0.634428
    outer loop
      vertex -34.1314 20 4.86863
      vertex -34.3304 12 5.11109
      vertex -34.1314 12 4.86863
    endloop
  endfacet
  facet normal 0.471432 -7.40199e-19 0.881902
    outer loop
      vertex -33.8889 20 4.66965
      vertex -33.6123 12 4.52179
      vertex -33.6123 20 4.52179
    endloop
  endfacet
  facet normal 0.471432 -7.40199e-19 0.881902
    outer loop
      vertex -33.6123 12 4.52179
      vertex -33.8889 20 4.66965
      vertex -33.8889 12 4.66965
    endloop
  endfacet
  facet normal -0.0980198 2.22691e-19 -0.995184
    outer loop
      vertex -33 12 7.6
      vertex -32.6879 20 7.56926
      vertex -32.6879 12 7.56926
    endloop
  endfacet
  facet normal -0.0980198 2.22691e-19 -0.995184
    outer loop
      vertex -32.6879 20 7.56926
      vertex -33 12 7.6
      vertex -33 20 7.6
    endloop
  endfacet
  facet normal 0.995198 0 -0.097881
    outer loop
      vertex -34.5693 12 6.31214
      vertex -34.6 20 6
      vertex -34.5693 20 6.31214
    endloop
  endfacet
  facet normal 0.995198 0 -0.097881
    outer loop
      vertex -34.6 20 6
      vertex -34.5693 12 6.31214
      vertex -34.6 12 6
    endloop
  endfacet
  facet normal 0.0980198 2.22691e-19 0.995184
    outer loop
      vertex -33.3121 20 4.43074
      vertex -33 12 4.4
      vertex -33 20 4.4
    endloop
  endfacet
  facet normal 0.0980198 2.22691e-19 0.995184
    outer loop
      vertex -33 12 4.4
      vertex -33.3121 20 4.43074
      vertex -33.3121 12 4.43074
    endloop
  endfacet
  facet normal 0.290242 4.77524e-19 0.956953
    outer loop
      vertex -33.6123 20 4.52179
      vertex -33.3121 12 4.43074
      vertex -33.3121 20 4.43074
    endloop
  endfacet
  facet normal 0.290242 4.77524e-19 0.956953
    outer loop
      vertex -33.3121 12 4.43074
      vertex -33.6123 20 4.52179
      vertex -33.6123 12 4.52179
    endloop
  endfacet
  facet normal 0.471329 -1.6383e-18 0.881957
    outer loop
      vertex -31.852 20 51.7716
      vertex -31.3333 12 51.4944
      vertex -31.3333 20 51.4944
    endloop
  endfacet
  facet normal 0.471329 -1.6383e-18 0.881957
    outer loop
      vertex -31.3333 12 51.4944
      vertex -31.852 20 51.7716
      vertex -31.852 12 51.7716
    endloop
  endfacet
  facet normal 0.95689 -0 0.290451
    outer loop
      vertex -30.2284 12 50.148
      vertex -30.0576 20 49.5853
      vertex -30.2284 20 50.148
    endloop
  endfacet
  facet normal 0.95689 0 0.290451
    outer loop
      vertex -30.0576 20 49.5853
      vertex -30.2284 12 50.148
      vertex -30.0576 12 49.5853
    endloop
  endfacet
  facet normal 0.995193 -0 0.097938
    outer loop
      vertex -30.0576 12 49.5853
      vertex -30 20 49
      vertex -30.0576 20 49.5853
    endloop
  endfacet
  facet normal 0.995193 0 0.097938
    outer loop
      vertex -30 20 49
      vertex -30.0576 12 49.5853
      vertex -30 12 49
    endloop
  endfacet
  facet normal 0.881957 -0 0.471329
    outer loop
      vertex -30.5056 12 50.6667
      vertex -30.2284 20 50.148
      vertex -30.5056 20 50.6667
    endloop
  endfacet
  facet normal 0.881957 0 0.471329
    outer loop
      vertex -30.2284 20 50.148
      vertex -30.5056 12 50.6667
      vertex -30.2284 12 50.148
    endloop
  endfacet
  facet normal 0.097938 -4.20638e-19 0.995193
    outer loop
      vertex -33 20 52
      vertex -32.4147 12 51.9424
      vertex -32.4147 20 51.9424
    endloop
  endfacet
  facet normal 0.097938 -4.20638e-19 0.995193
    outer loop
      vertex -32.4147 12 51.9424
      vertex -33 20 52
      vertex -33 12 52
    endloop
  endfacet
  facet normal 0.097938 4.20638e-19 -0.995193
    outer loop
      vertex -33 12 46
      vertex -32.4147 20 46.0576
      vertex -32.4147 12 46.0576
    endloop
  endfacet
  facet normal 0.097938 4.20638e-19 -0.995193
    outer loop
      vertex -32.4147 20 46.0576
      vertex -33 12 46
      vertex -33 20 46
    endloop
  endfacet
  facet normal 0.290451 1.16787e-18 0.95689
    outer loop
      vertex -32.4147 20 51.9424
      vertex -31.852 12 51.7716
      vertex -31.852 20 51.7716
    endloop
  endfacet
  facet normal 0.290451 1.16787e-18 0.95689
    outer loop
      vertex -31.852 12 51.7716
      vertex -32.4147 20 51.9424
      vertex -32.4147 12 51.9424
    endloop
  endfacet
  facet normal 0.634413 -1.23722e-18 0.772994
    outer loop
      vertex -31.3333 20 51.4944
      vertex -30.8787 12 51.1213
      vertex -30.8787 20 51.1213
    endloop
  endfacet
  facet normal 0.634413 -1.23722e-18 0.772994
    outer loop
      vertex -30.8787 12 51.1213
      vertex -31.3333 20 51.4944
      vertex -31.3333 12 51.4944
    endloop
  endfacet
  facet normal 0.772994 0 -0.634413
    outer loop
      vertex -30.5056 12 47.3333
      vertex -30.8787 20 46.8787
      vertex -30.5056 20 47.3333
    endloop
  endfacet
  facet normal 0.772994 0 -0.634413
    outer loop
      vertex -30.8787 20 46.8787
      vertex -30.5056 12 47.3333
      vertex -30.8787 12 46.8787
    endloop
  endfacet
  facet normal -0.634413 2.67195e-18 0.772994
    outer loop
      vertex -35.1213 20 51.1213
      vertex -34.6667 12 51.4944
      vertex -34.6667 20 51.4944
    endloop
  endfacet
  facet normal -0.634413 2.67195e-18 0.772994
    outer loop
      vertex -34.6667 12 51.4944
      vertex -35.1213 20 51.1213
      vertex -35.1213 12 51.1213
    endloop
  endfacet
  facet normal 0.471329 1.6383e-18 -0.881957
    outer loop
      vertex -31.852 12 46.2284
      vertex -31.3333 20 46.5056
      vertex -31.3333 12 46.5056
    endloop
  endfacet
  facet normal 0.471329 1.6383e-18 -0.881957
    outer loop
      vertex -31.3333 20 46.5056
      vertex -31.852 12 46.2284
      vertex -31.852 20 46.2284
    endloop
  endfacet
  facet normal -0.881957 0 -0.471329
    outer loop
      vertex -35.4944 12 47.3333
      vertex -35.7716 20 47.852
      vertex -35.4944 20 47.3333
    endloop
  endfacet
  facet normal -0.881957 -0 -0.471329
    outer loop
      vertex -35.7716 20 47.852
      vertex -35.4944 12 47.3333
      vertex -35.7716 12 47.852
    endloop
  endfacet
  facet normal 0.995193 0 -0.097938
    outer loop
      vertex -30 12 49
      vertex -30.0576 20 48.4147
      vertex -30 20 49
    endloop
  endfacet
  facet normal 0.995193 0 -0.097938
    outer loop
      vertex -30.0576 20 48.4147
      vertex -30 12 49
      vertex -30.0576 12 48.4147
    endloop
  endfacet
  facet normal -0.471329 1.20275e-18 -0.881957
    outer loop
      vertex -34.6667 12 46.5056
      vertex -34.148 20 46.2284
      vertex -34.148 12 46.2284
    endloop
  endfacet
  facet normal -0.471329 1.20275e-18 -0.881957
    outer loop
      vertex -34.148 20 46.2284
      vertex -34.6667 12 46.5056
      vertex -34.6667 20 46.5056
    endloop
  endfacet
  facet normal -0.290451 9.70258e-19 0.95689
    outer loop
      vertex -34.148 20 51.7716
      vertex -33.5853 12 51.9424
      vertex -33.5853 20 51.9424
    endloop
  endfacet
  facet normal -0.290451 9.70258e-19 0.95689
    outer loop
      vertex -33.5853 12 51.9424
      vertex -34.148 20 51.7716
      vertex -34.148 12 51.7716
    endloop
  endfacet
  facet normal -0.097938 -4.20638e-19 -0.995193
    outer loop
      vertex -33.5853 12 46.0576
      vertex -33 20 46
      vertex -33 12 46
    endloop
  endfacet
  facet normal -0.097938 -4.20638e-19 -0.995193
    outer loop
      vertex -33 20 46
      vertex -33.5853 12 46.0576
      vertex -33.5853 20 46.0576
    endloop
  endfacet
  facet normal 0 1 0
    outer loop
      vertex -33 20 50.6
      vertex -33 20 52
      vertex -32.4147 20 51.9424
    endloop
  endfacet
  facet normal 0 1 0
    outer loop
      vertex -32.6879 20 50.5693
      vertex -32.4147 20 51.9424
      vertex -31.852 20 51.7716
    endloop
  endfacet
  facet normal 0 1 0
    outer loop
      vertex -33 20 52
      vertex -33 20 50.6
      vertex -33.5853 20 51.9424
    endloop
  endfacet
  facet normal 0 1 0
    outer loop
      vertex -32.3877 20 50.4782
      vertex -31.852 20 51.7716
      vertex -31.3333 20 51.4944
    endloop
  endfacet
  facet normal 0 1 -0
    outer loop
      vertex -33.3121 20 50.5693
      vertex -33.5853 20 51.9424
      vertex -33 20 50.6
    endloop
  endfacet
  facet normal 0 1 0
    outer loop
      vertex -32.1111 20 50.3304
      vertex -31.3333 20 51.4944
      vertex -30.8787 20 51.1213
    endloop
  endfacet
  facet normal 0 1 0
    outer loop
      vertex -33.5853 20 51.9424
      vertex -33.3121 20 50.5693
      vertex -34.148 20 51.7716
    endloop
  endfacet
  facet normal 0 1 0
    outer loop
      vertex -31.8686 20 50.1314
      vertex -30.8787 20 51.1213
      vertex -30.5056 20 50.6667
    endloop
  endfacet
  facet normal 0 1 -0
    outer loop
      vertex -33.6123 20 50.4782
      vertex -34.148 20 51.7716
      vertex -33.3121 20 50.5693
    endloop
  endfacet
  facet normal 0 1 0
    outer loop
      vertex -34.148 20 51.7716
      vertex -33.6123 20 50.4782
      vertex -34.6667 20 51.4944
    endloop
  endfacet
  facet normal 0 1 0
    outer loop
      vertex -32.4147 20 51.9424
      vertex -32.6879 20 50.5693
      vertex -33 20 50.6
    endloop
  endfacet
  facet normal 0 1 0
    outer loop
      vertex -31.852 20 51.7716
      vertex -32.3877 20 50.4782
      vertex -32.6879 20 50.5693
    endloop
  endfacet
  facet normal 0 1 0
    outer loop
      vertex -31.3333 20 51.4944
      vertex -32.1111 20 50.3304
      vertex -32.3877 20 50.4782
    endloop
  endfacet
  facet normal 0 1 0
    outer loop
      vertex -31.6696 20 49.8889
      vertex -30.5056 20 50.6667
      vertex -30.2284 20 50.148
    endloop
  endfacet
  facet normal 0 1 0
    outer loop
      vertex -30.8787 20 51.1213
      vertex -31.8686 20 50.1314
      vertex -32.1111 20 50.3304
    endloop
  endfacet
  facet normal 0 1 0
    outer loop
      vertex -30.5056 20 50.6667
      vertex -31.6696 20 49.8889
      vertex -31.8686 20 50.1314
    endloop
  endfacet
  facet normal 0 1 0
    outer loop
      vertex -30.2284 20 50.148
      vertex -31.5218 20 49.6123
      vertex -31.6696 20 49.8889
    endloop
  endfacet
  facet normal 0 1 0
    outer loop
      vertex -30.0576 20 49.5853
      vertex -31.5218 20 49.6123
      vertex -30.2284 20 50.148
    endloop
  endfacet
  facet normal 0 1 0
    outer loop
      vertex -30.0576 20 49.5853
      vertex -31.4307 20 49.3121
      vertex -31.5218 20 49.6123
    endloop
  endfacet
  facet normal 0 1 0
    outer loop
      vertex -30 20 49
      vertex -31.4307 20 49.3121
      vertex -30.0576 20 49.5853
    endloop
  endfacet
  facet normal 0 1 0
    outer loop
      vertex -30 20 49
      vertex -31.4 20 49
      vertex -31.4307 20 49.3121
    endloop
  endfacet
  facet normal 0 1 0
    outer loop
      vertex -30 20 49
      vertex -31.4307 20 48.6879
      vertex -31.4 20 49
    endloop
  endfacet
  facet normal 0 1 -0
    outer loop
      vertex -30.0576 20 48.4147
      vertex -31.4307 20 48.6879
      vertex -30 20 49
    endloop
  endfacet
  facet normal 0 1 0
    outer loop
      vertex -30.0576 20 48.4147
      vertex -31.5218 20 48.3877
      vertex -31.4307 20 48.6879
    endloop
  endfacet
  facet normal 0 1 -0
    outer loop
      vertex -30.2284 20 47.852
      vertex -31.5218 20 48.3877
      vertex -30.0576 20 48.4147
    endloop
  endfacet
  facet normal 0 1 0
    outer loop
      vertex -31.5218 20 48.3877
      vertex -30.2284 20 47.852
      vertex -31.6696 20 48.1111
    endloop
  endfacet
  facet normal 0 1 -0
    outer loop
      vertex -30.5056 20 47.3333
      vertex -31.6696 20 48.1111
      vertex -30.2284 20 47.852
    endloop
  endfacet
  facet normal 0 1 0
    outer loop
      vertex -31.6696 20 48.1111
      vertex -30.5056 20 47.3333
      vertex -31.8686 20 47.8686
    endloop
  endfacet
  facet normal 0 1 -0
    outer loop
      vertex -30.8787 20 46.8787
      vertex -31.8686 20 47.8686
      vertex -30.5056 20 47.3333
    endloop
  endfacet
  facet normal 0 1 0
    outer loop
      vertex -31.8686 20 47.8686
      vertex -30.8787 20 46.8787
      vertex -32.1111 20 47.6696
    endloop
  endfacet
  facet normal 0 1 0
    outer loop
      vertex -32.1111 20 47.6696
      vertex -31.3333 20 46.5056
      vertex -32.3877 20 47.5218
    endloop
  endfacet
  facet normal 0 1 -0
    outer loop
      vertex -31.3333 20 46.5056
      vertex -32.1111 20 47.6696
      vertex -30.8787 20 46.8787
    endloop
  endfacet
  facet normal 0 1 -0
    outer loop
      vertex -33.8889 20 50.3304
      vertex -34.6667 20 51.4944
      vertex -33.6123 20 50.4782
    endloop
  endfacet
  facet normal 0 1 0
    outer loop
      vertex -34.6667 20 51.4944
      vertex -33.8889 20 50.3304
      vertex -35.1213 20 51.1213
    endloop
  endfacet
  facet normal 0 1 -0
    outer loop
      vertex -34.1314 20 50.1314
      vertex -35.1213 20 51.1213
      vertex -33.8889 20 50.3304
    endloop
  endfacet
  facet normal 0 1 0
    outer loop
      vertex -35.1213 20 51.1213
      vertex -34.1314 20 50.1314
      vertex -35.4944 20 50.6667
    endloop
  endfacet
  facet normal 0 1 -0
    outer loop
      vertex -34.3304 20 49.8889
      vertex -35.4944 20 50.6667
      vertex -34.1314 20 50.1314
    endloop
  endfacet
  facet normal 0 1 0
    outer loop
      vertex -35.4944 20 50.6667
      vertex -34.3304 20 49.8889
      vertex -35.7716 20 50.148
    endloop
  endfacet
  facet normal 0 1 -0
    outer loop
      vertex -34.4782 20 49.6123
      vertex -35.7716 20 50.148
      vertex -34.3304 20 49.8889
    endloop
  endfacet
  facet normal 0 1 0
    outer loop
      vertex -34.4782 20 49.6123
      vertex -35.9424 20 49.5853
      vertex -35.7716 20 50.148
    endloop
  endfacet
  facet normal 0 1 -0
    outer loop
      vertex -34.5693 20 49.3121
      vertex -35.9424 20 49.5853
      vertex -34.4782 20 49.6123
    endloop
  endfacet
  facet normal 0 1 -0
    outer loop
      vertex -34.6 20 49
      vertex -35.9424 20 49.5853
      vertex -34.5693 20 49.3121
    endloop
  endfacet
  facet normal 0 1 0
    outer loop
      vertex -34.6 20 49
      vertex -36 20 49
      vertex -35.9424 20 49.5853
    endloop
  endfacet
  facet normal 0 1 0
    outer loop
      vertex -34.5693 20 48.6879
      vertex -36 20 49
      vertex -34.6 20 49
    endloop
  endfacet
  facet normal 0 1 0
    outer loop
      vertex -34.5693 20 48.6879
      vertex -35.9424 20 48.4147
      vertex -36 20 49
    endloop
  endfacet
  facet normal 0 1 0
    outer loop
      vertex -34.4782 20 48.3877
      vertex -35.9424 20 48.4147
      vertex -34.5693 20 48.6879
    endloop
  endfacet
  facet normal 0 1 0
    outer loop
      vertex -35.7716 20 47.852
      vertex -34.4782 20 48.3877
      vertex -34.3304 20 48.1111
    endloop
  endfacet
  facet normal 0 1 0
    outer loop
      vertex -35.4944 20 47.3333
      vertex -34.3304 20 48.1111
      vertex -34.1314 20 47.8686
    endloop
  endfacet
  facet normal 0 1 0
    outer loop
      vertex -34.4782 20 48.3877
      vertex -35.7716 20 47.852
      vertex -35.9424 20 48.4147
    endloop
  endfacet
  facet normal 0 1 0
    outer loop
      vertex -35.1213 20 46.8787
      vertex -34.1314 20 47.8686
      vertex -33.8889 20 47.6696
    endloop
  endfacet
  facet normal 0 1 0
    outer loop
      vertex -34.6667 20 46.5056
      vertex -33.8889 20 47.6696
      vertex -33.6123 20 47.5218
    endloop
  endfacet
  facet normal 0 1 0
    outer loop
      vertex -34.148 20 46.2284
      vertex -33.6123 20 47.5218
      vertex -33.3121 20 47.4307
    endloop
  endfacet
  facet normal 0 1 0
    outer loop
      vertex -34.3304 20 48.1111
      vertex -35.4944 20 47.3333
      vertex -35.7716 20 47.852
    endloop
  endfacet
  facet normal 0 1 0
    outer loop
      vertex -33.5853 20 46.0576
      vertex -33.3121 20 47.4307
      vertex -33 20 47.4
    endloop
  endfacet
  facet normal 0 1 -0
    outer loop
      vertex -31.852 20 46.2284
      vertex -32.3877 20 47.5218
      vertex -31.3333 20 46.5056
    endloop
  endfacet
  facet normal 0 1 0
    outer loop
      vertex -32.3877 20 47.5218
      vertex -31.852 20 46.2284
      vertex -32.6879 20 47.4307
    endloop
  endfacet
  facet normal 0 1 0
    outer loop
      vertex -34.1314 20 47.8686
      vertex -35.1213 20 46.8787
      vertex -35.4944 20 47.3333
    endloop
  endfacet
  facet normal 0 1 -0
    outer loop
      vertex -32.4147 20 46.0576
      vertex -32.6879 20 47.4307
      vertex -31.852 20 46.2284
    endloop
  endfacet
  facet normal 0 1 0
    outer loop
      vertex -33.8889 20 47.6696
      vertex -34.6667 20 46.5056
      vertex -35.1213 20 46.8787
    endloop
  endfacet
  facet normal 0 1 0
    outer loop
      vertex -32.6879 20 47.4307
      vertex -32.4147 20 46.0576
      vertex -33 20 47.4
    endloop
  endfacet
  facet normal 0 1 0
    outer loop
      vertex -33.6123 20 47.5218
      vertex -34.148 20 46.2284
      vertex -34.6667 20 46.5056
    endloop
  endfacet
  facet normal 0 1 0
    outer loop
      vertex -33 20 46
      vertex -33 20 47.4
      vertex -32.4147 20 46.0576
    endloop
  endfacet
  facet normal 0 1 0
    outer loop
      vertex -33.3121 20 47.4307
      vertex -33.5853 20 46.0576
      vertex -34.148 20 46.2284
    endloop
  endfacet
  facet normal 0 1 0
    outer loop
      vertex -33 20 47.4
      vertex -33 20 46
      vertex -33.5853 20 46.0576
    endloop
  endfacet
  facet normal -0.881957 0 0.471329
    outer loop
      vertex -35.7716 12 50.148
      vertex -35.4944 20 50.6667
      vertex -35.7716 20 50.148
    endloop
  endfacet
  facet normal -0.881957 0 0.471329
    outer loop
      vertex -35.4944 20 50.6667
      vertex -35.7716 12 50.148
      vertex -35.4944 12 50.6667
    endloop
  endfacet
  facet normal 0.290451 -1.16787e-18 -0.95689
    outer loop
      vertex -32.4147 12 46.0576
      vertex -31.852 20 46.2284
      vertex -31.852 12 46.2284
    endloop
  endfacet
  facet normal 0.290451 -1.16787e-18 -0.95689
    outer loop
      vertex -31.852 20 46.2284
      vertex -32.4147 12 46.0576
      vertex -32.4147 20 46.0576
    endloop
  endfacet
  facet normal 0 -1 0
    outer loop
      vertex -33 12 50.6
      vertex -33 12 52
      vertex -33.5853 12 51.9424
    endloop
  endfacet
  facet normal 0 -1 0
    outer loop
      vertex -33.3121 12 50.5693
      vertex -33.5853 12 51.9424
      vertex -34.148 12 51.7716
    endloop
  endfacet
  facet normal 0 -1 0
    outer loop
      vertex -33 12 52
      vertex -33 12 50.6
      vertex -32.4147 12 51.9424
    endloop
  endfacet
  facet normal 0 -1 0
    outer loop
      vertex -33.6123 12 50.4782
      vertex -34.148 12 51.7716
      vertex -34.6667 12 51.4944
    endloop
  endfacet
  facet normal 0 -1 0
    outer loop
      vertex -32.6879 12 50.5693
      vertex -32.4147 12 51.9424
      vertex -33 12 50.6
    endloop
  endfacet
  facet normal 0 -1 0
    outer loop
      vertex -33.8889 12 50.3304
      vertex -34.6667 12 51.4944
      vertex -35.1213 12 51.1213
    endloop
  endfacet
  facet normal 0 -1 -0
    outer loop
      vertex -32.4147 12 51.9424
      vertex -32.6879 12 50.5693
      vertex -31.852 12 51.7716
    endloop
  endfacet
  facet normal 0 -1 0
    outer loop
      vertex -34.1314 12 50.1314
      vertex -35.1213 12 51.1213
      vertex -35.4944 12 50.6667
    endloop
  endfacet
  facet normal 0 -1 0
    outer loop
      vertex -32.3877 12 50.4782
      vertex -31.852 12 51.7716
      vertex -32.6879 12 50.5693
    endloop
  endfacet
  facet normal 0 -1 -0
    outer loop
      vertex -31.852 12 51.7716
      vertex -32.3877 12 50.4782
      vertex -31.3333 12 51.4944
    endloop
  endfacet
  facet normal 0 -1 0
    outer loop
      vertex -33.5853 12 51.9424
      vertex -33.3121 12 50.5693
      vertex -33 12 50.6
    endloop
  endfacet
  facet normal 0 -1 0
    outer loop
      vertex -34.148 12 51.7716
      vertex -33.6123 12 50.4782
      vertex -33.3121 12 50.5693
    endloop
  endfacet
  facet normal 0 -1 0
    outer loop
      vertex -34.6667 12 51.4944
      vertex -33.8889 12 50.3304
      vertex -33.6123 12 50.4782
    endloop
  endfacet
  facet normal 0 -1 0
    outer loop
      vertex -34.3304 12 49.8889
      vertex -35.4944 12 50.6667
      vertex -35.7716 12 50.148
    endloop
  endfacet
  facet normal 0 -1 0
    outer loop
      vertex -35.1213 12 51.1213
      vertex -34.1314 12 50.1314
      vertex -33.8889 12 50.3304
    endloop
  endfacet
  facet normal 0 -1 0
    outer loop
      vertex -35.4944 12 50.6667
      vertex -34.3304 12 49.8889
      vertex -34.1314 12 50.1314
    endloop
  endfacet
  facet normal 0 -1 0
    outer loop
      vertex -35.7716 12 50.148
      vertex -34.4782 12 49.6123
      vertex -34.3304 12 49.8889
    endloop
  endfacet
  facet normal 0 -1 0
    outer loop
      vertex -35.9424 12 49.5853
      vertex -34.4782 12 49.6123
      vertex -35.7716 12 50.148
    endloop
  endfacet
  facet normal 0 -1 0
    outer loop
      vertex -35.9424 12 49.5853
      vertex -34.5693 12 49.3121
      vertex -34.4782 12 49.6123
    endloop
  endfacet
  facet normal 0 -1 0
    outer loop
      vertex -36 12 49
      vertex -34.5693 12 49.3121
      vertex -35.9424 12 49.5853
    endloop
  endfacet
  facet normal 0 -1 0
    outer loop
      vertex -36 12 49
      vertex -34.6 12 49
      vertex -34.5693 12 49.3121
    endloop
  endfacet
  facet normal 0 -1 0
    outer loop
      vertex -36 12 49
      vertex -34.5693 12 48.6879
      vertex -34.6 12 49
    endloop
  endfacet
  facet normal 0 -1 0
    outer loop
      vertex -35.9424 12 48.4147
      vertex -34.5693 12 48.6879
      vertex -36 12 49
    endloop
  endfacet
  facet normal 0 -1 0
    outer loop
      vertex -35.9424 12 48.4147
      vertex -34.4782 12 48.3877
      vertex -34.5693 12 48.6879
    endloop
  endfacet
  facet normal 0 -1 0
    outer loop
      vertex -35.7716 12 47.852
      vertex -34.4782 12 48.3877
      vertex -35.9424 12 48.4147
    endloop
  endfacet
  facet normal 0 -1 -0
    outer loop
      vertex -34.4782 12 48.3877
      vertex -35.7716 12 47.852
      vertex -34.3304 12 48.1111
    endloop
  endfacet
  facet normal 0 -1 0
    outer loop
      vertex -35.4944 12 47.3333
      vertex -34.3304 12 48.1111
      vertex -35.7716 12 47.852
    endloop
  endfacet
  facet normal 0 -1 -0
    outer loop
      vertex -34.3304 12 48.1111
      vertex -35.4944 12 47.3333
      vertex -34.1314 12 47.8686
    endloop
  endfacet
  facet normal 0 -1 0
    outer loop
      vertex -35.1213 12 46.8787
      vertex -34.1314 12 47.8686
      vertex -35.4944 12 47.3333
    endloop
  endfacet
  facet normal 0 -1 -0
    outer loop
      vertex -34.1314 12 47.8686
      vertex -35.1213 12 46.8787
      vertex -33.8889 12 47.6696
    endloop
  endfacet
  facet normal 0 -1 -0
    outer loop
      vertex -33.8889 12 47.6696
      vertex -34.6667 12 46.5056
      vertex -33.6123 12 47.5218
    endloop
  endfacet
  facet normal 0 -1 0
    outer loop
      vertex -34.6667 12 46.5056
      vertex -33.8889 12 47.6696
      vertex -35.1213 12 46.8787
    endloop
  endfacet
  facet normal 0 -1 0
    outer loop
      vertex -32.1111 12 50.3304
      vertex -31.3333 12 51.4944
      vertex -32.3877 12 50.4782
    endloop
  endfacet
  facet normal 0 -1 -0
    outer loop
      vertex -31.3333 12 51.4944
      vertex -32.1111 12 50.3304
      vertex -30.8787 12 51.1213
    endloop
  endfacet
  facet normal 0 -1 0
    outer loop
      vertex -31.8686 12 50.1314
      vertex -30.8787 12 51.1213
      vertex -32.1111 12 50.3304
    endloop
  endfacet
  facet normal 0 -1 -0
    outer loop
      vertex -30.8787 12 51.1213
      vertex -31.8686 12 50.1314
      vertex -30.5056 12 50.6667
    endloop
  endfacet
  facet normal 0 -1 0
    outer loop
      vertex -31.6696 12 49.8889
      vertex -30.5056 12 50.6667
      vertex -31.8686 12 50.1314
    endloop
  endfacet
  facet normal 0 -1 -0
    outer loop
      vertex -30.5056 12 50.6667
      vertex -31.6696 12 49.8889
      vertex -30.2284 12 50.148
    endloop
  endfacet
  facet normal 0 -1 0
    outer loop
      vertex -31.5218 12 49.6123
      vertex -30.2284 12 50.148
      vertex -31.6696 12 49.8889
    endloop
  endfacet
  facet normal 0 -1 0
    outer loop
      vertex -31.5218 12 49.6123
      vertex -30.0576 12 49.5853
      vertex -30.2284 12 50.148
    endloop
  endfacet
  facet normal 0 -1 0
    outer loop
      vertex -31.4307 12 49.3121
      vertex -30.0576 12 49.5853
      vertex -31.5218 12 49.6123
    endloop
  endfacet
  facet normal 0 -1 0
    outer loop
      vertex -31.4 12 49
      vertex -30.0576 12 49.5853
      vertex -31.4307 12 49.3121
    endloop
  endfacet
  facet normal 0 -1 0
    outer loop
      vertex -31.4 12 49
      vertex -30 12 49
      vertex -30.0576 12 49.5853
    endloop
  endfacet
  facet normal 0 -1 0
    outer loop
      vertex -31.4307 12 48.6879
      vertex -30 12 49
      vertex -31.4 12 49
    endloop
  endfacet
  facet normal 0 -1 0
    outer loop
      vertex -31.4307 12 48.6879
      vertex -30.0576 12 48.4147
      vertex -30 12 49
    endloop
  endfacet
  facet normal 0 -1 0
    outer loop
      vertex -31.5218 12 48.3877
      vertex -30.0576 12 48.4147
      vertex -31.4307 12 48.6879
    endloop
  endfacet
  facet normal 0 -1 0
    outer loop
      vertex -30.2284 12 47.852
      vertex -31.5218 12 48.3877
      vertex -31.6696 12 48.1111
    endloop
  endfacet
  facet normal 0 -1 0
    outer loop
      vertex -30.5056 12 47.3333
      vertex -31.6696 12 48.1111
      vertex -31.8686 12 47.8686
    endloop
  endfacet
  facet normal 0 -1 0
    outer loop
      vertex -31.5218 12 48.3877
      vertex -30.2284 12 47.852
      vertex -30.0576 12 48.4147
    endloop
  endfacet
  facet normal 0 -1 0
    outer loop
      vertex -30.8787 12 46.8787
      vertex -31.8686 12 47.8686
      vertex -32.1111 12 47.6696
    endloop
  endfacet
  facet normal 0 -1 0
    outer loop
      vertex -31.3333 12 46.5056
      vertex -32.1111 12 47.6696
      vertex -32.3877 12 47.5218
    endloop
  endfacet
  facet normal 0 -1 0
    outer loop
      vertex -31.852 12 46.2284
      vertex -32.3877 12 47.5218
      vertex -32.6879 12 47.4307
    endloop
  endfacet
  facet normal 0 -1 0
    outer loop
      vertex -31.6696 12 48.1111
      vertex -30.5056 12 47.3333
      vertex -30.2284 12 47.852
    endloop
  endfacet
  facet normal 0 -1 0
    outer loop
      vertex -32.4147 12 46.0576
      vertex -32.6879 12 47.4307
      vertex -33 12 47.4
    endloop
  endfacet
  facet normal 0 -1 0
    outer loop
      vertex -34.148 12 46.2284
      vertex -33.6123 12 47.5218
      vertex -34.6667 12 46.5056
    endloop
  endfacet
  facet normal 0 -1 -0
    outer loop
      vertex -33.6123 12 47.5218
      vertex -34.148 12 46.2284
      vertex -33.3121 12 47.4307
    endloop
  endfacet
  facet normal 0 -1 0
    outer loop
      vertex -31.8686 12 47.8686
      vertex -30.8787 12 46.8787
      vertex -30.5056 12 47.3333
    endloop
  endfacet
  facet normal 0 -1 0
    outer loop
      vertex -33.5853 12 46.0576
      vertex -33.3121 12 47.4307
      vertex -34.148 12 46.2284
    endloop
  endfacet
  facet normal 0 -1 0
    outer loop
      vertex -32.1111 12 47.6696
      vertex -31.3333 12 46.5056
      vertex -30.8787 12 46.8787
    endloop
  endfacet
  facet normal 0 -1 -0
    outer loop
      vertex -33.3121 12 47.4307
      vertex -33.5853 12 46.0576
      vertex -33 12 47.4
    endloop
  endfacet
  facet normal 0 -1 0
    outer loop
      vertex -32.3877 12 47.5218
      vertex -31.852 12 46.2284
      vertex -31.3333 12 46.5056
    endloop
  endfacet
  facet normal 0 -1 0
    outer loop
      vertex -33 12 46
      vertex -33 12 47.4
      vertex -33.5853 12 46.0576
    endloop
  endfacet
  facet normal 0 -1 0
    outer loop
      vertex -32.6879 12 47.4307
      vertex -32.4147 12 46.0576
      vertex -31.852 12 46.2284
    endloop
  endfacet
  facet normal 0 -1 0
    outer loop
      vertex -33 12 47.4
      vertex -33 12 46
      vertex -32.4147 12 46.0576
    endloop
  endfacet
  facet normal -0.290451 -9.70258e-19 -0.95689
    outer loop
      vertex -34.148 12 46.2284
      vertex -33.5853 20 46.0576
      vertex -33.5853 12 46.0576
    endloop
  endfacet
  facet normal -0.290451 -9.70258e-19 -0.95689
    outer loop
      vertex -33.5853 20 46.0576
      vertex -34.148 12 46.2284
      vertex -34.148 20 46.2284
    endloop
  endfacet
  facet normal 0.95689 0 -0.290451
    outer loop
      vertex -30.0576 12 48.4147
      vertex -30.2284 20 47.852
      vertex -30.0576 20 48.4147
    endloop
  endfacet
  facet normal 0.95689 0 -0.290451
    outer loop
      vertex -30.2284 20 47.852
      vertex -30.0576 12 48.4147
      vertex -30.2284 12 47.852
    endloop
  endfacet
  facet normal 0.772994 -0 0.634413
    outer loop
      vertex -30.8787 12 51.1213
      vertex -30.5056 20 50.6667
      vertex -30.8787 20 51.1213
    endloop
  endfacet
  facet normal 0.772994 0 0.634413
    outer loop
      vertex -30.5056 20 50.6667
      vertex -30.8787 12 51.1213
      vertex -30.5056 12 50.6667
    endloop
  endfacet
  facet normal 0.634413 1.23722e-18 -0.772994
    outer loop
      vertex -31.3333 12 46.5056
      vertex -30.8787 20 46.8787
      vertex -30.8787 12 46.8787
    endloop
  endfacet
  facet normal 0.634413 1.23722e-18 -0.772994
    outer loop
      vertex -30.8787 20 46.8787
      vertex -31.3333 12 46.5056
      vertex -31.3333 20 46.5056
    endloop
  endfacet
  facet normal -0.471329 -1.20275e-18 0.881957
    outer loop
      vertex -34.6667 20 51.4944
      vertex -34.148 12 51.7716
      vertex -34.148 20 51.7716
    endloop
  endfacet
  facet normal -0.471329 -1.20275e-18 0.881957
    outer loop
      vertex -34.148 12 51.7716
      vertex -34.6667 20 51.4944
      vertex -34.6667 12 51.4944
    endloop
  endfacet
  facet normal -0.634413 -2.67195e-18 -0.772994
    outer loop
      vertex -35.1213 12 46.8787
      vertex -34.6667 20 46.5056
      vertex -34.6667 12 46.5056
    endloop
  endfacet
  facet normal -0.634413 -2.67195e-18 -0.772994
    outer loop
      vertex -34.6667 20 46.5056
      vertex -35.1213 12 46.8787
      vertex -35.1213 20 46.8787
    endloop
  endfacet
  facet normal -0.097938 4.20638e-19 0.995193
    outer loop
      vertex -33.5853 20 51.9424
      vertex -33 12 52
      vertex -33 20 52
    endloop
  endfacet
  facet normal -0.097938 4.20638e-19 0.995193
    outer loop
      vertex -33 12 52
      vertex -33.5853 20 51.9424
      vertex -33.5853 12 51.9424
    endloop
  endfacet
  facet normal 0.881957 0 -0.471329
    outer loop
      vertex -30.2284 12 47.852
      vertex -30.5056 20 47.3333
      vertex -30.2284 20 47.852
    endloop
  endfacet
  facet normal 0.881957 0 -0.471329
    outer loop
      vertex -30.5056 20 47.3333
      vertex -30.2284 12 47.852
      vertex -30.5056 12 47.3333
    endloop
  endfacet
  facet normal -0.95689 0 -0.290451
    outer loop
      vertex -35.7716 12 47.852
      vertex -35.9424 20 48.4147
      vertex -35.7716 20 47.852
    endloop
  endfacet
  facet normal -0.95689 -0 -0.290451
    outer loop
      vertex -35.9424 20 48.4147
      vertex -35.7716 12 47.852
      vertex -35.9424 12 48.4147
    endloop
  endfacet
  facet normal -0.995193 0 -0.097938
    outer loop
      vertex -35.9424 12 48.4147
      vertex -36 20 49
      vertex -35.9424 20 48.4147
    endloop
  endfacet
  facet normal -0.995193 -0 -0.097938
    outer loop
      vertex -36 20 49
      vertex -35.9424 12 48.4147
      vertex -36 12 49
    endloop
  endfacet
  facet normal -0.772994 0 -0.634413
    outer loop
      vertex -35.1213 12 46.8787
      vertex -35.4944 20 47.3333
      vertex -35.1213 20 46.8787
    endloop
  endfacet
  facet normal -0.772994 -0 -0.634413
    outer loop
      vertex -35.4944 20 47.3333
      vertex -35.1213 12 46.8787
      vertex -35.4944 12 47.3333
    endloop
  endfacet
  facet normal -0.772994 0 0.634413
    outer loop
      vertex -35.4944 12 50.6667
      vertex -35.1213 20 51.1213
      vertex -35.4944 20 50.6667
    endloop
  endfacet
  facet normal -0.772994 0 0.634413
    outer loop
      vertex -35.1213 20 51.1213
      vertex -35.4944 12 50.6667
      vertex -35.1213 12 51.1213
    endloop
  endfacet
  facet normal -0.95689 0 0.290451
    outer loop
      vertex -35.9424 12 49.5853
      vertex -35.7716 20 50.148
      vertex -35.9424 20 49.5853
    endloop
  endfacet
  facet normal -0.95689 0 0.290451
    outer loop
      vertex -35.7716 20 50.148
      vertex -35.9424 12 49.5853
      vertex -35.7716 12 50.148
    endloop
  endfacet
  facet normal -0.995193 0 0.097938
    outer loop
      vertex -36 12 49
      vertex -35.9424 20 49.5853
      vertex -36 20 49
    endloop
  endfacet
  facet normal -0.995193 0 0.097938
    outer loop
      vertex -35.9424 20 49.5853
      vertex -36 12 49
      vertex -35.9424 12 49.5853
    endloop
  endfacet
  facet normal -0.956909 0 -0.290388
    outer loop
      vertex -31.4307 12 49.3121
      vertex -31.5218 20 49.6123
      vertex -31.4307 20 49.3121
    endloop
  endfacet
  facet normal -0.956909 -0 -0.290388
    outer loop
      vertex -31.5218 20 49.6123
      vertex -31.4307 12 49.3121
      vertex -31.5218 12 49.6123
    endloop
  endfacet
  facet normal -0.995197 0 -0.0978934
    outer loop
      vertex -31.4 12 49
      vertex -31.4307 20 49.3121
      vertex -31.4 20 49
    endloop
  endfacet
  facet normal -0.995197 -0 -0.0978934
    outer loop
      vertex -31.4307 20 49.3121
      vertex -31.4 12 49
      vertex -31.4307 12 49.3121
    endloop
  endfacet
  facet normal -0.881982 0 -0.471283
    outer loop
      vertex -31.5218 12 49.6123
      vertex -31.6696 20 49.8889
      vertex -31.5218 20 49.6123
    endloop
  endfacet
  facet normal -0.881982 -0 -0.471283
    outer loop
      vertex -31.6696 20 49.8889
      vertex -31.5218 12 49.6123
      vertex -31.6696 12 49.8889
    endloop
  endfacet
  facet normal 0.634365 1.35372e-19 -0.773033
    outer loop
      vertex -34.1314 12 50.1314
      vertex -33.8889 20 50.3304
      vertex -33.8889 12 50.3304
    endloop
  endfacet
  facet normal 0.634365 1.35372e-19 -0.773033
    outer loop
      vertex -33.8889 20 50.3304
      vertex -34.1314 12 50.1314
      vertex -34.1314 20 50.1314
    endloop
  endfacet
  facet normal -0.290388 -2.26303e-19 -0.956909
    outer loop
      vertex -32.6879 12 50.5693
      vertex -32.3877 20 50.4782
      vertex -32.3877 12 50.4782
    endloop
  endfacet
  facet normal -0.290388 -2.26303e-19 -0.956909
    outer loop
      vertex -32.3877 20 50.4782
      vertex -32.6879 12 50.5693
      vertex -32.6879 20 50.5693
    endloop
  endfacet
  facet normal -0.773033 0 -0.634365
    outer loop
      vertex -31.6696 12 49.8889
      vertex -31.8686 20 50.1314
      vertex -31.6696 20 49.8889
    endloop
  endfacet
  facet normal -0.773033 -0 -0.634365
    outer loop
      vertex -31.8686 20 50.1314
      vertex -31.6696 12 49.8889
      vertex -31.8686 12 50.1314
    endloop
  endfacet
  facet normal 0.773033 0 -0.634365
    outer loop
      vertex -34.1314 12 50.1314
      vertex -34.3304 20 49.8889
      vertex -34.1314 20 50.1314
    endloop
  endfacet
  facet normal 0.773033 0 -0.634365
    outer loop
      vertex -34.3304 20 49.8889
      vertex -34.1314 12 50.1314
      vertex -34.3304 12 49.8889
    endloop
  endfacet
  facet normal 0.881982 -0 0.471283
    outer loop
      vertex -34.4782 12 48.3877
      vertex -34.3304 20 48.1111
      vertex -34.4782 20 48.3877
    endloop
  endfacet
  facet normal 0.881982 0 0.471283
    outer loop
      vertex -34.3304 20 48.1111
      vertex -34.4782 12 48.3877
      vertex -34.3304 12 48.1111
    endloop
  endfacet
  facet normal -0.881982 0 0.471283
    outer loop
      vertex -31.6696 12 48.1111
      vertex -31.5218 20 48.3877
      vertex -31.6696 20 48.1111
    endloop
  endfacet
  facet normal -0.881982 0 0.471283
    outer loop
      vertex -31.5218 20 48.3877
      vertex -31.6696 12 48.1111
      vertex -31.5218 12 48.3877
    endloop
  endfacet
  facet normal 0.290388 2.26303e-19 -0.956909
    outer loop
      vertex -33.6123 12 50.4782
      vertex -33.3121 20 50.5693
      vertex -33.3121 12 50.5693
    endloop
  endfacet
  facet normal 0.290388 2.26303e-19 -0.956909
    outer loop
      vertex -33.3121 20 50.5693
      vertex -33.6123 12 50.4782
      vertex -33.6123 20 50.4782
    endloop
  endfacet
  facet normal -0.290388 2.26303e-19 0.956909
    outer loop
      vertex -32.6879 20 47.4307
      vertex -32.3877 12 47.5218
      vertex -32.3877 20 47.5218
    endloop
  endfacet
  facet normal -0.290388 2.26303e-19 0.956909
    outer loop
      vertex -32.3877 12 47.5218
      vertex -32.6879 20 47.4307
      vertex -32.6879 12 47.4307
    endloop
  endfacet
  facet normal -0.634365 -1.35372e-19 -0.773033
    outer loop
      vertex -32.1111 12 50.3304
      vertex -31.8686 20 50.1314
      vertex -31.8686 12 50.1314
    endloop
  endfacet
  facet normal -0.634365 -1.35372e-19 -0.773033
    outer loop
      vertex -31.8686 20 50.1314
      vertex -32.1111 12 50.3304
      vertex -32.1111 20 50.3304
    endloop
  endfacet
  facet normal -0.634365 1.35372e-19 0.773033
    outer loop
      vertex -32.1111 20 47.6696
      vertex -31.8686 12 47.8686
      vertex -31.8686 20 47.8686
    endloop
  endfacet
  facet normal -0.634365 1.35372e-19 0.773033
    outer loop
      vertex -31.8686 12 47.8686
      vertex -32.1111 20 47.6696
      vertex -32.1111 12 47.6696
    endloop
  endfacet
  facet normal -0.471283 -8.24324e-19 0.881982
    outer loop
      vertex -32.3877 20 47.5218
      vertex -32.1111 12 47.6696
      vertex -32.1111 20 47.6696
    endloop
  endfacet
  facet normal -0.471283 -8.24324e-19 0.881982
    outer loop
      vertex -32.1111 12 47.6696
      vertex -32.3877 20 47.5218
      vertex -32.3877 12 47.5218
    endloop
  endfacet
  facet normal 0.634365 -1.35372e-19 0.773033
    outer loop
      vertex -34.1314 20 47.8686
      vertex -33.8889 12 47.6696
      vertex -33.8889 20 47.6696
    endloop
  endfacet
  facet normal 0.634365 -1.35372e-19 0.773033
    outer loop
      vertex -33.8889 12 47.6696
      vertex -34.1314 20 47.8686
      vertex -34.1314 12 47.8686
    endloop
  endfacet
  facet normal -0.773033 0 0.634365
    outer loop
      vertex -31.8686 12 47.8686
      vertex -31.6696 20 48.1111
      vertex -31.8686 20 47.8686
    endloop
  endfacet
  facet normal -0.773033 0 0.634365
    outer loop
      vertex -31.6696 20 48.1111
      vertex -31.8686 12 47.8686
      vertex -31.6696 12 48.1111
    endloop
  endfacet
  facet normal -0.995197 0 0.0978934
    outer loop
      vertex -31.4307 12 48.6879
      vertex -31.4 20 49
      vertex -31.4307 20 48.6879
    endloop
  endfacet
  facet normal -0.995197 0 0.0978934
    outer loop
      vertex -31.4 20 49
      vertex -31.4307 12 48.6879
      vertex -31.4 12 49
    endloop
  endfacet
  facet normal -0.956909 0 0.290388
    outer loop
      vertex -31.5218 12 48.3877
      vertex -31.4307 20 48.6879
      vertex -31.5218 20 48.3877
    endloop
  endfacet
  facet normal -0.956909 0 0.290388
    outer loop
      vertex -31.4307 20 48.6879
      vertex -31.5218 12 48.3877
      vertex -31.4307 12 48.6879
    endloop
  endfacet
  facet normal 0.471283 -8.24324e-19 -0.881982
    outer loop
      vertex -33.8889 12 50.3304
      vertex -33.6123 20 50.4782
      vertex -33.6123 12 50.4782
    endloop
  endfacet
  facet normal 0.471283 -8.24324e-19 -0.881982
    outer loop
      vertex -33.6123 20 50.4782
      vertex -33.8889 12 50.3304
      vertex -33.8889 20 50.3304
    endloop
  endfacet
  facet normal -0.471283 8.24324e-19 -0.881982
    outer loop
      vertex -32.3877 12 50.4782
      vertex -32.1111 20 50.3304
      vertex -32.1111 12 50.3304
    endloop
  endfacet
  facet normal -0.471283 8.24324e-19 -0.881982
    outer loop
      vertex -32.1111 20 50.3304
      vertex -32.3877 12 50.4782
      vertex -32.3877 20 50.4782
    endloop
  endfacet
  facet normal 0.956909 0 -0.290388
    outer loop
      vertex -34.4782 12 49.6123
      vertex -34.5693 20 49.3121
      vertex -34.4782 20 49.6123
    endloop
  endfacet
  facet normal 0.956909 0 -0.290388
    outer loop
      vertex -34.5693 20 49.3121
      vertex -34.4782 12 49.6123
      vertex -34.5693 12 49.3121
    endloop
  endfacet
  facet normal -0.0978934 -1.71178e-19 0.995197
    outer loop
      vertex -33 20 47.4
      vertex -32.6879 12 47.4307
      vertex -32.6879 20 47.4307
    endloop
  endfacet
  facet normal -0.0978934 -1.71178e-19 0.995197
    outer loop
      vertex -32.6879 12 47.4307
      vertex -33 20 47.4
      vertex -33 12 47.4
    endloop
  endfacet
  facet normal 0.0978934 -1.71178e-19 -0.995197
    outer loop
      vertex -33.3121 12 50.5693
      vertex -33 20 50.6
      vertex -33 12 50.6
    endloop
  endfacet
  facet normal 0.0978934 -1.71178e-19 -0.995197
    outer loop
      vertex -33 20 50.6
      vertex -33.3121 12 50.5693
      vertex -33.3121 20 50.5693
    endloop
  endfacet
  facet normal 0.881982 0 -0.471283
    outer loop
      vertex -34.3304 12 49.8889
      vertex -34.4782 20 49.6123
      vertex -34.3304 20 49.8889
    endloop
  endfacet
  facet normal 0.881982 0 -0.471283
    outer loop
      vertex -34.4782 20 49.6123
      vertex -34.3304 12 49.8889
      vertex -34.4782 12 49.6123
    endloop
  endfacet
  facet normal 0.956909 -0 0.290388
    outer loop
      vertex -34.5693 12 48.6879
      vertex -34.4782 20 48.3877
      vertex -34.5693 20 48.6879
    endloop
  endfacet
  facet normal 0.956909 0 0.290388
    outer loop
      vertex -34.4782 20 48.3877
      vertex -34.5693 12 48.6879
      vertex -34.4782 12 48.3877
    endloop
  endfacet
  facet normal 0.995197 -0 0.0978934
    outer loop
      vertex -34.6 12 49
      vertex -34.5693 20 48.6879
      vertex -34.6 20 49
    endloop
  endfacet
  facet normal 0.995197 0 0.0978934
    outer loop
      vertex -34.5693 20 48.6879
      vertex -34.6 12 49
      vertex -34.5693 12 48.6879
    endloop
  endfacet
  facet normal 0.773033 -0 0.634365
    outer loop
      vertex -34.3304 12 48.1111
      vertex -34.1314 20 47.8686
      vertex -34.3304 20 48.1111
    endloop
  endfacet
  facet normal 0.773033 0 0.634365
    outer loop
      vertex -34.1314 20 47.8686
      vertex -34.3304 12 48.1111
      vertex -34.1314 12 47.8686
    endloop
  endfacet
  facet normal 0.471283 8.24324e-19 0.881982
    outer loop
      vertex -33.8889 20 47.6696
      vertex -33.6123 12 47.5218
      vertex -33.6123 20 47.5218
    endloop
  endfacet
  facet normal 0.471283 8.24324e-19 0.881982
    outer loop
      vertex -33.6123 12 47.5218
      vertex -33.8889 20 47.6696
      vertex -33.8889 12 47.6696
    endloop
  endfacet
  facet normal -0.0978934 1.71178e-19 -0.995197
    outer loop
      vertex -33 12 50.6
      vertex -32.6879 20 50.5693
      vertex -32.6879 12 50.5693
    endloop
  endfacet
  facet normal -0.0978934 1.71178e-19 -0.995197
    outer loop
      vertex -32.6879 20 50.5693
      vertex -33 12 50.6
      vertex -33 20 50.6
    endloop
  endfacet
  facet normal 0.995197 0 -0.0978934
    outer loop
      vertex -34.5693 12 49.3121
      vertex -34.6 20 49
      vertex -34.5693 20 49.3121
    endloop
  endfacet
  facet normal 0.995197 0 -0.0978934
    outer loop
      vertex -34.6 20 49
      vertex -34.5693 12 49.3121
      vertex -34.6 12 49
    endloop
  endfacet
  facet normal 0.0978934 1.71178e-19 0.995197
    outer loop
      vertex -33.3121 20 47.4307
      vertex -33 12 47.4
      vertex -33 20 47.4
    endloop
  endfacet
  facet normal 0.0978934 1.71178e-19 0.995197
    outer loop
      vertex -33 12 47.4
      vertex -33.3121 20 47.4307
      vertex -33.3121 12 47.4307
    endloop
  endfacet
  facet normal 0.290388 -2.26303e-19 0.956909
    outer loop
      vertex -33.6123 20 47.5218
      vertex -33.3121 12 47.4307
      vertex -33.3121 20 47.4307
    endloop
  endfacet
  facet normal 0.290388 -2.26303e-19 0.956909
    outer loop
      vertex -33.3121 12 47.4307
      vertex -33.6123 20 47.5218
      vertex -33.6123 12 47.5218
    endloop
  endfacet
  facet normal 0.471369 1.97706e-18 0.881936
    outer loop
      vertex 34.148 20 8.77164
      vertex 34.6667 12 8.49441
      vertex 34.6667 20 8.49441
    endloop
  endfacet
  facet normal 0.471369 1.97706e-18 0.881936
    outer loop
      vertex 34.6667 12 8.49441
      vertex 34.148 20 8.77164
      vertex 34.148 12 8.77164
    endloop
  endfacet
  facet normal 0.956901 -0 0.290413
    outer loop
      vertex 35.7716 12 7.14805
      vertex 35.9424 20 6.58527
      vertex 35.7716 20 7.14805
    endloop
  endfacet
  facet normal 0.956901 0 0.290413
    outer loop
      vertex 35.9424 20 6.58527
      vertex 35.7716 12 7.14805
      vertex 35.9424 12 6.58527
    endloop
  endfacet
  facet normal 0.995192 -0 0.0979429
    outer loop
      vertex 35.9424 12 6.58527
      vertex 36 20 6
      vertex 35.9424 20 6.58527
    endloop
  endfacet
  facet normal 0.995192 0 0.0979429
    outer loop
      vertex 36 20 6
      vertex 35.9424 12 6.58527
      vertex 36 12 6
    endloop
  endfacet
  facet normal 0.881942 -0 0.471358
    outer loop
      vertex 35.4944 12 7.66671
      vertex 35.7716 20 7.14805
      vertex 35.4944 20 7.66671
    endloop
  endfacet
  facet normal 0.881942 0 0.471358
    outer loop
      vertex 35.7716 20 7.14805
      vertex 35.4944 12 7.66671
      vertex 35.7716 12 7.14805
    endloop
  endfacet
  facet normal 0.0980053 -6.93771e-19 0.995186
    outer loop
      vertex 33 20 9
      vertex 33.5853 12 8.94236
      vertex 33.5853 20 8.94236
    endloop
  endfacet
  facet normal 0.0980053 -6.93771e-19 0.995186
    outer loop
      vertex 33.5853 12 8.94236
      vertex 33 20 9
      vertex 33 12 9
    endloop
  endfacet
  facet normal 0.0980053 5.73429e-19 -0.995186
    outer loop
      vertex 33 12 3
      vertex 33.5853 20 3.05764
      vertex 33.5853 12 3.05764
    endloop
  endfacet
  facet normal 0.0980053 5.73429e-19 -0.995186
    outer loop
      vertex 33.5853 20 3.05764
      vertex 33 12 3
      vertex 33 20 3
    endloop
  endfacet
  facet normal 0.290326 8.79613e-19 0.956928
    outer loop
      vertex 33.5853 20 8.94236
      vertex 34.148 12 8.77164
      vertex 34.148 20 8.77164
    endloop
  endfacet
  facet normal 0.290326 8.79613e-19 0.956928
    outer loop
      vertex 34.148 12 8.77164
      vertex 33.5853 20 8.94236
      vertex 33.5853 12 8.94236
    endloop
  endfacet
  facet normal 0.634403 -2.06008e-18 0.773003
    outer loop
      vertex 34.6667 20 8.49441
      vertex 35.1213 12 8.12132
      vertex 35.1213 20 8.12132
    endloop
  endfacet
  facet normal 0.634403 -2.06008e-18 0.773003
    outer loop
      vertex 35.1213 12 8.12132
      vertex 34.6667 20 8.49441
      vertex 34.6667 12 8.49441
    endloop
  endfacet
  facet normal 0.773001 0 -0.634405
    outer loop
      vertex 35.4944 12 4.33329
      vertex 35.1213 20 3.87868
      vertex 35.4944 20 4.33329
    endloop
  endfacet
  facet normal 0.773001 0 -0.634405
    outer loop
      vertex 35.1213 20 3.87868
      vertex 35.4944 12 4.33329
      vertex 35.1213 12 3.87868
    endloop
  endfacet
  facet normal -0.634403 6.17784e-19 0.773003
    outer loop
      vertex 30.8787 20 8.12132
      vertex 31.3333 12 8.49441
      vertex 31.3333 20 8.49441
    endloop
  endfacet
  facet normal -0.634403 6.17784e-19 0.773003
    outer loop
      vertex 31.3333 12 8.49441
      vertex 30.8787 20 8.12132
      vertex 30.8787 12 8.12132
    endloop
  endfacet
  facet normal 0.471369 1.55292e-18 -0.881936
    outer loop
      vertex 34.148 12 3.22836
      vertex 34.6667 20 3.50559
      vertex 34.6667 12 3.50559
    endloop
  endfacet
  facet normal 0.471369 1.55292e-18 -0.881936
    outer loop
      vertex 34.6667 20 3.50559
      vertex 34.148 12 3.22836
      vertex 34.148 20 3.22836
    endloop
  endfacet
  facet normal -0.881942 0 -0.471358
    outer loop
      vertex 30.5056 12 4.33329
      vertex 30.2284 20 4.85195
      vertex 30.5056 20 4.33329
    endloop
  endfacet
  facet normal -0.881942 -0 -0.471358
    outer loop
      vertex 30.2284 20 4.85195
      vertex 30.5056 12 4.33329
      vertex 30.2284 12 4.85195
    endloop
  endfacet
  facet normal 0.995192 0 -0.0979429
    outer loop
      vertex 36 12 6
      vertex 35.9424 20 5.41473
      vertex 36 20 6
    endloop
  endfacet
  facet normal 0.995192 0 -0.0979429
    outer loop
      vertex 35.9424 20 5.41473
      vertex 36 12 6
      vertex 35.9424 12 5.41473
    endloop
  endfacet
  facet normal -0.471369 1.48248e-18 -0.881936
    outer loop
      vertex 31.3333 12 3.50559
      vertex 31.852 20 3.22836
      vertex 31.852 12 3.22836
    endloop
  endfacet
  facet normal -0.471369 1.48248e-18 -0.881936
    outer loop
      vertex 31.852 20 3.22836
      vertex 31.3333 12 3.50559
      vertex 31.3333 20 3.50559
    endloop
  endfacet
  facet normal -0.290326 -7.33619e-21 0.956928
    outer loop
      vertex 31.852 20 8.77164
      vertex 32.4147 12 8.94236
      vertex 32.4147 20 8.94236
    endloop
  endfacet
  facet normal -0.290326 -7.33619e-21 0.956928
    outer loop
      vertex 32.4147 12 8.94236
      vertex 31.852 20 8.77164
      vertex 31.852 12 8.77164
    endloop
  endfacet
  facet normal -0.0980053 -5.73429e-19 -0.995186
    outer loop
      vertex 32.4147 12 3.05764
      vertex 33 20 3
      vertex 33 12 3
    endloop
  endfacet
  facet normal -0.0980053 -5.73429e-19 -0.995186
    outer loop
      vertex 33 20 3
      vertex 32.4147 12 3.05764
      vertex 32.4147 20 3.05764
    endloop
  endfacet
  facet normal 0 1 0
    outer loop
      vertex 33 20 7.6
      vertex 33 20 9
      vertex 33.5853 20 8.94236
    endloop
  endfacet
  facet normal 0 1 0
    outer loop
      vertex 33.3121 20 7.56926
      vertex 33.5853 20 8.94236
      vertex 34.148 20 8.77164
    endloop
  endfacet
  facet normal 0 1 0
    outer loop
      vertex 33 20 9
      vertex 33 20 7.6
      vertex 32.4147 20 8.94236
    endloop
  endfacet
  facet normal 0 1 0
    outer loop
      vertex 33.6123 20 7.47821
      vertex 34.148 20 8.77164
      vertex 34.6667 20 8.49441
    endloop
  endfacet
  facet normal 0 1 -0
    outer loop
      vertex 32.6879 20 7.56926
      vertex 32.4147 20 8.94236
      vertex 33 20 7.6
    endloop
  endfacet
  facet normal 0 1 0
    outer loop
      vertex 33.8889 20 7.33035
      vertex 34.6667 20 8.49441
      vertex 35.1213 20 8.12132
    endloop
  endfacet
  facet normal 0 1 0
    outer loop
      vertex 32.4147 20 8.94236
      vertex 32.6879 20 7.56926
      vertex 31.852 20 8.77164
    endloop
  endfacet
  facet normal 0 1 0
    outer loop
      vertex 34.1314 20 7.13137
      vertex 35.1213 20 8.12132
      vertex 35.4944 20 7.66671
    endloop
  endfacet
  facet normal 0 1 -0
    outer loop
      vertex 32.3877 20 7.47821
      vertex 31.852 20 8.77164
      vertex 32.6879 20 7.56926
    endloop
  endfacet
  facet normal 0 1 0
    outer loop
      vertex 31.852 20 8.77164
      vertex 32.3877 20 7.47821
      vertex 31.3333 20 8.49441
    endloop
  endfacet
  facet normal 0 1 0
    outer loop
      vertex 33.5853 20 8.94236
      vertex 33.3121 20 7.56926
      vertex 33 20 7.6
    endloop
  endfacet
  facet normal 0 1 0
    outer loop
      vertex 34.148 20 8.77164
      vertex 33.6123 20 7.47821
      vertex 33.3121 20 7.56926
    endloop
  endfacet
  facet normal 0 1 0
    outer loop
      vertex 34.6667 20 8.49441
      vertex 33.8889 20 7.33035
      vertex 33.6123 20 7.47821
    endloop
  endfacet
  facet normal 0 1 0
    outer loop
      vertex 34.3304 20 6.88891
      vertex 35.4944 20 7.66671
      vertex 35.7716 20 7.14805
    endloop
  endfacet
  facet normal 0 1 0
    outer loop
      vertex 35.1213 20 8.12132
      vertex 34.1314 20 7.13137
      vertex 33.8889 20 7.33035
    endloop
  endfacet
  facet normal 0 1 0
    outer loop
      vertex 35.4944 20 7.66671
      vertex 34.3304 20 6.88891
      vertex 34.1314 20 7.13137
    endloop
  endfacet
  facet normal 0 1 0
    outer loop
      vertex 35.7716 20 7.14805
      vertex 34.4782 20 6.61229
      vertex 34.3304 20 6.88891
    endloop
  endfacet
  facet normal 0 1 0
    outer loop
      vertex 35.9424 20 6.58527
      vertex 34.4782 20 6.61229
      vertex 35.7716 20 7.14805
    endloop
  endfacet
  facet normal 0 1 0
    outer loop
      vertex 35.9424 20 6.58527
      vertex 34.5693 20 6.31214
      vertex 34.4782 20 6.61229
    endloop
  endfacet
  facet normal 0 1 0
    outer loop
      vertex 36 20 6
      vertex 34.5693 20 6.31214
      vertex 35.9424 20 6.58527
    endloop
  endfacet
  facet normal 0 1 0
    outer loop
      vertex 36 20 6
      vertex 34.6 20 6
      vertex 34.5693 20 6.31214
    endloop
  endfacet
  facet normal 0 1 0
    outer loop
      vertex 36 20 6
      vertex 34.5693 20 5.68786
      vertex 34.6 20 6
    endloop
  endfacet
  facet normal 0 1 -0
    outer loop
      vertex 35.9424 20 5.41473
      vertex 34.5693 20 5.68786
      vertex 36 20 6
    endloop
  endfacet
  facet normal 0 1 0
    outer loop
      vertex 35.9424 20 5.41473
      vertex 34.4782 20 5.38771
      vertex 34.5693 20 5.68786
    endloop
  endfacet
  facet normal 0 1 -0
    outer loop
      vertex 35.7716 20 4.85195
      vertex 34.4782 20 5.38771
      vertex 35.9424 20 5.41473
    endloop
  endfacet
  facet normal 0 1 0
    outer loop
      vertex 34.4782 20 5.38771
      vertex 35.7716 20 4.85195
      vertex 34.3304 20 5.11109
    endloop
  endfacet
  facet normal 0 1 -0
    outer loop
      vertex 35.4944 20 4.33329
      vertex 34.3304 20 5.11109
      vertex 35.7716 20 4.85195
    endloop
  endfacet
  facet normal 0 1 0
    outer loop
      vertex 34.3304 20 5.11109
      vertex 35.4944 20 4.33329
      vertex 34.1314 20 4.86863
    endloop
  endfacet
  facet normal 0 1 -0
    outer loop
      vertex 35.1213 20 3.87868
      vertex 34.1314 20 4.86863
      vertex 35.4944 20 4.33329
    endloop
  endfacet
  facet normal 0 1 0
    outer loop
      vertex 34.1314 20 4.86863
      vertex 35.1213 20 3.87868
      vertex 33.8889 20 4.66965
    endloop
  endfacet
  facet normal 0 1 0
    outer loop
      vertex 33.8889 20 4.66965
      vertex 34.6667 20 3.50559
      vertex 33.6123 20 4.52179
    endloop
  endfacet
  facet normal 0 1 -0
    outer loop
      vertex 34.6667 20 3.50559
      vertex 33.8889 20 4.66965
      vertex 35.1213 20 3.87868
    endloop
  endfacet
  facet normal 0 1 -0
    outer loop
      vertex 32.1111 20 7.33035
      vertex 31.3333 20 8.49441
      vertex 32.3877 20 7.47821
    endloop
  endfacet
  facet normal 0 1 0
    outer loop
      vertex 31.3333 20 8.49441
      vertex 32.1111 20 7.33035
      vertex 30.8787 20 8.12132
    endloop
  endfacet
  facet normal 0 1 -0
    outer loop
      vertex 31.8686 20 7.13137
      vertex 30.8787 20 8.12132
      vertex 32.1111 20 7.33035
    endloop
  endfacet
  facet normal 0 1 0
    outer loop
      vertex 30.8787 20 8.12132
      vertex 31.8686 20 7.13137
      vertex 30.5056 20 7.66671
    endloop
  endfacet
  facet normal 0 1 -0
    outer loop
      vertex 31.6696 20 6.88891
      vertex 30.5056 20 7.66671
      vertex 31.8686 20 7.13137
    endloop
  endfacet
  facet normal 0 1 0
    outer loop
      vertex 30.5056 20 7.66671
      vertex 31.6696 20 6.88891
      vertex 30.2284 20 7.14805
    endloop
  endfacet
  facet normal 0 1 -0
    outer loop
      vertex 31.5218 20 6.61229
      vertex 30.2284 20 7.14805
      vertex 31.6696 20 6.88891
    endloop
  endfacet
  facet normal 0 1 0
    outer loop
      vertex 31.5218 20 6.61229
      vertex 30.0576 20 6.58527
      vertex 30.2284 20 7.14805
    endloop
  endfacet
  facet normal 0 1 -0
    outer loop
      vertex 31.4307 20 6.31214
      vertex 30.0576 20 6.58527
      vertex 31.5218 20 6.61229
    endloop
  endfacet
  facet normal 0 1 -0
    outer loop
      vertex 31.4 20 6
      vertex 30.0576 20 6.58527
      vertex 31.4307 20 6.31214
    endloop
  endfacet
  facet normal 0 1 0
    outer loop
      vertex 31.4 20 6
      vertex 30 20 6
      vertex 30.0576 20 6.58527
    endloop
  endfacet
  facet normal 0 1 0
    outer loop
      vertex 31.4307 20 5.68786
      vertex 30 20 6
      vertex 31.4 20 6
    endloop
  endfacet
  facet normal 0 1 0
    outer loop
      vertex 31.4307 20 5.68786
      vertex 30.0576 20 5.41473
      vertex 30 20 6
    endloop
  endfacet
  facet normal 0 1 0
    outer loop
      vertex 31.5218 20 5.38771
      vertex 30.0576 20 5.41473
      vertex 31.4307 20 5.68786
    endloop
  endfacet
  facet normal 0 1 0
    outer loop
      vertex 30.2284 20 4.85195
      vertex 31.5218 20 5.38771
      vertex 31.6696 20 5.11109
    endloop
  endfacet
  facet normal 0 1 0
    outer loop
      vertex 30.5056 20 4.33329
      vertex 31.6696 20 5.11109
      vertex 31.8686 20 4.86863
    endloop
  endfacet
  facet normal 0 1 0
    outer loop
      vertex 31.5218 20 5.38771
      vertex 30.2284 20 4.85195
      vertex 30.0576 20 5.41473
    endloop
  endfacet
  facet normal 0 1 0
    outer loop
      vertex 30.8787 20 3.87868
      vertex 31.8686 20 4.86863
      vertex 32.1111 20 4.66965
    endloop
  endfacet
  facet normal 0 1 0
    outer loop
      vertex 31.3333 20 3.50559
      vertex 32.1111 20 4.66965
      vertex 32.3877 20 4.52179
    endloop
  endfacet
  facet normal 0 1 0
    outer loop
      vertex 31.852 20 3.22836
      vertex 32.3877 20 4.52179
      vertex 32.6879 20 4.43074
    endloop
  endfacet
  facet normal 0 1 0
    outer loop
      vertex 31.6696 20 5.11109
      vertex 30.5056 20 4.33329
      vertex 30.2284 20 4.85195
    endloop
  endfacet
  facet normal 0 1 0
    outer loop
      vertex 32.4147 20 3.05764
      vertex 32.6879 20 4.43074
      vertex 33 20 4.4
    endloop
  endfacet
  facet normal 0 1 -0
    outer loop
      vertex 34.148 20 3.22836
      vertex 33.6123 20 4.52179
      vertex 34.6667 20 3.50559
    endloop
  endfacet
  facet normal 0 1 0
    outer loop
      vertex 33.6123 20 4.52179
      vertex 34.148 20 3.22836
      vertex 33.3121 20 4.43074
    endloop
  endfacet
  facet normal 0 1 0
    outer loop
      vertex 31.8686 20 4.86863
      vertex 30.8787 20 3.87868
      vertex 30.5056 20 4.33329
    endloop
  endfacet
  facet normal 0 1 -0
    outer loop
      vertex 33.5853 20 3.05764
      vertex 33.3121 20 4.43074
      vertex 34.148 20 3.22836
    endloop
  endfacet
  facet normal 0 1 0
    outer loop
      vertex 32.1111 20 4.66965
      vertex 31.3333 20 3.50559
      vertex 30.8787 20 3.87868
    endloop
  endfacet
  facet normal 0 1 0
    outer loop
      vertex 33.3121 20 4.43074
      vertex 33.5853 20 3.05764
      vertex 33 20 4.4
    endloop
  endfacet
  facet normal 0 1 0
    outer loop
      vertex 32.3877 20 4.52179
      vertex 31.852 20 3.22836
      vertex 31.3333 20 3.50559
    endloop
  endfacet
  facet normal 0 1 0
    outer loop
      vertex 33 20 3
      vertex 33 20 4.4
      vertex 33.5853 20 3.05764
    endloop
  endfacet
  facet normal 0 1 0
    outer loop
      vertex 32.6879 20 4.43074
      vertex 32.4147 20 3.05764
      vertex 31.852 20 3.22836
    endloop
  endfacet
  facet normal 0 1 0
    outer loop
      vertex 33 20 4.4
      vertex 33 20 3
      vertex 32.4147 20 3.05764
    endloop
  endfacet
  facet normal -0.881942 0 0.471358
    outer loop
      vertex 30.2284 12 7.14805
      vertex 30.5056 20 7.66671
      vertex 30.2284 20 7.14805
    endloop
  endfacet
  facet normal -0.881942 0 0.471358
    outer loop
      vertex 30.5056 20 7.66671
      vertex 30.2284 12 7.14805
      vertex 30.5056 12 7.66671
    endloop
  endfacet
  facet normal 0.290326 -9.36255e-19 -0.956928
    outer loop
      vertex 33.5853 12 3.05764
      vertex 34.148 20 3.22836
      vertex 34.148 12 3.22836
    endloop
  endfacet
  facet normal 0.290326 -9.36255e-19 -0.956928
    outer loop
      vertex 34.148 20 3.22836
      vertex 33.5853 12 3.05764
      vertex 33.5853 20 3.05764
    endloop
  endfacet
  facet normal 0 -1 0
    outer loop
      vertex 33 12 7.6
      vertex 33 12 9
      vertex 32.4147 12 8.94236
    endloop
  endfacet
  facet normal 0 -1 0
    outer loop
      vertex 32.6879 12 7.56926
      vertex 32.4147 12 8.94236
      vertex 31.852 12 8.77164
    endloop
  endfacet
  facet normal 0 -1 0
    outer loop
      vertex 33 12 9
      vertex 33 12 7.6
      vertex 33.5853 12 8.94236
    endloop
  endfacet
  facet normal 0 -1 0
    outer loop
      vertex 32.3877 12 7.47821
      vertex 31.852 12 8.77164
      vertex 31.3333 12 8.49441
    endloop
  endfacet
  facet normal 0 -1 0
    outer loop
      vertex 33.3121 12 7.56926
      vertex 33.5853 12 8.94236
      vertex 33 12 7.6
    endloop
  endfacet
  facet normal 0 -1 0
    outer loop
      vertex 32.1111 12 7.33035
      vertex 31.3333 12 8.49441
      vertex 30.8787 12 8.12132
    endloop
  endfacet
  facet normal 0 -1 -0
    outer loop
      vertex 33.5853 12 8.94236
      vertex 33.3121 12 7.56926
      vertex 34.148 12 8.77164
    endloop
  endfacet
  facet normal 0 -1 0
    outer loop
      vertex 31.8686 12 7.13137
      vertex 30.8787 12 8.12132
      vertex 30.5056 12 7.66671
    endloop
  endfacet
  facet normal 0 -1 0
    outer loop
      vertex 33.6123 12 7.47821
      vertex 34.148 12 8.77164
      vertex 33.3121 12 7.56926
    endloop
  endfacet
  facet normal 0 -1 -0
    outer loop
      vertex 34.148 12 8.77164
      vertex 33.6123 12 7.47821
      vertex 34.6667 12 8.49441
    endloop
  endfacet
  facet normal 0 -1 0
    outer loop
      vertex 32.4147 12 8.94236
      vertex 32.6879 12 7.56926
      vertex 33 12 7.6
    endloop
  endfacet
  facet normal 0 -1 0
    outer loop
      vertex 31.852 12 8.77164
      vertex 32.3877 12 7.47821
      vertex 32.6879 12 7.56926
    endloop
  endfacet
  facet normal 0 -1 0
    outer loop
      vertex 31.3333 12 8.49441
      vertex 32.1111 12 7.33035
      vertex 32.3877 12 7.47821
    endloop
  endfacet
  facet normal 0 -1 0
    outer loop
      vertex 31.6696 12 6.88891
      vertex 30.5056 12 7.66671
      vertex 30.2284 12 7.14805
    endloop
  endfacet
  facet normal 0 -1 0
    outer loop
      vertex 30.8787 12 8.12132
      vertex 31.8686 12 7.13137
      vertex 32.1111 12 7.33035
    endloop
  endfacet
  facet normal 0 -1 0
    outer loop
      vertex 30.5056 12 7.66671
      vertex 31.6696 12 6.88891
      vertex 31.8686 12 7.13137
    endloop
  endfacet
  facet normal 0 -1 0
    outer loop
      vertex 30.2284 12 7.14805
      vertex 31.5218 12 6.61229
      vertex 31.6696 12 6.88891
    endloop
  endfacet
  facet normal 0 -1 0
    outer loop
      vertex 30.0576 12 6.58527
      vertex 31.5218 12 6.61229
      vertex 30.2284 12 7.14805
    endloop
  endfacet
  facet normal 0 -1 0
    outer loop
      vertex 30.0576 12 6.58527
      vertex 31.4307 12 6.31214
      vertex 31.5218 12 6.61229
    endloop
  endfacet
  facet normal 0 -1 0
    outer loop
      vertex 30 12 6
      vertex 31.4307 12 6.31214
      vertex 30.0576 12 6.58527
    endloop
  endfacet
  facet normal 0 -1 0
    outer loop
      vertex 30 12 6
      vertex 31.4 12 6
      vertex 31.4307 12 6.31214
    endloop
  endfacet
  facet normal 0 -1 0
    outer loop
      vertex 30 12 6
      vertex 31.4307 12 5.68786
      vertex 31.4 12 6
    endloop
  endfacet
  facet normal 0 -1 0
    outer loop
      vertex 30.0576 12 5.41473
      vertex 31.4307 12 5.68786
      vertex 30 12 6
    endloop
  endfacet
  facet normal 0 -1 0
    outer loop
      vertex 30.0576 12 5.41473
      vertex 31.5218 12 5.38771
      vertex 31.4307 12 5.68786
    endloop
  endfacet
  facet normal 0 -1 0
    outer loop
      vertex 30.2284 12 4.85195
      vertex 31.5218 12 5.38771
      vertex 30.0576 12 5.41473
    endloop
  endfacet
  facet normal 0 -1 -0
    outer loop
      vertex 31.5218 12 5.38771
      vertex 30.2284 12 4.85195
      vertex 31.6696 12 5.11109
    endloop
  endfacet
  facet normal 0 -1 0
    outer loop
      vertex 30.5056 12 4.33329
      vertex 31.6696 12 5.11109
      vertex 30.2284 12 4.85195
    endloop
  endfacet
  facet normal 0 -1 -0
    outer loop
      vertex 31.6696 12 5.11109
      vertex 30.5056 12 4.33329
      vertex 31.8686 12 4.86863
    endloop
  endfacet
  facet normal 0 -1 0
    outer loop
      vertex 30.8787 12 3.87868
      vertex 31.8686 12 4.86863
      vertex 30.5056 12 4.33329
    endloop
  endfacet
  facet normal 0 -1 -0
    outer loop
      vertex 31.8686 12 4.86863
      vertex 30.8787 12 3.87868
      vertex 32.1111 12 4.66965
    endloop
  endfacet
  facet normal 0 -1 -0
    outer loop
      vertex 32.1111 12 4.66965
      vertex 31.3333 12 3.50559
      vertex 32.3877 12 4.52179
    endloop
  endfacet
  facet normal 0 -1 0
    outer loop
      vertex 31.3333 12 3.50559
      vertex 32.1111 12 4.66965
      vertex 30.8787 12 3.87868
    endloop
  endfacet
  facet normal 0 -1 0
    outer loop
      vertex 33.8889 12 7.33035
      vertex 34.6667 12 8.49441
      vertex 33.6123 12 7.47821
    endloop
  endfacet
  facet normal 0 -1 -0
    outer loop
      vertex 34.6667 12 8.49441
      vertex 33.8889 12 7.33035
      vertex 35.1213 12 8.12132
    endloop
  endfacet
  facet normal 0 -1 0
    outer loop
      vertex 34.1314 12 7.13137
      vertex 35.1213 12 8.12132
      vertex 33.8889 12 7.33035
    endloop
  endfacet
  facet normal 0 -1 -0
    outer loop
      vertex 35.1213 12 8.12132
      vertex 34.1314 12 7.13137
      vertex 35.4944 12 7.66671
    endloop
  endfacet
  facet normal 0 -1 0
    outer loop
      vertex 34.3304 12 6.88891
      vertex 35.4944 12 7.66671
      vertex 34.1314 12 7.13137
    endloop
  endfacet
  facet normal 0 -1 -0
    outer loop
      vertex 35.4944 12 7.66671
      vertex 34.3304 12 6.88891
      vertex 35.7716 12 7.14805
    endloop
  endfacet
  facet normal 0 -1 0
    outer loop
      vertex 34.4782 12 6.61229
      vertex 35.7716 12 7.14805
      vertex 34.3304 12 6.88891
    endloop
  endfacet
  facet normal 0 -1 0
    outer loop
      vertex 34.4782 12 6.61229
      vertex 35.9424 12 6.58527
      vertex 35.7716 12 7.14805
    endloop
  endfacet
  facet normal 0 -1 0
    outer loop
      vertex 34.5693 12 6.31214
      vertex 35.9424 12 6.58527
      vertex 34.4782 12 6.61229
    endloop
  endfacet
  facet normal 0 -1 0
    outer loop
      vertex 34.6 12 6
      vertex 35.9424 12 6.58527
      vertex 34.5693 12 6.31214
    endloop
  endfacet
  facet normal 0 -1 0
    outer loop
      vertex 34.6 12 6
      vertex 36 12 6
      vertex 35.9424 12 6.58527
    endloop
  endfacet
  facet normal 0 -1 0
    outer loop
      vertex 34.5693 12 5.68786
      vertex 36 12 6
      vertex 34.6 12 6
    endloop
  endfacet
  facet normal 0 -1 0
    outer loop
      vertex 34.5693 12 5.68786
      vertex 35.9424 12 5.41473
      vertex 36 12 6
    endloop
  endfacet
  facet normal 0 -1 0
    outer loop
      vertex 34.4782 12 5.38771
      vertex 35.9424 12 5.41473
      vertex 34.5693 12 5.68786
    endloop
  endfacet
  facet normal 0 -1 0
    outer loop
      vertex 35.7716 12 4.85195
      vertex 34.4782 12 5.38771
      vertex 34.3304 12 5.11109
    endloop
  endfacet
  facet normal 0 -1 0
    outer loop
      vertex 35.4944 12 4.33329
      vertex 34.3304 12 5.11109
      vertex 34.1314 12 4.86863
    endloop
  endfacet
  facet normal 0 -1 0
    outer loop
      vertex 34.4782 12 5.38771
      vertex 35.7716 12 4.85195
      vertex 35.9424 12 5.41473
    endloop
  endfacet
  facet normal 0 -1 0
    outer loop
      vertex 35.1213 12 3.87868
      vertex 34.1314 12 4.86863
      vertex 33.8889 12 4.66965
    endloop
  endfacet
  facet normal 0 -1 0
    outer loop
      vertex 34.6667 12 3.50559
      vertex 33.8889 12 4.66965
      vertex 33.6123 12 4.52179
    endloop
  endfacet
  facet normal 0 -1 0
    outer loop
      vertex 34.148 12 3.22836
      vertex 33.6123 12 4.52179
      vertex 33.3121 12 4.43074
    endloop
  endfacet
  facet normal 0 -1 0
    outer loop
      vertex 34.3304 12 5.11109
      vertex 35.4944 12 4.33329
      vertex 35.7716 12 4.85195
    endloop
  endfacet
  facet normal 0 -1 0
    outer loop
      vertex 33.5853 12 3.05764
      vertex 33.3121 12 4.43074
      vertex 33 12 4.4
    endloop
  endfacet
  facet normal 0 -1 0
    outer loop
      vertex 31.852 12 3.22836
      vertex 32.3877 12 4.52179
      vertex 31.3333 12 3.50559
    endloop
  endfacet
  facet normal 0 -1 -0
    outer loop
      vertex 32.3877 12 4.52179
      vertex 31.852 12 3.22836
      vertex 32.6879 12 4.43074
    endloop
  endfacet
  facet normal 0 -1 0
    outer loop
      vertex 34.1314 12 4.86863
      vertex 35.1213 12 3.87868
      vertex 35.4944 12 4.33329
    endloop
  endfacet
  facet normal 0 -1 0
    outer loop
      vertex 32.4147 12 3.05764
      vertex 32.6879 12 4.43074
      vertex 31.852 12 3.22836
    endloop
  endfacet
  facet normal 0 -1 0
    outer loop
      vertex 33.8889 12 4.66965
      vertex 34.6667 12 3.50559
      vertex 35.1213 12 3.87868
    endloop
  endfacet
  facet normal 0 -1 -0
    outer loop
      vertex 32.6879 12 4.43074
      vertex 32.4147 12 3.05764
      vertex 33 12 4.4
    endloop
  endfacet
  facet normal 0 -1 0
    outer loop
      vertex 33.6123 12 4.52179
      vertex 34.148 12 3.22836
      vertex 34.6667 12 3.50559
    endloop
  endfacet
  facet normal 0 -1 0
    outer loop
      vertex 33 12 3
      vertex 33 12 4.4
      vertex 32.4147 12 3.05764
    endloop
  endfacet
  facet normal 0 -1 0
    outer loop
      vertex 33.3121 12 4.43074
      vertex 33.5853 12 3.05764
      vertex 34.148 12 3.22836
    endloop
  endfacet
  facet normal 0 -1 0
    outer loop
      vertex 33 12 4.4
      vertex 33 12 3
      vertex 33.5853 12 3.05764
    endloop
  endfacet
  facet normal -0.290326 6.39775e-20 -0.956928
    outer loop
      vertex 31.852 12 3.22836
      vertex 32.4147 20 3.05764
      vertex 32.4147 12 3.05764
    endloop
  endfacet
  facet normal -0.290326 6.39775e-20 -0.956928
    outer loop
      vertex 32.4147 20 3.05764
      vertex 31.852 12 3.22836
      vertex 31.852 20 3.22836
    endloop
  endfacet
  facet normal 0.956901 0 -0.290413
    outer loop
      vertex 35.9424 12 5.41473
      vertex 35.7716 20 4.85195
      vertex 35.9424 20 5.41473
    endloop
  endfacet
  facet normal 0.956901 0 -0.290413
    outer loop
      vertex 35.7716 20 4.85195
      vertex 35.9424 12 5.41473
      vertex 35.7716 12 4.85195
    endloop
  endfacet
  facet normal 0.773001 -0 0.634405
    outer loop
      vertex 35.1213 12 8.12132
      vertex 35.4944 20 7.66671
      vertex 35.1213 20 8.12132
    endloop
  endfacet
  facet normal 0.773001 0 0.634405
    outer loop
      vertex 35.4944 20 7.66671
      vertex 35.1213 12 8.12132
      vertex 35.4944 12 7.66671
    endloop
  endfacet
  facet normal 0.634403 -2.22528e-18 -0.773003
    outer loop
      vertex 34.6667 12 3.50559
      vertex 35.1213 20 3.87868
      vertex 35.1213 12 3.87868
    endloop
  endfacet
  facet normal 0.634403 -2.22528e-18 -0.773003
    outer loop
      vertex 35.1213 20 3.87868
      vertex 34.6667 12 3.50559
      vertex 34.6667 20 3.50559
    endloop
  endfacet
  facet normal -0.471369 8.86569e-19 0.881936
    outer loop
      vertex 31.3333 20 8.49441
      vertex 31.852 12 8.77164
      vertex 31.852 20 8.77164
    endloop
  endfacet
  facet normal -0.471369 8.86569e-19 0.881936
    outer loop
      vertex 31.852 12 8.77164
      vertex 31.3333 20 8.49441
      vertex 31.3333 12 8.49441
    endloop
  endfacet
  facet normal -0.634403 -2.23187e-18 -0.773003
    outer loop
      vertex 30.8787 12 3.87868
      vertex 31.3333 20 3.50559
      vertex 31.3333 12 3.50559
    endloop
  endfacet
  facet normal -0.634403 -2.23187e-18 -0.773003
    outer loop
      vertex 31.3333 20 3.50559
      vertex 30.8787 12 3.87868
      vertex 30.8787 20 3.87868
    endloop
  endfacet
  facet normal -0.0980053 6.93771e-19 0.995186
    outer loop
      vertex 32.4147 20 8.94236
      vertex 33 12 9
      vertex 33 20 9
    endloop
  endfacet
  facet normal -0.0980053 6.93771e-19 0.995186
    outer loop
      vertex 33 12 9
      vertex 32.4147 20 8.94236
      vertex 32.4147 12 8.94236
    endloop
  endfacet
  facet normal 0.881942 0 -0.471358
    outer loop
      vertex 35.7716 12 4.85195
      vertex 35.4944 20 4.33329
      vertex 35.7716 20 4.85195
    endloop
  endfacet
  facet normal 0.881942 0 -0.471358
    outer loop
      vertex 35.4944 20 4.33329
      vertex 35.7716 12 4.85195
      vertex 35.4944 12 4.33329
    endloop
  endfacet
  facet normal -0.956901 0 -0.290413
    outer loop
      vertex 30.2284 12 4.85195
      vertex 30.0576 20 5.41473
      vertex 30.2284 20 4.85195
    endloop
  endfacet
  facet normal -0.956901 -0 -0.290413
    outer loop
      vertex 30.0576 20 5.41473
      vertex 30.2284 12 4.85195
      vertex 30.0576 12 5.41473
    endloop
  endfacet
  facet normal -0.995192 0 -0.0979429
    outer loop
      vertex 30.0576 12 5.41473
      vertex 30 20 6
      vertex 30.0576 20 5.41473
    endloop
  endfacet
  facet normal -0.995192 -0 -0.0979429
    outer loop
      vertex 30 20 6
      vertex 30.0576 12 5.41473
      vertex 30 12 6
    endloop
  endfacet
  facet normal -0.773001 0 -0.634405
    outer loop
      vertex 30.8787 12 3.87868
      vertex 30.5056 20 4.33329
      vertex 30.8787 20 3.87868
    endloop
  endfacet
  facet normal -0.773001 -0 -0.634405
    outer loop
      vertex 30.5056 20 4.33329
      vertex 30.8787 12 3.87868
      vertex 30.5056 12 4.33329
    endloop
  endfacet
  facet normal -0.773001 0 0.634405
    outer loop
      vertex 30.5056 12 7.66671
      vertex 30.8787 20 8.12132
      vertex 30.5056 20 7.66671
    endloop
  endfacet
  facet normal -0.773001 0 0.634405
    outer loop
      vertex 30.8787 20 8.12132
      vertex 30.5056 12 7.66671
      vertex 30.8787 12 8.12132
    endloop
  endfacet
  facet normal -0.956901 0 0.290413
    outer loop
      vertex 30.0576 12 6.58527
      vertex 30.2284 20 7.14805
      vertex 30.0576 20 6.58527
    endloop
  endfacet
  facet normal -0.956901 0 0.290413
    outer loop
      vertex 30.2284 20 7.14805
      vertex 30.0576 12 6.58527
      vertex 30.2284 12 7.14805
    endloop
  endfacet
  facet normal -0.995192 0 0.0979429
    outer loop
      vertex 30 12 6
      vertex 30.0576 20 6.58527
      vertex 30 20 6
    endloop
  endfacet
  facet normal -0.995192 0 0.0979429
    outer loop
      vertex 30.0576 20 6.58527
      vertex 30 12 6
      vertex 30.0576 12 6.58527
    endloop
  endfacet
  facet normal -0.956896 0 -0.290432
    outer loop
      vertex 34.5693 12 6.31214
      vertex 34.4782 20 6.61229
      vertex 34.5693 20 6.31214
    endloop
  endfacet
  facet normal -0.956896 -0 -0.290432
    outer loop
      vertex 34.4782 20 6.61229
      vertex 34.5693 12 6.31214
      vertex 34.4782 12 6.61229
    endloop
  endfacet
  facet normal -0.995198 0 -0.097881
    outer loop
      vertex 34.6 12 6
      vertex 34.5693 20 6.31214
      vertex 34.6 20 6
    endloop
  endfacet
  facet normal -0.995198 -0 -0.097881
    outer loop
      vertex 34.5693 20 6.31214
      vertex 34.6 12 6
      vertex 34.5693 12 6.31214
    endloop
  endfacet
  facet normal -0.881996 0 -0.471257
    outer loop
      vertex 34.4782 12 6.61229
      vertex 34.3304 20 6.88891
      vertex 34.4782 20 6.61229
    endloop
  endfacet
  facet normal -0.881996 -0 -0.471257
    outer loop
      vertex 34.3304 20 6.88891
      vertex 34.4782 12 6.61229
      vertex 34.3304 12 6.88891
    endloop
  endfacet
  facet normal 0.634327 -9.68381e-19 -0.773065
    outer loop
      vertex 31.8686 12 7.13137
      vertex 32.1111 20 7.33035
      vertex 32.1111 12 7.33035
    endloop
  endfacet
  facet normal 0.634327 -9.68381e-19 -0.773065
    outer loop
      vertex 32.1111 20 7.33035
      vertex 31.8686 12 7.13137
      vertex 31.8686 20 7.13137
    endloop
  endfacet
  facet normal -0.290242 4.77524e-19 -0.956953
    outer loop
      vertex 33.3121 12 7.56926
      vertex 33.6123 20 7.47821
      vertex 33.6123 12 7.47821
    endloop
  endfacet
  facet normal -0.290242 4.77524e-19 -0.956953
    outer loop
      vertex 33.6123 20 7.47821
      vertex 33.3121 12 7.56926
      vertex 33.3121 20 7.56926
    endloop
  endfacet
  facet normal -0.772982 0 -0.634428
    outer loop
      vertex 34.3304 12 6.88891
      vertex 34.1314 20 7.13137
      vertex 34.3304 20 6.88891
    endloop
  endfacet
  facet normal -0.772982 -0 -0.634428
    outer loop
      vertex 34.1314 20 7.13137
      vertex 34.3304 12 6.88891
      vertex 34.1314 12 7.13137
    endloop
  endfacet
  facet normal 0.772982 0 -0.634428
    outer loop
      vertex 31.8686 12 7.13137
      vertex 31.6696 20 6.88891
      vertex 31.8686 20 7.13137
    endloop
  endfacet
  facet normal 0.772982 0 -0.634428
    outer loop
      vertex 31.6696 20 6.88891
      vertex 31.8686 12 7.13137
      vertex 31.6696 12 6.88891
    endloop
  endfacet
  facet normal 0.881996 -0 0.471257
    outer loop
      vertex 31.5218 12 5.38771
      vertex 31.6696 20 5.11109
      vertex 31.5218 20 5.38771
    endloop
  endfacet
  facet normal 0.881996 0 0.471257
    outer loop
      vertex 31.6696 20 5.11109
      vertex 31.5218 12 5.38771
      vertex 31.6696 12 5.11109
    endloop
  endfacet
  facet normal -0.881996 0 0.471257
    outer loop
      vertex 34.3304 12 5.11109
      vertex 34.4782 20 5.38771
      vertex 34.3304 20 5.11109
    endloop
  endfacet
  facet normal -0.881996 0 0.471257
    outer loop
      vertex 34.4782 20 5.38771
      vertex 34.3304 12 5.11109
      vertex 34.4782 12 5.38771
    endloop
  endfacet
  facet normal 0.290242 -4.77524e-19 -0.956953
    outer loop
      vertex 32.3877 12 7.47821
      vertex 32.6879 20 7.56926
      vertex 32.6879 12 7.56926
    endloop
  endfacet
  facet normal 0.290242 -4.77524e-19 -0.956953
    outer loop
      vertex 32.6879 20 7.56926
      vertex 32.3877 12 7.47821
      vertex 32.3877 20 7.47821
    endloop
  endfacet
  facet normal -0.290242 -4.77524e-19 0.956953
    outer loop
      vertex 33.3121 20 4.43074
      vertex 33.6123 12 4.52179
      vertex 33.6123 20 4.52179
    endloop
  endfacet
  facet normal -0.290242 -4.77524e-19 0.956953
    outer loop
      vertex 33.6123 12 4.52179
      vertex 33.3121 20 4.43074
      vertex 33.3121 12 4.43074
    endloop
  endfacet
  facet normal -0.634327 9.68381e-19 -0.773065
    outer loop
      vertex 33.8889 12 7.33035
      vertex 34.1314 20 7.13137
      vertex 34.1314 12 7.13137
    endloop
  endfacet
  facet normal -0.634327 9.68381e-19 -0.773065
    outer loop
      vertex 34.1314 20 7.13137
      vertex 33.8889 12 7.33035
      vertex 33.8889 20 7.33035
    endloop
  endfacet
  facet normal -0.634327 -9.68381e-19 0.773065
    outer loop
      vertex 33.8889 20 4.66965
      vertex 34.1314 12 4.86863
      vertex 34.1314 20 4.86863
    endloop
  endfacet
  facet normal -0.634327 -9.68381e-19 0.773065
    outer loop
      vertex 34.1314 12 4.86863
      vertex 33.8889 20 4.66965
      vertex 33.8889 12 4.66965
    endloop
  endfacet
  facet normal -0.471432 7.40199e-19 0.881902
    outer loop
      vertex 33.6123 20 4.52179
      vertex 33.8889 12 4.66965
      vertex 33.8889 20 4.66965
    endloop
  endfacet
  facet normal -0.471432 7.40199e-19 0.881902
    outer loop
      vertex 33.8889 12 4.66965
      vertex 33.6123 20 4.52179
      vertex 33.6123 12 4.52179
    endloop
  endfacet
  facet normal 0.634327 9.68381e-19 0.773065
    outer loop
      vertex 31.8686 20 4.86863
      vertex 32.1111 12 4.66965
      vertex 32.1111 20 4.66965
    endloop
  endfacet
  facet normal 0.634327 9.68381e-19 0.773065
    outer loop
      vertex 32.1111 12 4.66965
      vertex 31.8686 20 4.86863
      vertex 31.8686 12 4.86863
    endloop
  endfacet
  facet normal -0.772982 0 0.634428
    outer loop
      vertex 34.1314 12 4.86863
      vertex 34.3304 20 5.11109
      vertex 34.1314 20 4.86863
    endloop
  endfacet
  facet normal -0.772982 0 0.634428
    outer loop
      vertex 34.3304 20 5.11109
      vertex 34.1314 12 4.86863
      vertex 34.3304 12 5.11109
    endloop
  endfacet
  facet normal -0.995198 0 0.097881
    outer loop
      vertex 34.5693 12 5.68786
      vertex 34.6 20 6
      vertex 34.5693 20 5.68786
    endloop
  endfacet
  facet normal -0.995198 0 0.097881
    outer loop
      vertex 34.6 20 6
      vertex 34.5693 12 5.68786
      vertex 34.6 12 6
    endloop
  endfacet
  facet normal -0.956896 0 0.290432
    outer loop
      vertex 34.4782 12 5.38771
      vertex 34.5693 20 5.68786
      vertex 34.4782 20 5.38771
    endloop
  endfacet
  facet normal -0.956896 0 0.290432
    outer loop
      vertex 34.5693 20 5.68786
      vertex 34.4782 12 5.38771
      vertex 34.5693 12 5.68786
    endloop
  endfacet
  facet normal 0.471432 7.40199e-19 -0.881902
    outer loop
      vertex 32.1111 12 7.33035
      vertex 32.3877 20 7.47821
      vertex 32.3877 12 7.47821
    endloop
  endfacet
  facet normal 0.471432 7.40199e-19 -0.881902
    outer loop
      vertex 32.3877 20 7.47821
      vertex 32.1111 12 7.33035
      vertex 32.1111 20 7.33035
    endloop
  endfacet
  facet normal -0.471432 -7.40199e-19 -0.881902
    outer loop
      vertex 33.6123 12 7.47821
      vertex 33.8889 20 7.33035
      vertex 33.8889 12 7.33035
    endloop
  endfacet
  facet normal -0.471432 -7.40199e-19 -0.881902
    outer loop
      vertex 33.8889 20 7.33035
      vertex 33.6123 12 7.47821
      vertex 33.6123 20 7.47821
    endloop
  endfacet
  facet normal 0.956896 0 -0.290432
    outer loop
      vertex 31.5218 12 6.61229
      vertex 31.4307 20 6.31214
      vertex 31.5218 20 6.61229
    endloop
  endfacet
  facet normal 0.956896 0 -0.290432
    outer loop
      vertex 31.4307 20 6.31214
      vertex 31.5218 12 6.61229
      vertex 31.4307 12 6.31214
    endloop
  endfacet
  facet normal -0.0980198 -2.22691e-19 0.995184
    outer loop
      vertex 33 20 4.4
      vertex 33.3121 12 4.43074
      vertex 33.3121 20 4.43074
    endloop
  endfacet
  facet normal -0.0980198 -2.22691e-19 0.995184
    outer loop
      vertex 33.3121 12 4.43074
      vertex 33 20 4.4
      vertex 33 12 4.4
    endloop
  endfacet
  facet normal 0.0980198 -2.22691e-19 -0.995184
    outer loop
      vertex 32.6879 12 7.56926
      vertex 33 20 7.6
      vertex 33 12 7.6
    endloop
  endfacet
  facet normal 0.0980198 -2.22691e-19 -0.995184
    outer loop
      vertex 33 20 7.6
      vertex 32.6879 12 7.56926
      vertex 32.6879 20 7.56926
    endloop
  endfacet
  facet normal 0.881996 0 -0.471257
    outer loop
      vertex 31.6696 12 6.88891
      vertex 31.5218 20 6.61229
      vertex 31.6696 20 6.88891
    endloop
  endfacet
  facet normal 0.881996 0 -0.471257
    outer loop
      vertex 31.5218 20 6.61229
      vertex 31.6696 12 6.88891
      vertex 31.5218 12 6.61229
    endloop
  endfacet
  facet normal 0.956896 -0 0.290432
    outer loop
      vertex 31.4307 12 5.68786
      vertex 31.5218 20 5.38771
      vertex 31.4307 20 5.68786
    endloop
  endfacet
  facet normal 0.956896 0 0.290432
    outer loop
      vertex 31.5218 20 5.38771
      vertex 31.4307 12 5.68786
      vertex 31.5218 12 5.38771
    endloop
  endfacet
  facet normal 0.995198 -0 0.097881
    outer loop
      vertex 31.4 12 6
      vertex 31.4307 20 5.68786
      vertex 31.4 20 6
    endloop
  endfacet
  facet normal 0.995198 0 0.097881
    outer loop
      vertex 31.4307 20 5.68786
      vertex 31.4 12 6
      vertex 31.4307 12 5.68786
    endloop
  endfacet
  facet normal 0.772982 -0 0.634428
    outer loop
      vertex 31.6696 12 5.11109
      vertex 31.8686 20 4.86863
      vertex 31.6696 20 5.11109
    endloop
  endfacet
  facet normal 0.772982 0 0.634428
    outer loop
      vertex 31.8686 20 4.86863
      vertex 31.6696 12 5.11109
      vertex 31.8686 12 4.86863
    endloop
  endfacet
  facet normal 0.471432 -7.40199e-19 0.881902
    outer loop
      vertex 32.1111 20 4.66965
      vertex 32.3877 12 4.52179
      vertex 32.3877 20 4.52179
    endloop
  endfacet
  facet normal 0.471432 -7.40199e-19 0.881902
    outer loop
      vertex 32.3877 12 4.52179
      vertex 32.1111 20 4.66965
      vertex 32.1111 12 4.66965
    endloop
  endfacet
  facet normal -0.0980198 2.22691e-19 -0.995184
    outer loop
      vertex 33 12 7.6
      vertex 33.3121 20 7.56926
      vertex 33.3121 12 7.56926
    endloop
  endfacet
  facet normal -0.0980198 2.22691e-19 -0.995184
    outer loop
      vertex 33.3121 20 7.56926
      vertex 33 12 7.6
      vertex 33 20 7.6
    endloop
  endfacet
  facet normal 0.995198 0 -0.097881
    outer loop
      vertex 31.4307 12 6.31214
      vertex 31.4 20 6
      vertex 31.4307 20 6.31214
    endloop
  endfacet
  facet normal 0.995198 0 -0.097881
    outer loop
      vertex 31.4 20 6
      vertex 31.4307 12 6.31214
      vertex 31.4 12 6
    endloop
  endfacet
  facet normal 0.0980198 2.22691e-19 0.995184
    outer loop
      vertex 32.6879 20 4.43074
      vertex 33 12 4.4
      vertex 33 20 4.4
    endloop
  endfacet
  facet normal 0.0980198 2.22691e-19 0.995184
    outer loop
      vertex 33 12 4.4
      vertex 32.6879 20 4.43074
      vertex 32.6879 12 4.43074
    endloop
  endfacet
  facet normal 0.290242 4.77524e-19 0.956953
    outer loop
      vertex 32.3877 20 4.52179
      vertex 32.6879 12 4.43074
      vertex 32.6879 20 4.43074
    endloop
  endfacet
  facet normal 0.290242 4.77524e-19 0.956953
    outer loop
      vertex 32.6879 12 4.43074
      vertex 32.3877 20 4.52179
      vertex 32.3877 12 4.52179
    endloop
  endfacet
  facet normal 0.471329 1.20275e-18 0.881957
    outer loop
      vertex 34.148 20 51.7716
      vertex 34.6667 12 51.4944
      vertex 34.6667 20 51.4944
    endloop
  endfacet
  facet normal 0.471329 1.20275e-18 0.881957
    outer loop
      vertex 34.6667 12 51.4944
      vertex 34.148 20 51.7716
      vertex 34.148 12 51.7716
    endloop
  endfacet
  facet normal 0.95689 -0 0.290451
    outer loop
      vertex 35.7716 12 50.148
      vertex 35.9424 20 49.5853
      vertex 35.7716 20 50.148
    endloop
  endfacet
  facet normal 0.95689 0 0.290451
    outer loop
      vertex 35.9424 20 49.5853
      vertex 35.7716 12 50.148
      vertex 35.9424 12 49.5853
    endloop
  endfacet
  facet normal 0.995193 -0 0.097938
    outer loop
      vertex 35.9424 12 49.5853
      vertex 36 20 49
      vertex 35.9424 20 49.5853
    endloop
  endfacet
  facet normal 0.995193 0 0.097938
    outer loop
      vertex 36 20 49
      vertex 35.9424 12 49.5853
      vertex 36 12 49
    endloop
  endfacet
  facet normal 0.881957 -0 0.471329
    outer loop
      vertex 35.4944 12 50.6667
      vertex 35.7716 20 50.148
      vertex 35.4944 20 50.6667
    endloop
  endfacet
  facet normal 0.881957 0 0.471329
    outer loop
      vertex 35.7716 20 50.148
      vertex 35.4944 12 50.6667
      vertex 35.7716 12 50.148
    endloop
  endfacet
  facet normal 0.097938 -4.20638e-19 0.995193
    outer loop
      vertex 33 20 52
      vertex 33.5853 12 51.9424
      vertex 33.5853 20 51.9424
    endloop
  endfacet
  facet normal 0.097938 -4.20638e-19 0.995193
    outer loop
      vertex 33.5853 12 51.9424
      vertex 33 20 52
      vertex 33 12 52
    endloop
  endfacet
  facet normal 0.097938 4.20638e-19 -0.995193
    outer loop
      vertex 33 12 46
      vertex 33.5853 20 46.0576
      vertex 33.5853 12 46.0576
    endloop
  endfacet
  facet normal 0.097938 4.20638e-19 -0.995193
    outer loop
      vertex 33.5853 20 46.0576
      vertex 33 12 46
      vertex 33 20 46
    endloop
  endfacet
  facet normal 0.290451 -9.70258e-19 0.95689
    outer loop
      vertex 33.5853 20 51.9424
      vertex 34.148 12 51.7716
      vertex 34.148 20 51.7716
    endloop
  endfacet
  facet normal 0.290451 -9.70258e-19 0.95689
    outer loop
      vertex 34.148 12 51.7716
      vertex 33.5853 20 51.9424
      vertex 33.5853 12 51.9424
    endloop
  endfacet
  facet normal 0.634413 -2.67195e-18 0.772994
    outer loop
      vertex 34.6667 20 51.4944
      vertex 35.1213 12 51.1213
      vertex 35.1213 20 51.1213
    endloop
  endfacet
  facet normal 0.634413 -2.67195e-18 0.772994
    outer loop
      vertex 35.1213 12 51.1213
      vertex 34.6667 20 51.4944
      vertex 34.6667 12 51.4944
    endloop
  endfacet
  facet normal 0.772994 0 -0.634413
    outer loop
      vertex 35.4944 12 47.3333
      vertex 35.1213 20 46.8787
      vertex 35.4944 20 47.3333
    endloop
  endfacet
  facet normal 0.772994 0 -0.634413
    outer loop
      vertex 35.1213 20 46.8787
      vertex 35.4944 12 47.3333
      vertex 35.1213 12 46.8787
    endloop
  endfacet
  facet normal -0.634413 1.23722e-18 0.772994
    outer loop
      vertex 30.8787 20 51.1213
      vertex 31.3333 12 51.4944
      vertex 31.3333 20 51.4944
    endloop
  endfacet
  facet normal -0.634413 1.23722e-18 0.772994
    outer loop
      vertex 31.3333 12 51.4944
      vertex 30.8787 20 51.1213
      vertex 30.8787 12 51.1213
    endloop
  endfacet
  facet normal 0.471329 -1.20275e-18 -0.881957
    outer loop
      vertex 34.148 12 46.2284
      vertex 34.6667 20 46.5056
      vertex 34.6667 12 46.5056
    endloop
  endfacet
  facet normal 0.471329 -1.20275e-18 -0.881957
    outer loop
      vertex 34.6667 20 46.5056
      vertex 34.148 12 46.2284
      vertex 34.148 20 46.2284
    endloop
  endfacet
  facet normal -0.881957 0 -0.471329
    outer loop
      vertex 30.5056 12 47.3333
      vertex 30.2284 20 47.852
      vertex 30.5056 20 47.3333
    endloop
  endfacet
  facet normal -0.881957 -0 -0.471329
    outer loop
      vertex 30.2284 20 47.852
      vertex 30.5056 12 47.3333
      vertex 30.2284 12 47.852
    endloop
  endfacet
  facet normal 0.995193 0 -0.097938
    outer loop
      vertex 36 12 49
      vertex 35.9424 20 48.4147
      vertex 36 20 49
    endloop
  endfacet
  facet normal 0.995193 0 -0.097938
    outer loop
      vertex 35.9424 20 48.4147
      vertex 36 12 49
      vertex 35.9424 12 48.4147
    endloop
  endfacet
  facet normal -0.471329 -1.6383e-18 -0.881957
    outer loop
      vertex 31.3333 12 46.5056
      vertex 31.852 20 46.2284
      vertex 31.852 12 46.2284
    endloop
  endfacet
  facet normal -0.471329 -1.6383e-18 -0.881957
    outer loop
      vertex 31.852 20 46.2284
      vertex 31.3333 12 46.5056
      vertex 31.3333 20 46.5056
    endloop
  endfacet
  facet normal -0.290451 -1.16787e-18 0.95689
    outer loop
      vertex 31.852 20 51.7716
      vertex 32.4147 12 51.9424
      vertex 32.4147 20 51.9424
    endloop
  endfacet
  facet normal -0.290451 -1.16787e-18 0.95689
    outer loop
      vertex 32.4147 12 51.9424
      vertex 31.852 20 51.7716
      vertex 31.852 12 51.7716
    endloop
  endfacet
  facet normal -0.097938 -4.20638e-19 -0.995193
    outer loop
      vertex 32.4147 12 46.0576
      vertex 33 20 46
      vertex 33 12 46
    endloop
  endfacet
  facet normal -0.097938 -4.20638e-19 -0.995193
    outer loop
      vertex 33 20 46
      vertex 32.4147 12 46.0576
      vertex 32.4147 20 46.0576
    endloop
  endfacet
  facet normal 0 1 0
    outer loop
      vertex 33 20 50.6
      vertex 33 20 52
      vertex 33.5853 20 51.9424
    endloop
  endfacet
  facet normal 0 1 0
    outer loop
      vertex 33.3121 20 50.5693
      vertex 33.5853 20 51.9424
      vertex 34.148 20 51.7716
    endloop
  endfacet
  facet normal 0 1 0
    outer loop
      vertex 33 20 52
      vertex 33 20 50.6
      vertex 32.4147 20 51.9424
    endloop
  endfacet
  facet normal 0 1 0
    outer loop
      vertex 33.6123 20 50.4782
      vertex 34.148 20 51.7716
      vertex 34.6667 20 51.4944
    endloop
  endfacet
  facet normal 0 1 -0
    outer loop
      vertex 32.6879 20 50.5693
      vertex 32.4147 20 51.9424
      vertex 33 20 50.6
    endloop
  endfacet
  facet normal 0 1 0
    outer loop
      vertex 33.8889 20 50.3304
      vertex 34.6667 20 51.4944
      vertex 35.1213 20 51.1213
    endloop
  endfacet
  facet normal 0 1 0
    outer loop
      vertex 32.4147 20 51.9424
      vertex 32.6879 20 50.5693
      vertex 31.852 20 51.7716
    endloop
  endfacet
  facet normal 0 1 0
    outer loop
      vertex 34.1314 20 50.1314
      vertex 35.1213 20 51.1213
      vertex 35.4944 20 50.6667
    endloop
  endfacet
  facet normal 0 1 -0
    outer loop
      vertex 32.3877 20 50.4782
      vertex 31.852 20 51.7716
      vertex 32.6879 20 50.5693
    endloop
  endfacet
  facet normal 0 1 0
    outer loop
      vertex 31.852 20 51.7716
      vertex 32.3877 20 50.4782
      vertex 31.3333 20 51.4944
    endloop
  endfacet
  facet normal 0 1 0
    outer loop
      vertex 33.5853 20 51.9424
      vertex 33.3121 20 50.5693
      vertex 33 20 50.6
    endloop
  endfacet
  facet normal 0 1 0
    outer loop
      vertex 34.148 20 51.7716
      vertex 33.6123 20 50.4782
      vertex 33.3121 20 50.5693
    endloop
  endfacet
  facet normal 0 1 0
    outer loop
      vertex 34.6667 20 51.4944
      vertex 33.8889 20 50.3304
      vertex 33.6123 20 50.4782
    endloop
  endfacet
  facet normal 0 1 0
    outer loop
      vertex 34.3304 20 49.8889
      vertex 35.4944 20 50.6667
      vertex 35.7716 20 50.148
    endloop
  endfacet
  facet normal 0 1 0
    outer loop
      vertex 35.1213 20 51.1213
      vertex 34.1314 20 50.1314
      vertex 33.8889 20 50.3304
    endloop
  endfacet
  facet normal 0 1 0
    outer loop
      vertex 35.4944 20 50.6667
      vertex 34.3304 20 49.8889
      vertex 34.1314 20 50.1314
    endloop
  endfacet
  facet normal 0 1 0
    outer loop
      vertex 35.7716 20 50.148
      vertex 34.4782 20 49.6123
      vertex 34.3304 20 49.8889
    endloop
  endfacet
  facet normal 0 1 0
    outer loop
      vertex 35.9424 20 49.5853
      vertex 34.4782 20 49.6123
      vertex 35.7716 20 50.148
    endloop
  endfacet
  facet normal 0 1 0
    outer loop
      vertex 35.9424 20 49.5853
      vertex 34.5693 20 49.3121
      vertex 34.4782 20 49.6123
    endloop
  endfacet
  facet normal 0 1 0
    outer loop
      vertex 36 20 49
      vertex 34.5693 20 49.3121
      vertex 35.9424 20 49.5853
    endloop
  endfacet
  facet normal 0 1 0
    outer loop
      vertex 36 20 49
      vertex 34.6 20 49
      vertex 34.5693 20 49.3121
    endloop
  endfacet
  facet normal 0 1 0
    outer loop
      vertex 36 20 49
      vertex 34.5693 20 48.6879
      vertex 34.6 20 49
    endloop
  endfacet
  facet normal 0 1 -0
    outer loop
      vertex 35.9424 20 48.4147
      vertex 34.5693 20 48.6879
      vertex 36 20 49
    endloop
  endfacet
  facet normal 0 1 0
    outer loop
      vertex 35.9424 20 48.4147
      vertex 34.4782 20 48.3877
      vertex 34.5693 20 48.6879
    endloop
  endfacet
  facet normal 0 1 -0
    outer loop
      vertex 35.7716 20 47.852
      vertex 34.4782 20 48.3877
      vertex 35.9424 20 48.4147
    endloop
  endfacet
  facet normal 0 1 0
    outer loop
      vertex 34.4782 20 48.3877
      vertex 35.7716 20 47.852
      vertex 34.3304 20 48.1111
    endloop
  endfacet
  facet normal 0 1 -0
    outer loop
      vertex 35.4944 20 47.3333
      vertex 34.3304 20 48.1111
      vertex 35.7716 20 47.852
    endloop
  endfacet
  facet normal 0 1 0
    outer loop
      vertex 34.3304 20 48.1111
      vertex 35.4944 20 47.3333
      vertex 34.1314 20 47.8686
    endloop
  endfacet
  facet normal 0 1 -0
    outer loop
      vertex 35.1213 20 46.8787
      vertex 34.1314 20 47.8686
      vertex 35.4944 20 47.3333
    endloop
  endfacet
  facet normal 0 1 0
    outer loop
      vertex 34.1314 20 47.8686
      vertex 35.1213 20 46.8787
      vertex 33.8889 20 47.6696
    endloop
  endfacet
  facet normal 0 1 0
    outer loop
      vertex 33.8889 20 47.6696
      vertex 34.6667 20 46.5056
      vertex 33.6123 20 47.5218
    endloop
  endfacet
  facet normal 0 1 -0
    outer loop
      vertex 34.6667 20 46.5056
      vertex 33.8889 20 47.6696
      vertex 35.1213 20 46.8787
    endloop
  endfacet
  facet normal 0 1 -0
    outer loop
      vertex 32.1111 20 50.3304
      vertex 31.3333 20 51.4944
      vertex 32.3877 20 50.4782
    endloop
  endfacet
  facet normal 0 1 0
    outer loop
      vertex 31.3333 20 51.4944
      vertex 32.1111 20 50.3304
      vertex 30.8787 20 51.1213
    endloop
  endfacet
  facet normal 0 1 -0
    outer loop
      vertex 31.8686 20 50.1314
      vertex 30.8787 20 51.1213
      vertex 32.1111 20 50.3304
    endloop
  endfacet
  facet normal 0 1 0
    outer loop
      vertex 30.8787 20 51.1213
      vertex 31.8686 20 50.1314
      vertex 30.5056 20 50.6667
    endloop
  endfacet
  facet normal 0 1 -0
    outer loop
      vertex 31.6696 20 49.8889
      vertex 30.5056 20 50.6667
      vertex 31.8686 20 50.1314
    endloop
  endfacet
  facet normal 0 1 0
    outer loop
      vertex 30.5056 20 50.6667
      vertex 31.6696 20 49.8889
      vertex 30.2284 20 50.148
    endloop
  endfacet
  facet normal 0 1 -0
    outer loop
      vertex 31.5218 20 49.6123
      vertex 30.2284 20 50.148
      vertex 31.6696 20 49.8889
    endloop
  endfacet
  facet normal 0 1 0
    outer loop
      vertex 31.5218 20 49.6123
      vertex 30.0576 20 49.5853
      vertex 30.2284 20 50.148
    endloop
  endfacet
  facet normal 0 1 -0
    outer loop
      vertex 31.4307 20 49.3121
      vertex 30.0576 20 49.5853
      vertex 31.5218 20 49.6123
    endloop
  endfacet
  facet normal 0 1 -0
    outer loop
      vertex 31.4 20 49
      vertex 30.0576 20 49.5853
      vertex 31.4307 20 49.3121
    endloop
  endfacet
  facet normal 0 1 0
    outer loop
      vertex 31.4 20 49
      vertex 30 20 49
      vertex 30.0576 20 49.5853
    endloop
  endfacet
  facet normal 0 1 0
    outer loop
      vertex 31.4307 20 48.6879
      vertex 30 20 49
      vertex 31.4 20 49
    endloop
  endfacet
  facet normal 0 1 0
    outer loop
      vertex 31.4307 20 48.6879
      vertex 30.0576 20 48.4147
      vertex 30 20 49
    endloop
  endfacet
  facet normal 0 1 0
    outer loop
      vertex 31.5218 20 48.3877
      vertex 30.0576 20 48.4147
      vertex 31.4307 20 48.6879
    endloop
  endfacet
  facet normal 0 1 0
    outer loop
      vertex 30.2284 20 47.852
      vertex 31.5218 20 48.3877
      vertex 31.6696 20 48.1111
    endloop
  endfacet
  facet normal 0 1 0
    outer loop
      vertex 30.5056 20 47.3333
      vertex 31.6696 20 48.1111
      vertex 31.8686 20 47.8686
    endloop
  endfacet
  facet normal 0 1 0
    outer loop
      vertex 31.5218 20 48.3877
      vertex 30.2284 20 47.852
      vertex 30.0576 20 48.4147
    endloop
  endfacet
  facet normal 0 1 0
    outer loop
      vertex 30.8787 20 46.8787
      vertex 31.8686 20 47.8686
      vertex 32.1111 20 47.6696
    endloop
  endfacet
  facet normal 0 1 0
    outer loop
      vertex 31.3333 20 46.5056
      vertex 32.1111 20 47.6696
      vertex 32.3877 20 47.5218
    endloop
  endfacet
  facet normal 0 1 0
    outer loop
      vertex 31.852 20 46.2284
      vertex 32.3877 20 47.5218
      vertex 32.6879 20 47.4307
    endloop
  endfacet
  facet normal 0 1 0
    outer loop
      vertex 31.6696 20 48.1111
      vertex 30.5056 20 47.3333
      vertex 30.2284 20 47.852
    endloop
  endfacet
  facet normal 0 1 0
    outer loop
      vertex 32.4147 20 46.0576
      vertex 32.6879 20 47.4307
      vertex 33 20 47.4
    endloop
  endfacet
  facet normal 0 1 -0
    outer loop
      vertex 34.148 20 46.2284
      vertex 33.6123 20 47.5218
      vertex 34.6667 20 46.5056
    endloop
  endfacet
  facet normal 0 1 0
    outer loop
      vertex 33.6123 20 47.5218
      vertex 34.148 20 46.2284
      vertex 33.3121 20 47.4307
    endloop
  endfacet
  facet normal 0 1 0
    outer loop
      vertex 31.8686 20 47.8686
      vertex 30.8787 20 46.8787
      vertex 30.5056 20 47.3333
    endloop
  endfacet
  facet normal 0 1 -0
    outer loop
      vertex 33.5853 20 46.0576
      vertex 33.3121 20 47.4307
      vertex 34.148 20 46.2284
    endloop
  endfacet
  facet normal 0 1 0
    outer loop
      vertex 32.1111 20 47.6696
      vertex 31.3333 20 46.5056
      vertex 30.8787 20 46.8787
    endloop
  endfacet
  facet normal 0 1 0
    outer loop
      vertex 33.3121 20 47.4307
      vertex 33.5853 20 46.0576
      vertex 33 20 47.4
    endloop
  endfacet
  facet normal 0 1 0
    outer loop
      vertex 32.3877 20 47.5218
      vertex 31.852 20 46.2284
      vertex 31.3333 20 46.5056
    endloop
  endfacet
  facet normal 0 1 0
    outer loop
      vertex 33 20 46
      vertex 33 20 47.4
      vertex 33.5853 20 46.0576
    endloop
  endfacet
  facet normal 0 1 0
    outer loop
      vertex 32.6879 20 47.4307
      vertex 32.4147 20 46.0576
      vertex 31.852 20 46.2284
    endloop
  endfacet
  facet normal 0 1 0
    outer loop
      vertex 33 20 47.4
      vertex 33 20 46
      vertex 32.4147 20 46.0576
    endloop
  endfacet
  facet normal -0.881957 0 0.471329
    outer loop
      vertex 30.2284 12 50.148
      vertex 30.5056 20 50.6667
      vertex 30.2284 20 50.148
    endloop
  endfacet
  facet normal -0.881957 0 0.471329
    outer loop
      vertex 30.5056 20 50.6667
      vertex 30.2284 12 50.148
      vertex 30.5056 12 50.6667
    endloop
  endfacet
  facet normal 0.290451 9.70258e-19 -0.95689
    outer loop
      vertex 33.5853 12 46.0576
      vertex 34.148 20 46.2284
      vertex 34.148 12 46.2284
    endloop
  endfacet
  facet normal 0.290451 9.70258e-19 -0.95689
    outer loop
      vertex 34.148 20 46.2284
      vertex 33.5853 12 46.0576
      vertex 33.5853 20 46.0576
    endloop
  endfacet
  facet normal 0 -1 0
    outer loop
      vertex 33 12 50.6
      vertex 33 12 52
      vertex 32.4147 12 51.9424
    endloop
  endfacet
  facet normal 0 -1 0
    outer loop
      vertex 32.6879 12 50.5693
      vertex 32.4147 12 51.9424
      vertex 31.852 12 51.7716
    endloop
  endfacet
  facet normal 0 -1 0
    outer loop
      vertex 33 12 52
      vertex 33 12 50.6
      vertex 33.5853 12 51.9424
    endloop
  endfacet
  facet normal 0 -1 0
    outer loop
      vertex 32.3877 12 50.4782
      vertex 31.852 12 51.7716
      vertex 31.3333 12 51.4944
    endloop
  endfacet
  facet normal 0 -1 0
    outer loop
      vertex 33.3121 12 50.5693
      vertex 33.5853 12 51.9424
      vertex 33 12 50.6
    endloop
  endfacet
  facet normal 0 -1 0
    outer loop
      vertex 32.1111 12 50.3304
      vertex 31.3333 12 51.4944
      vertex 30.8787 12 51.1213
    endloop
  endfacet
  facet normal 0 -1 -0
    outer loop
      vertex 33.5853 12 51.9424
      vertex 33.3121 12 50.5693
      vertex 34.148 12 51.7716
    endloop
  endfacet
  facet normal 0 -1 0
    outer loop
      vertex 31.8686 12 50.1314
      vertex 30.8787 12 51.1213
      vertex 30.5056 12 50.6667
    endloop
  endfacet
  facet normal 0 -1 0
    outer loop
      vertex 33.6123 12 50.4782
      vertex 34.148 12 51.7716
      vertex 33.3121 12 50.5693
    endloop
  endfacet
  facet normal 0 -1 -0
    outer loop
      vertex 34.148 12 51.7716
      vertex 33.6123 12 50.4782
      vertex 34.6667 12 51.4944
    endloop
  endfacet
  facet normal 0 -1 0
    outer loop
      vertex 32.4147 12 51.9424
      vertex 32.6879 12 50.5693
      vertex 33 12 50.6
    endloop
  endfacet
  facet normal 0 -1 0
    outer loop
      vertex 31.852 12 51.7716
      vertex 32.3877 12 50.4782
      vertex 32.6879 12 50.5693
    endloop
  endfacet
  facet normal 0 -1 0
    outer loop
      vertex 31.3333 12 51.4944
      vertex 32.1111 12 50.3304
      vertex 32.3877 12 50.4782
    endloop
  endfacet
  facet normal 0 -1 0
    outer loop
      vertex 31.6696 12 49.8889
      vertex 30.5056 12 50.6667
      vertex 30.2284 12 50.148
    endloop
  endfacet
  facet normal 0 -1 0
    outer loop
      vertex 30.8787 12 51.1213
      vertex 31.8686 12 50.1314
      vertex 32.1111 12 50.3304
    endloop
  endfacet
  facet normal 0 -1 0
    outer loop
      vertex 30.5056 12 50.6667
      vertex 31.6696 12 49.8889
      vertex 31.8686 12 50.1314
    endloop
  endfacet
  facet normal 0 -1 0
    outer loop
      vertex 30.2284 12 50.148
      vertex 31.5218 12 49.6123
      vertex 31.6696 12 49.8889
    endloop
  endfacet
  facet normal 0 -1 0
    outer loop
      vertex 30.0576 12 49.5853
      vertex 31.5218 12 49.6123
      vertex 30.2284 12 50.148
    endloop
  endfacet
  facet normal 0 -1 0
    outer loop
      vertex 30.0576 12 49.5853
      vertex 31.4307 12 49.3121
      vertex 31.5218 12 49.6123
    endloop
  endfacet
  facet normal 0 -1 0
    outer loop
      vertex 30 12 49
      vertex 31.4307 12 49.3121
      vertex 30.0576 12 49.5853
    endloop
  endfacet
  facet normal 0 -1 0
    outer loop
      vertex 30 12 49
      vertex 31.4 12 49
      vertex 31.4307 12 49.3121
    endloop
  endfacet
  facet normal 0 -1 0
    outer loop
      vertex 30 12 49
      vertex 31.4307 12 48.6879
      vertex 31.4 12 49
    endloop
  endfacet
  facet normal 0 -1 0
    outer loop
      vertex 30.0576 12 48.4147
      vertex 31.4307 12 48.6879
      vertex 30 12 49
    endloop
  endfacet
  facet normal 0 -1 0
    outer loop
      vertex 30.0576 12 48.4147
      vertex 31.5218 12 48.3877
      vertex 31.4307 12 48.6879
    endloop
  endfacet
  facet normal 0 -1 0
    outer loop
      vertex 30.2284 12 47.852
      vertex 31.5218 12 48.3877
      vertex 30.0576 12 48.4147
    endloop
  endfacet
  facet normal 0 -1 -0
    outer loop
      vertex 31.5218 12 48.3877
      vertex 30.2284 12 47.852
      vertex 31.6696 12 48.1111
    endloop
  endfacet
  facet normal 0 -1 0
    outer loop
      vertex 30.5056 12 47.3333
      vertex 31.6696 12 48.1111
      vertex 30.2284 12 47.852
    endloop
  endfacet
  facet normal 0 -1 -0
    outer loop
      vertex 31.6696 12 48.1111
      vertex 30.5056 12 47.3333
      vertex 31.8686 12 47.8686
    endloop
  endfacet
  facet normal 0 -1 0
    outer loop
      vertex 30.8787 12 46.8787
      vertex 31.8686 12 47.8686
      vertex 30.5056 12 47.3333
    endloop
  endfacet
  facet normal 0 -1 -0
    outer loop
      vertex 31.8686 12 47.8686
      vertex 30.8787 12 46.8787
      vertex 32.1111 12 47.6696
    endloop
  endfacet
  facet normal 0 -1 -0
    outer loop
      vertex 32.1111 12 47.6696
      vertex 31.3333 12 46.5056
      vertex 32.3877 12 47.5218
    endloop
  endfacet
  facet normal 0 -1 0
    outer loop
      vertex 31.3333 12 46.5056
      vertex 32.1111 12 47.6696
      vertex 30.8787 12 46.8787
    endloop
  endfacet
  facet normal 0 -1 0
    outer loop
      vertex 33.8889 12 50.3304
      vertex 34.6667 12 51.4944
      vertex 33.6123 12 50.4782
    endloop
  endfacet
  facet normal 0 -1 -0
    outer loop
      vertex 34.6667 12 51.4944
      vertex 33.8889 12 50.3304
      vertex 35.1213 12 51.1213
    endloop
  endfacet
  facet normal 0 -1 0
    outer loop
      vertex 34.1314 12 50.1314
      vertex 35.1213 12 51.1213
      vertex 33.8889 12 50.3304
    endloop
  endfacet
  facet normal 0 -1 -0
    outer loop
      vertex 35.1213 12 51.1213
      vertex 34.1314 12 50.1314
      vertex 35.4944 12 50.6667
    endloop
  endfacet
  facet normal 0 -1 0
    outer loop
      vertex 34.3304 12 49.8889
      vertex 35.4944 12 50.6667
      vertex 34.1314 12 50.1314
    endloop
  endfacet
  facet normal 0 -1 -0
    outer loop
      vertex 35.4944 12 50.6667
      vertex 34.3304 12 49.8889
      vertex 35.7716 12 50.148
    endloop
  endfacet
  facet normal 0 -1 0
    outer loop
      vertex 34.4782 12 49.6123
      vertex 35.7716 12 50.148
      vertex 34.3304 12 49.8889
    endloop
  endfacet
  facet normal 0 -1 0
    outer loop
      vertex 34.4782 12 49.6123
      vertex 35.9424 12 49.5853
      vertex 35.7716 12 50.148
    endloop
  endfacet
  facet normal 0 -1 0
    outer loop
      vertex 34.5693 12 49.3121
      vertex 35.9424 12 49.5853
      vertex 34.4782 12 49.6123
    endloop
  endfacet
  facet normal 0 -1 0
    outer loop
      vertex 34.6 12 49
      vertex 35.9424 12 49.5853
      vertex 34.5693 12 49.3121
    endloop
  endfacet
  facet normal 0 -1 0
    outer loop
      vertex 34.6 12 49
      vertex 36 12 49
      vertex 35.9424 12 49.5853
    endloop
  endfacet
  facet normal 0 -1 0
    outer loop
      vertex 34.5693 12 48.6879
      vertex 36 12 49
      vertex 34.6 12 49
    endloop
  endfacet
  facet normal 0 -1 0
    outer loop
      vertex 34.5693 12 48.6879
      vertex 35.9424 12 48.4147
      vertex 36 12 49
    endloop
  endfacet
  facet normal 0 -1 0
    outer loop
      vertex 34.4782 12 48.3877
      vertex 35.9424 12 48.4147
      vertex 34.5693 12 48.6879
    endloop
  endfacet
  facet normal 0 -1 0
    outer loop
      vertex 35.7716 12 47.852
      vertex 34.4782 12 48.3877
      vertex 34.3304 12 48.1111
    endloop
  endfacet
  facet normal 0 -1 0
    outer loop
      vertex 35.4944 12 47.3333
      vertex 34.3304 12 48.1111
      vertex 34.1314 12 47.8686
    endloop
  endfacet
  facet normal 0 -1 0
    outer loop
      vertex 34.4782 12 48.3877
      vertex 35.7716 12 47.852
      vertex 35.9424 12 48.4147
    endloop
  endfacet
  facet normal 0 -1 0
    outer loop
      vertex 35.1213 12 46.8787
      vertex 34.1314 12 47.8686
      vertex 33.8889 12 47.6696
    endloop
  endfacet
  facet normal 0 -1 0
    outer loop
      vertex 34.6667 12 46.5056
      vertex 33.8889 12 47.6696
      vertex 33.6123 12 47.5218
    endloop
  endfacet
  facet normal 0 -1 0
    outer loop
      vertex 34.148 12 46.2284
      vertex 33.6123 12 47.5218
      vertex 33.3121 12 47.4307
    endloop
  endfacet
  facet normal 0 -1 0
    outer loop
      vertex 34.3304 12 48.1111
      vertex 35.4944 12 47.3333
      vertex 35.7716 12 47.852
    endloop
  endfacet
  facet normal 0 -1 0
    outer loop
      vertex 33.5853 12 46.0576
      vertex 33.3121 12 47.4307
      vertex 33 12 47.4
    endloop
  endfacet
  facet normal 0 -1 0
    outer loop
      vertex 31.852 12 46.2284
      vertex 32.3877 12 47.5218
      vertex 31.3333 12 46.5056
    endloop
  endfacet
  facet normal 0 -1 -0
    outer loop
      vertex 32.3877 12 47.5218
      vertex 31.852 12 46.2284
      vertex 32.6879 12 47.4307
    endloop
  endfacet
  facet normal 0 -1 0
    outer loop
      vertex 34.1314 12 47.8686
      vertex 35.1213 12 46.8787
      vertex 35.4944 12 47.3333
    endloop
  endfacet
  facet normal 0 -1 0
    outer loop
      vertex 32.4147 12 46.0576
      vertex 32.6879 12 47.4307
      vertex 31.852 12 46.2284
    endloop
  endfacet
  facet normal 0 -1 0
    outer loop
      vertex 33.8889 12 47.6696
      vertex 34.6667 12 46.5056
      vertex 35.1213 12 46.8787
    endloop
  endfacet
  facet normal 0 -1 -0
    outer loop
      vertex 32.6879 12 47.4307
      vertex 32.4147 12 46.0576
      vertex 33 12 47.4
    endloop
  endfacet
  facet normal 0 -1 0
    outer loop
      vertex 33.6123 12 47.5218
      vertex 34.148 12 46.2284
      vertex 34.6667 12 46.5056
    endloop
  endfacet
  facet normal 0 -1 0
    outer loop
      vertex 33 12 46
      vertex 33 12 47.4
      vertex 32.4147 12 46.0576
    endloop
  endfacet
  facet normal 0 -1 0
    outer loop
      vertex 33.3121 12 47.4307
      vertex 33.5853 12 46.0576
      vertex 34.148 12 46.2284
    endloop
  endfacet
  facet normal 0 -1 0
    outer loop
      vertex 33 12 47.4
      vertex 33 12 46
      vertex 33.5853 12 46.0576
    endloop
  endfacet
  facet normal -0.290451 1.16787e-18 -0.95689
    outer loop
      vertex 31.852 12 46.2284
      vertex 32.4147 20 46.0576
      vertex 32.4147 12 46.0576
    endloop
  endfacet
  facet normal -0.290451 1.16787e-18 -0.95689
    outer loop
      vertex 32.4147 20 46.0576
      vertex 31.852 12 46.2284
      vertex 31.852 20 46.2284
    endloop
  endfacet
  facet normal 0.95689 0 -0.290451
    outer loop
      vertex 35.9424 12 48.4147
      vertex 35.7716 20 47.852
      vertex 35.9424 20 48.4147
    endloop
  endfacet
  facet normal 0.95689 0 -0.290451
    outer loop
      vertex 35.7716 20 47.852
      vertex 35.9424 12 48.4147
      vertex 35.7716 12 47.852
    endloop
  endfacet
  facet normal 0.772994 -0 0.634413
    outer loop
      vertex 35.1213 12 51.1213
      vertex 35.4944 20 50.6667
      vertex 35.1213 20 51.1213
    endloop
  endfacet
  facet normal 0.772994 0 0.634413
    outer loop
      vertex 35.4944 20 50.6667
      vertex 35.1213 12 51.1213
      vertex 35.4944 12 50.6667
    endloop
  endfacet
  facet normal 0.634413 2.67195e-18 -0.772994
    outer loop
      vertex 34.6667 12 46.5056
      vertex 35.1213 20 46.8787
      vertex 35.1213 12 46.8787
    endloop
  endfacet
  facet normal 0.634413 2.67195e-18 -0.772994
    outer loop
      vertex 35.1213 20 46.8787
      vertex 34.6667 12 46.5056
      vertex 34.6667 20 46.5056
    endloop
  endfacet
  facet normal -0.471329 1.6383e-18 0.881957
    outer loop
      vertex 31.3333 20 51.4944
      vertex 31.852 12 51.7716
      vertex 31.852 20 51.7716
    endloop
  endfacet
  facet normal -0.471329 1.6383e-18 0.881957
    outer loop
      vertex 31.852 12 51.7716
      vertex 31.3333 20 51.4944
      vertex 31.3333 12 51.4944
    endloop
  endfacet
  facet normal -0.634413 -1.23722e-18 -0.772994
    outer loop
      vertex 30.8787 12 46.8787
      vertex 31.3333 20 46.5056
      vertex 31.3333 12 46.5056
    endloop
  endfacet
  facet normal -0.634413 -1.23722e-18 -0.772994
    outer loop
      vertex 31.3333 20 46.5056
      vertex 30.8787 12 46.8787
      vertex 30.8787 20 46.8787
    endloop
  endfacet
  facet normal -0.097938 4.20638e-19 0.995193
    outer loop
      vertex 32.4147 20 51.9424
      vertex 33 12 52
      vertex 33 20 52
    endloop
  endfacet
  facet normal -0.097938 4.20638e-19 0.995193
    outer loop
      vertex 33 12 52
      vertex 32.4147 20 51.9424
      vertex 32.4147 12 51.9424
    endloop
  endfacet
  facet normal 0.881957 0 -0.471329
    outer loop
      vertex 35.7716 12 47.852
      vertex 35.4944 20 47.3333
      vertex 35.7716 20 47.852
    endloop
  endfacet
  facet normal 0.881957 0 -0.471329
    outer loop
      vertex 35.4944 20 47.3333
      vertex 35.7716 12 47.852
      vertex 35.4944 12 47.3333
    endloop
  endfacet
  facet normal -0.95689 0 -0.290451
    outer loop
      vertex 30.2284 12 47.852
      vertex 30.0576 20 48.4147
      vertex 30.2284 20 47.852
    endloop
  endfacet
  facet normal -0.95689 -0 -0.290451
    outer loop
      vertex 30.0576 20 48.4147
      vertex 30.2284 12 47.852
      vertex 30.0576 12 48.4147
    endloop
  endfacet
  facet normal -0.995193 0 -0.097938
    outer loop
      vertex 30.0576 12 48.4147
      vertex 30 20 49
      vertex 30.0576 20 48.4147
    endloop
  endfacet
  facet normal -0.995193 -0 -0.097938
    outer loop
      vertex 30 20 49
      vertex 30.0576 12 48.4147
      vertex 30 12 49
    endloop
  endfacet
  facet normal -0.772994 0 -0.634413
    outer loop
      vertex 30.8787 12 46.8787
      vertex 30.5056 20 47.3333
      vertex 30.8787 20 46.8787
    endloop
  endfacet
  facet normal -0.772994 -0 -0.634413
    outer loop
      vertex 30.5056 20 47.3333
      vertex 30.8787 12 46.8787
      vertex 30.5056 12 47.3333
    endloop
  endfacet
  facet normal -0.772994 0 0.634413
    outer loop
      vertex 30.5056 12 50.6667
      vertex 30.8787 20 51.1213
      vertex 30.5056 20 50.6667
    endloop
  endfacet
  facet normal -0.772994 0 0.634413
    outer loop
      vertex 30.8787 20 51.1213
      vertex 30.5056 12 50.6667
      vertex 30.8787 12 51.1213
    endloop
  endfacet
  facet normal -0.95689 0 0.290451
    outer loop
      vertex 30.0576 12 49.5853
      vertex 30.2284 20 50.148
      vertex 30.0576 20 49.5853
    endloop
  endfacet
  facet normal -0.95689 0 0.290451
    outer loop
      vertex 30.2284 20 50.148
      vertex 30.0576 12 49.5853
      vertex 30.2284 12 50.148
    endloop
  endfacet
  facet normal -0.995193 0 0.097938
    outer loop
      vertex 30 12 49
      vertex 30.0576 20 49.5853
      vertex 30 20 49
    endloop
  endfacet
  facet normal -0.995193 0 0.097938
    outer loop
      vertex 30.0576 20 49.5853
      vertex 30 12 49
      vertex 30.0576 12 49.5853
    endloop
  endfacet
  facet normal -0.956909 0 -0.290388
    outer loop
      vertex 34.5693 12 49.3121
      vertex 34.4782 20 49.6123
      vertex 34.5693 20 49.3121
    endloop
  endfacet
  facet normal -0.956909 -0 -0.290388
    outer loop
      vertex 34.4782 20 49.6123
      vertex 34.5693 12 49.3121
      vertex 34.4782 12 49.6123
    endloop
  endfacet
  facet normal -0.995197 0 -0.0978934
    outer loop
      vertex 34.6 12 49
      vertex 34.5693 20 49.3121
      vertex 34.6 20 49
    endloop
  endfacet
  facet normal -0.995197 -0 -0.0978934
    outer loop
      vertex 34.5693 20 49.3121
      vertex 34.6 12 49
      vertex 34.5693 12 49.3121
    endloop
  endfacet
  facet normal -0.881982 0 -0.471283
    outer loop
      vertex 34.4782 12 49.6123
      vertex 34.3304 20 49.8889
      vertex 34.4782 20 49.6123
    endloop
  endfacet
  facet normal -0.881982 -0 -0.471283
    outer loop
      vertex 34.3304 20 49.8889
      vertex 34.4782 12 49.6123
      vertex 34.3304 12 49.8889
    endloop
  endfacet
  facet normal 0.634365 1.35372e-19 -0.773033
    outer loop
      vertex 31.8686 12 50.1314
      vertex 32.1111 20 50.3304
      vertex 32.1111 12 50.3304
    endloop
  endfacet
  facet normal 0.634365 1.35372e-19 -0.773033
    outer loop
      vertex 32.1111 20 50.3304
      vertex 31.8686 12 50.1314
      vertex 31.8686 20 50.1314
    endloop
  endfacet
  facet normal -0.290388 -2.26303e-19 -0.956909
    outer loop
      vertex 33.3121 12 50.5693
      vertex 33.6123 20 50.4782
      vertex 33.6123 12 50.4782
    endloop
  endfacet
  facet normal -0.290388 -2.26303e-19 -0.956909
    outer loop
      vertex 33.6123 20 50.4782
      vertex 33.3121 12 50.5693
      vertex 33.3121 20 50.5693
    endloop
  endfacet
  facet normal -0.773033 0 -0.634365
    outer loop
      vertex 34.3304 12 49.8889
      vertex 34.1314 20 50.1314
      vertex 34.3304 20 49.8889
    endloop
  endfacet
  facet normal -0.773033 -0 -0.634365
    outer loop
      vertex 34.1314 20 50.1314
      vertex 34.3304 12 49.8889
      vertex 34.1314 12 50.1314
    endloop
  endfacet
  facet normal 0.773033 0 -0.634365
    outer loop
      vertex 31.8686 12 50.1314
      vertex 31.6696 20 49.8889
      vertex 31.8686 20 50.1314
    endloop
  endfacet
  facet normal 0.773033 0 -0.634365
    outer loop
      vertex 31.6696 20 49.8889
      vertex 31.8686 12 50.1314
      vertex 31.6696 12 49.8889
    endloop
  endfacet
  facet normal 0.881982 -0 0.471283
    outer loop
      vertex 31.5218 12 48.3877
      vertex 31.6696 20 48.1111
      vertex 31.5218 20 48.3877
    endloop
  endfacet
  facet normal 0.881982 0 0.471283
    outer loop
      vertex 31.6696 20 48.1111
      vertex 31.5218 12 48.3877
      vertex 31.6696 12 48.1111
    endloop
  endfacet
  facet normal -0.881982 0 0.471283
    outer loop
      vertex 34.3304 12 48.1111
      vertex 34.4782 20 48.3877
      vertex 34.3304 20 48.1111
    endloop
  endfacet
  facet normal -0.881982 0 0.471283
    outer loop
      vertex 34.4782 20 48.3877
      vertex 34.3304 12 48.1111
      vertex 34.4782 12 48.3877
    endloop
  endfacet
  facet normal 0.290388 2.26303e-19 -0.956909
    outer loop
      vertex 32.3877 12 50.4782
      vertex 32.6879 20 50.5693
      vertex 32.6879 12 50.5693
    endloop
  endfacet
  facet normal 0.290388 2.26303e-19 -0.956909
    outer loop
      vertex 32.6879 20 50.5693
      vertex 32.3877 12 50.4782
      vertex 32.3877 20 50.4782
    endloop
  endfacet
  facet normal -0.290388 2.26303e-19 0.956909
    outer loop
      vertex 33.3121 20 47.4307
      vertex 33.6123 12 47.5218
      vertex 33.6123 20 47.5218
    endloop
  endfacet
  facet normal -0.290388 2.26303e-19 0.956909
    outer loop
      vertex 33.6123 12 47.5218
      vertex 33.3121 20 47.4307
      vertex 33.3121 12 47.4307
    endloop
  endfacet
  facet normal -0.634365 -1.35372e-19 -0.773033
    outer loop
      vertex 33.8889 12 50.3304
      vertex 34.1314 20 50.1314
      vertex 34.1314 12 50.1314
    endloop
  endfacet
  facet normal -0.634365 -1.35372e-19 -0.773033
    outer loop
      vertex 34.1314 20 50.1314
      vertex 33.8889 12 50.3304
      vertex 33.8889 20 50.3304
    endloop
  endfacet
  facet normal -0.634365 1.35372e-19 0.773033
    outer loop
      vertex 33.8889 20 47.6696
      vertex 34.1314 12 47.8686
      vertex 34.1314 20 47.8686
    endloop
  endfacet
  facet normal -0.634365 1.35372e-19 0.773033
    outer loop
      vertex 34.1314 12 47.8686
      vertex 33.8889 20 47.6696
      vertex 33.8889 12 47.6696
    endloop
  endfacet
  facet normal -0.471283 -8.24324e-19 0.881982
    outer loop
      vertex 33.6123 20 47.5218
      vertex 33.8889 12 47.6696
      vertex 33.8889 20 47.6696
    endloop
  endfacet
  facet normal -0.471283 -8.24324e-19 0.881982
    outer loop
      vertex 33.8889 12 47.6696
      vertex 33.6123 20 47.5218
      vertex 33.6123 12 47.5218
    endloop
  endfacet
  facet normal 0.634365 -1.35372e-19 0.773033
    outer loop
      vertex 31.8686 20 47.8686
      vertex 32.1111 12 47.6696
      vertex 32.1111 20 47.6696
    endloop
  endfacet
  facet normal 0.634365 -1.35372e-19 0.773033
    outer loop
      vertex 32.1111 12 47.6696
      vertex 31.8686 20 47.8686
      vertex 31.8686 12 47.8686
    endloop
  endfacet
  facet normal -0.773033 0 0.634365
    outer loop
      vertex 34.1314 12 47.8686
      vertex 34.3304 20 48.1111
      vertex 34.1314 20 47.8686
    endloop
  endfacet
  facet normal -0.773033 0 0.634365
    outer loop
      vertex 34.3304 20 48.1111
      vertex 34.1314 12 47.8686
      vertex 34.3304 12 48.1111
    endloop
  endfacet
  facet normal -0.995197 0 0.0978934
    outer loop
      vertex 34.5693 12 48.6879
      vertex 34.6 20 49
      vertex 34.5693 20 48.6879
    endloop
  endfacet
  facet normal -0.995197 0 0.0978934
    outer loop
      vertex 34.6 20 49
      vertex 34.5693 12 48.6879
      vertex 34.6 12 49
    endloop
  endfacet
  facet normal -0.956909 0 0.290388
    outer loop
      vertex 34.4782 12 48.3877
      vertex 34.5693 20 48.6879
      vertex 34.4782 20 48.3877
    endloop
  endfacet
  facet normal -0.956909 0 0.290388
    outer loop
      vertex 34.5693 20 48.6879
      vertex 34.4782 12 48.3877
      vertex 34.5693 12 48.6879
    endloop
  endfacet
  facet normal 0.471283 -8.24324e-19 -0.881982
    outer loop
      vertex 32.1111 12 50.3304
      vertex 32.3877 20 50.4782
      vertex 32.3877 12 50.4782
    endloop
  endfacet
  facet normal 0.471283 -8.24324e-19 -0.881982
    outer loop
      vertex 32.3877 20 50.4782
      vertex 32.1111 12 50.3304
      vertex 32.1111 20 50.3304
    endloop
  endfacet
  facet normal -0.471283 8.24324e-19 -0.881982
    outer loop
      vertex 33.6123 12 50.4782
      vertex 33.8889 20 50.3304
      vertex 33.8889 12 50.3304
    endloop
  endfacet
  facet normal -0.471283 8.24324e-19 -0.881982
    outer loop
      vertex 33.8889 20 50.3304
      vertex 33.6123 12 50.4782
      vertex 33.6123 20 50.4782
    endloop
  endfacet
  facet normal 0.956909 0 -0.290388
    outer loop
      vertex 31.5218 12 49.6123
      vertex 31.4307 20 49.3121
      vertex 31.5218 20 49.6123
    endloop
  endfacet
  facet normal 0.956909 0 -0.290388
    outer loop
      vertex 31.4307 20 49.3121
      vertex 31.5218 12 49.6123
      vertex 31.4307 12 49.3121
    endloop
  endfacet
  facet normal -0.0978934 -1.71178e-19 0.995197
    outer loop
      vertex 33 20 47.4
      vertex 33.3121 12 47.4307
      vertex 33.3121 20 47.4307
    endloop
  endfacet
  facet normal -0.0978934 -1.71178e-19 0.995197
    outer loop
      vertex 33.3121 12 47.4307
      vertex 33 20 47.4
      vertex 33 12 47.4
    endloop
  endfacet
  facet normal 0.0978934 -1.71178e-19 -0.995197
    outer loop
      vertex 32.6879 12 50.5693
      vertex 33 20 50.6
      vertex 33 12 50.6
    endloop
  endfacet
  facet normal 0.0978934 -1.71178e-19 -0.995197
    outer loop
      vertex 33 20 50.6
      vertex 32.6879 12 50.5693
      vertex 32.6879 20 50.5693
    endloop
  endfacet
  facet normal 0.881982 0 -0.471283
    outer loop
      vertex 31.6696 12 49.8889
      vertex 31.5218 20 49.6123
      vertex 31.6696 20 49.8889
    endloop
  endfacet
  facet normal 0.881982 0 -0.471283
    outer loop
      vertex 31.5218 20 49.6123
      vertex 31.6696 12 49.8889
      vertex 31.5218 12 49.6123
    endloop
  endfacet
  facet normal 0.956909 -0 0.290388
    outer loop
      vertex 31.4307 12 48.6879
      vertex 31.5218 20 48.3877
      vertex 31.4307 20 48.6879
    endloop
  endfacet
  facet normal 0.956909 0 0.290388
    outer loop
      vertex 31.5218 20 48.3877
      vertex 31.4307 12 48.6879
      vertex 31.5218 12 48.3877
    endloop
  endfacet
  facet normal 0.995197 -0 0.0978934
    outer loop
      vertex 31.4 12 49
      vertex 31.4307 20 48.6879
      vertex 31.4 20 49
    endloop
  endfacet
  facet normal 0.995197 0 0.0978934
    outer loop
      vertex 31.4307 20 48.6879
      vertex 31.4 12 49
      vertex 31.4307 12 48.6879
    endloop
  endfacet
  facet normal 0.773033 -0 0.634365
    outer loop
      vertex 31.6696 12 48.1111
      vertex 31.8686 20 47.8686
      vertex 31.6696 20 48.1111
    endloop
  endfacet
  facet normal 0.773033 0 0.634365
    outer loop
      vertex 31.8686 20 47.8686
      vertex 31.6696 12 48.1111
      vertex 31.8686 12 47.8686
    endloop
  endfacet
  facet normal 0.471283 8.24324e-19 0.881982
    outer loop
      vertex 32.1111 20 47.6696
      vertex 32.3877 12 47.5218
      vertex 32.3877 20 47.5218
    endloop
  endfacet
  facet normal 0.471283 8.24324e-19 0.881982
    outer loop
      vertex 32.3877 12 47.5218
      vertex 32.1111 20 47.6696
      vertex 32.1111 12 47.6696
    endloop
  endfacet
  facet normal -0.0978934 1.71178e-19 -0.995197
    outer loop
      vertex 33 12 50.6
      vertex 33.3121 20 50.5693
      vertex 33.3121 12 50.5693
    endloop
  endfacet
  facet normal -0.0978934 1.71178e-19 -0.995197
    outer loop
      vertex 33.3121 20 50.5693
      vertex 33 12 50.6
      vertex 33 20 50.6
    endloop
  endfacet
  facet normal 0.995197 0 -0.0978934
    outer loop
      vertex 31.4307 12 49.3121
      vertex 31.4 20 49
      vertex 31.4307 20 49.3121
    endloop
  endfacet
  facet normal 0.995197 0 -0.0978934
    outer loop
      vertex 31.4 20 49
      vertex 31.4307 12 49.3121
      vertex 31.4 12 49
    endloop
  endfacet
  facet normal 0.0978934 1.71178e-19 0.995197
    outer loop
      vertex 32.6879 20 47.4307
      vertex 33 12 47.4
      vertex 33 20 47.4
    endloop
  endfacet
  facet normal 0.0978934 1.71178e-19 0.995197
    outer loop
      vertex 33 12 47.4
      vertex 32.6879 20 47.4307
      vertex 32.6879 12 47.4307
    endloop
  endfacet
  facet normal 0.290388 -2.26303e-19 0.956909
    outer loop
      vertex 32.3877 20 47.5218
      vertex 32.6879 12 47.4307
      vertex 32.6879 20 47.4307
    endloop
  endfacet
  facet normal 0.290388 -2.26303e-19 0.956909
    outer loop
      vertex 32.6879 12 47.4307
      vertex 32.3877 20 47.5218
      vertex 32.3877 12 47.5218
    endloop
  endfacet
  facet normal 0.671687 -0.740835 0
    outer loop
      vertex 27.4408 -17.4111 55
      vertex 27.9497 -16.9497 65
      vertex 27.4408 -17.4111 65
    endloop
  endfacet
  facet normal 0.671687 -0.740835 0
    outer loop
      vertex 27.9497 -16.9497 65
      vertex 27.4408 -17.4111 55
      vertex 27.9497 -16.9497 55
    endloop
  endfacet
  facet normal 0.989175 0.146739 8.73573e-19
    outer loop
      vertex 29.9663 -11.3139 65
      vertex 29.8655 -10.6344 55
      vertex 29.8655 -10.6344 65
    endloop
  endfacet
  facet normal 0.989175 0.146739 8.73573e-19
    outer loop
      vertex 29.8655 -10.6344 55
      vertex 29.9663 -11.3139 65
      vertex 29.9663 -11.3139 55
    endloop
  endfacet
  facet normal 0.998796 0.0490591 2.13299e-19
    outer loop
      vertex 30 -12 65
      vertex 29.9663 -11.3139 55
      vertex 29.9663 -11.3139 65
    endloop
  endfacet
  facet normal 0.998796 0.0490591 2.13299e-19
    outer loop
      vertex 29.9663 -11.3139 55
      vertex 30 -12 65
      vertex 30 -12 55
    endloop
  endfacet
  facet normal 0.970039 0.24295 -1.36609e-19
    outer loop
      vertex 29.8655 -10.6344 65
      vertex 29.6986 -9.96801 55
      vertex 29.6986 -9.96801 65
    endloop
  endfacet
  facet normal 0.970039 0.24295 -1.36609e-19
    outer loop
      vertex 29.6986 -9.96801 55
      vertex 29.8655 -10.6344 65
      vertex 29.8655 -10.6344 55
    endloop
  endfacet
  facet normal 0.427661 -0.903939 0
    outer loop
      vertex 25.6788 -18.4672 55
      vertex 26.2998 -18.1734 65
      vertex 25.6788 -18.4672 65
    endloop
  endfacet
  facet normal 0.427661 -0.903939 0
    outer loop
      vertex 26.2998 -18.1734 65
      vertex 25.6788 -18.4672 55
      vertex 26.2998 -18.1734 55
    endloop
  endfacet
  facet normal -0.0490736 0.998795 0
    outer loop
      vertex 23 -5 55
      vertex 22.3139 -5.03371 65
      vertex 23 -5 65
    endloop
  endfacet
  facet normal -0.0490736 0.998795 0
    outer loop
      vertex 22.3139 -5.03371 65
      vertex 23 -5 55
      vertex 22.3139 -5.03371 55
    endloop
  endfacet
  facet normal -0.427554 0.90399 0
    outer loop
      vertex 20.3212 -5.53284 55
      vertex 19.7002 -5.82655 65
      vertex 20.3212 -5.53284 65
    endloop
  endfacet
  facet normal -0.427554 0.90399 0
    outer loop
      vertex 19.7002 -5.82655 65
      vertex 20.3212 -5.53284 55
      vertex 19.7002 -5.82655 55
    endloop
  endfacet
  facet normal 0.740901 0.671614 -1.97493e-19
    outer loop
      vertex 28.4111 -7.55925 65
      vertex 27.9497 -7.05025 55
      vertex 27.9497 -7.05025 65
    endloop
  endfacet
  facet normal 0.740901 0.671614 -1.97493e-19
    outer loop
      vertex 27.9497 -7.05025 55
      vertex 28.4111 -7.55925 65
      vertex 28.4111 -7.55925 55
    endloop
  endfacet
  facet normal -0.146739 -0.989175 0
    outer loop
      vertex 21.6344 -18.8655 55
      vertex 22.3139 -18.9663 65
      vertex 21.6344 -18.8655 65
    endloop
  endfacet
  facet normal -0.146739 -0.989175 -0
    outer loop
      vertex 22.3139 -18.9663 65
      vertex 21.6344 -18.8655 55
      vertex 22.3139 -18.9663 55
    endloop
  endfacet
  facet normal 0.427554 0.90399 -0
    outer loop
      vertex 26.2998 -5.82655 55
      vertex 25.6788 -5.53284 65
      vertex 26.2998 -5.82655 65
    endloop
  endfacet
  facet normal 0.427554 0.90399 0
    outer loop
      vertex 25.6788 -5.53284 65
      vertex 26.2998 -5.82655 55
      vertex 25.6788 -5.53284 55
    endloop
  endfacet
  facet normal -0.146724 0.989177 0
    outer loop
      vertex 22.3139 -5.03371 55
      vertex 21.6344 -5.1345 65
      vertex 22.3139 -5.03371 65
    endloop
  endfacet
  facet normal -0.146724 0.989177 0
    outer loop
      vertex 21.6344 -5.1345 65
      vertex 22.3139 -5.03371 55
      vertex 21.6344 -5.1345 55
    endloop
  endfacet
  facet normal 0.242947 -0.97004 0
    outer loop
      vertex 24.3656 -18.8655 55
      vertex 25.032 -18.6986 65
      vertex 24.3656 -18.8655 65
    endloop
  endfacet
  facet normal 0.242947 -0.97004 0
    outer loop
      vertex 25.032 -18.6986 65
      vertex 24.3656 -18.8655 55
      vertex 25.032 -18.6986 55
    endloop
  endfacet
  facet normal -0.595678 0.803223 0
    outer loop
      vertex 19.111 -6.17971 55
      vertex 18.5592 -6.58893 65
      vertex 19.111 -6.17971 65
    endloop
  endfacet
  facet normal -0.595678 0.803223 0
    outer loop
      vertex 18.5592 -6.58893 65
      vertex 19.111 -6.17971 55
      vertex 18.5592 -6.58893 55
    endloop
  endfacet
  facet normal -0.903939 0.427661 -1.68396e-18
    outer loop
      vertex 16.5328 -9.32122 55
      vertex 16.8266 -8.70022 65
      vertex 16.8266 -8.70022 55
    endloop
  endfacet
  facet normal -0.903939 0.427661 -1.68396e-18
    outer loop
      vertex 16.8266 -8.70022 65
      vertex 16.5328 -9.32122 55
      vertex 16.5328 -9.32122 65
    endloop
  endfacet
  facet normal -0.427661 -0.903939 0
    outer loop
      vertex 19.7002 -18.1734 55
      vertex 20.3212 -18.4672 65
      vertex 19.7002 -18.1734 65
    endloop
  endfacet
  facet normal -0.427661 -0.903939 -0
    outer loop
      vertex 20.3212 -18.4672 65
      vertex 19.7002 -18.1734 55
      vertex 20.3212 -18.4672 55
    endloop
  endfacet
  facet normal 0.336853 -0.941557 0
    outer loop
      vertex 25.032 -18.6986 55
      vertex 25.6788 -18.4672 65
      vertex 25.032 -18.6986 65
    endloop
  endfacet
  facet normal 0.336853 -0.941557 0
    outer loop
      vertex 25.6788 -18.4672 65
      vertex 25.032 -18.6986 55
      vertex 25.6788 -18.4672 55
    endloop
  endfacet
  facet normal -0.595659 -0.803237 0
    outer loop
      vertex 18.5592 -17.4111 55
      vertex 19.111 -17.8203 65
      vertex 18.5592 -17.4111 65
    endloop
  endfacet
  facet normal -0.595659 -0.803237 -0
    outer loop
      vertex 19.111 -17.8203 65
      vertex 18.5592 -17.4111 55
      vertex 19.111 -17.8203 55
    endloop
  endfacet
  facet normal -0.903939 -0.427661 8.8886e-19
    outer loop
      vertex 16.8266 -15.2998 55
      vertex 16.5328 -14.6788 65
      vertex 16.5328 -14.6788 55
    endloop
  endfacet
  facet normal -0.903939 -0.427661 8.8886e-19
    outer loop
      vertex 16.5328 -14.6788 65
      vertex 16.8266 -15.2998 55
      vertex 16.8266 -15.2998 65
    endloop
  endfacet
  facet normal 0.51411 0.857724 -0
    outer loop
      vertex 26.889 -6.17971 55
      vertex 26.2998 -5.82655 65
      vertex 26.889 -6.17971 65
    endloop
  endfacet
  facet normal 0.51411 0.857724 0
    outer loop
      vertex 26.2998 -5.82655 65
      vertex 26.889 -6.17971 55
      vertex 26.2998 -5.82655 55
    endloop
  endfacet
  facet normal -0.998796 -0.0490591 2.13299e-19
    outer loop
      vertex 16.0337 -12.6861 55
      vertex 16 -12 65
      vertex 16 -12 55
    endloop
  endfacet
  facet normal -0.998796 -0.0490591 2.13299e-19
    outer loop
      vertex 16 -12 65
      vertex 16.0337 -12.6861 55
      vertex 16.0337 -12.6861 65
    endloop
  endfacet
  facet normal -0.336853 -0.941557 0
    outer loop
      vertex 20.3212 -18.4672 55
      vertex 20.968 -18.6986 65
      vertex 20.3212 -18.4672 65
    endloop
  endfacet
  facet normal -0.336853 -0.941557 -0
    outer loop
      vertex 20.968 -18.6986 65
      vertex 20.3212 -18.4672 55
      vertex 20.968 -18.6986 55
    endloop
  endfacet
  facet normal 0.595678 0.803223 -0
    outer loop
      vertex 27.4408 -6.58893 55
      vertex 26.889 -6.17971 65
      vertex 27.4408 -6.58893 65
    endloop
  endfacet
  facet normal 0.595678 0.803223 0
    outer loop
      vertex 26.889 -6.17971 65
      vertex 27.4408 -6.58893 55
      vertex 26.889 -6.17971 55
    endloop
  endfacet
  facet normal 0.97004 -0.242947 -3.68189e-19
    outer loop
      vertex 29.6986 -14.032 65
      vertex 29.8655 -13.3656 55
      vertex 29.8655 -13.3656 65
    endloop
  endfacet
  facet normal 0.97004 -0.242947 -3.68189e-19
    outer loop
      vertex 29.8655 -13.3656 55
      vertex 29.6986 -14.032 65
      vertex 29.6986 -14.032 55
    endloop
  endfacet
  facet normal -0.51411 0.857724 0
    outer loop
      vertex 19.7002 -5.82655 55
      vertex 19.111 -6.17971 65
      vertex 19.7002 -5.82655 65
    endloop
  endfacet
  facet normal -0.51411 0.857724 0
    outer loop
      vertex 19.111 -6.17971 65
      vertex 19.7002 -5.82655 55
      vertex 19.111 -6.17971 55
    endloop
  endfacet
  facet normal -0.941557 -0.336853 1.70286e-18
    outer loop
      vertex 16.5328 -14.6788 55
      vertex 16.3014 -14.032 65
      vertex 16.3014 -14.032 55
    endloop
  endfacet
  facet normal -0.941557 -0.336853 1.70286e-18
    outer loop
      vertex 16.3014 -14.032 65
      vertex 16.5328 -14.6788 55
      vertex 16.5328 -14.6788 65
    endloop
  endfacet
  facet normal 0.242974 0.970033 -0
    outer loop
      vertex 25.032 -5.30142 55
      vertex 24.3656 -5.1345 65
      vertex 25.032 -5.30142 65
    endloop
  endfacet
  facet normal 0.242974 0.970033 0
    outer loop
      vertex 24.3656 -5.1345 65
      vertex 25.032 -5.30142 55
      vertex 24.3656 -5.1345 55
    endloop
  endfacet
  facet normal -0.740901 0.671614 1.97493e-19
    outer loop
      vertex 17.5889 -7.55925 55
      vertex 18.0503 -7.05025 65
      vertex 18.0503 -7.05025 55
    endloop
  endfacet
  facet normal -0.740901 0.671614 1.97493e-19
    outer loop
      vertex 18.0503 -7.05025 65
      vertex 17.5889 -7.55925 55
      vertex 17.5889 -7.55925 65
    endloop
  endfacet
  facet normal 0.0490591 -0.998796 0
    outer loop
      vertex 23 -19 55
      vertex 23.6861 -18.9663 65
      vertex 23 -19 65
    endloop
  endfacet
  facet normal 0.0490591 -0.998796 0
    outer loop
      vertex 23.6861 -18.9663 65
      vertex 23 -19 55
      vertex 23.6861 -18.9663 55
    endloop
  endfacet
  facet normal 0.803217 0.595687 6.59898e-19
    outer loop
      vertex 28.8203 -8.11101 65
      vertex 28.4111 -7.55925 55
      vertex 28.4111 -7.55925 65
    endloop
  endfacet
  facet normal 0.803217 0.595687 6.59898e-19
    outer loop
      vertex 28.4111 -7.55925 55
      vertex 28.8203 -8.11101 65
      vertex 28.8203 -8.11101 55
    endloop
  endfacet
  facet normal -0.97004 -0.242947 3.68189e-19
    outer loop
      vertex 16.3014 -14.032 55
      vertex 16.1345 -13.3656 65
      vertex 16.1345 -13.3656 55
    endloop
  endfacet
  facet normal -0.97004 -0.242947 3.68189e-19
    outer loop
      vertex 16.1345 -13.3656 65
      vertex 16.3014 -14.032 55
      vertex 16.3014 -14.032 65
    endloop
  endfacet
  facet normal 0.989175 -0.146739 -8.73573e-19
    outer loop
      vertex 29.8655 -13.3656 65
      vertex 29.9663 -12.6861 55
      vertex 29.9663 -12.6861 65
    endloop
  endfacet
  facet normal 0.989175 -0.146739 -8.73573e-19
    outer loop
      vertex 29.9663 -12.6861 55
      vertex 29.8655 -13.3656 65
      vertex 29.8655 -13.3656 55
    endloop
  endfacet
  facet normal 0.514046 -0.857763 0
    outer loop
      vertex 26.2998 -18.1734 55
      vertex 26.889 -17.8203 65
      vertex 26.2998 -18.1734 65
    endloop
  endfacet
  facet normal 0.514046 -0.857763 0
    outer loop
      vertex 26.889 -17.8203 65
      vertex 26.2998 -18.1734 55
      vertex 26.889 -17.8203 55
    endloop
  endfacet
  facet normal -0.941556 0.336857 1.70858e-19
    outer loop
      vertex 16.3014 -9.96801 55
      vertex 16.5328 -9.32122 65
      vertex 16.5328 -9.32122 55
    endloop
  endfacet
  facet normal -0.941556 0.336857 1.70858e-19
    outer loop
      vertex 16.5328 -9.32122 65
      vertex 16.3014 -9.96801 55
      vertex 16.3014 -9.96801 65
    endloop
  endfacet
  facet normal 0.671623 0.740893 -0
    outer loop
      vertex 27.9497 -7.05025 55
      vertex 27.4408 -6.58893 65
      vertex 27.9497 -7.05025 65
    endloop
  endfacet
  facet normal 0.671623 0.740893 0
    outer loop
      vertex 27.4408 -6.58893 65
      vertex 27.9497 -7.05025 55
      vertex 27.4408 -6.58893 55
    endloop
  endfacet
  facet normal -0.989175 0.146739 -8.73573e-19
    outer loop
      vertex 16.0337 -11.3139 55
      vertex 16.1345 -10.6344 65
      vertex 16.1345 -10.6344 55
    endloop
  endfacet
  facet normal -0.989175 0.146739 -8.73573e-19
    outer loop
      vertex 16.1345 -10.6344 65
      vertex 16.0337 -11.3139 55
      vertex 16.0337 -11.3139 65
    endloop
  endfacet
  facet normal 0.903939 -0.427661 -8.8886e-19
    outer loop
      vertex 29.1734 -15.2998 65
      vertex 29.4672 -14.6788 55
      vertex 29.4672 -14.6788 65
    endloop
  endfacet
  facet normal 0.903939 -0.427661 -8.8886e-19
    outer loop
      vertex 29.4672 -14.6788 55
      vertex 29.1734 -15.2998 65
      vertex 29.1734 -15.2998 55
    endloop
  endfacet
  facet normal 0.336879 0.941548 -0
    outer loop
      vertex 25.6788 -5.53284 55
      vertex 25.032 -5.30142 65
      vertex 25.6788 -5.53284 65
    endloop
  endfacet
  facet normal 0.336879 0.941548 0
    outer loop
      vertex 25.032 -5.30142 65
      vertex 25.6788 -5.53284 55
      vertex 25.032 -5.30142 55
    endloop
  endfacet
  facet normal 0.998796 -0.0490591 -2.13299e-19
    outer loop
      vertex 29.9663 -12.6861 65
      vertex 30 -12 55
      vertex 30 -12 65
    endloop
  endfacet
  facet normal 0.998796 -0.0490591 -2.13299e-19
    outer loop
      vertex 30 -12 55
      vertex 29.9663 -12.6861 65
      vertex 29.9663 -12.6861 55
    endloop
  endfacet
  facet normal 0 0 -1
    outer loop
      vertex 25 -12 55
      vertex 30 -12 55
      vertex 29.9663 -12.6861 55
    endloop
  endfacet
  facet normal 0 0 -1
    outer loop
      vertex 24.9616 -12.3902 55
      vertex 29.9663 -12.6861 55
      vertex 29.8655 -13.3656 55
    endloop
  endfacet
  facet normal 0 0 -1
    outer loop
      vertex 30 -12 55
      vertex 25 -12 55
      vertex 29.9663 -11.3139 55
    endloop
  endfacet
  facet normal 0 0 -1
    outer loop
      vertex 24.9616 -12.3902 55
      vertex 29.8655 -13.3656 55
      vertex 29.6986 -14.032 55
    endloop
  endfacet
  facet normal 0 0 -1
    outer loop
      vertex 24.9616 -11.6098 55
      vertex 29.9663 -11.3139 55
      vertex 25 -12 55
    endloop
  endfacet
  facet normal 0 0 -1
    outer loop
      vertex 24.8478 -12.7654 55
      vertex 29.6986 -14.032 55
      vertex 29.4672 -14.6788 55
    endloop
  endfacet
  facet normal -0 0 -1
    outer loop
      vertex 29.9663 -11.3139 55
      vertex 24.9616 -11.6098 55
      vertex 29.8655 -10.6344 55
    endloop
  endfacet
  facet normal 0 0 -1
    outer loop
      vertex 24.8478 -12.7654 55
      vertex 29.4672 -14.6788 55
      vertex 29.1734 -15.2998 55
    endloop
  endfacet
  facet normal -0 0 -1
    outer loop
      vertex 29.8655 -10.6344 55
      vertex 24.9616 -11.6098 55
      vertex 29.6986 -9.96801 55
    endloop
  endfacet
  facet normal 0 0 -1
    outer loop
      vertex 24.6629 -13.1111 55
      vertex 29.1734 -15.2998 55
      vertex 28.8203 -15.889 55
    endloop
  endfacet
  facet normal 0 0 -1
    outer loop
      vertex 24.8478 -11.2346 55
      vertex 29.6986 -9.96801 55
      vertex 24.9616 -11.6098 55
    endloop
  endfacet
  facet normal 0 0 -1
    outer loop
      vertex 24.6629 -13.1111 55
      vertex 28.8203 -15.889 55
      vertex 28.4111 -16.4408 55
    endloop
  endfacet
  facet normal -0 0 -1
    outer loop
      vertex 29.6986 -9.96801 55
      vertex 24.8478 -11.2346 55
      vertex 29.4672 -9.32122 55
    endloop
  endfacet
  facet normal 0 0 -1
    outer loop
      vertex 24.4142 -13.4142 55
      vertex 28.4111 -16.4408 55
      vertex 27.9497 -16.9497 55
    endloop
  endfacet
  facet normal -0 0 -1
    outer loop
      vertex 29.4672 -9.32122 55
      vertex 24.8478 -11.2346 55
      vertex 29.1734 -8.70022 55
    endloop
  endfacet
  facet normal 0 0 -1
    outer loop
      vertex 24.4142 -13.4142 55
      vertex 27.9497 -16.9497 55
      vertex 27.4408 -17.4111 55
    endloop
  endfacet
  facet normal 0 0 -1
    outer loop
      vertex 24.6629 -10.8889 55
      vertex 29.1734 -8.70022 55
      vertex 24.8478 -11.2346 55
    endloop
  endfacet
  facet normal 0 0 -1
    outer loop
      vertex 24.1111 -13.6629 55
      vertex 27.4408 -17.4111 55
      vertex 26.889 -17.8203 55
    endloop
  endfacet
  facet normal -0 0 -1
    outer loop
      vertex 29.1734 -8.70022 55
      vertex 24.6629 -10.8889 55
      vertex 28.8203 -8.11101 55
    endloop
  endfacet
  facet normal 0 0 -1
    outer loop
      vertex 24.1111 -13.6629 55
      vertex 26.889 -17.8203 55
      vertex 26.2998 -18.1734 55
    endloop
  endfacet
  facet normal -0 0 -1
    outer loop
      vertex 28.8203 -8.11101 55
      vertex 24.6629 -10.8889 55
      vertex 28.4111 -7.55925 55
    endloop
  endfacet
  facet normal 0 0 -1
    outer loop
      vertex 23.7654 -13.8478 55
      vertex 26.2998 -18.1734 55
      vertex 25.6788 -18.4672 55
    endloop
  endfacet
  facet normal 0 0 -1
    outer loop
      vertex 24.4142 -10.5858 55
      vertex 28.4111 -7.55925 55
      vertex 24.6629 -10.8889 55
    endloop
  endfacet
  facet normal 0 0 -1
    outer loop
      vertex 23.7654 -13.8478 55
      vertex 25.6788 -18.4672 55
      vertex 25.032 -18.6986 55
    endloop
  endfacet
  facet normal -0 0 -1
    outer loop
      vertex 28.4111 -7.55925 55
      vertex 24.4142 -10.5858 55
      vertex 27.9497 -7.05025 55
    endloop
  endfacet
  facet normal -0 0 -1
    outer loop
      vertex 27.9497 -7.05025 55
      vertex 24.4142 -10.5858 55
      vertex 27.4408 -6.58893 55
    endloop
  endfacet
  facet normal 0 0 -1
    outer loop
      vertex 29.9663 -12.6861 55
      vertex 24.9616 -12.3902 55
      vertex 25 -12 55
    endloop
  endfacet
  facet normal 0 0 -1
    outer loop
      vertex 29.6986 -14.032 55
      vertex 24.8478 -12.7654 55
      vertex 24.9616 -12.3902 55
    endloop
  endfacet
  facet normal 0 0 -1
    outer loop
      vertex 29.1734 -15.2998 55
      vertex 24.6629 -13.1111 55
      vertex 24.8478 -12.7654 55
    endloop
  endfacet
  facet normal 0 0 -1
    outer loop
      vertex 28.4111 -16.4408 55
      vertex 24.4142 -13.4142 55
      vertex 24.6629 -13.1111 55
    endloop
  endfacet
  facet normal 0 0 -1
    outer loop
      vertex 23.3902 -13.9616 55
      vertex 25.032 -18.6986 55
      vertex 24.3656 -18.8655 55
    endloop
  endfacet
  facet normal 0 0 -1
    outer loop
      vertex 27.4408 -17.4111 55
      vertex 24.1111 -13.6629 55
      vertex 24.4142 -13.4142 55
    endloop
  endfacet
  facet normal 0 0 -1
    outer loop
      vertex 26.2998 -18.1734 55
      vertex 23.7654 -13.8478 55
      vertex 24.1111 -13.6629 55
    endloop
  endfacet
  facet normal 0 0 -1
    outer loop
      vertex 23.3902 -13.9616 55
      vertex 24.3656 -18.8655 55
      vertex 23.6861 -18.9663 55
    endloop
  endfacet
  facet normal 0 0 -1
    outer loop
      vertex 25.032 -18.6986 55
      vertex 23.3902 -13.9616 55
      vertex 23.7654 -13.8478 55
    endloop
  endfacet
  facet normal 0 0 -1
    outer loop
      vertex 23 -14 55
      vertex 23.6861 -18.9663 55
      vertex 23 -19 55
    endloop
  endfacet
  facet normal 0 0 -1
    outer loop
      vertex 23.6861 -18.9663 55
      vertex 23 -14 55
      vertex 23.3902 -13.9616 55
    endloop
  endfacet
  facet normal 0 0 -1
    outer loop
      vertex 22.3139 -18.9663 55
      vertex 23 -14 55
      vertex 23 -19 55
    endloop
  endfacet
  facet normal -0 0 -1
    outer loop
      vertex 23 -14 55
      vertex 22.3139 -18.9663 55
      vertex 22.6098 -13.9616 55
    endloop
  endfacet
  facet normal 0 0 -1
    outer loop
      vertex 21.6344 -18.8655 55
      vertex 22.6098 -13.9616 55
      vertex 22.3139 -18.9663 55
    endloop
  endfacet
  facet normal 0 0 -1
    outer loop
      vertex 20.968 -18.6986 55
      vertex 22.6098 -13.9616 55
      vertex 21.6344 -18.8655 55
    endloop
  endfacet
  facet normal -0 0 -1
    outer loop
      vertex 22.6098 -13.9616 55
      vertex 20.968 -18.6986 55
      vertex 22.2346 -13.8478 55
    endloop
  endfacet
  facet normal 0 0 -1
    outer loop
      vertex 20.3212 -18.4672 55
      vertex 22.2346 -13.8478 55
      vertex 20.968 -18.6986 55
    endloop
  endfacet
  facet normal 0 0 -1
    outer loop
      vertex 19.7002 -18.1734 55
      vertex 22.2346 -13.8478 55
      vertex 20.3212 -18.4672 55
    endloop
  endfacet
  facet normal -0 0 -1
    outer loop
      vertex 22.2346 -13.8478 55
      vertex 19.7002 -18.1734 55
      vertex 21.8889 -13.6629 55
    endloop
  endfacet
  facet normal 0 0 -1
    outer loop
      vertex 19.111 -17.8203 55
      vertex 21.8889 -13.6629 55
      vertex 19.7002 -18.1734 55
    endloop
  endfacet
  facet normal 0 0 -1
    outer loop
      vertex 18.5592 -17.4111 55
      vertex 21.8889 -13.6629 55
      vertex 19.111 -17.8203 55
    endloop
  endfacet
  facet normal -0 0 -1
    outer loop
      vertex 21.8889 -13.6629 55
      vertex 18.5592 -17.4111 55
      vertex 21.5858 -13.4142 55
    endloop
  endfacet
  facet normal 0 0 -1
    outer loop
      vertex 24.1111 -10.3371 55
      vertex 27.4408 -6.58893 55
      vertex 24.4142 -10.5858 55
    endloop
  endfacet
  facet normal -0 0 -1
    outer loop
      vertex 27.4408 -6.58893 55
      vertex 24.1111 -10.3371 55
      vertex 26.889 -6.17971 55
    endloop
  endfacet
  facet normal -0 0 -1
    outer loop
      vertex 26.889 -6.17971 55
      vertex 24.1111 -10.3371 55
      vertex 26.2998 -5.82655 55
    endloop
  endfacet
  facet normal 0 0 -1
    outer loop
      vertex 23.7654 -10.1522 55
      vertex 26.2998 -5.82655 55
      vertex 24.1111 -10.3371 55
    endloop
  endfacet
  facet normal -0 0 -1
    outer loop
      vertex 26.2998 -5.82655 55
      vertex 23.7654 -10.1522 55
      vertex 25.6788 -5.53284 55
    endloop
  endfacet
  facet normal -0 0 -1
    outer loop
      vertex 25.6788 -5.53284 55
      vertex 23.7654 -10.1522 55
      vertex 25.032 -5.30142 55
    endloop
  endfacet
  facet normal 0 0 -1
    outer loop
      vertex 23.3902 -10.0384 55
      vertex 25.032 -5.30142 55
      vertex 23.7654 -10.1522 55
    endloop
  endfacet
  facet normal -0 0 -1
    outer loop
      vertex 25.032 -5.30142 55
      vertex 23.3902 -10.0384 55
      vertex 24.3656 -5.1345 55
    endloop
  endfacet
  facet normal -0 0 -1
    outer loop
      vertex 24.3656 -5.1345 55
      vertex 23.3902 -10.0384 55
      vertex 23.6861 -5.03371 55
    endloop
  endfacet
  facet normal 0 0 -1
    outer loop
      vertex 23 -10 55
      vertex 23.6861 -5.03371 55
      vertex 23.3902 -10.0384 55
    endloop
  endfacet
  facet normal 0 0 -1
    outer loop
      vertex 23 -10 55
      vertex 23 -5 55
      vertex 23.6861 -5.03371 55
    endloop
  endfacet
  facet normal 0 0 -1
    outer loop
      vertex 22.3139 -5.03371 55
      vertex 23 -10 55
      vertex 22.6098 -10.0384 55
    endloop
  endfacet
  facet normal 0 0 -1
    outer loop
      vertex 23 -10 55
      vertex 22.3139 -5.03371 55
      vertex 23 -5 55
    endloop
  endfacet
  facet normal 0 0 -1
    outer loop
      vertex 20.968 -5.30142 55
      vertex 22.6098 -10.0384 55
      vertex 22.2346 -10.1522 55
    endloop
  endfacet
  facet normal 0 0 -1
    outer loop
      vertex 19.7002 -5.82655 55
      vertex 22.2346 -10.1522 55
      vertex 21.8889 -10.3371 55
    endloop
  endfacet
  facet normal 0 0 -1
    outer loop
      vertex 22.6098 -10.0384 55
      vertex 21.6344 -5.1345 55
      vertex 22.3139 -5.03371 55
    endloop
  endfacet
  facet normal 0 0 -1
    outer loop
      vertex 18.5592 -6.58893 55
      vertex 21.8889 -10.3371 55
      vertex 21.5858 -10.5858 55
    endloop
  endfacet
  facet normal 0 0 -1
    outer loop
      vertex 17.5889 -7.55925 55
      vertex 21.5858 -10.5858 55
      vertex 21.3371 -10.8889 55
    endloop
  endfacet
  facet normal 0 0 -1
    outer loop
      vertex 16.8266 -8.70022 55
      vertex 21.3371 -10.8889 55
      vertex 21.1522 -11.2346 55
    endloop
  endfacet
  facet normal 0 0 -1
    outer loop
      vertex 16.3014 -9.96801 55
      vertex 21.1522 -11.2346 55
      vertex 21.0384 -11.6098 55
    endloop
  endfacet
  facet normal 0 0 -1
    outer loop
      vertex 16.0337 -11.3139 55
      vertex 21.0384 -11.6098 55
      vertex 21 -12 55
    endloop
  endfacet
  facet normal 0 0 -1
    outer loop
      vertex 22.6098 -10.0384 55
      vertex 20.968 -5.30142 55
      vertex 21.6344 -5.1345 55
    endloop
  endfacet
  facet normal 0 0 -1
    outer loop
      vertex 18.0503 -16.9497 55
      vertex 21.5858 -13.4142 55
      vertex 18.5592 -17.4111 55
    endloop
  endfacet
  facet normal 0 0 -1
    outer loop
      vertex 17.5889 -16.4408 55
      vertex 21.5858 -13.4142 55
      vertex 18.0503 -16.9497 55
    endloop
  endfacet
  facet normal 0 0 -1
    outer loop
      vertex 22.2346 -10.1522 55
      vertex 20.3212 -5.53284 55
      vertex 20.968 -5.30142 55
    endloop
  endfacet
  facet normal -0 0 -1
    outer loop
      vertex 21.5858 -13.4142 55
      vertex 17.5889 -16.4408 55
      vertex 21.3371 -13.1111 55
    endloop
  endfacet
  facet normal 0 0 -1
    outer loop
      vertex 22.2346 -10.1522 55
      vertex 19.7002 -5.82655 55
      vertex 20.3212 -5.53284 55
    endloop
  endfacet
  facet normal 0 0 -1
    outer loop
      vertex 17.1797 -15.889 55
      vertex 21.3371 -13.1111 55
      vertex 17.5889 -16.4408 55
    endloop
  endfacet
  facet normal 0 0 -1
    outer loop
      vertex 21.8889 -10.3371 55
      vertex 19.111 -6.17971 55
      vertex 19.7002 -5.82655 55
    endloop
  endfacet
  facet normal 0 0 -1
    outer loop
      vertex 16.8266 -15.2998 55
      vertex 21.3371 -13.1111 55
      vertex 17.1797 -15.889 55
    endloop
  endfacet
  facet normal 0 0 -1
    outer loop
      vertex 21.8889 -10.3371 55
      vertex 18.5592 -6.58893 55
      vertex 19.111 -6.17971 55
    endloop
  endfacet
  facet normal -0 0 -1
    outer loop
      vertex 21.3371 -13.1111 55
      vertex 16.8266 -15.2998 55
      vertex 21.1522 -12.7654 55
    endloop
  endfacet
  facet normal 0 0 -1
    outer loop
      vertex 21.5858 -10.5858 55
      vertex 18.0503 -7.05025 55
      vertex 18.5592 -6.58893 55
    endloop
  endfacet
  facet normal 0 0 -1
    outer loop
      vertex 16.5328 -14.6788 55
      vertex 21.1522 -12.7654 55
      vertex 16.8266 -15.2998 55
    endloop
  endfacet
  facet normal 0 0 -1
    outer loop
      vertex 21.5858 -10.5858 55
      vertex 17.5889 -7.55925 55
      vertex 18.0503 -7.05025 55
    endloop
  endfacet
  facet normal 0 0 -1
    outer loop
      vertex 16.3014 -14.032 55
      vertex 21.1522 -12.7654 55
      vertex 16.5328 -14.6788 55
    endloop
  endfacet
  facet normal 0 0 -1
    outer loop
      vertex 21.3371 -10.8889 55
      vertex 17.1797 -8.11101 55
      vertex 17.5889 -7.55925 55
    endloop
  endfacet
  facet normal -0 0 -1
    outer loop
      vertex 21.1522 -12.7654 55
      vertex 16.3014 -14.032 55
      vertex 21.0384 -12.3902 55
    endloop
  endfacet
  facet normal 0 0 -1
    outer loop
      vertex 21.3371 -10.8889 55
      vertex 16.8266 -8.70022 55
      vertex 17.1797 -8.11101 55
    endloop
  endfacet
  facet normal 0 0 -1
    outer loop
      vertex 16.1345 -13.3656 55
      vertex 21.0384 -12.3902 55
      vertex 16.3014 -14.032 55
    endloop
  endfacet
  facet normal 0 0 -1
    outer loop
      vertex 21.1522 -11.2346 55
      vertex 16.5328 -9.32122 55
      vertex 16.8266 -8.70022 55
    endloop
  endfacet
  facet normal 0 0 -1
    outer loop
      vertex 16.0337 -12.6861 55
      vertex 21.0384 -12.3902 55
      vertex 16.1345 -13.3656 55
    endloop
  endfacet
  facet normal 0 0 -1
    outer loop
      vertex 21.1522 -11.2346 55
      vertex 16.3014 -9.96801 55
      vertex 16.5328 -9.32122 55
    endloop
  endfacet
  facet normal -0 0 -1
    outer loop
      vertex 21.0384 -12.3902 55
      vertex 16.0337 -12.6861 55
      vertex 21 -12 55
    endloop
  endfacet
  facet normal 0 0 -1
    outer loop
      vertex 21.0384 -11.6098 55
      vertex 16.1345 -10.6344 55
      vertex 16.3014 -9.96801 55
    endloop
  endfacet
  facet normal 0 0 -1
    outer loop
      vertex 16 -12 55
      vertex 21 -12 55
      vertex 16.0337 -12.6861 55
    endloop
  endfacet
  facet normal 0 0 -1
    outer loop
      vertex 21.0384 -11.6098 55
      vertex 16.0337 -11.3139 55
      vertex 16.1345 -10.6344 55
    endloop
  endfacet
  facet normal 0 0 -1
    outer loop
      vertex 21 -12 55
      vertex 16 -12 55
      vertex 16.0337 -11.3139 55
    endloop
  endfacet
  facet normal 0.146739 -0.989175 0
    outer loop
      vertex 23.6861 -18.9663 55
      vertex 24.3656 -18.8655 65
      vertex 23.6861 -18.9663 65
    endloop
  endfacet
  facet normal 0.146739 -0.989175 0
    outer loop
      vertex 24.3656 -18.8655 65
      vertex 23.6861 -18.9663 55
      vertex 24.3656 -18.8655 55
    endloop
  endfacet
  facet normal 0.941556 0.336857 -1.70858e-19
    outer loop
      vertex 29.6986 -9.96801 65
      vertex 29.4672 -9.32122 55
      vertex 29.4672 -9.32122 65
    endloop
  endfacet
  facet normal 0.941556 0.336857 -1.70858e-19
    outer loop
      vertex 29.4672 -9.32122 55
      vertex 29.6986 -9.96801 65
      vertex 29.6986 -9.96801 55
    endloop
  endfacet
  facet normal 0.803237 -0.595659 2.28273e-20
    outer loop
      vertex 28.4111 -16.4408 65
      vertex 28.8203 -15.889 55
      vertex 28.8203 -15.889 65
    endloop
  endfacet
  facet normal 0.803237 -0.595659 2.28273e-20
    outer loop
      vertex 28.8203 -15.889 55
      vertex 28.4111 -16.4408 65
      vertex 28.4111 -16.4408 55
    endloop
  endfacet
  facet normal 0.857763 -0.514046 1.99532e-18
    outer loop
      vertex 28.8203 -15.889 65
      vertex 29.1734 -15.2998 55
      vertex 29.1734 -15.2998 65
    endloop
  endfacet
  facet normal 0.857763 -0.514046 1.99532e-18
    outer loop
      vertex 29.1734 -15.2998 55
      vertex 28.8203 -15.889 65
      vertex 28.8203 -15.889 55
    endloop
  endfacet
  facet normal -0.242974 0.970033 0
    outer loop
      vertex 21.6344 -5.1345 55
      vertex 20.968 -5.30142 65
      vertex 21.6344 -5.1345 65
    endloop
  endfacet
  facet normal -0.242974 0.970033 0
    outer loop
      vertex 20.968 -5.30142 65
      vertex 21.6344 -5.1345 55
      vertex 20.968 -5.30142 55
    endloop
  endfacet
  facet normal 0.941557 -0.336853 -1.70286e-18
    outer loop
      vertex 29.4672 -14.6788 65
      vertex 29.6986 -14.032 55
      vertex 29.6986 -14.032 65
    endloop
  endfacet
  facet normal 0.941557 -0.336853 -1.70286e-18
    outer loop
      vertex 29.6986 -14.032 55
      vertex 29.4672 -14.6788 65
      vertex 29.4672 -14.6788 55
    endloop
  endfacet
  facet normal 0.0490736 0.998795 -0
    outer loop
      vertex 23.6861 -5.03371 55
      vertex 23 -5 65
      vertex 23.6861 -5.03371 65
    endloop
  endfacet
  facet normal 0.0490736 0.998795 0
    outer loop
      vertex 23 -5 65
      vertex 23.6861 -5.03371 55
      vertex 23 -5 55
    endloop
  endfacet
  facet normal 0.903939 0.427661 1.68396e-18
    outer loop
      vertex 29.4672 -9.32122 65
      vertex 29.1734 -8.70022 55
      vertex 29.1734 -8.70022 65
    endloop
  endfacet
  facet normal 0.903939 0.427661 1.68396e-18
    outer loop
      vertex 29.1734 -8.70022 55
      vertex 29.4672 -9.32122 65
      vertex 29.4672 -9.32122 55
    endloop
  endfacet
  facet normal 0.146724 0.989177 -0
    outer loop
      vertex 24.3656 -5.1345 55
      vertex 23.6861 -5.03371 65
      vertex 24.3656 -5.1345 65
    endloop
  endfacet
  facet normal 0.146724 0.989177 0
    outer loop
      vertex 23.6861 -5.03371 65
      vertex 24.3656 -5.1345 55
      vertex 23.6861 -5.03371 55
    endloop
  endfacet
  facet normal -0.242947 -0.97004 0
    outer loop
      vertex 20.968 -18.6986 55
      vertex 21.6344 -18.8655 65
      vertex 20.968 -18.6986 65
    endloop
  endfacet
  facet normal -0.242947 -0.97004 -0
    outer loop
      vertex 21.6344 -18.8655 65
      vertex 20.968 -18.6986 55
      vertex 21.6344 -18.8655 55
    endloop
  endfacet
  facet normal -0.857763 -0.514046 -1.99532e-18
    outer loop
      vertex 17.1797 -15.889 55
      vertex 16.8266 -15.2998 65
      vertex 16.8266 -15.2998 55
    endloop
  endfacet
  facet normal -0.857763 -0.514046 -1.99532e-18
    outer loop
      vertex 16.8266 -15.2998 65
      vertex 17.1797 -15.889 55
      vertex 17.1797 -15.889 65
    endloop
  endfacet
  facet normal 0.857766 0.51404 1.45512e-18
    outer loop
      vertex 29.1734 -8.70022 65
      vertex 28.8203 -8.11101 55
      vertex 28.8203 -8.11101 65
    endloop
  endfacet
  facet normal 0.857766 0.51404 1.45512e-18
    outer loop
      vertex 28.8203 -8.11101 55
      vertex 29.1734 -8.70022 65
      vertex 29.1734 -8.70022 55
    endloop
  endfacet
  facet normal -0.336879 0.941548 0
    outer loop
      vertex 20.968 -5.30142 55
      vertex 20.3212 -5.53284 65
      vertex 20.968 -5.30142 65
    endloop
  endfacet
  facet normal -0.336879 0.941548 0
    outer loop
      vertex 20.3212 -5.53284 65
      vertex 20.968 -5.30142 55
      vertex 20.3212 -5.53284 55
    endloop
  endfacet
  facet normal -0.740835 -0.671687 1.26725e-18
    outer loop
      vertex 18.0503 -16.9497 55
      vertex 17.5889 -16.4408 65
      vertex 17.5889 -16.4408 55
    endloop
  endfacet
  facet normal -0.740835 -0.671687 1.26725e-18
    outer loop
      vertex 17.5889 -16.4408 65
      vertex 18.0503 -16.9497 55
      vertex 18.0503 -16.9497 65
    endloop
  endfacet
  facet normal -0.671623 0.740893 0
    outer loop
      vertex 18.5592 -6.58893 55
      vertex 18.0503 -7.05025 65
      vertex 18.5592 -6.58893 65
    endloop
  endfacet
  facet normal -0.671623 0.740893 0
    outer loop
      vertex 18.0503 -7.05025 65
      vertex 18.5592 -6.58893 55
      vertex 18.0503 -7.05025 55
    endloop
  endfacet
  facet normal -0.514046 -0.857763 0
    outer loop
      vertex 19.111 -17.8203 55
      vertex 19.7002 -18.1734 65
      vertex 19.111 -17.8203 65
    endloop
  endfacet
  facet normal -0.514046 -0.857763 -0
    outer loop
      vertex 19.7002 -18.1734 65
      vertex 19.111 -17.8203 55
      vertex 19.7002 -18.1734 55
    endloop
  endfacet
  facet normal -0.970039 0.24295 1.36609e-19
    outer loop
      vertex 16.1345 -10.6344 55
      vertex 16.3014 -9.96801 65
      vertex 16.3014 -9.96801 55
    endloop
  endfacet
  facet normal -0.970039 0.24295 1.36609e-19
    outer loop
      vertex 16.3014 -9.96801 65
      vertex 16.1345 -10.6344 55
      vertex 16.1345 -10.6344 65
    endloop
  endfacet
  facet normal -0.803237 -0.595659 -2.28273e-20
    outer loop
      vertex 17.5889 -16.4408 55
      vertex 17.1797 -15.889 65
      vertex 17.1797 -15.889 55
    endloop
  endfacet
  facet normal -0.803237 -0.595659 -2.28273e-20
    outer loop
      vertex 17.1797 -15.889 65
      vertex 17.5889 -16.4408 55
      vertex 17.5889 -16.4408 65
    endloop
  endfacet
  facet normal -0.989175 -0.146739 8.73573e-19
    outer loop
      vertex 16.1345 -13.3656 55
      vertex 16.0337 -12.6861 65
      vertex 16.0337 -12.6861 55
    endloop
  endfacet
  facet normal -0.989175 -0.146739 8.73573e-19
    outer loop
      vertex 16.0337 -12.6861 65
      vertex 16.1345 -13.3656 55
      vertex 16.1345 -13.3656 65
    endloop
  endfacet
  facet normal 0.595659 -0.803237 0
    outer loop
      vertex 26.889 -17.8203 55
      vertex 27.4408 -17.4111 65
      vertex 26.889 -17.8203 65
    endloop
  endfacet
  facet normal 0.595659 -0.803237 0
    outer loop
      vertex 27.4408 -17.4111 65
      vertex 26.889 -17.8203 55
      vertex 27.4408 -17.4111 55
    endloop
  endfacet
  facet normal -0.671687 -0.740835 0
    outer loop
      vertex 18.0503 -16.9497 55
      vertex 18.5592 -17.4111 65
      vertex 18.0503 -16.9497 65
    endloop
  endfacet
  facet normal -0.671687 -0.740835 -0
    outer loop
      vertex 18.5592 -17.4111 65
      vertex 18.0503 -16.9497 55
      vertex 18.5592 -17.4111 55
    endloop
  endfacet
  facet normal -0.803217 0.595687 -6.59898e-19
    outer loop
      vertex 17.1797 -8.11101 55
      vertex 17.5889 -7.55925 65
      vertex 17.5889 -7.55925 55
    endloop
  endfacet
  facet normal -0.803217 0.595687 -6.59898e-19
    outer loop
      vertex 17.5889 -7.55925 65
      vertex 17.1797 -8.11101 55
      vertex 17.1797 -8.11101 65
    endloop
  endfacet
  facet normal -0.857766 0.51404 -1.45512e-18
    outer loop
      vertex 16.8266 -8.70022 55
      vertex 17.1797 -8.11101 65
      vertex 17.1797 -8.11101 55
    endloop
  endfacet
  facet normal -0.857766 0.51404 -1.45512e-18
    outer loop
      vertex 17.1797 -8.11101 65
      vertex 16.8266 -8.70022 55
      vertex 16.8266 -8.70022 65
    endloop
  endfacet
  facet normal 0 0 1
    outer loop
      vertex 25 -12 65
      vertex 30 -12 65
      vertex 29.9663 -11.3139 65
    endloop
  endfacet
  facet normal 0 0 1
    outer loop
      vertex 24.9616 -11.6098 65
      vertex 29.9663 -11.3139 65
      vertex 29.8655 -10.6344 65
    endloop
  endfacet
  facet normal 0 0 1
    outer loop
      vertex 30 -12 65
      vertex 25 -12 65
      vertex 29.9663 -12.6861 65
    endloop
  endfacet
  facet normal 0 0 1
    outer loop
      vertex 24.9616 -11.6098 65
      vertex 29.8655 -10.6344 65
      vertex 29.6986 -9.96801 65
    endloop
  endfacet
  facet normal -0 0 1
    outer loop
      vertex 24.9616 -12.3902 65
      vertex 29.9663 -12.6861 65
      vertex 25 -12 65
    endloop
  endfacet
  facet normal 0 0 1
    outer loop
      vertex 24.8478 -11.2346 65
      vertex 29.6986 -9.96801 65
      vertex 29.4672 -9.32122 65
    endloop
  endfacet
  facet normal 0 0 1
    outer loop
      vertex 29.9663 -12.6861 65
      vertex 24.9616 -12.3902 65
      vertex 29.8655 -13.3656 65
    endloop
  endfacet
  facet normal 0 0 1
    outer loop
      vertex 24.8478 -11.2346 65
      vertex 29.4672 -9.32122 65
      vertex 29.1734 -8.70022 65
    endloop
  endfacet
  facet normal 0 0 1
    outer loop
      vertex 29.8655 -13.3656 65
      vertex 24.9616 -12.3902 65
      vertex 29.6986 -14.032 65
    endloop
  endfacet
  facet normal 0 0 1
    outer loop
      vertex 24.6629 -10.8889 65
      vertex 29.1734 -8.70022 65
      vertex 28.8203 -8.11101 65
    endloop
  endfacet
  facet normal -0 0 1
    outer loop
      vertex 24.8478 -12.7654 65
      vertex 29.6986 -14.032 65
      vertex 24.9616 -12.3902 65
    endloop
  endfacet
  facet normal 0 0 1
    outer loop
      vertex 24.6629 -10.8889 65
      vertex 28.8203 -8.11101 65
      vertex 28.4111 -7.55925 65
    endloop
  endfacet
  facet normal 0 0 1
    outer loop
      vertex 29.6986 -14.032 65
      vertex 24.8478 -12.7654 65
      vertex 29.4672 -14.6788 65
    endloop
  endfacet
  facet normal 0 0 1
    outer loop
      vertex 24.4142 -10.5858 65
      vertex 28.4111 -7.55925 65
      vertex 27.9497 -7.05025 65
    endloop
  endfacet
  facet normal 0 0 1
    outer loop
      vertex 29.4672 -14.6788 65
      vertex 24.8478 -12.7654 65
      vertex 29.1734 -15.2998 65
    endloop
  endfacet
  facet normal 0 0 1
    outer loop
      vertex 24.4142 -10.5858 65
      vertex 27.9497 -7.05025 65
      vertex 27.4408 -6.58893 65
    endloop
  endfacet
  facet normal -0 0 1
    outer loop
      vertex 24.6629 -13.1111 65
      vertex 29.1734 -15.2998 65
      vertex 24.8478 -12.7654 65
    endloop
  endfacet
  facet normal 0 0 1
    outer loop
      vertex 24.1111 -10.3371 65
      vertex 27.4408 -6.58893 65
      vertex 26.889 -6.17971 65
    endloop
  endfacet
  facet normal 0 0 1
    outer loop
      vertex 29.1734 -15.2998 65
      vertex 24.6629 -13.1111 65
      vertex 28.8203 -15.889 65
    endloop
  endfacet
  facet normal 0 0 1
    outer loop
      vertex 24.1111 -10.3371 65
      vertex 26.889 -6.17971 65
      vertex 26.2998 -5.82655 65
    endloop
  endfacet
  facet normal 0 0 1
    outer loop
      vertex 28.8203 -15.889 65
      vertex 24.6629 -13.1111 65
      vertex 28.4111 -16.4408 65
    endloop
  endfacet
  facet normal 0 0 1
    outer loop
      vertex 23.7654 -10.1522 65
      vertex 26.2998 -5.82655 65
      vertex 25.6788 -5.53284 65
    endloop
  endfacet
  facet normal -0 0 1
    outer loop
      vertex 24.4142 -13.4142 65
      vertex 28.4111 -16.4408 65
      vertex 24.6629 -13.1111 65
    endloop
  endfacet
  facet normal 0 0 1
    outer loop
      vertex 23.7654 -10.1522 65
      vertex 25.6788 -5.53284 65
      vertex 25.032 -5.30142 65
    endloop
  endfacet
  facet normal 0 0 1
    outer loop
      vertex 28.4111 -16.4408 65
      vertex 24.4142 -13.4142 65
      vertex 27.9497 -16.9497 65
    endloop
  endfacet
  facet normal 0 0 1
    outer loop
      vertex 27.9497 -16.9497 65
      vertex 24.4142 -13.4142 65
      vertex 27.4408 -17.4111 65
    endloop
  endfacet
  facet normal 0 0 1
    outer loop
      vertex 29.9663 -11.3139 65
      vertex 24.9616 -11.6098 65
      vertex 25 -12 65
    endloop
  endfacet
  facet normal 0 0 1
    outer loop
      vertex 29.6986 -9.96801 65
      vertex 24.8478 -11.2346 65
      vertex 24.9616 -11.6098 65
    endloop
  endfacet
  facet normal 0 0 1
    outer loop
      vertex 29.1734 -8.70022 65
      vertex 24.6629 -10.8889 65
      vertex 24.8478 -11.2346 65
    endloop
  endfacet
  facet normal 0 0 1
    outer loop
      vertex 28.4111 -7.55925 65
      vertex 24.4142 -10.5858 65
      vertex 24.6629 -10.8889 65
    endloop
  endfacet
  facet normal 0 0 1
    outer loop
      vertex 23.3902 -10.0384 65
      vertex 25.032 -5.30142 65
      vertex 24.3656 -5.1345 65
    endloop
  endfacet
  facet normal 0 0 1
    outer loop
      vertex 27.4408 -6.58893 65
      vertex 24.1111 -10.3371 65
      vertex 24.4142 -10.5858 65
    endloop
  endfacet
  facet normal 0 0 1
    outer loop
      vertex 26.2998 -5.82655 65
      vertex 23.7654 -10.1522 65
      vertex 24.1111 -10.3371 65
    endloop
  endfacet
  facet normal 0 0 1
    outer loop
      vertex 23.3902 -10.0384 65
      vertex 24.3656 -5.1345 65
      vertex 23.6861 -5.03371 65
    endloop
  endfacet
  facet normal 0 0 1
    outer loop
      vertex 25.032 -5.30142 65
      vertex 23.3902 -10.0384 65
      vertex 23.7654 -10.1522 65
    endloop
  endfacet
  facet normal 0 0 1
    outer loop
      vertex 23 -10 65
      vertex 23.6861 -5.03371 65
      vertex 23 -5 65
    endloop
  endfacet
  facet normal 0 0 1
    outer loop
      vertex 23.6861 -5.03371 65
      vertex 23 -10 65
      vertex 23.3902 -10.0384 65
    endloop
  endfacet
  facet normal -0 0 1
    outer loop
      vertex 22.3139 -5.03371 65
      vertex 23 -10 65
      vertex 23 -5 65
    endloop
  endfacet
  facet normal 0 0 1
    outer loop
      vertex 23 -10 65
      vertex 22.3139 -5.03371 65
      vertex 22.6098 -10.0384 65
    endloop
  endfacet
  facet normal -0 0 1
    outer loop
      vertex 21.6344 -5.1345 65
      vertex 22.6098 -10.0384 65
      vertex 22.3139 -5.03371 65
    endloop
  endfacet
  facet normal -0 0 1
    outer loop
      vertex 20.968 -5.30142 65
      vertex 22.6098 -10.0384 65
      vertex 21.6344 -5.1345 65
    endloop
  endfacet
  facet normal 0 0 1
    outer loop
      vertex 22.6098 -10.0384 65
      vertex 20.968 -5.30142 65
      vertex 22.2346 -10.1522 65
    endloop
  endfacet
  facet normal -0 0 1
    outer loop
      vertex 20.3212 -5.53284 65
      vertex 22.2346 -10.1522 65
      vertex 20.968 -5.30142 65
    endloop
  endfacet
  facet normal -0 0 1
    outer loop
      vertex 19.7002 -5.82655 65
      vertex 22.2346 -10.1522 65
      vertex 20.3212 -5.53284 65
    endloop
  endfacet
  facet normal 0 0 1
    outer loop
      vertex 22.2346 -10.1522 65
      vertex 19.7002 -5.82655 65
      vertex 21.8889 -10.3371 65
    endloop
  endfacet
  facet normal -0 0 1
    outer loop
      vertex 19.111 -6.17971 65
      vertex 21.8889 -10.3371 65
      vertex 19.7002 -5.82655 65
    endloop
  endfacet
  facet normal -0 0 1
    outer loop
      vertex 18.5592 -6.58893 65
      vertex 21.8889 -10.3371 65
      vertex 19.111 -6.17971 65
    endloop
  endfacet
  facet normal 0 0 1
    outer loop
      vertex 21.8889 -10.3371 65
      vertex 18.5592 -6.58893 65
      vertex 21.5858 -10.5858 65
    endloop
  endfacet
  facet normal -0 0 1
    outer loop
      vertex 24.1111 -13.6629 65
      vertex 27.4408 -17.4111 65
      vertex 24.4142 -13.4142 65
    endloop
  endfacet
  facet normal 0 0 1
    outer loop
      vertex 27.4408 -17.4111 65
      vertex 24.1111 -13.6629 65
      vertex 26.889 -17.8203 65
    endloop
  endfacet
  facet normal 0 0 1
    outer loop
      vertex 26.889 -17.8203 65
      vertex 24.1111 -13.6629 65
      vertex 26.2998 -18.1734 65
    endloop
  endfacet
  facet normal -0 0 1
    outer loop
      vertex 23.7654 -13.8478 65
      vertex 26.2998 -18.1734 65
      vertex 24.1111 -13.6629 65
    endloop
  endfacet
  facet normal 0 0 1
    outer loop
      vertex 26.2998 -18.1734 65
      vertex 23.7654 -13.8478 65
      vertex 25.6788 -18.4672 65
    endloop
  endfacet
  facet normal 0 0 1
    outer loop
      vertex 25.6788 -18.4672 65
      vertex 23.7654 -13.8478 65
      vertex 25.032 -18.6986 65
    endloop
  endfacet
  facet normal -0 0 1
    outer loop
      vertex 23.3902 -13.9616 65
      vertex 25.032 -18.6986 65
      vertex 23.7654 -13.8478 65
    endloop
  endfacet
  facet normal 0 0 1
    outer loop
      vertex 25.032 -18.6986 65
      vertex 23.3902 -13.9616 65
      vertex 24.3656 -18.8655 65
    endloop
  endfacet
  facet normal 0 0 1
    outer loop
      vertex 24.3656 -18.8655 65
      vertex 23.3902 -13.9616 65
      vertex 23.6861 -18.9663 65
    endloop
  endfacet
  facet normal -0 0 1
    outer loop
      vertex 23 -14 65
      vertex 23.6861 -18.9663 65
      vertex 23.3902 -13.9616 65
    endloop
  endfacet
  facet normal 0 0 1
    outer loop
      vertex 23 -14 65
      vertex 23 -19 65
      vertex 23.6861 -18.9663 65
    endloop
  endfacet
  facet normal 0 0 1
    outer loop
      vertex 22.3139 -18.9663 65
      vertex 23 -14 65
      vertex 22.6098 -13.9616 65
    endloop
  endfacet
  facet normal 0 0 1
    outer loop
      vertex 23 -14 65
      vertex 22.3139 -18.9663 65
      vertex 23 -19 65
    endloop
  endfacet
  facet normal 0 0 1
    outer loop
      vertex 20.968 -18.6986 65
      vertex 22.6098 -13.9616 65
      vertex 22.2346 -13.8478 65
    endloop
  endfacet
  facet normal 0 0 1
    outer loop
      vertex 19.7002 -18.1734 65
      vertex 22.2346 -13.8478 65
      vertex 21.8889 -13.6629 65
    endloop
  endfacet
  facet normal 0 0 1
    outer loop
      vertex 22.6098 -13.9616 65
      vertex 21.6344 -18.8655 65
      vertex 22.3139 -18.9663 65
    endloop
  endfacet
  facet normal 0 0 1
    outer loop
      vertex 18.5592 -17.4111 65
      vertex 21.8889 -13.6629 65
      vertex 21.5858 -13.4142 65
    endloop
  endfacet
  facet normal 0 0 1
    outer loop
      vertex 17.5889 -16.4408 65
      vertex 21.5858 -13.4142 65
      vertex 21.3371 -13.1111 65
    endloop
  endfacet
  facet normal 0 0 1
    outer loop
      vertex 16.8266 -15.2998 65
      vertex 21.3371 -13.1111 65
      vertex 21.1522 -12.7654 65
    endloop
  endfacet
  facet normal 0 0 1
    outer loop
      vertex 16.3014 -14.032 65
      vertex 21.1522 -12.7654 65
      vertex 21.0384 -12.3902 65
    endloop
  endfacet
  facet normal 0 0 1
    outer loop
      vertex 16.0337 -12.6861 65
      vertex 21.0384 -12.3902 65
      vertex 21 -12 65
    endloop
  endfacet
  facet normal 0 0 1
    outer loop
      vertex 22.6098 -13.9616 65
      vertex 20.968 -18.6986 65
      vertex 21.6344 -18.8655 65
    endloop
  endfacet
  facet normal -0 0 1
    outer loop
      vertex 18.0503 -7.05025 65
      vertex 21.5858 -10.5858 65
      vertex 18.5592 -6.58893 65
    endloop
  endfacet
  facet normal -0 0 1
    outer loop
      vertex 17.5889 -7.55925 65
      vertex 21.5858 -10.5858 65
      vertex 18.0503 -7.05025 65
    endloop
  endfacet
  facet normal 0 0 1
    outer loop
      vertex 22.2346 -13.8478 65
      vertex 20.3212 -18.4672 65
      vertex 20.968 -18.6986 65
    endloop
  endfacet
  facet normal 0 0 1
    outer loop
      vertex 21.5858 -10.5858 65
      vertex 17.5889 -7.55925 65
      vertex 21.3371 -10.8889 65
    endloop
  endfacet
  facet normal 0 0 1
    outer loop
      vertex 22.2346 -13.8478 65
      vertex 19.7002 -18.1734 65
      vertex 20.3212 -18.4672 65
    endloop
  endfacet
  facet normal -0 0 1
    outer loop
      vertex 17.1797 -8.11101 65
      vertex 21.3371 -10.8889 65
      vertex 17.5889 -7.55925 65
    endloop
  endfacet
  facet normal 0 0 1
    outer loop
      vertex 21.8889 -13.6629 65
      vertex 19.111 -17.8203 65
      vertex 19.7002 -18.1734 65
    endloop
  endfacet
  facet normal -0 0 1
    outer loop
      vertex 16.8266 -8.70022 65
      vertex 21.3371 -10.8889 65
      vertex 17.1797 -8.11101 65
    endloop
  endfacet
  facet normal 0 0 1
    outer loop
      vertex 21.8889 -13.6629 65
      vertex 18.5592 -17.4111 65
      vertex 19.111 -17.8203 65
    endloop
  endfacet
  facet normal 0 0 1
    outer loop
      vertex 21.3371 -10.8889 65
      vertex 16.8266 -8.70022 65
      vertex 21.1522 -11.2346 65
    endloop
  endfacet
  facet normal 0 0 1
    outer loop
      vertex 21.5858 -13.4142 65
      vertex 18.0503 -16.9497 65
      vertex 18.5592 -17.4111 65
    endloop
  endfacet
  facet normal -0 0 1
    outer loop
      vertex 16.5328 -9.32122 65
      vertex 21.1522 -11.2346 65
      vertex 16.8266 -8.70022 65
    endloop
  endfacet
  facet normal 0 0 1
    outer loop
      vertex 21.5858 -13.4142 65
      vertex 17.5889 -16.4408 65
      vertex 18.0503 -16.9497 65
    endloop
  endfacet
  facet normal -0 0 1
    outer loop
      vertex 16.3014 -9.96801 65
      vertex 21.1522 -11.2346 65
      vertex 16.5328 -9.32122 65
    endloop
  endfacet
  facet normal 0 0 1
    outer loop
      vertex 21.3371 -13.1111 65
      vertex 17.1797 -15.889 65
      vertex 17.5889 -16.4408 65
    endloop
  endfacet
  facet normal 0 0 1
    outer loop
      vertex 21.1522 -11.2346 65
      vertex 16.3014 -9.96801 65
      vertex 21.0384 -11.6098 65
    endloop
  endfacet
  facet normal 0 0 1
    outer loop
      vertex 21.3371 -13.1111 65
      vertex 16.8266 -15.2998 65
      vertex 17.1797 -15.889 65
    endloop
  endfacet
  facet normal -0 0 1
    outer loop
      vertex 16.1345 -10.6344 65
      vertex 21.0384 -11.6098 65
      vertex 16.3014 -9.96801 65
    endloop
  endfacet
  facet normal 0 0 1
    outer loop
      vertex 21.1522 -12.7654 65
      vertex 16.5328 -14.6788 65
      vertex 16.8266 -15.2998 65
    endloop
  endfacet
  facet normal -0 0 1
    outer loop
      vertex 16.0337 -11.3139 65
      vertex 21.0384 -11.6098 65
      vertex 16.1345 -10.6344 65
    endloop
  endfacet
  facet normal 0 0 1
    outer loop
      vertex 21.1522 -12.7654 65
      vertex 16.3014 -14.032 65
      vertex 16.5328 -14.6788 65
    endloop
  endfacet
  facet normal 0 0 1
    outer loop
      vertex 21.0384 -11.6098 65
      vertex 16.0337 -11.3139 65
      vertex 21 -12 65
    endloop
  endfacet
  facet normal 0 0 1
    outer loop
      vertex 21.0384 -12.3902 65
      vertex 16.1345 -13.3656 65
      vertex 16.3014 -14.032 65
    endloop
  endfacet
  facet normal 0 0 1
    outer loop
      vertex 16 -12 65
      vertex 21 -12 65
      vertex 16.0337 -11.3139 65
    endloop
  endfacet
  facet normal 0 0 1
    outer loop
      vertex 21.0384 -12.3902 65
      vertex 16.0337 -12.6861 65
      vertex 16.1345 -13.3656 65
    endloop
  endfacet
  facet normal 0 0 1
    outer loop
      vertex 21 -12 65
      vertex 16 -12 65
      vertex 16.0337 -12.6861 65
    endloop
  endfacet
  facet normal -0.0490591 -0.998796 0
    outer loop
      vertex 22.3139 -18.9663 55
      vertex 23 -19 65
      vertex 22.3139 -18.9663 65
    endloop
  endfacet
  facet normal -0.0490591 -0.998796 -0
    outer loop
      vertex 23 -19 65
      vertex 22.3139 -18.9663 55
      vertex 23 -19 55
    endloop
  endfacet
  facet normal -0.998796 0.0490591 -2.13299e-19
    outer loop
      vertex 16 -12 55
      vertex 16.0337 -11.3139 65
      vertex 16.0337 -11.3139 55
    endloop
  endfacet
  facet normal -0.998796 0.0490591 -2.13299e-19
    outer loop
      vertex 16.0337 -11.3139 65
      vertex 16 -12 55
      vertex 16 -12 65
    endloop
  endfacet
  facet normal 0.740835 -0.671687 -1.26725e-18
    outer loop
      vertex 27.9497 -16.9497 65
      vertex 28.4111 -16.4408 55
      vertex 28.4111 -16.4408 65
    endloop
  endfacet
  facet normal 0.740835 -0.671687 -1.26725e-18
    outer loop
      vertex 28.4111 -16.4408 55
      vertex 27.9497 -16.9497 65
      vertex 27.9497 -16.9497 55
    endloop
  endfacet
  facet normal -0.881795 -0.471634 -1.45643e-18
    outer loop
      vertex 24.8478 -11.2346 55
      vertex 24.6629 -10.8889 65
      vertex 24.6629 -10.8889 55
    endloop
  endfacet
  facet normal -0.881795 -0.471634 -1.45643e-18
    outer loop
      vertex 24.6629 -10.8889 65
      vertex 24.8478 -11.2346 55
      vertex 24.8478 -11.2346 65
    endloop
  endfacet
  facet normal 0.097938 -0.995193 0
    outer loop
      vertex 22.6098 -10.0384 55
      vertex 23 -10 65
      vertex 22.6098 -10.0384 65
    endloop
  endfacet
  facet normal 0.097938 -0.995193 0
    outer loop
      vertex 23 -10 65
      vertex 22.6098 -10.0384 55
      vertex 23 -10 55
    endloop
  endfacet
  facet normal 0.995193 0.097938 1.94971e-19
    outer loop
      vertex 21.0384 -12.3902 65
      vertex 21 -12 55
      vertex 21 -12 65
    endloop
  endfacet
  facet normal 0.995193 0.097938 1.94971e-19
    outer loop
      vertex 21 -12 55
      vertex 21.0384 -12.3902 65
      vertex 21.0384 -12.3902 55
    endloop
  endfacet
  facet normal -0.956951 -0.290248 2.28737e-19
    outer loop
      vertex 24.9616 -11.6098 55
      vertex 24.8478 -11.2346 65
      vertex 24.8478 -11.2346 55
    endloop
  endfacet
  facet normal -0.956951 -0.290248 2.28737e-19
    outer loop
      vertex 24.8478 -11.2346 65
      vertex 24.9616 -11.6098 55
      vertex 24.9616 -11.6098 65
    endloop
  endfacet
  facet normal -0.995193 0.097938 -1.94971e-19
    outer loop
      vertex 24.9616 -12.3902 55
      vertex 25 -12 65
      vertex 25 -12 55
    endloop
  endfacet
  facet normal -0.995193 0.097938 -1.94971e-19
    outer loop
      vertex 25 -12 65
      vertex 24.9616 -12.3902 55
      vertex 24.9616 -12.3902 65
    endloop
  endfacet
  facet normal -0.471634 -0.881795 0
    outer loop
      vertex 23.7654 -10.1522 55
      vertex 24.1111 -10.3371 65
      vertex 23.7654 -10.1522 65
    endloop
  endfacet
  facet normal -0.471634 -0.881795 -0
    outer loop
      vertex 24.1111 -10.3371 65
      vertex 23.7654 -10.1522 55
      vertex 24.1111 -10.3371 55
    endloop
  endfacet
  facet normal -0.77307 -0.634321 1.96015e-19
    outer loop
      vertex 24.6629 -10.8889 55
      vertex 24.4142 -10.5858 65
      vertex 24.4142 -10.5858 55
    endloop
  endfacet
  facet normal -0.77307 -0.634321 1.96015e-19
    outer loop
      vertex 24.4142 -10.5858 65
      vertex 24.6629 -10.8889 55
      vertex 24.6629 -10.8889 65
    endloop
  endfacet
  facet normal 0.956951 -0.290248 -2.28737e-19
    outer loop
      vertex 21.0384 -11.6098 65
      vertex 21.1522 -11.2346 55
      vertex 21.1522 -11.2346 65
    endloop
  endfacet
  facet normal 0.956951 -0.290248 -2.28737e-19
    outer loop
      vertex 21.1522 -11.2346 55
      vertex 21.0384 -11.6098 65
      vertex 21.0384 -11.6098 55
    endloop
  endfacet
  facet normal -0.995193 -0.097938 1.94971e-19
    outer loop
      vertex 25 -12 55
      vertex 24.9616 -11.6098 65
      vertex 24.9616 -11.6098 55
    endloop
  endfacet
  facet normal -0.995193 -0.097938 1.94971e-19
    outer loop
      vertex 24.9616 -11.6098 65
      vertex 25 -12 55
      vertex 25 -12 65
    endloop
  endfacet
  facet normal 0.290248 0.956951 -0
    outer loop
      vertex 22.6098 -13.9616 55
      vertex 22.2346 -13.8478 65
      vertex 22.6098 -13.9616 65
    endloop
  endfacet
  facet normal 0.290248 0.956951 0
    outer loop
      vertex 22.2346 -13.8478 65
      vertex 22.6098 -13.9616 55
      vertex 22.2346 -13.8478 55
    endloop
  endfacet
  facet normal -0.097938 -0.995193 0
    outer loop
      vertex 23 -10 55
      vertex 23.3902 -10.0384 65
      vertex 23 -10 65
    endloop
  endfacet
  facet normal -0.097938 -0.995193 -0
    outer loop
      vertex 23.3902 -10.0384 65
      vertex 23 -10 55
      vertex 23.3902 -10.0384 55
    endloop
  endfacet
  facet normal -0.634321 0.77307 0
    outer loop
      vertex 24.4142 -13.4142 55
      vertex 24.1111 -13.6629 65
      vertex 24.4142 -13.4142 65
    endloop
  endfacet
  facet normal -0.634321 0.77307 0
    outer loop
      vertex 24.1111 -13.6629 65
      vertex 24.4142 -13.4142 55
      vertex 24.1111 -13.6629 55
    endloop
  endfacet
  facet normal -0.097938 0.995193 0
    outer loop
      vertex 23.3902 -13.9616 55
      vertex 23 -14 65
      vertex 23.3902 -13.9616 65
    endloop
  endfacet
  facet normal -0.097938 0.995193 0
    outer loop
      vertex 23 -14 65
      vertex 23.3902 -13.9616 55
      vertex 23 -14 55
    endloop
  endfacet
  facet normal 0.995193 -0.097938 -1.94971e-19
    outer loop
      vertex 21 -12 65
      vertex 21.0384 -11.6098 55
      vertex 21.0384 -11.6098 65
    endloop
  endfacet
  facet normal 0.995193 -0.097938 -1.94971e-19
    outer loop
      vertex 21.0384 -11.6098 55
      vertex 21 -12 65
      vertex 21 -12 55
    endloop
  endfacet
  facet normal 0.634321 0.77307 -0
    outer loop
      vertex 21.8889 -13.6629 55
      vertex 21.5858 -13.4142 65
      vertex 21.8889 -13.6629 65
    endloop
  endfacet
  facet normal 0.634321 0.77307 0
    outer loop
      vertex 21.5858 -13.4142 65
      vertex 21.8889 -13.6629 55
      vertex 21.5858 -13.4142 55
    endloop
  endfacet
  facet normal 0.290248 -0.956951 0
    outer loop
      vertex 22.2346 -10.1522 55
      vertex 22.6098 -10.0384 65
      vertex 22.2346 -10.1522 65
    endloop
  endfacet
  facet normal 0.290248 -0.956951 0
    outer loop
      vertex 22.6098 -10.0384 65
      vertex 22.2346 -10.1522 55
      vertex 22.6098 -10.0384 55
    endloop
  endfacet
  facet normal -0.471634 0.881795 0
    outer loop
      vertex 24.1111 -13.6629 55
      vertex 23.7654 -13.8478 65
      vertex 24.1111 -13.6629 65
    endloop
  endfacet
  facet normal -0.471634 0.881795 0
    outer loop
      vertex 23.7654 -13.8478 65
      vertex 24.1111 -13.6629 55
      vertex 23.7654 -13.8478 55
    endloop
  endfacet
  facet normal -0.290248 -0.956951 0
    outer loop
      vertex 23.3902 -10.0384 55
      vertex 23.7654 -10.1522 65
      vertex 23.3902 -10.0384 65
    endloop
  endfacet
  facet normal -0.290248 -0.956951 -0
    outer loop
      vertex 23.7654 -10.1522 65
      vertex 23.3902 -10.0384 55
      vertex 23.7654 -10.1522 55
    endloop
  endfacet
  facet normal -0.634321 -0.77307 0
    outer loop
      vertex 24.1111 -10.3371 55
      vertex 24.4142 -10.5858 65
      vertex 24.1111 -10.3371 65
    endloop
  endfacet
  facet normal -0.634321 -0.77307 -0
    outer loop
      vertex 24.4142 -10.5858 65
      vertex 24.1111 -10.3371 55
      vertex 24.4142 -10.5858 55
    endloop
  endfacet
  facet normal 0.77307 -0.634321 -1.96015e-19
    outer loop
      vertex 21.3371 -10.8889 65
      vertex 21.5858 -10.5858 55
      vertex 21.5858 -10.5858 65
    endloop
  endfacet
  facet normal 0.77307 -0.634321 -1.96015e-19
    outer loop
      vertex 21.5858 -10.5858 55
      vertex 21.3371 -10.8889 65
      vertex 21.3371 -10.8889 55
    endloop
  endfacet
  facet normal 0.634321 -0.77307 0
    outer loop
      vertex 21.5858 -10.5858 55
      vertex 21.8889 -10.3371 65
      vertex 21.5858 -10.5858 65
    endloop
  endfacet
  facet normal 0.634321 -0.77307 0
    outer loop
      vertex 21.8889 -10.3371 65
      vertex 21.5858 -10.5858 55
      vertex 21.8889 -10.3371 55
    endloop
  endfacet
  facet normal 0.471634 -0.881795 0
    outer loop
      vertex 21.8889 -10.3371 55
      vertex 22.2346 -10.1522 65
      vertex 21.8889 -10.3371 65
    endloop
  endfacet
  facet normal 0.471634 -0.881795 0
    outer loop
      vertex 22.2346 -10.1522 65
      vertex 21.8889 -10.3371 55
      vertex 22.2346 -10.1522 55
    endloop
  endfacet
  facet normal 0.881795 0.471634 -1.45643e-18
    outer loop
      vertex 21.3371 -13.1111 65
      vertex 21.1522 -12.7654 55
      vertex 21.1522 -12.7654 65
    endloop
  endfacet
  facet normal 0.881795 0.471634 -1.45643e-18
    outer loop
      vertex 21.1522 -12.7654 55
      vertex 21.3371 -13.1111 65
      vertex 21.3371 -13.1111 55
    endloop
  endfacet
  facet normal 0.77307 0.634321 1.96015e-19
    outer loop
      vertex 21.5858 -13.4142 65
      vertex 21.3371 -13.1111 55
      vertex 21.3371 -13.1111 65
    endloop
  endfacet
  facet normal 0.77307 0.634321 1.96015e-19
    outer loop
      vertex 21.3371 -13.1111 55
      vertex 21.5858 -13.4142 65
      vertex 21.5858 -13.4142 55
    endloop
  endfacet
  facet normal -0.290248 0.956951 0
    outer loop
      vertex 23.7654 -13.8478 55
      vertex 23.3902 -13.9616 65
      vertex 23.7654 -13.8478 65
    endloop
  endfacet
  facet normal -0.290248 0.956951 0
    outer loop
      vertex 23.3902 -13.9616 65
      vertex 23.7654 -13.8478 55
      vertex 23.3902 -13.9616 55
    endloop
  endfacet
  facet normal 0.956951 0.290248 2.28737e-19
    outer loop
      vertex 21.1522 -12.7654 65
      vertex 21.0384 -12.3902 55
      vertex 21.0384 -12.3902 65
    endloop
  endfacet
  facet normal 0.956951 0.290248 2.28737e-19
    outer loop
      vertex 21.0384 -12.3902 55
      vertex 21.1522 -12.7654 65
      vertex 21.1522 -12.7654 55
    endloop
  endfacet
  facet normal 0.881795 -0.471634 1.45643e-18
    outer loop
      vertex 21.1522 -11.2346 65
      vertex 21.3371 -10.8889 55
      vertex 21.3371 -10.8889 65
    endloop
  endfacet
  facet normal 0.881795 -0.471634 1.45643e-18
    outer loop
      vertex 21.3371 -10.8889 55
      vertex 21.1522 -11.2346 65
      vertex 21.1522 -11.2346 55
    endloop
  endfacet
  facet normal -0.77307 0.634321 -1.96015e-19
    outer loop
      vertex 24.4142 -13.4142 55
      vertex 24.6629 -13.1111 65
      vertex 24.6629 -13.1111 55
    endloop
  endfacet
  facet normal -0.77307 0.634321 -1.96015e-19
    outer loop
      vertex 24.6629 -13.1111 65
      vertex 24.4142 -13.4142 55
      vertex 24.4142 -13.4142 65
    endloop
  endfacet
  facet normal 0.097938 0.995193 -0
    outer loop
      vertex 23 -14 55
      vertex 22.6098 -13.9616 65
      vertex 23 -14 65
    endloop
  endfacet
  facet normal 0.097938 0.995193 0
    outer loop
      vertex 22.6098 -13.9616 65
      vertex 23 -14 55
      vertex 22.6098 -13.9616 55
    endloop
  endfacet
  facet normal 0.471634 0.881795 -0
    outer loop
      vertex 22.2346 -13.8478 55
      vertex 21.8889 -13.6629 65
      vertex 22.2346 -13.8478 65
    endloop
  endfacet
  facet normal 0.471634 0.881795 0
    outer loop
      vertex 21.8889 -13.6629 65
      vertex 22.2346 -13.8478 55
      vertex 21.8889 -13.6629 55
    endloop
  endfacet
  facet normal -0.881795 0.471634 1.45643e-18
    outer loop
      vertex 24.6629 -13.1111 55
      vertex 24.8478 -12.7654 65
      vertex 24.8478 -12.7654 55
    endloop
  endfacet
  facet normal -0.881795 0.471634 1.45643e-18
    outer loop
      vertex 24.8478 -12.7654 65
      vertex 24.6629 -13.1111 55
      vertex 24.6629 -13.1111 65
    endloop
  endfacet
  facet normal -0.956951 0.290248 -2.28737e-19
    outer loop
      vertex 24.8478 -12.7654 55
      vertex 24.9616 -12.3902 65
      vertex 24.9616 -12.3902 55
    endloop
  endfacet
  facet normal -0.956951 0.290248 -2.28737e-19
    outer loop
      vertex 24.9616 -12.3902 65
      vertex 24.8478 -12.7654 55
      vertex 24.8478 -12.7654 65
    endloop
  endfacet
  facet normal 1 -0 0
    outer loop
      vertex -26.25 -18.5 8
      vertex -26.25 18.5 2
      vertex -26.25 18.5 8
    endloop
  endfacet
  facet normal 1 0 0
    outer loop
      vertex -26.25 18.5 2
      vertex -26.25 -18.5 8
      vertex -26.25 -18.5 2
    endloop
  endfacet
  facet normal -0 0 1
    outer loop
      vertex -27.75 18.5 8
      vertex -26.25 -18.5 8
      vertex -26.25 18.5 8
    endloop
  endfacet
  facet normal 0 0 1
    outer loop
      vertex -26.25 -18.5 8
      vertex -27.75 18.5 8
      vertex -27.75 -18.5 8
    endloop
  endfacet
  facet normal 0 0 -1
    outer loop
      vertex -27.75 -18.5 2
      vertex -26.25 18.5 2
      vertex -26.25 -18.5 2
    endloop
  endfacet
  facet normal -0 0 -1
    outer loop
      vertex -26.25 18.5 2
      vertex -27.75 -18.5 2
      vertex -27.75 18.5 2
    endloop
  endfacet
  facet normal -1 0 0
    outer loop
      vertex -27.75 -18.5 2
      vertex -27.75 18.5 8
      vertex -27.75 18.5 2
    endloop
  endfacet
  facet normal -1 -0 0
    outer loop
      vertex -27.75 18.5 8
      vertex -27.75 -18.5 2
      vertex -27.75 -18.5 8
    endloop
  endfacet
  facet normal 0 1 -0
    outer loop
      vertex -26.25 18.5 2
      vertex -27.75 18.5 8
      vertex -26.25 18.5 8
    endloop
  endfacet
  facet normal 0 1 0
    outer loop
      vertex -27.75 18.5 8
      vertex -26.25 18.5 2
      vertex -27.75 18.5 2
    endloop
  endfacet
  facet normal 0 -1 0
    outer loop
      vertex -27.75 -18.5 2
      vertex -26.25 -18.5 8
      vertex -27.75 -18.5 8
    endloop
  endfacet
  facet normal 0 -1 -0
    outer loop
      vertex -26.25 -18.5 8
      vertex -27.75 -18.5 2
      vertex -26.25 -18.5 2
    endloop
  endfacet
  facet normal 1 -0 0
    outer loop
      vertex 27.75 -18.5 8
      vertex 27.75 18.5 2
      vertex 27.75 18.5 8
    endloop
  endfacet
  facet normal 1 0 0
    outer loop
      vertex 27.75 18.5 2
      vertex 27.75 -18.5 8
      vertex 27.75 -18.5 2
    endloop
  endfacet
  facet normal -0 0 1
    outer loop
      vertex 26.25 18.5 8
      vertex 27.75 -18.5 8
      vertex 27.75 18.5 8
    endloop
  endfacet
  facet normal 0 0 1
    outer loop
      vertex 27.75 -18.5 8
      vertex 26.25 18.5 8
      vertex 26.25 -18.5 8
    endloop
  endfacet
  facet normal 0 0 -1
    outer loop
      vertex 26.25 -18.5 2
      vertex 27.75 18.5 2
      vertex 27.75 -18.5 2
    endloop
  endfacet
  facet normal -0 0 -1
    outer loop
      vertex 27.75 18.5 2
      vertex 26.25 -18.5 2
      vertex 26.25 18.5 2
    endloop
  endfacet
  facet normal -1 0 0
    outer loop
      vertex 26.25 -18.5 2
      vertex 26.25 18.5 8
      vertex 26.25 18.5 2
    endloop
  endfacet
  facet normal -1 -0 0
    outer loop
      vertex 26.25 18.5 8
      vertex 26.25 -18.5 2
      vertex 26.25 -18.5 8
    endloop
  endfacet
  facet normal 0 1 -0
    outer loop
      vertex 27.75 18.5 2
      vertex 26.25 18.5 8
      vertex 27.75 18.5 8
    endloop
  endfacet
  facet normal 0 1 0
    outer loop
      vertex 26.25 18.5 8
      vertex 27.75 18.5 2
      vertex 26.25 18.5 2
    endloop
  endfacet
  facet normal 0 -1 0
    outer loop
      vertex 26.25 -18.5 2
      vertex 27.75 -18.5 8
      vertex 26.25 -18.5 8
    endloop
  endfacet
  facet normal 0 -1 -0
    outer loop
      vertex 27.75 -18.5 8
      vertex 26.25 -18.5 2
      vertex 27.75 -18.5 2
    endloop
  endfacet
endsolid OpenSCAD_Model
